Flow,Packet,Class,Arrival,Deadline,Execution Time,Gate Open,Gate Close,Response Time,Status,Scheduled,Deadline Met,Solver_Execution_Time_Seconds,Solver_Execution_Time_Minutes,Solver_Status,Objective_Value,Stopping_Reason
F1,P1_1,5,0,400000,1332,53833.0,55165.0,55165.0,Scheduled - Deadline Met,Yes,Yes,3600.195725440979,60.00326209068298,9,144.0,Gurobi Status: 9
F1,P1_2,8,400000,800000,1332,,,,Optional Packets- Not Scheduled,No,N/A,3600.195725440979,60.00326209068298,9,144.0,Gurobi Status: 9
F1,P1_3,5,800000,1200000,1332,891927.0,893259.0,93259.0,Scheduled - Deadline Met,Yes,Yes,3600.195725440979,60.00326209068298,9,144.0,Gurobi Status: 9
F1,P1_4,5,1200000,1600000,1332,1242444.0,1243776.0,43776.0,Scheduled - Deadline Met,Yes,Yes,3600.195725440979,60.00326209068298,9,144.0,Gurobi Status: 9
F1,P1_5,8,1600000,2000000,1332,1692202.0,1693534.0,93534.0,Scheduled - Deadline Met,Yes,Yes,3600.195725440979,60.00326209068298,9,144.0,Gurobi Status: 9
F1,P1_6,5,2000000,2400000,1332,2095188.0,2096520.0,96520.0,Scheduled - Deadline Met,Yes,Yes,3600.195725440979,60.00326209068298,9,144.0,Gurobi Status: 9
F10,P10_1,7,0,100000,1035,4151.0,5186.0,5186.0,Scheduled - Deadline Met,Yes,Yes,3600.195725440979,60.00326209068298,9,144.0,Gurobi Status: 9
F10,P10_2,7,100000,200000,1035,174996.0,176031.0,76031.0,Scheduled - Deadline Met,Yes,Yes,3600.195725440979,60.00326209068298,9,144.0,Gurobi Status: 9
F10,P10_3,8,200000,300000,1035,289313.0,290348.0,90348.0,Scheduled - Deadline Met,Yes,Yes,3600.195725440979,60.00326209068298,9,144.0,Gurobi Status: 9
F10,P10_4,7,300000,400000,1035,318734.0,319769.0,19769.0,Scheduled - Deadline Met,Yes,Yes,3600.195725440979,60.00326209068298,9,144.0,Gurobi Status: 9
F10,P10_5,7,400000,500000,1035,419671.0,420706.0,20706.0,Scheduled - Deadline Met,Yes,Yes,3600.195725440979,60.00326209068298,9,144.0,Gurobi Status: 9
F10,P10_6,8,500000,600000,1035,,,,Optional Packets- Not Scheduled,No,N/A,3600.195725440979,60.00326209068298,9,144.0,Gurobi Status: 9
F10,P10_7,7,600000,700000,1035,600000.0,601035.0,1035.0,Scheduled - Deadline Met,Yes,Yes,3600.195725440979,60.00326209068298,9,144.0,Gurobi Status: 9
F10,P10_8,7,700000,800000,1035,747145.0,748180.0,48180.0,Scheduled - Deadline Met,Yes,Yes,3600.195725440979,60.00326209068298,9,144.0,Gurobi Status: 9
F10,P10_9,8,800000,900000,1035,,,,Optional Packets- Not Scheduled,No,N/A,3600.195725440979,60.00326209068298,9,144.0,Gurobi Status: 9
F10,P10_10,7,900000,1000000,1035,969418.0,970453.0,70453.0,Scheduled - Deadline Met,Yes,Yes,3600.195725440979,60.00326209068298,9,144.0,Gurobi Status: 9
F10,P10_11,7,1000000,1100000,1035,1017474.0,1018509.0,18509.0,Scheduled - Deadline Met,Yes,Yes,3600.195725440979,60.00326209068298,9,144.0,Gurobi Status: 9
F10,P10_12,8,1100000,1200000,1035,1148869.0,1149904.0,49904.0,Scheduled - Deadline Met,Yes,Yes,3600.195725440979,60.00326209068298,9,144.0,Gurobi Status: 9
F10,P10_13,7,1200000,1300000,1035,1200000.0,1201035.0,1035.0,Scheduled - Deadline Met,Yes,Yes,3600.195725440979,60.00326209068298,9,144.0,Gurobi Status: 9
F10,P10_14,7,1300000,1400000,1035,1361505.0,1362540.0,62540.0,Scheduled - Deadline Met,Yes,Yes,3600.195725440979,60.00326209068298,9,144.0,Gurobi Status: 9
F10,P10_15,8,1400000,1500000,1035,1440598.0,1441633.0,41633.0,Scheduled - Deadline Met,Yes,Yes,3600.195725440979,60.00326209068298,9,144.0,Gurobi Status: 9
F10,P10_16,7,1500000,1600000,1035,1517963.0,1518998.0,18998.0,Scheduled - Deadline Met,Yes,Yes,3600.195725440979,60.00326209068298,9,144.0,Gurobi Status: 9
F10,P10_17,7,1600000,1700000,1035,1636903.0,1637938.0,37938.0,Scheduled - Deadline Met,Yes,Yes,3600.195725440979,60.00326209068298,9,144.0,Gurobi Status: 9
F10,P10_18,8,1700000,1800000,1035,,,,Optional Packets- Not Scheduled,No,N/A,3600.195725440979,60.00326209068298,9,144.0,Gurobi Status: 9
F10,P10_19,7,1800000,1900000,1035,1838683.0,1839718.0,39718.0,Scheduled - Deadline Met,Yes,Yes,3600.195725440979,60.00326209068298,9,144.0,Gurobi Status: 9
F10,P10_20,7,1900000,2000000,1035,1934960.0,1935995.0,35995.0,Scheduled - Deadline Met,Yes,Yes,3600.195725440979,60.00326209068298,9,144.0,Gurobi Status: 9
F10,P10_21,8,2000000,2100000,1035,,,,Optional Packets- Not Scheduled,No,N/A,3600.195725440979,60.00326209068298,9,144.0,Gurobi Status: 9
F10,P10_22,7,2100000,2200000,1035,2194224.0,2195259.0,95259.0,Scheduled - Deadline Met,Yes,Yes,3600.195725440979,60.00326209068298,9,144.0,Gurobi Status: 9
F10,P10_23,7,2200000,2300000,1035,2205554.0,2206589.0,6589.0,Scheduled - Deadline Met,Yes,Yes,3600.195725440979,60.00326209068298,9,144.0,Gurobi Status: 9
F10,P10_24,8,2300000,2400000,1035,2337551.0,2338586.0,38586.0,Scheduled - Deadline Met,Yes,Yes,3600.195725440979,60.00326209068298,9,144.0,Gurobi Status: 9
F11,P11_1,1,0,50000,1858,0.0,1858.0,1858.0,Scheduled - Deadline Met,Yes,Yes,3600.195725440979,60.00326209068298,9,144.0,Gurobi Status: 9
F11,P11_2,1,50000,100000,1858,80067.0,81925.0,31925.0,Scheduled - Deadline Met,Yes,Yes,3600.195725440979,60.00326209068298,9,144.0,Gurobi Status: 9
F11,P11_3,8,100000,150000,1858,119386.0,121244.0,21244.0,Scheduled - Deadline Met,Yes,Yes,3600.195725440979,60.00326209068298,9,144.0,Gurobi Status: 9
F11,P11_4,1,150000,200000,1858,197254.0,199112.0,49112.0,Scheduled - Deadline Met,Yes,Yes,3600.195725440979,60.00326209068298,9,144.0,Gurobi Status: 9
F11,P11_5,1,200000,250000,1858,207134.0,208992.0,8992.0,Scheduled - Deadline Met,Yes,Yes,3600.195725440979,60.00326209068298,9,144.0,Gurobi Status: 9
F11,P11_6,8,250000,300000,1858,296000.0,297858.0,47858.0,Scheduled - Deadline Met,Yes,Yes,3600.195725440979,60.00326209068298,9,144.0,Gurobi Status: 9
F11,P11_7,1,300000,350000,1858,310307.0,312165.0,12165.0,Scheduled - Deadline Met,Yes,Yes,3600.195725440979,60.00326209068298,9,144.0,Gurobi Status: 9
F11,P11_8,1,350000,400000,1858,359190.0,361048.0,11048.0,Scheduled - Deadline Met,Yes,Yes,3600.195725440979,60.00326209068298,9,144.0,Gurobi Status: 9
F11,P11_9,8,400000,450000,1858,,,,Optional Packets- Not Scheduled,No,N/A,3600.195725440979,60.00326209068298,9,144.0,Gurobi Status: 9
F11,P11_10,1,450000,500000,1858,495436.0,497294.0,47294.0,Scheduled - Deadline Met,Yes,Yes,3600.195725440979,60.00326209068298,9,144.0,Gurobi Status: 9
F11,P11_11,1,500000,550000,1858,525483.0,527341.0,27341.0,Scheduled - Deadline Met,Yes,Yes,3600.195725440979,60.00326209068298,9,144.0,Gurobi Status: 9
F11,P11_12,8,550000,600000,1858,576355.0,578213.0,28213.0,Scheduled - Deadline Met,Yes,Yes,3600.195725440979,60.00326209068298,9,144.0,Gurobi Status: 9
F11,P11_13,1,600000,650000,1858,609938.0,611796.0,11796.0,Scheduled - Deadline Met,Yes,Yes,3600.195725440979,60.00326209068298,9,144.0,Gurobi Status: 9
F11,P11_14,1,650000,700000,1858,664321.0,666179.0,16179.0,Scheduled - Deadline Met,Yes,Yes,3600.195725440979,60.00326209068298,9,144.0,Gurobi Status: 9
F11,P11_15,8,700000,750000,1858,721931.0,723789.0,23789.0,Scheduled - Deadline Met,Yes,Yes,3600.195725440979,60.00326209068298,9,144.0,Gurobi Status: 9
F11,P11_16,1,750000,800000,1858,765104.0,766962.0,16962.0,Scheduled - Deadline Met,Yes,Yes,3600.195725440979,60.00326209068298,9,144.0,Gurobi Status: 9
F11,P11_17,1,800000,850000,1858,800000.0,801858.0,1858.0,Scheduled - Deadline Met,Yes,Yes,3600.195725440979,60.00326209068298,9,144.0,Gurobi Status: 9
F11,P11_18,8,850000,900000,1858,897107.0,898965.0,48965.0,Scheduled - Deadline Met,Yes,Yes,3600.195725440979,60.00326209068298,9,144.0,Gurobi Status: 9
F11,P11_19,1,900000,950000,1858,941354.0,943212.0,43212.0,Scheduled - Deadline Met,Yes,Yes,3600.195725440979,60.00326209068298,9,144.0,Gurobi Status: 9
F11,P11_20,1,950000,1000000,1858,977863.0,979721.0,29721.0,Scheduled - Deadline Met,Yes,Yes,3600.195725440979,60.00326209068298,9,144.0,Gurobi Status: 9
F11,P11_21,8,1000000,1050000,1858,1023490.0,1025348.0,25348.0,Scheduled - Deadline Met,Yes,Yes,3600.195725440979,60.00326209068298,9,144.0,Gurobi Status: 9
F11,P11_22,1,1050000,1100000,1858,1090495.0,1092353.0,42353.0,Scheduled - Deadline Met,Yes,Yes,3600.195725440979,60.00326209068298,9,144.0,Gurobi Status: 9
F11,P11_23,1,1100000,1150000,1858,1117963.0,1119821.0,19821.0,Scheduled - Deadline Met,Yes,Yes,3600.195725440979,60.00326209068298,9,144.0,Gurobi Status: 9
F11,P11_24,8,1150000,1200000,1858,1150000.0,1151858.0,1858.0,Scheduled - Deadline Met,Yes,Yes,3600.195725440979,60.00326209068298,9,144.0,Gurobi Status: 9
F11,P11_25,1,1200000,1250000,1858,1201131.0,1202989.0,2989.0,Scheduled - Deadline Met,Yes,Yes,3600.195725440979,60.00326209068298,9,144.0,Gurobi Status: 9
F11,P11_26,1,1250000,1300000,1858,1281345.0,1283203.0,33203.0,Scheduled - Deadline Met,Yes,Yes,3600.195725440979,60.00326209068298,9,144.0,Gurobi Status: 9
F11,P11_27,8,1300000,1350000,1858,1309637.0,1311495.0,11495.0,Scheduled - Deadline Met,Yes,Yes,3600.195725440979,60.00326209068298,9,144.0,Gurobi Status: 9
F11,P11_28,1,1350000,1400000,1858,1375823.0,1377681.0,27681.0,Scheduled - Deadline Met,Yes,Yes,3600.195725440979,60.00326209068298,9,144.0,Gurobi Status: 9
F11,P11_29,1,1400000,1450000,1858,1400000.0,1401858.0,1858.0,Scheduled - Deadline Met,Yes,Yes,3600.195725440979,60.00326209068298,9,144.0,Gurobi Status: 9
F11,P11_30,8,1450000,1500000,1858,1497011.0,1498869.0,48869.0,Scheduled - Deadline Met,Yes,Yes,3600.195725440979,60.00326209068298,9,144.0,Gurobi Status: 9
F11,P11_31,1,1500000,1550000,1858,1519094.0,1520952.0,20952.0,Scheduled - Deadline Met,Yes,Yes,3600.195725440979,60.00326209068298,9,144.0,Gurobi Status: 9
F11,P11_32,1,1550000,1600000,1858,1575338.0,1577196.0,27196.0,Scheduled - Deadline Met,Yes,Yes,3600.195725440979,60.00326209068298,9,144.0,Gurobi Status: 9
F11,P11_33,8,1600000,1650000,1858,,,,Optional Packets- Not Scheduled,No,N/A,3600.195725440979,60.00326209068298,9,144.0,Gurobi Status: 9
F11,P11_34,1,1650000,1700000,1858,1668474.0,1670332.0,20332.0,Scheduled - Deadline Met,Yes,Yes,3600.195725440979,60.00326209068298,9,144.0,Gurobi Status: 9
F11,P11_35,1,1700000,1750000,1858,1712382.0,1714240.0,14240.0,Scheduled - Deadline Met,Yes,Yes,3600.195725440979,60.00326209068298,9,144.0,Gurobi Status: 9
F11,P11_36,8,1750000,1800000,1858,,,,Optional Packets- Not Scheduled,No,N/A,3600.195725440979,60.00326209068298,9,144.0,Gurobi Status: 9
F11,P11_37,1,1800000,1850000,1858,1800000.0,1801858.0,1858.0,Scheduled - Deadline Met,Yes,Yes,3600.195725440979,60.00326209068298,9,144.0,Gurobi Status: 9
F11,P11_38,1,1850000,1900000,1858,1878713.0,1880571.0,30571.0,Scheduled - Deadline Met,Yes,Yes,3600.195725440979,60.00326209068298,9,144.0,Gurobi Status: 9
F11,P11_39,8,1900000,1950000,1858,1946382.0,1948240.0,48240.0,Scheduled - Deadline Met,Yes,Yes,3600.195725440979,60.00326209068298,9,144.0,Gurobi Status: 9
F11,P11_40,1,1950000,2000000,1858,1967267.0,1969125.0,19125.0,Scheduled - Deadline Met,Yes,Yes,3600.195725440979,60.00326209068298,9,144.0,Gurobi Status: 9
F11,P11_41,1,2000000,2050000,1858,2000000.0,2001858.0,1858.0,Scheduled - Deadline Met,Yes,Yes,3600.195725440979,60.00326209068298,9,144.0,Gurobi Status: 9
F11,P11_42,8,2050000,2100000,1858,,,,Optional Packets- Not Scheduled,No,N/A,3600.195725440979,60.00326209068298,9,144.0,Gurobi Status: 9
F11,P11_43,1,2100000,2150000,1858,2118852.0,2120710.0,20710.0,Scheduled - Deadline Met,Yes,Yes,3600.195725440979,60.00326209068298,9,144.0,Gurobi Status: 9
F11,P11_44,1,2150000,2200000,1858,2191766.0,2193624.0,43624.0,Scheduled - Deadline Met,Yes,Yes,3600.195725440979,60.00326209068298,9,144.0,Gurobi Status: 9
F11,P11_45,8,2200000,2250000,1858,,,,Optional Packets- Not Scheduled,No,N/A,3600.195725440979,60.00326209068298,9,144.0,Gurobi Status: 9
F11,P11_46,1,2250000,2300000,1858,2298142.0,2300000.0,50000.0,Scheduled - Deadline Met,Yes,Yes,3600.195725440979,60.00326209068298,9,144.0,Gurobi Status: 9
F11,P11_47,1,2300000,2350000,1858,2301652.0,2303510.0,3510.0,Scheduled - Deadline Met,Yes,Yes,3600.195725440979,60.00326209068298,9,144.0,Gurobi Status: 9
F11,P11_48,8,2350000,2400000,1858,2356645.0,2358503.0,8503.0,Scheduled - Deadline Met,Yes,Yes,3600.195725440979,60.00326209068298,9,144.0,Gurobi Status: 9
F12,P12_1,8,0,200000,2971,,,,Optional Packets- Not Scheduled,No,N/A,3600.195725440979,60.00326209068298,9,144.0,Gurobi Status: 9
F12,P12_2,2,200000,400000,2971,209088.0,212059.0,12059.0,Scheduled - Deadline Met,Yes,Yes,3600.195725440979,60.00326209068298,9,144.0,Gurobi Status: 9
F12,P12_3,2,400000,600000,2971,537240.0,540211.0,140211.0,Scheduled - Deadline Met,Yes,Yes,3600.195725440979,60.00326209068298,9,144.0,Gurobi Status: 9
F12,P12_4,8,600000,800000,2971,684941.0,687912.0,87912.0,Scheduled - Deadline Met,Yes,Yes,3600.195725440979,60.00326209068298,9,144.0,Gurobi Status: 9
F12,P12_5,2,800000,1000000,2971,932010.0,934981.0,134981.0,Scheduled - Deadline Met,Yes,Yes,3600.195725440979,60.00326209068298,9,144.0,Gurobi Status: 9
F12,P12_6,2,1000000,1200000,2971,1126410.0,1129381.0,129381.0,Scheduled - Deadline Met,Yes,Yes,3600.195725440979,60.00326209068298,9,144.0,Gurobi Status: 9
F12,P12_7,8,1200000,1400000,2971,,,,Optional Packets- Not Scheduled,No,N/A,3600.195725440979,60.00326209068298,9,144.0,Gurobi Status: 9
F12,P12_8,2,1400000,1600000,2971,1455702.0,1458673.0,58673.0,Scheduled - Deadline Met,Yes,Yes,3600.195725440979,60.00326209068298,9,144.0,Gurobi Status: 9
F12,P12_9,2,1600000,1800000,2971,1748179.0,1751150.0,151150.0,Scheduled - Deadline Met,Yes,Yes,3600.195725440979,60.00326209068298,9,144.0,Gurobi Status: 9
F12,P12_10,8,1800000,2000000,2971,1881459.0,1884430.0,84430.0,Scheduled - Deadline Met,Yes,Yes,3600.195725440979,60.00326209068298,9,144.0,Gurobi Status: 9
F12,P12_11,2,2000000,2200000,2971,2049601.0,2052572.0,52572.0,Scheduled - Deadline Met,Yes,Yes,3600.195725440979,60.00326209068298,9,144.0,Gurobi Status: 9
F12,P12_12,2,2200000,2400000,2971,2206685.0,2209656.0,9656.0,Scheduled - Deadline Met,Yes,Yes,3600.195725440979,60.00326209068298,9,144.0,Gurobi Status: 9
F13,P13_1,3,0,400000,7897,103892.0,111789.0,111789.0,Scheduled - Deadline Met,Yes,Yes,3600.195725440979,60.00326209068298,9,144.0,Gurobi Status: 9
F13,P13_2,3,400000,800000,7897,540307.0,548204.0,148204.0,Scheduled - Deadline Met,Yes,Yes,3600.195725440979,60.00326209068298,9,144.0,Gurobi Status: 9
F13,P13_3,8,800000,1200000,7897,,,,Optional Packets- Not Scheduled,No,N/A,3600.195725440979,60.00326209068298,9,144.0,Gurobi Status: 9
F13,P13_4,3,1200000,1600000,7897,1301644.0,1309541.0,109541.0,Scheduled - Deadline Met,Yes,Yes,3600.195725440979,60.00326209068298,9,144.0,Gurobi Status: 9
F13,P13_5,3,1600000,2000000,7897,1753903.0,1761800.0,161800.0,Scheduled - Deadline Met,Yes,Yes,3600.195725440979,60.00326209068298,9,144.0,Gurobi Status: 9
F13,P13_6,8,2000000,2400000,7897,,,,Optional Packets- Not Scheduled,No,N/A,3600.195725440979,60.00326209068298,9,144.0,Gurobi Status: 9
F14,P14_1,8,0,400000,11193,,,,Optional Packets- Not Scheduled,No,N/A,3600.195725440979,60.00326209068298,9,144.0,Gurobi Status: 9
F14,P14_2,1,400000,800000,11193,427371.0,438564.0,38564.0,Scheduled - Deadline Met,Yes,Yes,3600.195725440979,60.00326209068298,9,144.0,Gurobi Status: 9
F14,P14_3,1,800000,1200000,11193,841447.0,852640.0,52640.0,Scheduled - Deadline Met,Yes,Yes,3600.195725440979,60.00326209068298,9,144.0,Gurobi Status: 9
F14,P14_4,8,1200000,1600000,11193,,,,Optional Packets- Not Scheduled,No,N/A,3600.195725440979,60.00326209068298,9,144.0,Gurobi Status: 9
F14,P14_5,1,1600000,2000000,11193,1619671.0,1630864.0,30864.0,Scheduled - Deadline Met,Yes,Yes,3600.195725440979,60.00326209068298,9,144.0,Gurobi Status: 9
F14,P14_6,1,2000000,2400000,11193,2058937.0,2070130.0,70130.0,Scheduled - Deadline Met,Yes,Yes,3600.195725440979,60.00326209068298,9,144.0,Gurobi Status: 9
F15,P15_1,1,0,400000,1159,46749.0,47908.0,47908.0,Scheduled - Deadline Met,Yes,Yes,3600.195725440979,60.00326209068298,9,144.0,Gurobi Status: 9
F15,P15_2,8,400000,800000,1159,,,,Optional Packets- Not Scheduled,No,N/A,3600.195725440979,60.00326209068298,9,144.0,Gurobi Status: 9
F15,P15_3,1,800000,1200000,1159,852736.0,853895.0,53895.0,Scheduled - Deadline Met,Yes,Yes,3600.195725440979,60.00326209068298,9,144.0,Gurobi Status: 9
F15,P15_4,1,1200000,1600000,1159,1275205.0,1276364.0,76364.0,Scheduled - Deadline Met,Yes,Yes,3600.195725440979,60.00326209068298,9,144.0,Gurobi Status: 9
F15,P15_5,8,1600000,2000000,1159,1693630.0,1694789.0,94789.0,Scheduled - Deadline Met,Yes,Yes,3600.195725440979,60.00326209068298,9,144.0,Gurobi Status: 9
F15,P15_6,1,2000000,2400000,1159,2089144.0,2090303.0,90303.0,Scheduled - Deadline Met,Yes,Yes,3600.195725440979,60.00326209068298,9,144.0,Gurobi Status: 9
F16,P16_1,2,0,400000,1580,205554.0,207134.0,207134.0,Scheduled - Deadline Met,Yes,Yes,3600.195725440979,60.00326209068298,9,144.0,Gurobi Status: 9
F16,P16_2,8,400000,800000,1580,,,,Optional Packets- Not Scheduled,No,N/A,3600.195725440979,60.00326209068298,9,144.0,Gurobi Status: 9
F16,P16_3,2,800000,1200000,1580,979721.0,981301.0,181301.0,Scheduled - Deadline Met,Yes,Yes,3600.195725440979,60.00326209068298,9,144.0,Gurobi Status: 9
F16,P16_4,2,1200000,1600000,1580,1402893.0,1404473.0,204473.0,Scheduled - Deadline Met,Yes,Yes,3600.195725440979,60.00326209068298,9,144.0,Gurobi Status: 9
F16,P16_5,8,1600000,2000000,1580,1690526.0,1692106.0,92106.0,Scheduled - Deadline Met,Yes,Yes,3600.195725440979,60.00326209068298,9,144.0,Gurobi Status: 9
F16,P16_6,2,2000000,2400000,1580,2117272.0,2118852.0,118852.0,Scheduled - Deadline Met,Yes,Yes,3600.195725440979,60.00326209068298,9,144.0,Gurobi Status: 9
F17,P17_1,7,0,200000,6173,5282.0,11455.0,11455.0,Scheduled - Deadline Met,Yes,Yes,3600.195725440979,60.00326209068298,9,144.0,Gurobi Status: 9
F17,P17_2,7,200000,400000,6173,223527.0,229700.0,29700.0,Scheduled - Deadline Met,Yes,Yes,3600.195725440979,60.00326209068298,9,144.0,Gurobi Status: 9
F17,P17_3,8,400000,600000,6173,,,,Optional Packets- Not Scheduled,No,N/A,3600.195725440979,60.00326209068298,9,144.0,Gurobi Status: 9
F17,P17_4,7,600000,800000,6173,654789.0,660962.0,60962.0,Scheduled - Deadline Met,Yes,Yes,3600.195725440979,60.00326209068298,9,144.0,Gurobi Status: 9
F17,P17_5,7,800000,1000000,6173,863133.0,869306.0,69306.0,Scheduled - Deadline Met,Yes,Yes,3600.195725440979,60.00326209068298,9,144.0,Gurobi Status: 9
F17,P17_6,8,1000000,1200000,6173,,,,Optional Packets- Not Scheduled,No,N/A,3600.195725440979,60.00326209068298,9,144.0,Gurobi Status: 9
F17,P17_7,7,1200000,1400000,6173,1203085.0,1209258.0,9258.0,Scheduled - Deadline Met,Yes,Yes,3600.195725440979,60.00326209068298,9,144.0,Gurobi Status: 9
F17,P17_8,7,1400000,1600000,6173,1487753.0,1493926.0,93926.0,Scheduled - Deadline Met,Yes,Yes,3600.195725440979,60.00326209068298,9,144.0,Gurobi Status: 9
F17,P17_9,8,1600000,1800000,6173,,,,Optional Packets- Not Scheduled,No,N/A,3600.195725440979,60.00326209068298,9,144.0,Gurobi Status: 9
F17,P17_10,7,1800000,2000000,6173,1839814.0,1845987.0,45987.0,Scheduled - Deadline Met,Yes,Yes,3600.195725440979,60.00326209068298,9,144.0,Gurobi Status: 9
F17,P17_11,7,2000000,2200000,6173,2052668.0,2058841.0,58841.0,Scheduled - Deadline Met,Yes,Yes,3600.195725440979,60.00326209068298,9,144.0,Gurobi Status: 9
F17,P17_12,8,2200000,2400000,6173,2269369.0,2275542.0,75542.0,Scheduled - Deadline Met,Yes,Yes,3600.195725440979,60.00326209068298,9,144.0,Gurobi Status: 9
F18,P18_1,8,0,200000,2739,,,,Optional Packets- Not Scheduled,No,N/A,3600.195725440979,60.00326209068298,9,144.0,Gurobi Status: 9
F18,P18_2,6,200000,400000,2739,338863.0,341602.0,141602.0,Scheduled - Deadline Met,Yes,Yes,3600.195725440979,60.00326209068298,9,144.0,Gurobi Status: 9
F18,P18_3,6,400000,600000,2739,527341.0,530080.0,130080.0,Scheduled - Deadline Met,Yes,Yes,3600.195725440979,60.00326209068298,9,144.0,Gurobi Status: 9
F18,P18_4,8,600000,800000,2739,688008.0,690747.0,90747.0,Scheduled - Deadline Met,Yes,Yes,3600.195725440979,60.00326209068298,9,144.0,Gurobi Status: 9
F18,P18_5,6,800000,1000000,2739,918954.0,921693.0,121693.0,Scheduled - Deadline Met,Yes,Yes,3600.195725440979,60.00326209068298,9,144.0,Gurobi Status: 9
F18,P18_6,6,1000000,1200000,2739,1129477.0,1132216.0,132216.0,Scheduled - Deadline Met,Yes,Yes,3600.195725440979,60.00326209068298,9,144.0,Gurobi Status: 9
F18,P18_7,8,1200000,1400000,2739,,,,Optional Packets- Not Scheduled,No,N/A,3600.195725440979,60.00326209068298,9,144.0,Gurobi Status: 9
F18,P18_8,6,1400000,1600000,2739,1522083.0,1524822.0,124822.0,Scheduled - Deadline Met,Yes,Yes,3600.195725440979,60.00326209068298,9,144.0,Gurobi Status: 9
F18,P18_9,6,1600000,1800000,2739,1673787.0,1676526.0,76526.0,Scheduled - Deadline Met,Yes,Yes,3600.195725440979,60.00326209068298,9,144.0,Gurobi Status: 9
F18,P18_10,8,1800000,2000000,2739,1884526.0,1887265.0,87265.0,Scheduled - Deadline Met,Yes,Yes,3600.195725440979,60.00326209068298,9,144.0,Gurobi Status: 9
F18,P18_11,6,2000000,2200000,2739,2154034.0,2156773.0,156773.0,Scheduled - Deadline Met,Yes,Yes,3600.195725440979,60.00326209068298,9,144.0,Gurobi Status: 9
F18,P18_12,6,2200000,2400000,2739,2260824.0,2263563.0,63563.0,Scheduled - Deadline Met,Yes,Yes,3600.195725440979,60.00326209068298,9,144.0,Gurobi Status: 9
F19,P19_1,3,0,400000,600,157065.0,157665.0,157665.0,Scheduled - Deadline Met,Yes,Yes,3600.195725440979,60.00326209068298,9,144.0,Gurobi Status: 9
F19,P19_2,8,400000,800000,600,498365.0,498965.0,98965.0,Scheduled - Deadline Met,Yes,Yes,3600.195725440979,60.00326209068298,9,144.0,Gurobi Status: 9
F19,P19_3,3,800000,1200000,600,944004.0,944604.0,144604.0,Scheduled - Deadline Met,Yes,Yes,3600.195725440979,60.00326209068298,9,144.0,Gurobi Status: 9
F19,P19_4,3,1200000,1600000,600,1324669.0,1325269.0,125269.0,Scheduled - Deadline Met,Yes,Yes,3600.195725440979,60.00326209068298,9,144.0,Gurobi Status: 9
F19,P19_5,8,1600000,2000000,600,1695581.0,1696181.0,96181.0,Scheduled - Deadline Met,Yes,Yes,3600.195725440979,60.00326209068298,9,144.0,Gurobi Status: 9
F19,P19_6,3,2000000,2400000,600,2109507.0,2110107.0,110107.0,Scheduled - Deadline Met,Yes,Yes,3600.195725440979,60.00326209068298,9,144.0,Gurobi Status: 9
F2,P2_1,1,0,400000,5847,37447.0,43294.0,43294.0,Scheduled - Deadline Met,Yes,Yes,3600.195725440979,60.00326209068298,9,144.0,Gurobi Status: 9
F2,P2_2,1,400000,800000,5847,482344.0,488191.0,88191.0,Scheduled - Deadline Met,Yes,Yes,3600.195725440979,60.00326209068298,9,144.0,Gurobi Status: 9
F2,P2_3,8,800000,1200000,5847,,,,Optional Packets- Not Scheduled,No,N/A,3600.195725440979,60.00326209068298,9,144.0,Gurobi Status: 9
F2,P2_4,1,1200000,1600000,5847,1254393.0,1260240.0,60240.0,Scheduled - Deadline Met,Yes,Yes,3600.195725440979,60.00326209068298,9,144.0,Gurobi Status: 9
F2,P2_5,1,1600000,2000000,5847,1630960.0,1636807.0,36807.0,Scheduled - Deadline Met,Yes,Yes,3600.195725440979,60.00326209068298,9,144.0,Gurobi Status: 9
F2,P2_6,8,2000000,2400000,5847,,,,Optional Packets- Not Scheduled,No,N/A,3600.195725440979,60.00326209068298,9,144.0,Gurobi Status: 9
F20,P20_1,7,0,200000,3263,43390.0,46653.0,46653.0,Scheduled - Deadline Met,Yes,Yes,3600.195725440979,60.00326209068298,9,144.0,Gurobi Status: 9
F20,P20_2,8,200000,400000,3263,290444.0,293707.0,93707.0,Scheduled - Deadline Met,Yes,Yes,3600.195725440979,60.00326209068298,9,144.0,Gurobi Status: 9
F20,P20_3,7,400000,600000,3263,448997.0,452260.0,52260.0,Scheduled - Deadline Met,Yes,Yes,3600.195725440979,60.00326209068298,9,144.0,Gurobi Status: 9
F20,P20_4,7,600000,800000,3263,661058.0,664321.0,64321.0,Scheduled - Deadline Met,Yes,Yes,3600.195725440979,60.00326209068298,9,144.0,Gurobi Status: 9
F20,P20_5,8,800000,1000000,3263,,,,Optional Packets- Not Scheduled,No,N/A,3600.195725440979,60.00326209068298,9,144.0,Gurobi Status: 9
F20,P20_6,7,1000000,1200000,3263,1084577.0,1087840.0,87840.0,Scheduled - Deadline Met,Yes,Yes,3600.195725440979,60.00326209068298,9,144.0,Gurobi Status: 9
F20,P20_7,7,1200000,1400000,3263,1271846.0,1275109.0,75109.0,Scheduled - Deadline Met,Yes,Yes,3600.195725440979,60.00326209068298,9,144.0,Gurobi Status: 9
F20,P20_8,8,1400000,1600000,3263,,,,Optional Packets- Not Scheduled,No,N/A,3600.195725440979,60.00326209068298,9,144.0,Gurobi Status: 9
F20,P20_9,7,1600000,1800000,3263,1670428.0,1673691.0,73691.0,Scheduled - Deadline Met,Yes,Yes,3600.195725440979,60.00326209068298,9,144.0,Gurobi Status: 9
F20,P20_10,7,1800000,2000000,3263,1864564.0,1867827.0,67827.0,Scheduled - Deadline Met,Yes,Yes,3600.195725440979,60.00326209068298,9,144.0,Gurobi Status: 9
F20,P20_11,8,2000000,2200000,3263,,,,Optional Packets- Not Scheduled,No,N/A,3600.195725440979,60.00326209068298,9,144.0,Gurobi Status: 9
F20,P20_12,7,2200000,2400000,3263,2256673.0,2259936.0,59936.0,Scheduled - Deadline Met,Yes,Yes,3600.195725440979,60.00326209068298,9,144.0,Gurobi Status: 9
F21,P21_1,6,0,400000,8601,95195.0,103796.0,103796.0,Scheduled - Deadline Met,Yes,Yes,3600.195725440979,60.00326209068298,9,144.0,Gurobi Status: 9
F21,P21_2,8,400000,800000,8601,,,,Optional Packets- Not Scheduled,No,N/A,3600.195725440979,60.00326209068298,9,144.0,Gurobi Status: 9
F21,P21_3,6,800000,1200000,8601,945543.0,954144.0,154144.0,Scheduled - Deadline Met,Yes,Yes,3600.195725440979,60.00326209068298,9,144.0,Gurobi Status: 9
F21,P21_4,6,1200000,1600000,8601,1338581.0,1347182.0,147182.0,Scheduled - Deadline Met,Yes,Yes,3600.195725440979,60.00326209068298,9,144.0,Gurobi Status: 9
F21,P21_5,8,1600000,2000000,8601,,,,Optional Packets- Not Scheduled,No,N/A,3600.195725440979,60.00326209068298,9,144.0,Gurobi Status: 9
F21,P21_6,6,2000000,2400000,8601,2164275.0,2172876.0,172876.0,Scheduled - Deadline Met,Yes,Yes,3600.195725440979,60.00326209068298,9,144.0,Gurobi Status: 9
F22,P22_1,8,0,100000,5458,,,,Optional Packets- Not Scheduled,No,N/A,3600.195725440979,60.00326209068298,9,144.0,Gurobi Status: 9
F22,P22_2,7,100000,200000,5458,151607.0,157065.0,57065.0,Scheduled - Deadline Met,Yes,Yes,3600.195725440979,60.00326209068298,9,144.0,Gurobi Status: 9
F22,P22_3,7,200000,300000,5458,200000.0,205458.0,5458.0,Scheduled - Deadline Met,Yes,Yes,3600.195725440979,60.00326209068298,9,144.0,Gurobi Status: 9
F22,P22_4,8,300000,400000,5458,361144.0,366602.0,66602.0,Scheduled - Deadline Met,Yes,Yes,3600.195725440979,60.00326209068298,9,144.0,Gurobi Status: 9
F22,P22_5,7,400000,500000,5458,414117.0,419575.0,19575.0,Scheduled - Deadline Met,Yes,Yes,3600.195725440979,60.00326209068298,9,144.0,Gurobi Status: 9
F22,P22_6,7,500000,600000,5458,556080.0,561538.0,61538.0,Scheduled - Deadline Met,Yes,Yes,3600.195725440979,60.00326209068298,9,144.0,Gurobi Status: 9
F22,P22_7,8,600000,700000,5458,624386.0,629844.0,29844.0,Scheduled - Deadline Met,Yes,Yes,3600.195725440979,60.00326209068298,9,144.0,Gurobi Status: 9
F22,P22_8,7,700000,800000,5458,740556.0,746014.0,46014.0,Scheduled - Deadline Met,Yes,Yes,3600.195725440979,60.00326209068298,9,144.0,Gurobi Status: 9
F22,P22_9,7,800000,900000,5458,804151.0,809609.0,9609.0,Scheduled - Deadline Met,Yes,Yes,3600.195725440979,60.00326209068298,9,144.0,Gurobi Status: 9
F22,P22_10,8,900000,1000000,5458,982093.0,987551.0,87551.0,Scheduled - Deadline Met,Yes,Yes,3600.195725440979,60.00326209068298,9,144.0,Gurobi Status: 9
F22,P22_11,7,1000000,1100000,5458,1011920.0,1017378.0,17378.0,Scheduled - Deadline Met,Yes,Yes,3600.195725440979,60.00326209068298,9,144.0,Gurobi Status: 9
F22,P22_12,7,1100000,1200000,5458,1119917.0,1125375.0,25375.0,Scheduled - Deadline Met,Yes,Yes,3600.195725440979,60.00326209068298,9,144.0,Gurobi Status: 9
F22,P22_13,8,1200000,1300000,5458,,,,Optional Packets- Not Scheduled,No,N/A,3600.195725440979,60.00326209068298,9,144.0,Gurobi Status: 9
F22,P22_14,7,1300000,1400000,5458,1326304.0,1331762.0,31762.0,Scheduled - Deadline Met,Yes,Yes,3600.195725440979,60.00326209068298,9,144.0,Gurobi Status: 9
F22,P22_15,7,1400000,1500000,5458,1404473.0,1409931.0,9931.0,Scheduled - Deadline Met,Yes,Yes,3600.195725440979,60.00326209068298,9,144.0,Gurobi Status: 9
F22,P22_16,8,1500000,1600000,5458,1550792.0,1556250.0,56250.0,Scheduled - Deadline Met,Yes,Yes,3600.195725440979,60.00326209068298,9,144.0,Gurobi Status: 9
F22,P22_17,7,1600000,1700000,5458,1614117.0,1619575.0,19575.0,Scheduled - Deadline Met,Yes,Yes,3600.195725440979,60.00326209068298,9,144.0,Gurobi Status: 9
F22,P22_18,7,1700000,1800000,5458,1714336.0,1719794.0,19794.0,Scheduled - Deadline Met,Yes,Yes,3600.195725440979,60.00326209068298,9,144.0,Gurobi Status: 9
F22,P22_19,8,1800000,1900000,5458,1816101.0,1821559.0,21559.0,Scheduled - Deadline Met,Yes,Yes,3600.195725440979,60.00326209068298,9,144.0,Gurobi Status: 9
F22,P22_20,7,1900000,2000000,5458,1909247.0,1914705.0,14705.0,Scheduled - Deadline Met,Yes,Yes,3600.195725440979,60.00326209068298,9,144.0,Gurobi Status: 9
F22,P22_21,7,2000000,2100000,5458,2022640.0,2028098.0,28098.0,Scheduled - Deadline Met,Yes,Yes,3600.195725440979,60.00326209068298,9,144.0,Gurobi Status: 9
F22,P22_22,8,2100000,2200000,5458,2137162.0,2142620.0,42620.0,Scheduled - Deadline Met,Yes,Yes,3600.195725440979,60.00326209068298,9,144.0,Gurobi Status: 9
F22,P22_23,7,2200000,2300000,5458,2200000.0,2205458.0,5458.0,Scheduled - Deadline Met,Yes,Yes,3600.195725440979,60.00326209068298,9,144.0,Gurobi Status: 9
F22,P22_24,7,2300000,2400000,5458,2305910.0,2311368.0,11368.0,Scheduled - Deadline Met,Yes,Yes,3600.195725440979,60.00326209068298,9,144.0,Gurobi Status: 9
F23,P23_1,8,0,200000,10241,,,,Optional Packets- Not Scheduled,No,N/A,3600.195725440979,60.00326209068298,9,144.0,Gurobi Status: 9
F23,P23_2,7,200000,400000,10241,213190.0,223431.0,23431.0,Scheduled - Deadline Met,Yes,Yes,3600.195725440979,60.00326209068298,9,144.0,Gurobi Status: 9
F23,P23_3,7,400000,600000,10241,438660.0,448901.0,48901.0,Scheduled - Deadline Met,Yes,Yes,3600.195725440979,60.00326209068298,9,144.0,Gurobi Status: 9
F23,P23_4,8,600000,800000,10241,668035.0,678276.0,78276.0,Scheduled - Deadline Met,Yes,Yes,3600.195725440979,60.00326209068298,9,144.0,Gurobi Status: 9
F23,P23_5,7,800000,1000000,10241,831110.0,841351.0,41351.0,Scheduled - Deadline Met,Yes,Yes,3600.195725440979,60.00326209068298,9,144.0,Gurobi Status: 9
F23,P23_6,7,1000000,1200000,10241,1074240.0,1084481.0,84481.0,Scheduled - Deadline Met,Yes,Yes,3600.195725440979,60.00326209068298,9,144.0,Gurobi Status: 9
F23,P23_7,8,1200000,1400000,10241,,,,Optional Packets- Not Scheduled,No,N/A,3600.195725440979,60.00326209068298,9,144.0,Gurobi Status: 9
F23,P23_8,7,1400000,1600000,10241,1458769.0,1469010.0,69010.0,Scheduled - Deadline Met,Yes,Yes,3600.195725440979,60.00326209068298,9,144.0,Gurobi Status: 9
F23,P23_9,7,1600000,1800000,10241,1653348.0,1663589.0,63589.0,Scheduled - Deadline Met,Yes,Yes,3600.195725440979,60.00326209068298,9,144.0,Gurobi Status: 9
F23,P23_10,8,1800000,2000000,10241,,,,Optional Packets- Not Scheduled,No,N/A,3600.195725440979,60.00326209068298,9,144.0,Gurobi Status: 9
F23,P23_11,7,2000000,2200000,10241,2039264.0,2049505.0,49505.0,Scheduled - Deadline Met,Yes,Yes,3600.195725440979,60.00326209068298,9,144.0,Gurobi Status: 9
F23,P23_12,7,2200000,2400000,10241,2215096.0,2225337.0,25337.0,Scheduled - Deadline Met,Yes,Yes,3600.195725440979,60.00326209068298,9,144.0,Gurobi Status: 9
F24,P24_1,4,0,400000,6277,168023.0,174300.0,174300.0,Scheduled - Deadline Met,Yes,Yes,3600.195725440979,60.00326209068298,9,144.0,Gurobi Status: 9
F24,P24_2,8,400000,800000,6277,,,,Optional Packets- Not Scheduled,No,N/A,3600.195725440979,60.00326209068298,9,144.0,Gurobi Status: 9
F24,P24_3,4,800000,1200000,6277,935077.0,941354.0,141354.0,Scheduled - Deadline Met,Yes,Yes,3600.195725440979,60.00326209068298,9,144.0,Gurobi Status: 9
F24,P24_4,4,1200000,1600000,6277,1332208.0,1338485.0,138485.0,Scheduled - Deadline Met,Yes,Yes,3600.195725440979,60.00326209068298,9,144.0,Gurobi Status: 9
F24,P24_5,8,1600000,2000000,6277,,,,Optional Packets- Not Scheduled,No,N/A,3600.195725440979,60.00326209068298,9,144.0,Gurobi Status: 9
F24,P24_6,4,2000000,2400000,6277,2110203.0,2116480.0,116480.0,Scheduled - Deadline Met,Yes,Yes,3600.195725440979,60.00326209068298,9,144.0,Gurobi Status: 9
F25,P25_1,8,0,100000,1173,24860.0,26033.0,26033.0,Scheduled - Deadline Met,Yes,Yes,3600.195725440979,60.00326209068298,9,144.0,Gurobi Status: 9
F25,P25_2,4,100000,200000,1173,194333.0,195506.0,95506.0,Scheduled - Deadline Met,Yes,Yes,3600.195725440979,60.00326209068298,9,144.0,Gurobi Status: 9
F25,P25_3,8,200000,300000,1173,288044.0,289217.0,89217.0,Scheduled - Deadline Met,Yes,Yes,3600.195725440979,60.00326209068298,9,144.0,Gurobi Status: 9
F25,P25_4,4,300000,400000,1173,381706.0,382879.0,82879.0,Scheduled - Deadline Met,Yes,Yes,3600.195725440979,60.00326209068298,9,144.0,Gurobi Status: 9
F25,P25_5,8,400000,500000,1173,,,,Optional Packets- Not Scheduled,No,N/A,3600.195725440979,60.00326209068298,9,144.0,Gurobi Status: 9
F25,P25_6,4,500000,600000,1173,575086.0,576259.0,76259.0,Scheduled - Deadline Met,Yes,Yes,3600.195725440979,60.00326209068298,9,144.0,Gurobi Status: 9
F25,P25_7,8,600000,700000,1173,637413.0,638586.0,38586.0,Scheduled - Deadline Met,Yes,Yes,3600.195725440979,60.00326209068298,9,144.0,Gurobi Status: 9
F25,P25_8,4,700000,800000,1173,739287.0,740460.0,40460.0,Scheduled - Deadline Met,Yes,Yes,3600.195725440979,60.00326209068298,9,144.0,Gurobi Status: 9
F25,P25_9,8,800000,900000,1173,,,,Optional Packets- Not Scheduled,No,N/A,3600.195725440979,60.00326209068298,9,144.0,Gurobi Status: 9
F25,P25_10,4,900000,1000000,1173,975434.0,976607.0,76607.0,Scheduled - Deadline Met,Yes,Yes,3600.195725440979,60.00326209068298,9,144.0,Gurobi Status: 9
F25,P25_11,8,1000000,1100000,1173,1039147.0,1040320.0,40320.0,Scheduled - Deadline Met,Yes,Yes,3600.195725440979,60.00326209068298,9,144.0,Gurobi Status: 9
F25,P25_12,4,1100000,1200000,1173,1147600.0,1148773.0,48773.0,Scheduled - Deadline Met,Yes,Yes,3600.195725440979,60.00326209068298,9,144.0,Gurobi Status: 9
F25,P25_13,8,1200000,1300000,1173,1228822.0,1229995.0,29995.0,Scheduled - Deadline Met,Yes,Yes,3600.195725440979,60.00326209068298,9,144.0,Gurobi Status: 9
F25,P25_14,4,1300000,1400000,1173,1370973.0,1372146.0,72146.0,Scheduled - Deadline Met,Yes,Yes,3600.195725440979,60.00326209068298,9,144.0,Gurobi Status: 9
F25,P25_15,8,1400000,1500000,1173,1439329.0,1440502.0,40502.0,Scheduled - Deadline Met,Yes,Yes,3600.195725440979,60.00326209068298,9,144.0,Gurobi Status: 9
F25,P25_16,4,1500000,1600000,1173,1536396.0,1537569.0,37569.0,Scheduled - Deadline Met,Yes,Yes,3600.195725440979,60.00326209068298,9,144.0,Gurobi Status: 9
F25,P25_17,8,1600000,1700000,1173,,,,Optional Packets- Not Scheduled,No,N/A,3600.195725440979,60.00326209068298,9,144.0,Gurobi Status: 9
F25,P25_18,4,1700000,1800000,1173,1781987.0,1783160.0,83160.0,Scheduled - Deadline Met,Yes,Yes,3600.195725440979,60.00326209068298,9,144.0,Gurobi Status: 9
F25,P25_19,8,1800000,1900000,1173,1826096.0,1827269.0,27269.0,Scheduled - Deadline Met,Yes,Yes,3600.195725440979,60.00326209068298,9,144.0,Gurobi Status: 9
F25,P25_20,4,1900000,2000000,1173,1915836.0,1917009.0,17009.0,Scheduled - Deadline Met,Yes,Yes,3600.195725440979,60.00326209068298,9,144.0,Gurobi Status: 9
F25,P25_21,8,2000000,2100000,1173,,,,Optional Packets- Not Scheduled,No,N/A,3600.195725440979,60.00326209068298,9,144.0,Gurobi Status: 9
F25,P25_22,4,2100000,2200000,1173,2133098.0,2134271.0,34271.0,Scheduled - Deadline Met,Yes,Yes,3600.195725440979,60.00326209068298,9,144.0,Gurobi Status: 9
F25,P25_23,8,2200000,2300000,1173,2268100.0,2269273.0,69273.0,Scheduled - Deadline Met,Yes,Yes,3600.195725440979,60.00326209068298,9,144.0,Gurobi Status: 9
F25,P25_24,4,2300000,2400000,1173,2303606.0,2304779.0,4779.0,Scheduled - Deadline Met,Yes,Yes,3600.195725440979,60.00326209068298,9,144.0,Gurobi Status: 9
F26,P26_1,8,0,400000,10974,,,,Optional Packets- Not Scheduled,No,N/A,3600.195725440979,60.00326209068298,9,144.0,Gurobi Status: 9
F26,P26_2,5,400000,800000,10974,471274.0,482248.0,82248.0,Scheduled - Deadline Met,Yes,Yes,3600.195725440979,60.00326209068298,9,144.0,Gurobi Status: 9
F26,P26_3,8,800000,1200000,10974,,,,Optional Packets- Not Scheduled,No,N/A,3600.195725440979,60.00326209068298,9,144.0,Gurobi Status: 9
F26,P26_4,5,1200000,1600000,10974,1211551.0,1222525.0,22525.0,Scheduled - Deadline Met,Yes,Yes,3600.195725440979,60.00326209068298,9,144.0,Gurobi Status: 9
F26,P26_5,8,1600000,2000000,10974,,,,Optional Packets- Not Scheduled,No,N/A,3600.195725440979,60.00326209068298,9,144.0,Gurobi Status: 9
F26,P26_6,5,2000000,2400000,10974,2028194.0,2039168.0,39168.0,Scheduled - Deadline Met,Yes,Yes,3600.195725440979,60.00326209068298,9,144.0,Gurobi Status: 9
F27,P27_1,8,0,50000,872,,,,Optional Packets- Not Scheduled,No,N/A,3600.195725440979,60.00326209068298,9,144.0,Gurobi Status: 9
F27,P27_2,5,50000,100000,872,82021.0,82893.0,32893.0,Scheduled - Deadline Met,Yes,Yes,3600.195725440979,60.00326209068298,9,144.0,Gurobi Status: 9
F27,P27_3,8,100000,150000,872,121340.0,122212.0,22212.0,Scheduled - Deadline Met,Yes,Yes,3600.195725440979,60.00326209068298,9,144.0,Gurobi Status: 9
F27,P27_4,5,150000,200000,872,176127.0,176999.0,26999.0,Scheduled - Deadline Met,Yes,Yes,3600.195725440979,60.00326209068298,9,144.0,Gurobi Status: 9
F27,P27_5,8,200000,250000,872,245566.0,246438.0,46438.0,Scheduled - Deadline Met,Yes,Yes,3600.195725440979,60.00326209068298,9,144.0,Gurobi Status: 9
F27,P27_6,5,250000,300000,872,277742.0,278614.0,28614.0,Scheduled - Deadline Met,Yes,Yes,3600.195725440979,60.00326209068298,9,144.0,Gurobi Status: 9
F27,P27_7,8,300000,350000,872,324750.0,325622.0,25622.0,Scheduled - Deadline Met,Yes,Yes,3600.195725440979,60.00326209068298,9,144.0,Gurobi Status: 9
F27,P27_8,5,350000,400000,872,352781.0,353653.0,3653.0,Scheduled - Deadline Met,Yes,Yes,3600.195725440979,60.00326209068298,9,144.0,Gurobi Status: 9
F27,P27_9,8,400000,450000,872,,,,Optional Packets- Not Scheduled,No,N/A,3600.195725440979,60.00326209068298,9,144.0,Gurobi Status: 9
F27,P27_10,5,450000,500000,872,488191.0,489063.0,39063.0,Scheduled - Deadline Met,Yes,Yes,3600.195725440979,60.00326209068298,9,144.0,Gurobi Status: 9
F27,P27_11,8,500000,550000,872,,,,Optional Packets- Not Scheduled,No,N/A,3600.195725440979,60.00326209068298,9,144.0,Gurobi Status: 9
F27,P27_12,5,550000,600000,872,590662.0,591534.0,41534.0,Scheduled - Deadline Met,Yes,Yes,3600.195725440979,60.00326209068298,9,144.0,Gurobi Status: 9
F27,P27_13,8,600000,650000,872,615124.0,615996.0,15996.0,Scheduled - Deadline Met,Yes,Yes,3600.195725440979,60.00326209068298,9,144.0,Gurobi Status: 9
F27,P27_14,5,650000,700000,872,666275.0,667147.0,17147.0,Scheduled - Deadline Met,Yes,Yes,3600.195725440979,60.00326209068298,9,144.0,Gurobi Status: 9
F27,P27_15,8,700000,750000,872,723885.0,724757.0,24757.0,Scheduled - Deadline Met,Yes,Yes,3600.195725440979,60.00326209068298,9,144.0,Gurobi Status: 9
F27,P27_16,5,750000,800000,872,778443.0,779315.0,29315.0,Scheduled - Deadline Met,Yes,Yes,3600.195725440979,60.00326209068298,9,144.0,Gurobi Status: 9
F27,P27_17,8,800000,850000,872,,,,Optional Packets- Not Scheduled,No,N/A,3600.195725440979,60.00326209068298,9,144.0,Gurobi Status: 9
F27,P27_18,5,850000,900000,872,893355.0,894227.0,44227.0,Scheduled - Deadline Met,Yes,Yes,3600.195725440979,60.00326209068298,9,144.0,Gurobi Status: 9
F27,P27_19,8,900000,950000,872,,,,Optional Packets- Not Scheduled,No,N/A,3600.195725440979,60.00326209068298,9,144.0,Gurobi Status: 9
F27,P27_20,5,950000,1000000,872,976895.0,977767.0,27767.0,Scheduled - Deadline Met,Yes,Yes,3600.195725440979,60.00326209068298,9,144.0,Gurobi Status: 9
F27,P27_21,8,1000000,1050000,872,1025444.0,1026316.0,26316.0,Scheduled - Deadline Met,Yes,Yes,3600.195725440979,60.00326209068298,9,144.0,Gurobi Status: 9
F27,P27_22,5,1050000,1100000,872,1095008.0,1095880.0,45880.0,Scheduled - Deadline Met,Yes,Yes,3600.195725440979,60.00326209068298,9,144.0,Gurobi Status: 9
F27,P27_23,8,1100000,1150000,872,1104885.0,1105757.0,5757.0,Scheduled - Deadline Met,Yes,Yes,3600.195725440979,60.00326209068298,9,144.0,Gurobi Status: 9
F27,P27_24,5,1150000,1200000,872,1163272.0,1164144.0,14144.0,Scheduled - Deadline Met,Yes,Yes,3600.195725440979,60.00326209068298,9,144.0,Gurobi Status: 9
F27,P27_25,8,1200000,1250000,872,1222621.0,1223493.0,23493.0,Scheduled - Deadline Met,Yes,Yes,3600.195725440979,60.00326209068298,9,144.0,Gurobi Status: 9
F27,P27_26,5,1250000,1300000,872,1253521.0,1254393.0,4393.0,Scheduled - Deadline Met,Yes,Yes,3600.195725440979,60.00326209068298,9,144.0,Gurobi Status: 9
F27,P27_27,8,1300000,1350000,872,1311591.0,1312463.0,12463.0,Scheduled - Deadline Met,Yes,Yes,3600.195725440979,60.00326209068298,9,144.0,Gurobi Status: 9
F27,P27_28,5,1350000,1400000,872,1377777.0,1378649.0,28649.0,Scheduled - Deadline Met,Yes,Yes,3600.195725440979,60.00326209068298,9,144.0,Gurobi Status: 9
F27,P27_29,8,1400000,1450000,872,1425626.0,1426498.0,26498.0,Scheduled - Deadline Met,Yes,Yes,3600.195725440979,60.00326209068298,9,144.0,Gurobi Status: 9
F27,P27_30,5,1450000,1500000,872,1469010.0,1469882.0,19882.0,Scheduled - Deadline Met,Yes,Yes,3600.195725440979,60.00326209068298,9,144.0,Gurobi Status: 9
F27,P27_31,8,1500000,1550000,872,1504885.0,1505757.0,5757.0,Scheduled - Deadline Met,Yes,Yes,3600.195725440979,60.00326209068298,9,144.0,Gurobi Status: 9
F27,P27_32,5,1550000,1600000,872,1572549.0,1573421.0,23421.0,Scheduled - Deadline Met,Yes,Yes,3600.195725440979,60.00326209068298,9,144.0,Gurobi Status: 9
F27,P27_33,8,1600000,1650000,872,,,,Optional Packets- Not Scheduled,No,N/A,3600.195725440979,60.00326209068298,9,144.0,Gurobi Status: 9
F27,P27_34,5,1650000,1700000,872,1687545.0,1688417.0,38417.0,Scheduled - Deadline Met,Yes,Yes,3600.195725440979,60.00326209068298,9,144.0,Gurobi Status: 9
F27,P27_35,8,1700000,1750000,872,1700096.0,1700968.0,968.0,Scheduled - Deadline Met,Yes,Yes,3600.195725440979,60.00326209068298,9,144.0,Gurobi Status: 9
F27,P27_36,5,1750000,1800000,872,1781019.0,1781891.0,31891.0,Scheduled - Deadline Met,Yes,Yes,3600.195725440979,60.00326209068298,9,144.0,Gurobi Status: 9
F27,P27_37,8,1800000,1850000,872,1806839.0,1807711.0,7711.0,Scheduled - Deadline Met,Yes,Yes,3600.195725440979,60.00326209068298,9,144.0,Gurobi Status: 9
F27,P27_38,5,1850000,1900000,872,1867827.0,1868699.0,18699.0,Scheduled - Deadline Met,Yes,Yes,3600.195725440979,60.00326209068298,9,144.0,Gurobi Status: 9
F27,P27_39,8,1900000,1950000,872,1948336.0,1949208.0,49208.0,Scheduled - Deadline Met,Yes,Yes,3600.195725440979,60.00326209068298,9,144.0,Gurobi Status: 9
F27,P27_40,5,1950000,2000000,872,1966299.0,1967171.0,17171.0,Scheduled - Deadline Met,Yes,Yes,3600.195725440979,60.00326209068298,9,144.0,Gurobi Status: 9
F27,P27_41,8,2000000,2050000,872,,,,Optional Packets- Not Scheduled,No,N/A,3600.195725440979,60.00326209068298,9,144.0,Gurobi Status: 9
F27,P27_42,5,2050000,2100000,872,2096616.0,2097488.0,47488.0,Scheduled - Deadline Met,Yes,Yes,3600.195725440979,60.00326209068298,9,144.0,Gurobi Status: 9
F27,P27_43,8,2100000,2150000,872,2135402.0,2136274.0,36274.0,Scheduled - Deadline Met,Yes,Yes,3600.195725440979,60.00326209068298,9,144.0,Gurobi Status: 9
F27,P27_44,5,2150000,2200000,872,2198144.0,2199016.0,49016.0,Scheduled - Deadline Met,Yes,Yes,3600.195725440979,60.00326209068298,9,144.0,Gurobi Status: 9
F27,P27_45,8,2200000,2250000,872,,,,Optional Packets- Not Scheduled,No,N/A,3600.195725440979,60.00326209068298,9,144.0,Gurobi Status: 9
F27,P27_46,5,2250000,2300000,872,2290188.0,2291060.0,41060.0,Scheduled - Deadline Met,Yes,Yes,3600.195725440979,60.00326209068298,9,144.0,Gurobi Status: 9
F27,P27_47,8,2300000,2350000,872,2335791.0,2336663.0,36663.0,Scheduled - Deadline Met,Yes,Yes,3600.195725440979,60.00326209068298,9,144.0,Gurobi Status: 9
F27,P27_48,5,2350000,2400000,872,2350000.0,2350872.0,872.0,Scheduled - Deadline Met,Yes,Yes,3600.195725440979,60.00326209068298,9,144.0,Gurobi Status: 9
F28,P28_1,8,0,400000,600,,,,Optional Packets- Not Scheduled,No,N/A,3600.195725440979,60.00326209068298,9,144.0,Gurobi Status: 9
F28,P28_2,4,400000,800000,600,572138.0,572738.0,172738.0,Scheduled - Deadline Met,Yes,Yes,3600.195725440979,60.00326209068298,9,144.0,Gurobi Status: 9
F28,P28_3,8,800000,1200000,600,894323.0,894923.0,94923.0,Scheduled - Deadline Met,Yes,Yes,3600.195725440979,60.00326209068298,9,144.0,Gurobi Status: 9
F28,P28_4,4,1200000,1600000,600,1365488.0,1366088.0,166088.0,Scheduled - Deadline Met,Yes,Yes,3600.195725440979,60.00326209068298,9,144.0,Gurobi Status: 9
F28,P28_5,8,1600000,2000000,600,1696277.0,1696877.0,96877.0,Scheduled - Deadline Met,Yes,Yes,3600.195725440979,60.00326209068298,9,144.0,Gurobi Status: 9
F28,P28_6,4,2000000,2400000,600,2120710.0,2121310.0,121310.0,Scheduled - Deadline Met,Yes,Yes,3600.195725440979,60.00326209068298,9,144.0,Gurobi Status: 9
F29,P29_1,5,0,200000,2101,1954.0,4055.0,4055.0,Scheduled - Deadline Met,Yes,Yes,3600.195725440979,60.00326209068298,9,144.0,Gurobi Status: 9
F29,P29_2,8,200000,400000,2101,293803.0,295904.0,95904.0,Scheduled - Deadline Met,Yes,Yes,3600.195725440979,60.00326209068298,9,144.0,Gurobi Status: 9
F29,P29_3,5,400000,600000,2101,411920.0,414021.0,14021.0,Scheduled - Deadline Met,Yes,Yes,3600.195725440979,60.00326209068298,9,144.0,Gurobi Status: 9
F29,P29_4,8,600000,800000,2101,693498.0,695599.0,95599.0,Scheduled - Deadline Met,Yes,Yes,3600.195725440979,60.00326209068298,9,144.0,Gurobi Status: 9
F29,P29_5,5,800000,1000000,2101,801954.0,804055.0,4055.0,Scheduled - Deadline Met,Yes,Yes,3600.195725440979,60.00326209068298,9,144.0,Gurobi Status: 9
F29,P29_6,8,1000000,1200000,2101,1096768.0,1098869.0,98869.0,Scheduled - Deadline Met,Yes,Yes,3600.195725440979,60.00326209068298,9,144.0,Gurobi Status: 9
F29,P29_7,5,1200000,1400000,2101,1209354.0,1211455.0,11455.0,Scheduled - Deadline Met,Yes,Yes,3600.195725440979,60.00326209068298,9,144.0,Gurobi Status: 9
F29,P29_8,8,1400000,1600000,2101,1494814.0,1496915.0,96915.0,Scheduled - Deadline Met,Yes,Yes,3600.195725440979,60.00326209068298,9,144.0,Gurobi Status: 9
F29,P29_9,5,1600000,1800000,2101,1600000.0,1602101.0,2101.0,Scheduled - Deadline Met,Yes,Yes,3600.195725440979,60.00326209068298,9,144.0,Gurobi Status: 9
F29,P29_10,8,1800000,2000000,2101,1890016.0,1892117.0,92117.0,Scheduled - Deadline Met,Yes,Yes,3600.195725440979,60.00326209068298,9,144.0,Gurobi Status: 9
F29,P29_11,5,2000000,2200000,2101,2009558.0,2011659.0,11659.0,Scheduled - Deadline Met,Yes,Yes,3600.195725440979,60.00326209068298,9,144.0,Gurobi Status: 9
F29,P29_12,8,2200000,2400000,2101,2275638.0,2277739.0,77739.0,Scheduled - Deadline Met,Yes,Yes,3600.195725440979,60.00326209068298,9,144.0,Gurobi Status: 9
F3,P3_1,4,0,400000,600,174396.0,174996.0,174996.0,Scheduled - Deadline Met,Yes,Yes,3600.195725440979,60.00326209068298,9,144.0,Gurobi Status: 9
F3,P3_2,8,400000,800000,600,497390.0,497990.0,97990.0,Scheduled - Deadline Met,Yes,Yes,3600.195725440979,60.00326209068298,9,144.0,Gurobi Status: 9
F3,P3_3,4,800000,1200000,600,943308.0,943908.0,143908.0,Scheduled - Deadline Met,Yes,Yes,3600.195725440979,60.00326209068298,9,144.0,Gurobi Status: 9
F3,P3_4,4,1200000,1600000,600,1362540.0,1363140.0,163140.0,Scheduled - Deadline Met,Yes,Yes,3600.195725440979,60.00326209068298,9,144.0,Gurobi Status: 9
F3,P3_5,8,1600000,2000000,600,1694885.0,1695485.0,95485.0,Scheduled - Deadline Met,Yes,Yes,3600.195725440979,60.00326209068298,9,144.0,Gurobi Status: 9
F3,P3_6,4,2000000,2400000,600,2116576.0,2117176.0,117176.0,Scheduled - Deadline Met,Yes,Yes,3600.195725440979,60.00326209068298,9,144.0,Gurobi Status: 9
F30,P30_1,8,0,50000,696,,,,Optional Packets- Not Scheduled,No,N/A,3600.195725440979,60.00326209068298,9,144.0,Gurobi Status: 9
F30,P30_2,7,50000,100000,696,82989.0,83685.0,33685.0,Scheduled - Deadline Met,Yes,Yes,3600.195725440979,60.00326209068298,9,144.0,Gurobi Status: 9
F30,P30_3,8,100000,150000,696,122308.0,123004.0,23004.0,Scheduled - Deadline Met,Yes,Yes,3600.195725440979,60.00326209068298,9,144.0,Gurobi Status: 9
F30,P30_4,7,150000,200000,696,199208.0,199904.0,49904.0,Scheduled - Deadline Met,Yes,Yes,3600.195725440979,60.00326209068298,9,144.0,Gurobi Status: 9
F30,P30_5,8,200000,250000,696,246534.0,247230.0,47230.0,Scheduled - Deadline Met,Yes,Yes,3600.195725440979,60.00326209068298,9,144.0,Gurobi Status: 9
F30,P30_6,7,250000,300000,696,280715.0,281411.0,31411.0,Scheduled - Deadline Met,Yes,Yes,3600.195725440979,60.00326209068298,9,144.0,Gurobi Status: 9
F30,P30_7,8,300000,350000,696,325718.0,326414.0,26414.0,Scheduled - Deadline Met,Yes,Yes,3600.195725440979,60.00326209068298,9,144.0,Gurobi Status: 9
F30,P30_8,7,350000,400000,696,351989.0,352685.0,2685.0,Scheduled - Deadline Met,Yes,Yes,3600.195725440979,60.00326209068298,9,144.0,Gurobi Status: 9
F30,P30_9,8,400000,450000,696,,,,Optional Packets- Not Scheduled,No,N/A,3600.195725440979,60.00326209068298,9,144.0,Gurobi Status: 9
F30,P30_10,7,450000,500000,696,489759.0,490455.0,40455.0,Scheduled - Deadline Met,Yes,Yes,3600.195725440979,60.00326209068298,9,144.0,Gurobi Status: 9
F30,P30_11,8,500000,550000,696,,,,Optional Packets- Not Scheduled,No,N/A,3600.195725440979,60.00326209068298,9,144.0,Gurobi Status: 9
F30,P30_12,7,550000,600000,696,591630.0,592326.0,42326.0,Scheduled - Deadline Met,Yes,Yes,3600.195725440979,60.00326209068298,9,144.0,Gurobi Status: 9
F30,P30_13,8,600000,650000,696,616092.0,616788.0,16788.0,Scheduled - Deadline Met,Yes,Yes,3600.195725440979,60.00326209068298,9,144.0,Gurobi Status: 9
F30,P30_14,7,650000,700000,696,667243.0,667939.0,17939.0,Scheduled - Deadline Met,Yes,Yes,3600.195725440979,60.00326209068298,9,144.0,Gurobi Status: 9
F30,P30_15,8,700000,750000,696,724853.0,725549.0,25549.0,Scheduled - Deadline Met,Yes,Yes,3600.195725440979,60.00326209068298,9,144.0,Gurobi Status: 9
F30,P30_16,7,750000,800000,696,767058.0,767754.0,17754.0,Scheduled - Deadline Met,Yes,Yes,3600.195725440979,60.00326209068298,9,144.0,Gurobi Status: 9
F30,P30_17,8,800000,850000,696,,,,Optional Packets- Not Scheduled,No,N/A,3600.195725440979,60.00326209068298,9,144.0,Gurobi Status: 9
F30,P30_18,7,850000,900000,696,880421.0,881117.0,31117.0,Scheduled - Deadline Met,Yes,Yes,3600.195725440979,60.00326209068298,9,144.0,Gurobi Status: 9
F30,P30_19,8,900000,950000,696,,,,Optional Packets- Not Scheduled,No,N/A,3600.195725440979,60.00326209068298,9,144.0,Gurobi Status: 9
F30,P30_20,7,950000,1000000,696,981301.0,981997.0,31997.0,Scheduled - Deadline Met,Yes,Yes,3600.195725440979,60.00326209068298,9,144.0,Gurobi Status: 9
F30,P30_21,8,1000000,1050000,696,1026412.0,1027108.0,27108.0,Scheduled - Deadline Met,Yes,Yes,3600.195725440979,60.00326209068298,9,144.0,Gurobi Status: 9
F30,P30_22,7,1050000,1100000,696,1095976.0,1096672.0,46672.0,Scheduled - Deadline Met,Yes,Yes,3600.195725440979,60.00326209068298,9,144.0,Gurobi Status: 9
F30,P30_23,8,1100000,1150000,696,1105853.0,1106549.0,6549.0,Scheduled - Deadline Met,Yes,Yes,3600.195725440979,60.00326209068298,9,144.0,Gurobi Status: 9
F30,P30_24,7,1150000,1200000,696,1164240.0,1164936.0,14936.0,Scheduled - Deadline Met,Yes,Yes,3600.195725440979,60.00326209068298,9,144.0,Gurobi Status: 9
F30,P30_25,8,1200000,1250000,696,1223589.0,1224285.0,24285.0,Scheduled - Deadline Met,Yes,Yes,3600.195725440979,60.00326209068298,9,144.0,Gurobi Status: 9
F30,P30_26,7,1250000,1300000,696,1293072.0,1293768.0,43768.0,Scheduled - Deadline Met,Yes,Yes,3600.195725440979,60.00326209068298,9,144.0,Gurobi Status: 9
F30,P30_27,8,1300000,1350000,696,1312559.0,1313255.0,13255.0,Scheduled - Deadline Met,Yes,Yes,3600.195725440979,60.00326209068298,9,144.0,Gurobi Status: 9
F30,P30_28,7,1350000,1400000,696,1375031.0,1375727.0,25727.0,Scheduled - Deadline Met,Yes,Yes,3600.195725440979,60.00326209068298,9,144.0,Gurobi Status: 9
F30,P30_29,8,1400000,1450000,696,1426594.0,1427290.0,27290.0,Scheduled - Deadline Met,Yes,Yes,3600.195725440979,60.00326209068298,9,144.0,Gurobi Status: 9
F30,P30_30,7,1450000,1500000,696,1494022.0,1494718.0,44718.0,Scheduled - Deadline Met,Yes,Yes,3600.195725440979,60.00326209068298,9,144.0,Gurobi Status: 9
F30,P30_31,8,1500000,1550000,696,1505853.0,1506549.0,6549.0,Scheduled - Deadline Met,Yes,Yes,3600.195725440979,60.00326209068298,9,144.0,Gurobi Status: 9
F30,P30_32,7,1550000,1600000,696,1550000.0,1550696.0,696.0,Scheduled - Deadline Met,Yes,Yes,3600.195725440979,60.00326209068298,9,144.0,Gurobi Status: 9
F30,P30_33,8,1600000,1650000,696,,,,Optional Packets- Not Scheduled,No,N/A,3600.195725440979,60.00326209068298,9,144.0,Gurobi Status: 9
F30,P30_34,7,1650000,1700000,696,1689734.0,1690430.0,40430.0,Scheduled - Deadline Met,Yes,Yes,3600.195725440979,60.00326209068298,9,144.0,Gurobi Status: 9
F30,P30_35,8,1700000,1750000,696,,,,Optional Packets- Not Scheduled,No,N/A,3600.195725440979,60.00326209068298,9,144.0,Gurobi Status: 9
F30,P30_36,7,1750000,1800000,696,1783256.0,1783952.0,33952.0,Scheduled - Deadline Met,Yes,Yes,3600.195725440979,60.00326209068298,9,144.0,Gurobi Status: 9
F30,P30_37,8,1800000,1850000,696,1807807.0,1808503.0,8503.0,Scheduled - Deadline Met,Yes,Yes,3600.195725440979,60.00326209068298,9,144.0,Gurobi Status: 9
F30,P30_38,7,1850000,1900000,696,1880667.0,1881363.0,31363.0,Scheduled - Deadline Met,Yes,Yes,3600.195725440979,60.00326209068298,9,144.0,Gurobi Status: 9
F30,P30_39,8,1900000,1950000,696,1949304.0,1950000.0,50000.0,Scheduled - Deadline Met,Yes,Yes,3600.195725440979,60.00326209068298,9,144.0,Gurobi Status: 9
F30,P30_40,7,1950000,2000000,696,1969221.0,1969917.0,19917.0,Scheduled - Deadline Met,Yes,Yes,3600.195725440979,60.00326209068298,9,144.0,Gurobi Status: 9
F30,P30_41,8,2000000,2050000,696,,,,Optional Packets- Not Scheduled,No,N/A,3600.195725440979,60.00326209068298,9,144.0,Gurobi Status: 9
F30,P30_42,7,2050000,2100000,696,2098280.0,2098976.0,48976.0,Scheduled - Deadline Met,Yes,Yes,3600.195725440979,60.00326209068298,9,144.0,Gurobi Status: 9
F30,P30_43,8,2100000,2150000,696,2136370.0,2137066.0,37066.0,Scheduled - Deadline Met,Yes,Yes,3600.195725440979,60.00326209068298,9,144.0,Gurobi Status: 9
F30,P30_44,7,2150000,2200000,696,2199112.0,2199808.0,49808.0,Scheduled - Deadline Met,Yes,Yes,3600.195725440979,60.00326209068298,9,144.0,Gurobi Status: 9
F30,P30_45,8,2200000,2250000,696,,,,Optional Packets- Not Scheduled,No,N/A,3600.195725440979,60.00326209068298,9,144.0,Gurobi Status: 9
F30,P30_46,7,2250000,2300000,696,2260032.0,2260728.0,10728.0,Scheduled - Deadline Met,Yes,Yes,3600.195725440979,60.00326209068298,9,144.0,Gurobi Status: 9
F30,P30_47,8,2300000,2350000,696,2336759.0,2337455.0,37455.0,Scheduled - Deadline Met,Yes,Yes,3600.195725440979,60.00326209068298,9,144.0,Gurobi Status: 9
F30,P30_48,7,2350000,2400000,696,2350968.0,2351664.0,1664.0,Scheduled - Deadline Met,Yes,Yes,3600.195725440979,60.00326209068298,9,144.0,Gurobi Status: 9
F31,P31_1,8,0,400000,600,111885.0,112485.0,112485.0,Scheduled - Deadline Met,Yes,Yes,3600.195725440979,60.00326209068298,9,144.0,Gurobi Status: 9
F31,P31_2,6,400000,800000,600,572834.0,573434.0,173434.0,Scheduled - Deadline Met,Yes,Yes,3600.195725440979,60.00326209068298,9,144.0,Gurobi Status: 9
F31,P31_3,8,800000,1200000,600,895019.0,895619.0,95619.0,Scheduled - Deadline Met,Yes,Yes,3600.195725440979,60.00326209068298,9,144.0,Gurobi Status: 9
F31,P31_4,6,1200000,1600000,600,1364792.0,1365392.0,165392.0,Scheduled - Deadline Met,Yes,Yes,3600.195725440979,60.00326209068298,9,144.0,Gurobi Status: 9
F31,P31_5,8,1600000,2000000,600,1696973.0,1697573.0,97573.0,Scheduled - Deadline Met,Yes,Yes,3600.195725440979,60.00326209068298,9,144.0,Gurobi Status: 9
F31,P31_6,6,2000000,2400000,600,2193624.0,2194224.0,194224.0,Scheduled - Deadline Met,Yes,Yes,3600.195725440979,60.00326209068298,9,144.0,Gurobi Status: 9
F32,P32_1,8,0,400000,600,,,,Optional Packets- Not Scheduled,No,N/A,3600.195725440979,60.00326209068298,9,144.0,Gurobi Status: 9
F32,P32_2,3,400000,800000,600,563582.0,564182.0,164182.0,Scheduled - Deadline Met,Yes,Yes,3600.195725440979,60.00326209068298,9,144.0,Gurobi Status: 9
F32,P32_3,8,800000,1200000,600,895715.0,896315.0,96315.0,Scheduled - Deadline Met,Yes,Yes,3600.195725440979,60.00326209068298,9,144.0,Gurobi Status: 9
F32,P32_4,3,1200000,1600000,600,1360905.0,1361505.0,161505.0,Scheduled - Deadline Met,Yes,Yes,3600.195725440979,60.00326209068298,9,144.0,Gurobi Status: 9
F32,P32_5,8,1600000,2000000,600,1697669.0,1698269.0,98269.0,Scheduled - Deadline Met,Yes,Yes,3600.195725440979,60.00326209068298,9,144.0,Gurobi Status: 9
F32,P32_6,3,2000000,2400000,600,2121406.0,2122006.0,122006.0,Scheduled - Deadline Met,Yes,Yes,3600.195725440979,60.00326209068298,9,144.0,Gurobi Status: 9
F33,P33_1,8,0,50000,4789,,,,Optional Packets- Not Scheduled,No,N/A,3600.195725440979,60.00326209068298,9,144.0,Gurobi Status: 9
F33,P33_2,1,50000,100000,4789,75182.0,79971.0,29971.0,Scheduled - Deadline Met,Yes,Yes,3600.195725440979,60.00326209068298,9,144.0,Gurobi Status: 9
F33,P33_3,8,100000,150000,4789,114501.0,119290.0,19290.0,Scheduled - Deadline Met,Yes,Yes,3600.195725440979,60.00326209068298,9,144.0,Gurobi Status: 9
F33,P33_4,1,150000,200000,4789,189448.0,194237.0,44237.0,Scheduled - Deadline Met,Yes,Yes,3600.195725440979,60.00326209068298,9,144.0,Gurobi Status: 9
F33,P33_5,8,200000,250000,4789,240681.0,245470.0,45470.0,Scheduled - Deadline Met,Yes,Yes,3600.195725440979,60.00326209068298,9,144.0,Gurobi Status: 9
F33,P33_6,1,250000,300000,4789,281507.0,286296.0,36296.0,Scheduled - Deadline Met,Yes,Yes,3600.195725440979,60.00326209068298,9,144.0,Gurobi Status: 9
F33,P33_7,8,300000,350000,4789,319865.0,324654.0,24654.0,Scheduled - Deadline Met,Yes,Yes,3600.195725440979,60.00326209068298,9,144.0,Gurobi Status: 9
F33,P33_8,1,350000,400000,4789,354305.0,359094.0,9094.0,Scheduled - Deadline Met,Yes,Yes,3600.195725440979,60.00326209068298,9,144.0,Gurobi Status: 9
F33,P33_9,8,400000,450000,4789,,,,Optional Packets- Not Scheduled,No,N/A,3600.195725440979,60.00326209068298,9,144.0,Gurobi Status: 9
F33,P33_10,1,450000,500000,4789,490551.0,495340.0,45340.0,Scheduled - Deadline Met,Yes,Yes,3600.195725440979,60.00326209068298,9,144.0,Gurobi Status: 9
F33,P33_11,8,500000,550000,4789,,,,Optional Packets- Not Scheduled,No,N/A,3600.195725440979,60.00326209068298,9,144.0,Gurobi Status: 9
F33,P33_12,1,550000,600000,4789,592422.0,597211.0,47211.0,Scheduled - Deadline Met,Yes,Yes,3600.195725440979,60.00326209068298,9,144.0,Gurobi Status: 9
F33,P33_13,8,600000,650000,4789,,,,Optional Packets- Not Scheduled,No,N/A,3600.195725440979,60.00326209068298,9,144.0,Gurobi Status: 9
F33,P33_14,1,650000,700000,4789,650000.0,654789.0,4789.0,Scheduled - Deadline Met,Yes,Yes,3600.195725440979,60.00326209068298,9,144.0,Gurobi Status: 9
F33,P33_15,8,700000,750000,4789,717046.0,721835.0,21835.0,Scheduled - Deadline Met,Yes,Yes,3600.195725440979,60.00326209068298,9,144.0,Gurobi Status: 9
F33,P33_16,1,750000,800000,4789,760219.0,765008.0,15008.0,Scheduled - Deadline Met,Yes,Yes,3600.195725440979,60.00326209068298,9,144.0,Gurobi Status: 9
F33,P33_17,8,800000,850000,4789,,,,Optional Packets- Not Scheduled,No,N/A,3600.195725440979,60.00326209068298,9,144.0,Gurobi Status: 9
F33,P33_18,1,850000,900000,4789,881213.0,886002.0,36002.0,Scheduled - Deadline Met,Yes,Yes,3600.195725440979,60.00326209068298,9,144.0,Gurobi Status: 9
F33,P33_19,8,900000,950000,4789,900096.0,904885.0,4885.0,Scheduled - Deadline Met,Yes,Yes,3600.195725440979,60.00326209068298,9,144.0,Gurobi Status: 9
F33,P33_20,1,950000,1000000,4789,970549.0,975338.0,25338.0,Scheduled - Deadline Met,Yes,Yes,3600.195725440979,60.00326209068298,9,144.0,Gurobi Status: 9
F33,P33_21,8,1000000,1050000,4789,1018605.0,1023394.0,23394.0,Scheduled - Deadline Met,Yes,Yes,3600.195725440979,60.00326209068298,9,144.0,Gurobi Status: 9
F33,P33_22,1,1050000,1100000,4789,1060500.0,1065289.0,15289.0,Scheduled - Deadline Met,Yes,Yes,3600.195725440979,60.00326209068298,9,144.0,Gurobi Status: 9
F33,P33_23,8,1100000,1150000,4789,1100000.0,1104789.0,4789.0,Scheduled - Deadline Met,Yes,Yes,3600.195725440979,60.00326209068298,9,144.0,Gurobi Status: 9
F33,P33_24,1,1150000,1200000,4789,1177385.0,1182174.0,32174.0,Scheduled - Deadline Met,Yes,Yes,3600.195725440979,60.00326209068298,9,144.0,Gurobi Status: 9
F33,P33_25,8,1200000,1250000,4789,,,,Optional Packets- Not Scheduled,No,N/A,3600.195725440979,60.00326209068298,9,144.0,Gurobi Status: 9
F33,P33_26,1,1250000,1300000,4789,1276460.0,1281249.0,31249.0,Scheduled - Deadline Met,Yes,Yes,3600.195725440979,60.00326209068298,9,144.0,Gurobi Status: 9
F33,P33_27,8,1300000,1350000,4789,,,,Optional Packets- Not Scheduled,No,N/A,3600.195725440979,60.00326209068298,9,144.0,Gurobi Status: 9
F33,P33_28,1,1350000,1400000,4789,1366088.0,1370877.0,20877.0,Scheduled - Deadline Met,Yes,Yes,3600.195725440979,60.00326209068298,9,144.0,Gurobi Status: 9
F33,P33_29,8,1400000,1450000,4789,,,,Optional Packets- Not Scheduled,No,N/A,3600.195725440979,60.00326209068298,9,144.0,Gurobi Status: 9
F33,P33_30,1,1450000,1500000,4789,1482964.0,1487753.0,37753.0,Scheduled - Deadline Met,Yes,Yes,3600.195725440979,60.00326209068298,9,144.0,Gurobi Status: 9
F33,P33_31,8,1500000,1550000,4789,1500000.0,1504789.0,4789.0,Scheduled - Deadline Met,Yes,Yes,3600.195725440979,60.00326209068298,9,144.0,Gurobi Status: 9
F33,P33_32,1,1550000,1600000,4789,1567664.0,1572453.0,22453.0,Scheduled - Deadline Met,Yes,Yes,3600.195725440979,60.00326209068298,9,144.0,Gurobi Status: 9
F33,P33_33,8,1600000,1650000,4789,,,,Optional Packets- Not Scheduled,No,N/A,3600.195725440979,60.00326209068298,9,144.0,Gurobi Status: 9
F33,P33_34,1,1650000,1700000,4789,1663589.0,1668378.0,18378.0,Scheduled - Deadline Met,Yes,Yes,3600.195725440979,60.00326209068298,9,144.0,Gurobi Status: 9
F33,P33_35,8,1700000,1750000,4789,,,,Optional Packets- Not Scheduled,No,N/A,3600.195725440979,60.00326209068298,9,144.0,Gurobi Status: 9
F33,P33_36,1,1750000,1800000,4789,1784048.0,1788837.0,38837.0,Scheduled - Deadline Met,Yes,Yes,3600.195725440979,60.00326209068298,9,144.0,Gurobi Status: 9
F33,P33_37,8,1800000,1850000,4789,1801954.0,1806743.0,6743.0,Scheduled - Deadline Met,Yes,Yes,3600.195725440979,60.00326209068298,9,144.0,Gurobi Status: 9
F33,P33_38,1,1850000,1900000,4789,1850000.0,1854789.0,4789.0,Scheduled - Deadline Met,Yes,Yes,3600.195725440979,60.00326209068298,9,144.0,Gurobi Status: 9
F33,P33_39,8,1900000,1950000,4789,1918757.0,1923546.0,23546.0,Scheduled - Deadline Met,Yes,Yes,3600.195725440979,60.00326209068298,9,144.0,Gurobi Status: 9
F33,P33_40,1,1950000,2000000,4789,1961414.0,1966203.0,16203.0,Scheduled - Deadline Met,Yes,Yes,3600.195725440979,60.00326209068298,9,144.0,Gurobi Status: 9
F33,P33_41,8,2000000,2050000,4789,,,,Optional Packets- Not Scheduled,No,N/A,3600.195725440979,60.00326209068298,9,144.0,Gurobi Status: 9
F33,P33_42,1,2050000,2100000,4789,2090399.0,2095188.0,45188.0,Scheduled - Deadline Met,Yes,Yes,3600.195725440979,60.00326209068298,9,144.0,Gurobi Status: 9
F33,P33_43,8,2100000,2150000,4789,,,,Optional Packets- Not Scheduled,No,N/A,3600.195725440979,60.00326209068298,9,144.0,Gurobi Status: 9
F33,P33_44,1,2150000,2200000,4789,2172876.0,2177665.0,27665.0,Scheduled - Deadline Met,Yes,Yes,3600.195725440979,60.00326209068298,9,144.0,Gurobi Status: 9
F33,P33_45,8,2200000,2250000,4789,,,,Optional Packets- Not Scheduled,No,N/A,3600.195725440979,60.00326209068298,9,144.0,Gurobi Status: 9
F33,P33_46,1,2250000,2300000,4789,2293257.0,2298046.0,48046.0,Scheduled - Deadline Met,Yes,Yes,3600.195725440979,60.00326209068298,9,144.0,Gurobi Status: 9
F33,P33_47,8,2300000,2350000,4789,2330906.0,2335695.0,35695.0,Scheduled - Deadline Met,Yes,Yes,3600.195725440979,60.00326209068298,9,144.0,Gurobi Status: 9
F33,P33_48,1,2350000,2400000,4789,2351760.0,2356549.0,6549.0,Scheduled - Deadline Met,Yes,Yes,3600.195725440979,60.00326209068298,9,144.0,Gurobi Status: 9
F34,P34_1,8,0,100000,2693,22071.0,24764.0,24764.0,Scheduled - Deadline Met,Yes,Yes,3600.195725440979,60.00326209068298,9,144.0,Gurobi Status: 9
F34,P34_2,6,100000,200000,2693,157828.0,160521.0,60521.0,Scheduled - Deadline Met,Yes,Yes,3600.195725440979,60.00326209068298,9,144.0,Gurobi Status: 9
F34,P34_3,8,200000,300000,2693,254828.0,257521.0,57521.0,Scheduled - Deadline Met,Yes,Yes,3600.195725440979,60.00326209068298,9,144.0,Gurobi Status: 9
F34,P34_4,6,300000,400000,2693,341698.0,344391.0,44391.0,Scheduled - Deadline Met,Yes,Yes,3600.195725440979,60.00326209068298,9,144.0,Gurobi Status: 9
F34,P34_5,8,400000,500000,2693,,,,Optional Packets- Not Scheduled,No,N/A,3600.195725440979,60.00326209068298,9,144.0,Gurobi Status: 9
F34,P34_6,6,500000,600000,2693,597307.0,600000.0,100000.0,Scheduled - Deadline Met,Yes,Yes,3600.195725440979,60.00326209068298,9,144.0,Gurobi Status: 9
F34,P34_7,8,600000,700000,2693,629940.0,632633.0,32633.0,Scheduled - Deadline Met,Yes,Yes,3600.195725440979,60.00326209068298,9,144.0,Gurobi Status: 9
F34,P34_8,6,700000,800000,2693,755778.0,758471.0,58471.0,Scheduled - Deadline Met,Yes,Yes,3600.195725440979,60.00326209068298,9,144.0,Gurobi Status: 9
F34,P34_9,8,800000,900000,2693,,,,Optional Packets- Not Scheduled,No,N/A,3600.195725440979,60.00326209068298,9,144.0,Gurobi Status: 9
F34,P34_10,6,900000,1000000,2693,955796.0,958489.0,58489.0,Scheduled - Deadline Met,Yes,Yes,3600.195725440979,60.00326209068298,9,144.0,Gurobi Status: 9
F34,P34_11,8,1000000,1100000,2693,1034706.0,1037399.0,37399.0,Scheduled - Deadline Met,Yes,Yes,3600.195725440979,60.00326209068298,9,144.0,Gurobi Status: 9
F34,P34_12,6,1100000,1200000,2693,1134985.0,1137678.0,37678.0,Scheduled - Deadline Met,Yes,Yes,3600.195725440979,60.00326209068298,9,144.0,Gurobi Status: 9
F34,P34_13,8,1200000,1300000,2693,1224381.0,1227074.0,27074.0,Scheduled - Deadline Met,Yes,Yes,3600.195725440979,60.00326209068298,9,144.0,Gurobi Status: 9
F34,P34_14,6,1300000,1400000,2693,1372242.0,1374935.0,74935.0,Scheduled - Deadline Met,Yes,Yes,3600.195725440979,60.00326209068298,9,144.0,Gurobi Status: 9
F34,P34_15,8,1400000,1500000,2693,1434888.0,1437581.0,37581.0,Scheduled - Deadline Met,Yes,Yes,3600.195725440979,60.00326209068298,9,144.0,Gurobi Status: 9
F34,P34_16,6,1500000,1600000,2693,1537665.0,1540358.0,40358.0,Scheduled - Deadline Met,Yes,Yes,3600.195725440979,60.00326209068298,9,144.0,Gurobi Status: 9
F34,P34_17,8,1600000,1700000,2693,,,,Optional Packets- Not Scheduled,No,N/A,3600.195725440979,60.00326209068298,9,144.0,Gurobi Status: 9
F34,P34_18,6,1700000,1800000,2693,1796806.0,1799499.0,99499.0,Scheduled - Deadline Met,Yes,Yes,3600.195725440979,60.00326209068298,9,144.0,Gurobi Status: 9
F34,P34_19,8,1800000,1900000,2693,1821655.0,1824348.0,24348.0,Scheduled - Deadline Met,Yes,Yes,3600.195725440979,60.00326209068298,9,144.0,Gurobi Status: 9
F34,P34_20,6,1900000,2000000,2693,1936091.0,1938784.0,38784.0,Scheduled - Deadline Met,Yes,Yes,3600.195725440979,60.00326209068298,9,144.0,Gurobi Status: 9
F34,P34_21,8,2000000,2100000,2693,,,,Optional Packets- Not Scheduled,No,N/A,3600.195725440979,60.00326209068298,9,144.0,Gurobi Status: 9
F34,P34_22,6,2100000,2200000,2693,2195355.0,2198048.0,98048.0,Scheduled - Deadline Met,Yes,Yes,3600.195725440979,60.00326209068298,9,144.0,Gurobi Status: 9
F34,P34_23,8,2200000,2300000,2693,2263659.0,2266352.0,66352.0,Scheduled - Deadline Met,Yes,Yes,3600.195725440979,60.00326209068298,9,144.0,Gurobi Status: 9
F34,P34_24,6,2300000,2400000,2693,2311464.0,2314157.0,14157.0,Scheduled - Deadline Met,Yes,Yes,3600.195725440979,60.00326209068298,9,144.0,Gurobi Status: 9
F35,P35_1,8,0,400000,9077,,,,Optional Packets- Not Scheduled,No,N/A,3600.195725440979,60.00326209068298,9,144.0,Gurobi Status: 9
F35,P35_2,7,400000,800000,9077,452356.0,461433.0,61433.0,Scheduled - Deadline Met,Yes,Yes,3600.195725440979,60.00326209068298,9,144.0,Gurobi Status: 9
F35,P35_3,8,800000,1200000,9077,,,,Optional Packets- Not Scheduled,No,N/A,3600.195725440979,60.00326209068298,9,144.0,Gurobi Status: 9
F35,P35_4,7,1200000,1600000,9077,1283203.0,1292280.0,92280.0,Scheduled - Deadline Met,Yes,Yes,3600.195725440979,60.00326209068298,9,144.0,Gurobi Status: 9
F35,P35_5,8,1600000,2000000,9077,,,,Optional Packets- Not Scheduled,No,N/A,3600.195725440979,60.00326209068298,9,144.0,Gurobi Status: 9
F35,P35_6,7,2000000,2400000,9077,2079971.0,2089048.0,89048.0,Scheduled - Deadline Met,Yes,Yes,3600.195725440979,60.00326209068298,9,144.0,Gurobi Status: 9
F36,P36_1,8,0,400000,9649,,,,Optional Packets- Not Scheduled,No,N/A,3600.195725440979,60.00326209068298,9,144.0,Gurobi Status: 9
F36,P36_2,1,400000,800000,9649,461529.0,471178.0,71178.0,Scheduled - Deadline Met,Yes,Yes,3600.195725440979,60.00326209068298,9,144.0,Gurobi Status: 9
F36,P36_3,8,800000,1200000,9649,,,,Optional Packets- Not Scheduled,No,N/A,3600.195725440979,60.00326209068298,9,144.0,Gurobi Status: 9
F36,P36_4,1,1200000,1600000,9649,1243872.0,1253521.0,53521.0,Scheduled - Deadline Met,Yes,Yes,3600.195725440979,60.00326209068298,9,144.0,Gurobi Status: 9
F36,P36_5,8,1600000,2000000,9649,,,,Optional Packets- Not Scheduled,No,N/A,3600.195725440979,60.00326209068298,9,144.0,Gurobi Status: 9
F36,P36_6,1,2000000,2400000,9649,2070226.0,2079875.0,79875.0,Scheduled - Deadline Met,Yes,Yes,3600.195725440979,60.00326209068298,9,144.0,Gurobi Status: 9
F37,P37_1,8,0,400000,7780,,,,Optional Packets- Not Scheduled,No,N/A,3600.195725440979,60.00326209068298,9,144.0,Gurobi Status: 9
F37,P37_2,4,400000,800000,7780,548300.0,556080.0,156080.0,Scheduled - Deadline Met,Yes,Yes,3600.195725440979,60.00326209068298,9,144.0,Gurobi Status: 9
F37,P37_3,8,800000,1200000,7780,,,,Optional Packets- Not Scheduled,No,N/A,3600.195725440979,60.00326209068298,9,144.0,Gurobi Status: 9
F37,P37_4,4,1200000,1600000,7780,1293768.0,1301548.0,101548.0,Scheduled - Deadline Met,Yes,Yes,3600.195725440979,60.00326209068298,9,144.0,Gurobi Status: 9
F37,P37_5,8,1600000,2000000,7780,,,,Optional Packets- Not Scheduled,No,N/A,3600.195725440979,60.00326209068298,9,144.0,Gurobi Status: 9
F37,P37_6,4,2000000,2400000,7780,2101631.0,2109411.0,109411.0,Scheduled - Deadline Met,Yes,Yes,3600.195725440979,60.00326209068298,9,144.0,Gurobi Status: 9
F38,P38_1,8,0,400000,600,112581.0,113181.0,113181.0,Scheduled - Deadline Met,Yes,Yes,3600.195725440979,60.00326209068298,9,144.0,Gurobi Status: 9
F38,P38_2,7,400000,800000,600,489063.0,489663.0,89663.0,Scheduled - Deadline Met,Yes,Yes,3600.195725440979,60.00326209068298,9,144.0,Gurobi Status: 9
F38,P38_3,8,800000,1200000,600,896411.0,897011.0,97011.0,Scheduled - Deadline Met,Yes,Yes,3600.195725440979,60.00326209068298,9,144.0,Gurobi Status: 9
F38,P38_4,7,1200000,1600000,600,1292376.0,1292976.0,92976.0,Scheduled - Deadline Met,Yes,Yes,3600.195725440979,60.00326209068298,9,144.0,Gurobi Status: 9
F38,P38_5,8,1600000,2000000,600,1698365.0,1698965.0,98965.0,Scheduled - Deadline Met,Yes,Yes,3600.195725440979,60.00326209068298,9,144.0,Gurobi Status: 9
F38,P38_6,7,2000000,2400000,600,2097584.0,2098184.0,98184.0,Scheduled - Deadline Met,Yes,Yes,3600.195725440979,60.00326209068298,9,144.0,Gurobi Status: 9
F39,P39_1,8,0,200000,2228,,,,Optional Packets- Not Scheduled,No,N/A,3600.195725440979,60.00326209068298,9,144.0,Gurobi Status: 9
F39,P39_2,2,200000,400000,2228,382975.0,385203.0,185203.0,Scheduled - Deadline Met,Yes,Yes,3600.195725440979,60.00326209068298,9,144.0,Gurobi Status: 9
F39,P39_3,8,400000,600000,2228,,,,Optional Packets- Not Scheduled,No,N/A,3600.195725440979,60.00326209068298,9,144.0,Gurobi Status: 9
F39,P39_4,2,600000,800000,2228,736963.0,739191.0,139191.0,Scheduled - Deadline Met,Yes,Yes,3600.195725440979,60.00326209068298,9,144.0,Gurobi Status: 9
F39,P39_5,8,800000,1000000,2228,,,,Optional Packets- Not Scheduled,No,N/A,3600.195725440979,60.00326209068298,9,144.0,Gurobi Status: 9
F39,P39_6,2,1000000,1200000,2228,1132661.0,1134889.0,134889.0,Scheduled - Deadline Met,Yes,Yes,3600.195725440979,60.00326209068298,9,144.0,Gurobi Status: 9
F39,P39_7,8,1200000,1400000,2228,,,,Optional Packets- Not Scheduled,No,N/A,3600.195725440979,60.00326209068298,9,144.0,Gurobi Status: 9
F39,P39_8,2,1400000,1600000,2228,1534072.0,1536300.0,136300.0,Scheduled - Deadline Met,Yes,Yes,3600.195725440979,60.00326209068298,9,144.0,Gurobi Status: 9
F39,P39_9,8,1600000,1800000,2228,,,,Optional Packets- Not Scheduled,No,N/A,3600.195725440979,60.00326209068298,9,144.0,Gurobi Status: 9
F39,P39_10,2,1800000,2000000,2228,1872009.0,1874237.0,74237.0,Scheduled - Deadline Met,Yes,Yes,3600.195725440979,60.00326209068298,9,144.0,Gurobi Status: 9
F39,P39_11,8,2000000,2200000,2228,,,,Optional Packets- Not Scheduled,No,N/A,3600.195725440979,60.00326209068298,9,144.0,Gurobi Status: 9
F39,P39_12,2,2200000,2400000,2228,2228088.0,2230316.0,30316.0,Scheduled - Deadline Met,Yes,Yes,3600.195725440979,60.00326209068298,9,144.0,Gurobi Status: 9
F4,P4_1,8,0,200000,2559,,,,Optional Packets- Not Scheduled,No,N/A,3600.195725440979,60.00326209068298,9,144.0,Gurobi Status: 9
F4,P4_2,3,200000,400000,2559,379051.0,381610.0,181610.0,Scheduled - Deadline Met,Yes,Yes,3600.195725440979,60.00326209068298,9,144.0,Gurobi Status: 9
F4,P4_3,3,400000,600000,2559,511414.0,513973.0,113973.0,Scheduled - Deadline Met,Yes,Yes,3600.195725440979,60.00326209068298,9,144.0,Gurobi Status: 9
F4,P4_4,8,600000,800000,2559,690843.0,693402.0,93402.0,Scheduled - Deadline Met,Yes,Yes,3600.195725440979,60.00326209068298,9,144.0,Gurobi Status: 9
F4,P4_5,3,800000,1000000,2559,916299.0,918858.0,118858.0,Scheduled - Deadline Met,Yes,Yes,3600.195725440979,60.00326209068298,9,144.0,Gurobi Status: 9
F4,P4_6,3,1000000,1200000,2559,1087936.0,1090495.0,90495.0,Scheduled - Deadline Met,Yes,Yes,3600.195725440979,60.00326209068298,9,144.0,Gurobi Status: 9
F4,P4_7,8,1200000,1400000,2559,,,,Optional Packets- Not Scheduled,No,N/A,3600.195725440979,60.00326209068298,9,144.0,Gurobi Status: 9
F4,P4_8,3,1400000,1600000,2559,1453047.0,1455606.0,55606.0,Scheduled - Deadline Met,Yes,Yes,3600.195725440979,60.00326209068298,9,144.0,Gurobi Status: 9
F4,P4_9,3,1600000,1800000,2559,1751247.0,1753806.0,153806.0,Scheduled - Deadline Met,Yes,Yes,3600.195725440979,60.00326209068298,9,144.0,Gurobi Status: 9
F4,P4_10,8,1800000,2000000,2559,1887361.0,1889920.0,89920.0,Scheduled - Deadline Met,Yes,Yes,3600.195725440979,60.00326209068298,9,144.0,Gurobi Status: 9
F4,P4_11,3,2000000,2200000,2559,2098976.0,2101535.0,101535.0,Scheduled - Deadline Met,Yes,Yes,3600.195725440979,60.00326209068298,9,144.0,Gurobi Status: 9
F4,P4_12,3,2200000,2400000,2559,2225433.0,2227992.0,27992.0,Scheduled - Deadline Met,Yes,Yes,3600.195725440979,60.00326209068298,9,144.0,Gurobi Status: 9
F40,P40_1,4,0,400000,10125,134418.0,144543.0,144543.0,Scheduled - Deadline Met,Yes,Yes,3600.195725440979,60.00326209068298,9,144.0,Gurobi Status: 9
F40,P40_2,8,400000,800000,10125,,,,Optional Packets- Not Scheduled,No,N/A,3600.195725440979,60.00326209068298,9,144.0,Gurobi Status: 9
F40,P40_3,4,800000,1200000,10125,921789.0,931914.0,131914.0,Scheduled - Deadline Met,Yes,Yes,3600.195725440979,60.00326209068298,9,144.0,Gurobi Status: 9
F40,P40_4,8,1200000,1600000,10125,,,,Optional Packets- Not Scheduled,No,N/A,3600.195725440979,60.00326209068298,9,144.0,Gurobi Status: 9
F40,P40_5,4,1600000,2000000,10125,1761896.0,1772021.0,172021.0,Scheduled - Deadline Met,Yes,Yes,3600.195725440979,60.00326209068298,9,144.0,Gurobi Status: 9
F40,P40_6,8,2000000,2400000,10125,,,,Optional Packets- Not Scheduled,No,N/A,3600.195725440979,60.00326209068298,9,144.0,Gurobi Status: 9
F41,P41_1,1,0,50000,939,21036.0,21975.0,21975.0,Scheduled - Deadline Met,Yes,Yes,3600.195725440979,60.00326209068298,9,144.0,Gurobi Status: 9
F41,P41_2,8,50000,100000,939,,,,Optional Packets- Not Scheduled,No,N/A,3600.195725440979,60.00326209068298,9,144.0,Gurobi Status: 9
F41,P41_3,1,100000,150000,939,144543.0,145482.0,45482.0,Scheduled - Deadline Met,Yes,Yes,3600.195725440979,60.00326209068298,9,144.0,Gurobi Status: 9
F41,P41_4,8,150000,200000,939,177095.0,178034.0,28034.0,Scheduled - Deadline Met,Yes,Yes,3600.195725440979,60.00326209068298,9,144.0,Gurobi Status: 9
F41,P41_5,1,200000,250000,939,212155.0,213094.0,13094.0,Scheduled - Deadline Met,Yes,Yes,3600.195725440979,60.00326209068298,9,144.0,Gurobi Status: 9
F41,P41_6,8,250000,300000,939,297954.0,298893.0,48893.0,Scheduled - Deadline Met,Yes,Yes,3600.195725440979,60.00326209068298,9,144.0,Gurobi Status: 9
F41,P41_7,1,300000,350000,939,337828.0,338767.0,38767.0,Scheduled - Deadline Met,Yes,Yes,3600.195725440979,60.00326209068298,9,144.0,Gurobi Status: 9
F41,P41_8,8,350000,400000,939,366698.0,367637.0,17637.0,Scheduled - Deadline Met,Yes,Yes,3600.195725440979,60.00326209068298,9,144.0,Gurobi Status: 9
F41,P41_9,1,400000,450000,939,400000.0,400939.0,939.0,Scheduled - Deadline Met,Yes,Yes,3600.195725440979,60.00326209068298,9,144.0,Gurobi Status: 9
F41,P41_10,8,450000,500000,939,499061.0,500000.0,50000.0,Scheduled - Deadline Met,Yes,Yes,3600.195725440979,60.00326209068298,9,144.0,Gurobi Status: 9
F41,P41_11,1,500000,550000,939,530080.0,531019.0,31019.0,Scheduled - Deadline Met,Yes,Yes,3600.195725440979,60.00326209068298,9,144.0,Gurobi Status: 9
F41,P41_12,8,550000,600000,939,578309.0,579248.0,29248.0,Scheduled - Deadline Met,Yes,Yes,3600.195725440979,60.00326209068298,9,144.0,Gurobi Status: 9
F41,P41_13,1,600000,650000,939,611892.0,612831.0,12831.0,Scheduled - Deadline Met,Yes,Yes,3600.195725440979,60.00326209068298,9,144.0,Gurobi Status: 9
F41,P41_14,8,650000,700000,939,695695.0,696634.0,46634.0,Scheduled - Deadline Met,Yes,Yes,3600.195725440979,60.00326209068298,9,144.0,Gurobi Status: 9
F41,P41_15,1,700000,750000,939,746110.0,747049.0,47049.0,Scheduled - Deadline Met,Yes,Yes,3600.195725440979,60.00326209068298,9,144.0,Gurobi Status: 9
F41,P41_16,8,750000,800000,939,782991.0,783930.0,33930.0,Scheduled - Deadline Met,Yes,Yes,3600.195725440979,60.00326209068298,9,144.0,Gurobi Status: 9
F41,P41_17,1,800000,850000,939,809705.0,810644.0,10644.0,Scheduled - Deadline Met,Yes,Yes,3600.195725440979,60.00326209068298,9,144.0,Gurobi Status: 9
F41,P41_18,8,850000,900000,939,899061.0,900000.0,50000.0,Scheduled - Deadline Met,Yes,Yes,3600.195725440979,60.00326209068298,9,144.0,Gurobi Status: 9
F41,P41_19,1,900000,950000,939,944604.0,945543.0,45543.0,Scheduled - Deadline Met,Yes,Yes,3600.195725440979,60.00326209068298,9,144.0,Gurobi Status: 9
F41,P41_20,8,950000,1000000,939,987647.0,988586.0,38586.0,Scheduled - Deadline Met,Yes,Yes,3600.195725440979,60.00326209068298,9,144.0,Gurobi Status: 9
F41,P41_21,1,1000000,1050000,939,1000000.0,1000939.0,939.0,Scheduled - Deadline Met,Yes,Yes,3600.195725440979,60.00326209068298,9,144.0,Gurobi Status: 9
F41,P41_22,8,1050000,1100000,939,1098965.0,1099904.0,49904.0,Scheduled - Deadline Met,Yes,Yes,3600.195725440979,60.00326209068298,9,144.0,Gurobi Status: 9
F41,P41_23,1,1100000,1150000,939,1125471.0,1126410.0,26410.0,Scheduled - Deadline Met,Yes,Yes,3600.195725440979,60.00326209068298,9,144.0,Gurobi Status: 9
F41,P41_24,8,1150000,1200000,939,1165032.0,1165971.0,15971.0,Scheduled - Deadline Met,Yes,Yes,3600.195725440979,60.00326209068298,9,144.0,Gurobi Status: 9
F41,P41_25,1,1200000,1250000,939,1241409.0,1242348.0,42348.0,Scheduled - Deadline Met,Yes,Yes,3600.195725440979,60.00326209068298,9,144.0,Gurobi Status: 9
F41,P41_26,8,1250000,1300000,939,,,,Optional Packets- Not Scheduled,No,N/A,3600.195725440979,60.00326209068298,9,144.0,Gurobi Status: 9
F41,P41_27,1,1300000,1350000,939,1325269.0,1326208.0,26208.0,Scheduled - Deadline Met,Yes,Yes,3600.195725440979,60.00326209068298,9,144.0,Gurobi Status: 9
F41,P41_28,8,1350000,1400000,939,1387647.0,1388586.0,38586.0,Scheduled - Deadline Met,Yes,Yes,3600.195725440979,60.00326209068298,9,144.0,Gurobi Status: 9
F41,P41_29,1,1400000,1450000,939,1401954.0,1402893.0,2893.0,Scheduled - Deadline Met,Yes,Yes,3600.195725440979,60.00326209068298,9,144.0,Gurobi Status: 9
F41,P41_30,8,1450000,1500000,939,1498965.0,1499904.0,49904.0,Scheduled - Deadline Met,Yes,Yes,3600.195725440979,60.00326209068298,9,144.0,Gurobi Status: 9
F41,P41_31,1,1500000,1550000,939,1521048.0,1521987.0,21987.0,Scheduled - Deadline Met,Yes,Yes,3600.195725440979,60.00326209068298,9,144.0,Gurobi Status: 9
F41,P41_32,8,1550000,1600000,939,1577292.0,1578231.0,28231.0,Scheduled - Deadline Met,Yes,Yes,3600.195725440979,60.00326209068298,9,144.0,Gurobi Status: 9
F41,P41_33,1,1600000,1650000,939,1602197.0,1603136.0,3136.0,Scheduled - Deadline Met,Yes,Yes,3600.195725440979,60.00326209068298,9,144.0,Gurobi Status: 9
F41,P41_34,8,1650000,1700000,939,1699061.0,1700000.0,50000.0,Scheduled - Deadline Met,Yes,Yes,3600.195725440979,60.00326209068298,9,144.0,Gurobi Status: 9
F41,P41_35,1,1700000,1750000,939,1720013.0,1720952.0,20952.0,Scheduled - Deadline Met,Yes,Yes,3600.195725440979,60.00326209068298,9,144.0,Gurobi Status: 9
F41,P41_36,8,1750000,1800000,939,,,,Optional Packets- Not Scheduled,No,N/A,3600.195725440979,60.00326209068298,9,144.0,Gurobi Status: 9
F41,P41_37,1,1800000,1850000,939,1846768.0,1847707.0,47707.0,Scheduled - Deadline Met,Yes,Yes,3600.195725440979,60.00326209068298,9,144.0,Gurobi Status: 9
F41,P41_38,8,1850000,1900000,939,1892213.0,1893152.0,43152.0,Scheduled - Deadline Met,Yes,Yes,3600.195725440979,60.00326209068298,9,144.0,Gurobi Status: 9
F41,P41_39,1,1900000,1950000,939,1914801.0,1915740.0,15740.0,Scheduled - Deadline Met,Yes,Yes,3600.195725440979,60.00326209068298,9,144.0,Gurobi Status: 9
F41,P41_40,8,1950000,2000000,939,1987647.0,1988586.0,38586.0,Scheduled - Deadline Met,Yes,Yes,3600.195725440979,60.00326209068298,9,144.0,Gurobi Status: 9
F41,P41_41,1,2000000,2050000,939,2001954.0,2002893.0,2893.0,Scheduled - Deadline Met,Yes,Yes,3600.195725440979,60.00326209068298,9,144.0,Gurobi Status: 9
F41,P41_42,8,2050000,2100000,939,,,,Optional Packets- Not Scheduled,No,N/A,3600.195725440979,60.00326209068298,9,144.0,Gurobi Status: 9
F41,P41_43,1,2100000,2150000,939,2134367.0,2135306.0,35306.0,Scheduled - Deadline Met,Yes,Yes,3600.195725440979,60.00326209068298,9,144.0,Gurobi Status: 9
F41,P41_44,8,2150000,2200000,939,2177761.0,2178700.0,28700.0,Scheduled - Deadline Met,Yes,Yes,3600.195725440979,60.00326209068298,9,144.0,Gurobi Status: 9
F41,P41_45,1,2200000,2250000,939,2209752.0,2210691.0,10691.0,Scheduled - Deadline Met,Yes,Yes,3600.195725440979,60.00326209068298,9,144.0,Gurobi Status: 9
F41,P41_46,8,2250000,2300000,939,2277835.0,2278774.0,28774.0,Scheduled - Deadline Met,Yes,Yes,3600.195725440979,60.00326209068298,9,144.0,Gurobi Status: 9
F41,P41_47,1,2300000,2350000,939,2304875.0,2305814.0,5814.0,Scheduled - Deadline Met,Yes,Yes,3600.195725440979,60.00326209068298,9,144.0,Gurobi Status: 9
F41,P41_48,8,2350000,2400000,939,2387647.0,2388586.0,38586.0,Scheduled - Deadline Met,Yes,Yes,3600.195725440979,60.00326209068298,9,144.0,Gurobi Status: 9
F42,P42_1,5,0,400000,9389,11551.0,20940.0,20940.0,Scheduled - Deadline Met,Yes,Yes,3600.195725440979,60.00326209068298,9,144.0,Gurobi Status: 9
F42,P42_2,8,400000,800000,9389,,,,Optional Packets- Not Scheduled,No,N/A,3600.195725440979,60.00326209068298,9,144.0,Gurobi Status: 9
F42,P42_3,5,800000,1200000,9389,810740.0,820129.0,20129.0,Scheduled - Deadline Met,Yes,Yes,3600.195725440979,60.00326209068298,9,144.0,Gurobi Status: 9
F42,P42_4,8,1200000,1600000,9389,,,,Optional Packets- Not Scheduled,No,N/A,3600.195725440979,60.00326209068298,9,144.0,Gurobi Status: 9
F42,P42_5,5,1600000,2000000,9389,1638034.0,1647423.0,47423.0,Scheduled - Deadline Met,Yes,Yes,3600.195725440979,60.00326209068298,9,144.0,Gurobi Status: 9
F42,P42_6,8,2000000,2400000,9389,,,,Optional Packets- Not Scheduled,No,N/A,3600.195725440979,60.00326209068298,9,144.0,Gurobi Status: 9
F43,P43_1,7,0,400000,10923,55261.0,66184.0,66184.0,Scheduled - Deadline Met,Yes,Yes,3600.195725440979,60.00326209068298,9,144.0,Gurobi Status: 9
F43,P43_2,8,400000,800000,10923,,,,Optional Packets- Not Scheduled,No,N/A,3600.195725440979,60.00326209068298,9,144.0,Gurobi Status: 9
F43,P43_3,7,800000,1200000,10923,869402.0,880325.0,80325.0,Scheduled - Deadline Met,Yes,Yes,3600.195725440979,60.00326209068298,9,144.0,Gurobi Status: 9
F43,P43_4,8,1200000,1600000,10923,,,,Optional Packets- Not Scheduled,No,N/A,3600.195725440979,60.00326209068298,9,144.0,Gurobi Status: 9
F43,P43_5,7,1600000,2000000,10923,1676622.0,1687545.0,87545.0,Scheduled - Deadline Met,Yes,Yes,3600.195725440979,60.00326209068298,9,144.0,Gurobi Status: 9
F43,P43_6,8,2000000,2400000,10923,,,,Optional Packets- Not Scheduled,No,N/A,3600.195725440979,60.00326209068298,9,144.0,Gurobi Status: 9
F44,P44_1,5,0,400000,5733,48004.0,53737.0,53737.0,Scheduled - Deadline Met,Yes,Yes,3600.195725440979,60.00326209068298,9,144.0,Gurobi Status: 9
F44,P44_2,8,400000,800000,5733,,,,Optional Packets- Not Scheduled,No,N/A,3600.195725440979,60.00326209068298,9,144.0,Gurobi Status: 9
F44,P44_3,5,800000,1200000,5733,886098.0,891831.0,91831.0,Scheduled - Deadline Met,Yes,Yes,3600.195725440979,60.00326209068298,9,144.0,Gurobi Status: 9
F44,P44_4,8,1200000,1600000,5733,,,,Optional Packets- Not Scheduled,No,N/A,3600.195725440979,60.00326209068298,9,144.0,Gurobi Status: 9
F44,P44_5,5,1600000,2000000,5733,1647519.0,1653252.0,53252.0,Scheduled - Deadline Met,Yes,Yes,3600.195725440979,60.00326209068298,9,144.0,Gurobi Status: 9
F44,P44_6,8,2000000,2400000,5733,,,,Optional Packets- Not Scheduled,No,N/A,3600.195725440979,60.00326209068298,9,144.0,Gurobi Status: 9
F45,P45_1,8,0,100000,7406,,,,Optional Packets- Not Scheduled,No,N/A,3600.195725440979,60.00326209068298,9,144.0,Gurobi Status: 9
F45,P45_2,1,100000,200000,7406,160617.0,168023.0,68023.0,Scheduled - Deadline Met,Yes,Yes,3600.195725440979,60.00326209068298,9,144.0,Gurobi Status: 9
F45,P45_3,8,200000,300000,7406,247326.0,254732.0,54732.0,Scheduled - Deadline Met,Yes,Yes,3600.195725440979,60.00326209068298,9,144.0,Gurobi Status: 9
F45,P45_4,1,300000,400000,7406,344487.0,351893.0,51893.0,Scheduled - Deadline Met,Yes,Yes,3600.195725440979,60.00326209068298,9,144.0,Gurobi Status: 9
F45,P45_5,8,400000,500000,7406,,,,Optional Packets- Not Scheduled,No,N/A,3600.195725440979,60.00326209068298,9,144.0,Gurobi Status: 9
F45,P45_6,1,500000,600000,7406,564182.0,571588.0,71588.0,Scheduled - Deadline Met,Yes,Yes,3600.195725440979,60.00326209068298,9,144.0,Gurobi Status: 9
F45,P45_7,8,600000,700000,7406,616884.0,624290.0,24290.0,Scheduled - Deadline Met,Yes,Yes,3600.195725440979,60.00326209068298,9,144.0,Gurobi Status: 9
F45,P45_8,1,700000,800000,7406,748276.0,755682.0,55682.0,Scheduled - Deadline Met,Yes,Yes,3600.195725440979,60.00326209068298,9,144.0,Gurobi Status: 9
F45,P45_9,8,800000,900000,7406,,,,Optional Packets- Not Scheduled,No,N/A,3600.195725440979,60.00326209068298,9,144.0,Gurobi Status: 9
F45,P45_10,1,900000,1000000,7406,961916.0,969322.0,69322.0,Scheduled - Deadline Met,Yes,Yes,3600.195725440979,60.00326209068298,9,144.0,Gurobi Status: 9
F45,P45_11,8,1000000,1100000,7406,1027204.0,1034610.0,34610.0,Scheduled - Deadline Met,Yes,Yes,3600.195725440979,60.00326209068298,9,144.0,Gurobi Status: 9
F45,P45_12,1,1100000,1200000,7406,1137774.0,1145180.0,45180.0,Scheduled - Deadline Met,Yes,Yes,3600.195725440979,60.00326209068298,9,144.0,Gurobi Status: 9
F45,P45_13,8,1200000,1300000,7406,,,,Optional Packets- Not Scheduled,No,N/A,3600.195725440979,60.00326209068298,9,144.0,Gurobi Status: 9
F45,P45_14,1,1300000,1400000,7406,1347182.0,1354588.0,54588.0,Scheduled - Deadline Met,Yes,Yes,3600.195725440979,60.00326209068298,9,144.0,Gurobi Status: 9
F45,P45_15,8,1400000,1500000,7406,1427386.0,1434792.0,34792.0,Scheduled - Deadline Met,Yes,Yes,3600.195725440979,60.00326209068298,9,144.0,Gurobi Status: 9
F45,P45_16,1,1500000,1600000,7406,1524918.0,1532324.0,32324.0,Scheduled - Deadline Met,Yes,Yes,3600.195725440979,60.00326209068298,9,144.0,Gurobi Status: 9
F45,P45_17,8,1600000,1700000,7406,,,,Optional Packets- Not Scheduled,No,N/A,3600.195725440979,60.00326209068298,9,144.0,Gurobi Status: 9
F45,P45_18,1,1700000,1800000,7406,1729261.0,1736667.0,36667.0,Scheduled - Deadline Met,Yes,Yes,3600.195725440979,60.00326209068298,9,144.0,Gurobi Status: 9
F45,P45_19,8,1800000,1900000,7406,1808599.0,1816005.0,16005.0,Scheduled - Deadline Met,Yes,Yes,3600.195725440979,60.00326209068298,9,144.0,Gurobi Status: 9
F45,P45_20,1,1900000,2000000,7406,1938880.0,1946286.0,46286.0,Scheduled - Deadline Met,Yes,Yes,3600.195725440979,60.00326209068298,9,144.0,Gurobi Status: 9
F45,P45_21,8,2000000,2100000,7406,,,,Optional Packets- Not Scheduled,No,N/A,3600.195725440979,60.00326209068298,9,144.0,Gurobi Status: 9
F45,P45_22,1,2100000,2200000,7406,2156869.0,2164275.0,64275.0,Scheduled - Deadline Met,Yes,Yes,3600.195725440979,60.00326209068298,9,144.0,Gurobi Status: 9
F45,P45_23,8,2200000,2300000,7406,,,,Optional Packets- Not Scheduled,No,N/A,3600.195725440979,60.00326209068298,9,144.0,Gurobi Status: 9
F45,P45_24,1,2300000,2400000,7406,2314253.0,2321659.0,21659.0,Scheduled - Deadline Met,Yes,Yes,3600.195725440979,60.00326209068298,9,144.0,Gurobi Status: 9
F46,P46_1,8,0,200000,2101,,,,Optional Packets- Not Scheduled,No,N/A,3600.195725440979,60.00326209068298,9,144.0,Gurobi Status: 9
F46,P46_2,1,200000,400000,2101,278614.0,280715.0,80715.0,Scheduled - Deadline Met,Yes,Yes,3600.195725440979,60.00326209068298,9,144.0,Gurobi Status: 9
F46,P46_3,8,400000,600000,2101,,,,Optional Packets- Not Scheduled,No,N/A,3600.195725440979,60.00326209068298,9,144.0,Gurobi Status: 9
F46,P46_4,1,600000,800000,2101,612927.0,615028.0,15028.0,Scheduled - Deadline Met,Yes,Yes,3600.195725440979,60.00326209068298,9,144.0,Gurobi Status: 9
F46,P46_5,8,800000,1000000,2101,,,,Optional Packets- Not Scheduled,No,N/A,3600.195725440979,60.00326209068298,9,144.0,Gurobi Status: 9
F46,P46_6,1,1000000,1200000,2101,1058303.0,1060404.0,60404.0,Scheduled - Deadline Met,Yes,Yes,3600.195725440979,60.00326209068298,9,144.0,Gurobi Status: 9
F46,P46_7,8,1200000,1400000,2101,,,,Optional Packets- Not Scheduled,No,N/A,3600.195725440979,60.00326209068298,9,144.0,Gurobi Status: 9
F46,P46_8,1,1400000,1600000,2101,1480767.0,1482868.0,82868.0,Scheduled - Deadline Met,Yes,Yes,3600.195725440979,60.00326209068298,9,144.0,Gurobi Status: 9
F46,P46_9,8,1600000,1800000,2101,,,,Optional Packets- Not Scheduled,No,N/A,3600.195725440979,60.00326209068298,9,144.0,Gurobi Status: 9
F46,P46_10,1,1800000,2000000,2101,1847803.0,1849904.0,49904.0,Scheduled - Deadline Met,Yes,Yes,3600.195725440979,60.00326209068298,9,144.0,Gurobi Status: 9
F46,P46_11,8,2000000,2200000,2101,,,,Optional Packets- Not Scheduled,No,N/A,3600.195725440979,60.00326209068298,9,144.0,Gurobi Status: 9
F46,P46_12,1,2200000,2400000,2101,2291060.0,2293161.0,93161.0,Scheduled - Deadline Met,Yes,Yes,3600.195725440979,60.00326209068298,9,144.0,Gurobi Status: 9
F47,P47_1,8,0,200000,8711,,,,Optional Packets- Not Scheduled,No,N/A,3600.195725440979,60.00326209068298,9,144.0,Gurobi Status: 9
F47,P47_2,5,200000,400000,8711,268935.0,277646.0,77646.0,Scheduled - Deadline Met,Yes,Yes,3600.195725440979,60.00326209068298,9,144.0,Gurobi Status: 9
F47,P47_3,8,400000,600000,8711,,,,Optional Packets- Not Scheduled,No,N/A,3600.195725440979,60.00326209068298,9,144.0,Gurobi Status: 9
F47,P47_4,5,600000,800000,8711,601131.0,609842.0,9842.0,Scheduled - Deadline Met,Yes,Yes,3600.195725440979,60.00326209068298,9,144.0,Gurobi Status: 9
F47,P47_5,8,800000,1000000,8711,,,,Optional Packets- Not Scheduled,No,N/A,3600.195725440979,60.00326209068298,9,144.0,Gurobi Status: 9
F47,P47_6,5,1000000,1200000,8711,1065385.0,1074096.0,74096.0,Scheduled - Deadline Met,Yes,Yes,3600.195725440979,60.00326209068298,9,144.0,Gurobi Status: 9
F47,P47_7,8,1200000,1400000,8711,,,,Optional Packets- Not Scheduled,No,N/A,3600.195725440979,60.00326209068298,9,144.0,Gurobi Status: 9
F47,P47_8,5,1400000,1600000,8711,1410027.0,1418738.0,18738.0,Scheduled - Deadline Met,Yes,Yes,3600.195725440979,60.00326209068298,9,144.0,Gurobi Status: 9
F47,P47_9,8,1600000,1800000,8711,,,,Optional Packets- Not Scheduled,No,N/A,3600.195725440979,60.00326209068298,9,144.0,Gurobi Status: 9
F47,P47_10,5,1800000,2000000,8711,1854789.0,1863500.0,63500.0,Scheduled - Deadline Met,Yes,Yes,3600.195725440979,60.00326209068298,9,144.0,Gurobi Status: 9
F47,P47_11,8,2000000,2200000,8711,,,,Optional Packets- Not Scheduled,No,N/A,3600.195725440979,60.00326209068298,9,144.0,Gurobi Status: 9
F47,P47_12,5,2200000,2400000,8711,2247866.0,2256577.0,56577.0,Scheduled - Deadline Met,Yes,Yes,3600.195725440979,60.00326209068298,9,144.0,Gurobi Status: 9
F48,P48_1,8,0,100000,1556,,,,Optional Packets- Not Scheduled,No,N/A,3600.195725440979,60.00326209068298,9,144.0,Gurobi Status: 9
F48,P48_2,3,100000,200000,1556,195602.0,197158.0,97158.0,Scheduled - Deadline Met,Yes,Yes,3600.195725440979,60.00326209068298,9,144.0,Gurobi Status: 9
F48,P48_3,8,200000,300000,1556,286392.0,287948.0,87948.0,Scheduled - Deadline Met,Yes,Yes,3600.195725440979,60.00326209068298,9,144.0,Gurobi Status: 9
F48,P48_4,3,300000,400000,1556,398348.0,399904.0,99904.0,Scheduled - Deadline Met,Yes,Yes,3600.195725440979,60.00326209068298,9,144.0,Gurobi Status: 9
F48,P48_5,8,400000,500000,1556,,,,Optional Packets- Not Scheduled,No,N/A,3600.195725440979,60.00326209068298,9,144.0,Gurobi Status: 9
F48,P48_6,3,500000,600000,1556,573434.0,574990.0,74990.0,Scheduled - Deadline Met,Yes,Yes,3600.195725440979,60.00326209068298,9,144.0,Gurobi Status: 9
F48,P48_7,8,600000,700000,1556,632729.0,634285.0,34285.0,Scheduled - Deadline Met,Yes,Yes,3600.195725440979,60.00326209068298,9,144.0,Gurobi Status: 9
F48,P48_8,3,700000,800000,1556,758567.0,760123.0,60123.0,Scheduled - Deadline Met,Yes,Yes,3600.195725440979,60.00326209068298,9,144.0,Gurobi Status: 9
F48,P48_9,8,800000,900000,1556,,,,Optional Packets- Not Scheduled,No,N/A,3600.195725440979,60.00326209068298,9,144.0,Gurobi Status: 9
F48,P48_10,3,900000,1000000,1556,958585.0,960141.0,60141.0,Scheduled - Deadline Met,Yes,Yes,3600.195725440979,60.00326209068298,9,144.0,Gurobi Status: 9
F48,P48_11,8,1000000,1100000,1556,1037495.0,1039051.0,39051.0,Scheduled - Deadline Met,Yes,Yes,3600.195725440979,60.00326209068298,9,144.0,Gurobi Status: 9
F48,P48_12,3,1100000,1200000,1556,1198348.0,1199904.0,99904.0,Scheduled - Deadline Met,Yes,Yes,3600.195725440979,60.00326209068298,9,144.0,Gurobi Status: 9
F48,P48_13,8,1200000,1300000,1556,1227170.0,1228726.0,28726.0,Scheduled - Deadline Met,Yes,Yes,3600.195725440979,60.00326209068298,9,144.0,Gurobi Status: 9
F48,P48_14,3,1300000,1400000,1556,1363140.0,1364696.0,64696.0,Scheduled - Deadline Met,Yes,Yes,3600.195725440979,60.00326209068298,9,144.0,Gurobi Status: 9
F48,P48_15,8,1400000,1500000,1556,1437677.0,1439233.0,39233.0,Scheduled - Deadline Met,Yes,Yes,3600.195725440979,60.00326209068298,9,144.0,Gurobi Status: 9
F48,P48_16,3,1500000,1600000,1556,1532420.0,1533976.0,33976.0,Scheduled - Deadline Met,Yes,Yes,3600.195725440979,60.00326209068298,9,144.0,Gurobi Status: 9
F48,P48_17,8,1600000,1700000,1556,,,,Optional Packets- Not Scheduled,No,N/A,3600.195725440979,60.00326209068298,9,144.0,Gurobi Status: 9
F48,P48_18,3,1700000,1800000,1556,1788933.0,1790489.0,90489.0,Scheduled - Deadline Met,Yes,Yes,3600.195725440979,60.00326209068298,9,144.0,Gurobi Status: 9
F48,P48_19,8,1800000,1900000,1556,1824444.0,1826000.0,26000.0,Scheduled - Deadline Met,Yes,Yes,3600.195725440979,60.00326209068298,9,144.0,Gurobi Status: 9
F48,P48_20,3,1900000,2000000,1556,1917105.0,1918661.0,18661.0,Scheduled - Deadline Met,Yes,Yes,3600.195725440979,60.00326209068298,9,144.0,Gurobi Status: 9
F48,P48_21,8,2000000,2100000,1556,,,,Optional Packets- Not Scheduled,No,N/A,3600.195725440979,60.00326209068298,9,144.0,Gurobi Status: 9
F48,P48_22,3,2100000,2200000,1556,2190114.0,2191670.0,91670.0,Scheduled - Deadline Met,Yes,Yes,3600.195725440979,60.00326209068298,9,144.0,Gurobi Status: 9
F48,P48_23,8,2200000,2300000,1556,2266448.0,2268004.0,68004.0,Scheduled - Deadline Met,Yes,Yes,3600.195725440979,60.00326209068298,9,144.0,Gurobi Status: 9
F48,P48_24,3,2300000,2400000,1556,2300000.0,2301556.0,1556.0,Scheduled - Deadline Met,Yes,Yes,3600.195725440979,60.00326209068298,9,144.0,Gurobi Status: 9
F5,P5_1,4,0,400000,11414,83685.0,95099.0,95099.0,Scheduled - Deadline Met,Yes,Yes,3600.195725440979,60.00326209068298,9,144.0,Gurobi Status: 9
F5,P5_2,4,400000,800000,11414,514069.0,525483.0,125483.0,Scheduled - Deadline Met,Yes,Yes,3600.195725440979,60.00326209068298,9,144.0,Gurobi Status: 9
F5,P5_3,8,800000,1200000,11414,,,,Optional Packets- Not Scheduled,No,N/A,3600.195725440979,60.00326209068298,9,144.0,Gurobi Status: 9
F5,P5_4,4,1200000,1600000,11414,1260336.0,1271750.0,71750.0,Scheduled - Deadline Met,Yes,Yes,3600.195725440979,60.00326209068298,9,144.0,Gurobi Status: 9
F5,P5_5,4,1600000,2000000,11414,1736668.0,1748082.0,148082.0,Scheduled - Deadline Met,Yes,Yes,3600.195725440979,60.00326209068298,9,144.0,Gurobi Status: 9
F5,P5_6,8,2000000,2400000,11414,,,,Optional Packets- Not Scheduled,No,N/A,3600.195725440979,60.00326209068298,9,144.0,Gurobi Status: 9
F6,P6_1,8,0,200000,10789,,,,Optional Packets- Not Scheduled,No,N/A,3600.195725440979,60.00326209068298,9,144.0,Gurobi Status: 9
F6,P6_2,1,200000,400000,10789,229796.0,240585.0,40585.0,Scheduled - Deadline Met,Yes,Yes,3600.195725440979,60.00326209068298,9,144.0,Gurobi Status: 9
F6,P6_3,1,400000,600000,10789,401035.0,411824.0,11824.0,Scheduled - Deadline Met,Yes,Yes,3600.195725440979,60.00326209068298,9,144.0,Gurobi Status: 9
F6,P6_4,8,600000,800000,10789,,,,Optional Packets- Not Scheduled,No,N/A,3600.195725440979,60.00326209068298,9,144.0,Gurobi Status: 9
F6,P6_5,1,800000,1000000,10789,820225.0,831014.0,31014.0,Scheduled - Deadline Met,Yes,Yes,3600.195725440979,60.00326209068298,9,144.0,Gurobi Status: 9
F6,P6_6,1,1000000,1200000,10789,1001035.0,1011824.0,11824.0,Scheduled - Deadline Met,Yes,Yes,3600.195725440979,60.00326209068298,9,144.0,Gurobi Status: 9
F6,P6_7,8,1200000,1400000,10789,,,,Optional Packets- Not Scheduled,No,N/A,3600.195725440979,60.00326209068298,9,144.0,Gurobi Status: 9
F6,P6_8,1,1400000,1600000,10789,1469882.0,1480671.0,80671.0,Scheduled - Deadline Met,Yes,Yes,3600.195725440979,60.00326209068298,9,144.0,Gurobi Status: 9
F6,P6_9,1,1600000,1800000,10789,1603232.0,1614021.0,14021.0,Scheduled - Deadline Met,Yes,Yes,3600.195725440979,60.00326209068298,9,144.0,Gurobi Status: 9
F6,P6_10,8,1800000,2000000,10789,,,,Optional Packets- Not Scheduled,No,N/A,3600.195725440979,60.00326209068298,9,144.0,Gurobi Status: 9
F6,P6_11,1,2000000,2200000,10789,2011755.0,2022544.0,22544.0,Scheduled - Deadline Met,Yes,Yes,3600.195725440979,60.00326209068298,9,144.0,Gurobi Status: 9
F6,P6_12,1,2200000,2400000,10789,2236981.0,2247770.0,47770.0,Scheduled - Deadline Met,Yes,Yes,3600.195725440979,60.00326209068298,9,144.0,Gurobi Status: 9
F7,P7_1,8,0,200000,6473,,,,Optional Packets- Not Scheduled,No,N/A,3600.195725440979,60.00326209068298,9,144.0,Gurobi Status: 9
F7,P7_2,4,200000,400000,6473,312165.0,318638.0,118638.0,Scheduled - Deadline Met,Yes,Yes,3600.195725440979,60.00326209068298,9,144.0,Gurobi Status: 9
F7,P7_3,4,400000,600000,6473,420802.0,427275.0,27275.0,Scheduled - Deadline Met,Yes,Yes,3600.195725440979,60.00326209068298,9,144.0,Gurobi Status: 9
F7,P7_4,8,600000,800000,6473,678372.0,684845.0,84845.0,Scheduled - Deadline Met,Yes,Yes,3600.195725440979,60.00326209068298,9,144.0,Gurobi Status: 9
F7,P7_5,4,800000,1000000,6473,853991.0,860464.0,60464.0,Scheduled - Deadline Met,Yes,Yes,3600.195725440979,60.00326209068298,9,144.0,Gurobi Status: 9
F7,P7_6,4,1000000,1200000,6473,1051734.0,1058207.0,58207.0,Scheduled - Deadline Met,Yes,Yes,3600.195725440979,60.00326209068298,9,144.0,Gurobi Status: 9
F7,P7_7,8,1200000,1400000,6473,,,,Optional Packets- Not Scheduled,No,N/A,3600.195725440979,60.00326209068298,9,144.0,Gurobi Status: 9
F7,P7_8,4,1400000,1600000,6473,1419057.0,1425530.0,25530.0,Scheduled - Deadline Met,Yes,Yes,3600.195725440979,60.00326209068298,9,144.0,Gurobi Status: 9
F7,P7_9,4,1600000,1800000,6473,1721048.0,1727521.0,127521.0,Scheduled - Deadline Met,Yes,Yes,3600.195725440979,60.00326209068298,9,144.0,Gurobi Status: 9
F7,P7_10,8,1800000,2000000,6473,,,,Optional Packets- Not Scheduled,No,N/A,3600.195725440979,60.00326209068298,9,144.0,Gurobi Status: 9
F7,P7_11,4,2000000,2200000,6473,2002989.0,2009462.0,9462.0,Scheduled - Deadline Met,Yes,Yes,3600.195725440979,60.00326209068298,9,144.0,Gurobi Status: 9
F7,P7_12,4,2200000,2400000,6473,2230412.0,2236885.0,36885.0,Scheduled - Deadline Met,Yes,Yes,3600.195725440979,60.00326209068298,9,144.0,Gurobi Status: 9
F8,P8_1,2,0,400000,8902,66280.0,75182.0,75182.0,Scheduled - Deadline Met,Yes,Yes,3600.195725440979,60.00326209068298,9,144.0,Gurobi Status: 9
F8,P8_2,2,400000,800000,8902,708048.0,716950.0,316950.0,Scheduled - Deadline Met,Yes,Yes,3600.195725440979,60.00326209068298,9,144.0,Gurobi Status: 9
F8,P8_3,8,800000,1200000,8902,,,,Optional Packets- Not Scheduled,No,N/A,3600.195725440979,60.00326209068298,9,144.0,Gurobi Status: 9
F8,P8_4,2,1200000,1600000,8902,1378649.0,1387551.0,187551.0,Scheduled - Deadline Met,Yes,Yes,3600.195725440979,60.00326209068298,9,144.0,Gurobi Status: 9
F8,P8_5,2,1600000,2000000,8902,1772117.0,1781019.0,181019.0,Scheduled - Deadline Met,Yes,Yes,3600.195725440979,60.00326209068298,9,144.0,Gurobi Status: 9
F8,P8_6,8,2000000,2400000,8902,,,,Optional Packets- Not Scheduled,No,N/A,3600.195725440979,60.00326209068298,9,144.0,Gurobi Status: 9
F9,P9_1,6,0,400000,6125,145482.0,151607.0,151607.0,Scheduled - Deadline Met,Yes,Yes,3600.195725440979,60.00326209068298,9,144.0,Gurobi Status: 9
F9,P9_2,6,400000,800000,6125,531019.0,537144.0,137144.0,Scheduled - Deadline Met,Yes,Yes,3600.195725440979,60.00326209068298,9,144.0,Gurobi Status: 9
F9,P9_3,8,800000,1200000,6125,,,,Optional Packets- Not Scheduled,No,N/A,3600.195725440979,60.00326209068298,9,144.0,Gurobi Status: 9
F9,P9_4,6,1200000,1600000,6125,1354684.0,1360809.0,160809.0,Scheduled - Deadline Met,Yes,Yes,3600.195725440979,60.00326209068298,9,144.0,Gurobi Status: 9
F9,P9_5,6,1600000,2000000,6125,1790585.0,1796710.0,196710.0,Scheduled - Deadline Met,Yes,Yes,3600.195725440979,60.00326209068298,9,144.0,Gurobi Status: 9
F9,P9_6,8,2000000,2400000,6125,,,,Optional Packets- Not Scheduled,No,N/A,3600.195725440979,60.00326209068298,9,144.0,Gurobi Status: 9
