Flow,Packet,Class,Arrival,Deadline,Execution Time,Gate Open,Gate Close,Response Time,Status,Scheduled,Deadline Met,Solver_Execution_Time_Seconds,Solver_Execution_Time_Minutes,Solver_Status,Objective_Value,Stopping_Reason
F1,P1_1,8,0,200000,9503,,,,Optional Packets- Not Scheduled,No,N/A,3600.201560020447,60.00335933367411,9,187.0,Gurobi Status: 9
F1,P1_2,5,200000,400000,9503,242653.0,252156.0,52156.0,Scheduled - Deadline Met,Yes,Yes,3600.201560020447,60.00335933367411,9,187.0,Gurobi Status: 9
F1,P1_3,5,400000,600000,9503,406797.0,416300.0,16300.0,Scheduled - Deadline Met,Yes,Yes,3600.201560020447,60.00335933367411,9,187.0,Gurobi Status: 9
F1,P1_4,8,600000,800000,9503,,,,Optional Packets- Not Scheduled,No,N/A,3600.201560020447,60.00335933367411,9,187.0,Gurobi Status: 9
F1,P1_5,5,800000,1000000,9503,803772.0,813275.0,13275.0,Scheduled - Deadline Met,Yes,Yes,3600.201560020447,60.00335933367411,9,187.0,Gurobi Status: 9
F1,P1_6,5,1000000,1200000,9503,1011504.0,1021007.0,21007.0,Scheduled - Deadline Met,Yes,Yes,3600.201560020447,60.00335933367411,9,187.0,Gurobi Status: 9
F1,P1_7,8,1200000,1400000,9503,,,,Optional Packets- Not Scheduled,No,N/A,3600.201560020447,60.00335933367411,9,187.0,Gurobi Status: 9
F1,P1_8,5,1400000,1600000,9503,1408360.0,1417863.0,17863.0,Scheduled - Deadline Met,Yes,Yes,3600.201560020447,60.00335933367411,9,187.0,Gurobi Status: 9
F1,P1_9,5,1600000,1800000,9503,1606797.0,1616300.0,16300.0,Scheduled - Deadline Met,Yes,Yes,3600.201560020447,60.00335933367411,9,187.0,Gurobi Status: 9
F1,P1_10,8,1800000,2000000,9503,1908431.0,1917934.0,117934.0,Scheduled - Deadline Met,Yes,Yes,3600.201560020447,60.00335933367411,9,187.0,Gurobi Status: 9
F1,P1_11,5,2000000,2200000,9503,2037718.0,2047221.0,47221.0,Scheduled - Deadline Met,Yes,Yes,3600.201560020447,60.00335933367411,9,187.0,Gurobi Status: 9
F1,P1_12,5,2200000,2400000,9503,2262895.0,2272398.0,72398.0,Scheduled - Deadline Met,Yes,Yes,3600.201560020447,60.00335933367411,9,187.0,Gurobi Status: 9
F10,P10_1,8,0,400000,6651,,,,Optional Packets- Not Scheduled,No,N/A,3600.201560020447,60.00335933367411,9,187.0,Gurobi Status: 9
F10,P10_2,3,400000,800000,6651,492475.0,499126.0,99126.0,Scheduled - Deadline Met,Yes,Yes,3600.201560020447,60.00335933367411,9,187.0,Gurobi Status: 9
F10,P10_3,3,800000,1200000,6651,929978.0,936629.0,136629.0,Scheduled - Deadline Met,Yes,Yes,3600.201560020447,60.00335933367411,9,187.0,Gurobi Status: 9
F10,P10_4,8,1200000,1600000,6651,1294096.0,1300747.0,100747.0,Scheduled - Deadline Met,Yes,Yes,3600.201560020447,60.00335933367411,9,187.0,Gurobi Status: 9
F10,P10_5,3,1600000,2000000,6651,1732841.0,1739492.0,139492.0,Scheduled - Deadline Met,Yes,Yes,3600.201560020447,60.00335933367411,9,187.0,Gurobi Status: 9
F10,P10_6,3,2000000,2400000,6651,2173440.0,2180091.0,180091.0,Scheduled - Deadline Met,Yes,Yes,3600.201560020447,60.00335933367411,9,187.0,Gurobi Status: 9
F11,P11_1,7,0,100000,1233,0.0,1233.0,1233.0,Scheduled - Deadline Met,Yes,Yes,3600.201560020447,60.00335933367411,9,187.0,Gurobi Status: 9
F11,P11_2,8,100000,200000,1233,198671.0,199904.0,99904.0,Scheduled - Deadline Met,Yes,Yes,3600.201560020447,60.00335933367411,9,187.0,Gurobi Status: 9
F11,P11_3,7,200000,300000,1233,274621.0,275854.0,75854.0,Scheduled - Deadline Met,Yes,Yes,3600.201560020447,60.00335933367411,9,187.0,Gurobi Status: 9
F11,P11_4,7,300000,400000,1233,393735.0,394968.0,94968.0,Scheduled - Deadline Met,Yes,Yes,3600.201560020447,60.00335933367411,9,187.0,Gurobi Status: 9
F11,P11_5,8,400000,500000,1233,,,,Optional Packets- Not Scheduled,No,N/A,3600.201560020447,60.00335933367411,9,187.0,Gurobi Status: 9
F11,P11_6,7,500000,600000,1233,585570.0,586803.0,86803.0,Scheduled - Deadline Met,Yes,Yes,3600.201560020447,60.00335933367411,9,187.0,Gurobi Status: 9
F11,P11_7,7,600000,700000,1233,678454.0,679687.0,79687.0,Scheduled - Deadline Met,Yes,Yes,3600.201560020447,60.00335933367411,9,187.0,Gurobi Status: 9
F11,P11_8,8,700000,800000,1233,790656.0,791889.0,91889.0,Scheduled - Deadline Met,Yes,Yes,3600.201560020447,60.00335933367411,9,187.0,Gurobi Status: 9
F11,P11_9,7,800000,900000,1233,847770.0,849003.0,49003.0,Scheduled - Deadline Met,Yes,Yes,3600.201560020447,60.00335933367411,9,187.0,Gurobi Status: 9
F11,P11_10,7,900000,1000000,1233,975513.0,976746.0,76746.0,Scheduled - Deadline Met,Yes,Yes,3600.201560020447,60.00335933367411,9,187.0,Gurobi Status: 9
F11,P11_11,8,1000000,1100000,1233,1092694.0,1093927.0,93927.0,Scheduled - Deadline Met,Yes,Yes,3600.201560020447,60.00335933367411,9,187.0,Gurobi Status: 9
F11,P11_12,7,1100000,1200000,1233,1171062.0,1172295.0,72295.0,Scheduled - Deadline Met,Yes,Yes,3600.201560020447,60.00335933367411,9,187.0,Gurobi Status: 9
F11,P11_13,7,1200000,1300000,1233,1256433.0,1257666.0,57666.0,Scheduled - Deadline Met,Yes,Yes,3600.201560020447,60.00335933367411,9,187.0,Gurobi Status: 9
F11,P11_14,8,1300000,1400000,1233,1318369.0,1319602.0,19602.0,Scheduled - Deadline Met,Yes,Yes,3600.201560020447,60.00335933367411,9,187.0,Gurobi Status: 9
F11,P11_15,7,1400000,1500000,1233,1417959.0,1419192.0,19192.0,Scheduled - Deadline Met,Yes,Yes,3600.201560020447,60.00335933367411,9,187.0,Gurobi Status: 9
F11,P11_16,7,1500000,1600000,1233,1568824.0,1570057.0,70057.0,Scheduled - Deadline Met,Yes,Yes,3600.201560020447,60.00335933367411,9,187.0,Gurobi Status: 9
F11,P11_17,8,1600000,1700000,1233,,,,Optional Packets- Not Scheduled,No,N/A,3600.201560020447,60.00335933367411,9,187.0,Gurobi Status: 9
F11,P11_18,7,1700000,1800000,1233,1786057.0,1787290.0,87290.0,Scheduled - Deadline Met,Yes,Yes,3600.201560020447,60.00335933367411,9,187.0,Gurobi Status: 9
F11,P11_19,7,1800000,1900000,1233,1819029.0,1820262.0,20262.0,Scheduled - Deadline Met,Yes,Yes,3600.201560020447,60.00335933367411,9,187.0,Gurobi Status: 9
F11,P11_20,8,1900000,2000000,1233,1939773.0,1941006.0,41006.0,Scheduled - Deadline Met,Yes,Yes,3600.201560020447,60.00335933367411,9,187.0,Gurobi Status: 9
F11,P11_21,7,2000000,2100000,1233,2000000.0,2001233.0,1233.0,Scheduled - Deadline Met,Yes,Yes,3600.201560020447,60.00335933367411,9,187.0,Gurobi Status: 9
F11,P11_22,7,2100000,2200000,1233,2197771.0,2199004.0,99004.0,Scheduled - Deadline Met,Yes,Yes,3600.201560020447,60.00335933367411,9,187.0,Gurobi Status: 9
F11,P11_23,8,2200000,2300000,1233,2232152.0,2233385.0,33385.0,Scheduled - Deadline Met,Yes,Yes,3600.201560020447,60.00335933367411,9,187.0,Gurobi Status: 9
F11,P11_24,7,2300000,2400000,1233,2364875.0,2366108.0,66108.0,Scheduled - Deadline Met,Yes,Yes,3600.201560020447,60.00335933367411,9,187.0,Gurobi Status: 9
F12,P12_1,8,0,400000,3802,,,,Optional Packets- Not Scheduled,No,N/A,3600.201560020447,60.00335933367411,9,187.0,Gurobi Status: 9
F12,P12_2,4,400000,800000,3802,596102.0,599904.0,199904.0,Scheduled - Deadline Met,Yes,Yes,3600.201560020447,60.00335933367411,9,187.0,Gurobi Status: 9
F12,P12_3,4,800000,1200000,3802,828359.0,832161.0,32161.0,Scheduled - Deadline Met,Yes,Yes,3600.201560020447,60.00335933367411,9,187.0,Gurobi Status: 9
F12,P12_4,8,1200000,1600000,3802,1300843.0,1304645.0,104645.0,Scheduled - Deadline Met,Yes,Yes,3600.201560020447,60.00335933367411,9,187.0,Gurobi Status: 9
F12,P12_5,4,1600000,2000000,3802,1772018.0,1775820.0,175820.0,Scheduled - Deadline Met,Yes,Yes,3600.201560020447,60.00335933367411,9,187.0,Gurobi Status: 9
F12,P12_6,4,2000000,2400000,3802,2065630.0,2069432.0,69432.0,Scheduled - Deadline Met,Yes,Yes,3600.201560020447,60.00335933367411,9,187.0,Gurobi Status: 9
F13,P13_1,5,0,400000,685,85322.0,86007.0,86007.0,Scheduled - Deadline Met,Yes,Yes,3600.201560020447,60.00335933367411,9,187.0,Gurobi Status: 9
F13,P13_2,5,400000,800000,685,451848.0,452533.0,52533.0,Scheduled - Deadline Met,Yes,Yes,3600.201560020447,60.00335933367411,9,187.0,Gurobi Status: 9
F13,P13_3,8,800000,1200000,685,942127.0,942812.0,142812.0,Scheduled - Deadline Met,Yes,Yes,3600.201560020447,60.00335933367411,9,187.0,Gurobi Status: 9
F13,P13_4,5,1200000,1600000,685,1279120.0,1279805.0,79805.0,Scheduled - Deadline Met,Yes,Yes,3600.201560020447,60.00335933367411,9,187.0,Gurobi Status: 9
F13,P13_5,5,1600000,2000000,685,1660206.0,1660891.0,60891.0,Scheduled - Deadline Met,Yes,Yes,3600.201560020447,60.00335933367411,9,187.0,Gurobi Status: 9
F13,P13_6,8,2000000,2400000,685,2129506.0,2130191.0,130191.0,Scheduled - Deadline Met,Yes,Yes,3600.201560020447,60.00335933367411,9,187.0,Gurobi Status: 9
F14,P14_1,2,0,400000,1047,140705.0,141752.0,141752.0,Scheduled - Deadline Met,Yes,Yes,3600.201560020447,60.00335933367411,9,187.0,Gurobi Status: 9
F14,P14_2,2,400000,800000,1047,491332.0,492379.0,92379.0,Scheduled - Deadline Met,Yes,Yes,3600.201560020447,60.00335933367411,9,187.0,Gurobi Status: 9
F14,P14_3,8,800000,1200000,1047,940984.0,942031.0,142031.0,Scheduled - Deadline Met,Yes,Yes,3600.201560020447,60.00335933367411,9,187.0,Gurobi Status: 9
F14,P14_4,2,1200000,1600000,1047,1389279.0,1390326.0,190326.0,Scheduled - Deadline Met,Yes,Yes,3600.201560020447,60.00335933367411,9,187.0,Gurobi Status: 9
F14,P14_5,2,1600000,2000000,1047,1650572.0,1651619.0,51619.0,Scheduled - Deadline Met,Yes,Yes,3600.201560020447,60.00335933367411,9,187.0,Gurobi Status: 9
F14,P14_6,8,2000000,2400000,1047,2128363.0,2129410.0,129410.0,Scheduled - Deadline Met,Yes,Yes,3600.201560020447,60.00335933367411,9,187.0,Gurobi Status: 9
F15,P15_1,5,0,100000,6701,25368.0,32069.0,32069.0,Scheduled - Deadline Met,Yes,Yes,3600.201560020447,60.00335933367411,9,187.0,Gurobi Status: 9
F15,P15_2,5,100000,200000,6701,134004.0,140705.0,40705.0,Scheduled - Deadline Met,Yes,Yes,3600.201560020447,60.00335933367411,9,187.0,Gurobi Status: 9
F15,P15_3,8,200000,300000,6701,202228.0,208929.0,8929.0,Scheduled - Deadline Met,Yes,Yes,3600.201560020447,60.00335933367411,9,187.0,Gurobi Status: 9
F15,P15_4,5,300000,400000,6701,367478.0,374179.0,74179.0,Scheduled - Deadline Met,Yes,Yes,3600.201560020447,60.00335933367411,9,187.0,Gurobi Status: 9
F15,P15_5,5,400000,500000,6701,400000.0,406701.0,6701.0,Scheduled - Deadline Met,Yes,Yes,3600.201560020447,60.00335933367411,9,187.0,Gurobi Status: 9
F15,P15_6,8,500000,600000,6701,550096.0,556797.0,56797.0,Scheduled - Deadline Met,Yes,Yes,3600.201560020447,60.00335933367411,9,187.0,Gurobi Status: 9
F15,P15_7,5,600000,700000,6701,638761.0,645462.0,45462.0,Scheduled - Deadline Met,Yes,Yes,3600.201560020447,60.00335933367411,9,187.0,Gurobi Status: 9
F15,P15_8,5,700000,800000,6701,742423.0,749124.0,49124.0,Scheduled - Deadline Met,Yes,Yes,3600.201560020447,60.00335933367411,9,187.0,Gurobi Status: 9
F15,P15_9,8,800000,900000,6701,,,,Optional Packets- Not Scheduled,No,N/A,3600.201560020447,60.00335933367411,9,187.0,Gurobi Status: 9
F15,P15_10,5,900000,1000000,6701,923277.0,929978.0,29978.0,Scheduled - Deadline Met,Yes,Yes,3600.201560020447,60.00335933367411,9,187.0,Gurobi Status: 9
F15,P15_11,5,1000000,1100000,6701,1004707.0,1011408.0,11408.0,Scheduled - Deadline Met,Yes,Yes,3600.201560020447,60.00335933367411,9,187.0,Gurobi Status: 9
F15,P15_12,8,1100000,1200000,6701,1148442.0,1155143.0,55143.0,Scheduled - Deadline Met,Yes,Yes,3600.201560020447,60.00335933367411,9,187.0,Gurobi Status: 9
F15,P15_13,5,1200000,1300000,6701,1242573.0,1249274.0,49274.0,Scheduled - Deadline Met,Yes,Yes,3600.201560020447,60.00335933367411,9,187.0,Gurobi Status: 9
F15,P15_14,5,1300000,1400000,6701,1334334.0,1341035.0,41035.0,Scheduled - Deadline Met,Yes,Yes,3600.201560020447,60.00335933367411,9,187.0,Gurobi Status: 9
F15,P15_15,8,1400000,1500000,6701,1427866.0,1434567.0,34567.0,Scheduled - Deadline Met,Yes,Yes,3600.201560020447,60.00335933367411,9,187.0,Gurobi Status: 9
F15,P15_16,5,1500000,1600000,6701,1521275.0,1527976.0,27976.0,Scheduled - Deadline Met,Yes,Yes,3600.201560020447,60.00335933367411,9,187.0,Gurobi Status: 9
F15,P15_17,5,1600000,1700000,6701,1600000.0,1606701.0,6701.0,Scheduled - Deadline Met,Yes,Yes,3600.201560020447,60.00335933367411,9,187.0,Gurobi Status: 9
F15,P15_18,8,1700000,1800000,6701,,,,Optional Packets- Not Scheduled,No,N/A,3600.201560020447,60.00335933367411,9,187.0,Gurobi Status: 9
F15,P15_19,5,1800000,1900000,6701,1820358.0,1827059.0,27059.0,Scheduled - Deadline Met,Yes,Yes,3600.201560020447,60.00335933367411,9,187.0,Gurobi Status: 9
F15,P15_20,5,1900000,2000000,6701,1959830.0,1966531.0,66531.0,Scheduled - Deadline Met,Yes,Yes,3600.201560020447,60.00335933367411,9,187.0,Gurobi Status: 9
F15,P15_21,8,2000000,2100000,6701,2003557.0,2010258.0,10258.0,Scheduled - Deadline Met,Yes,Yes,3600.201560020447,60.00335933367411,9,187.0,Gurobi Status: 9
F15,P15_22,5,2100000,2200000,6701,2152262.0,2158963.0,58963.0,Scheduled - Deadline Met,Yes,Yes,3600.201560020447,60.00335933367411,9,187.0,Gurobi Status: 9
F15,P15_23,5,2200000,2300000,6701,2247429.0,2254130.0,54130.0,Scheduled - Deadline Met,Yes,Yes,3600.201560020447,60.00335933367411,9,187.0,Gurobi Status: 9
F15,P15_24,8,2300000,2400000,6701,2310287.0,2316988.0,16988.0,Scheduled - Deadline Met,Yes,Yes,3600.201560020447,60.00335933367411,9,187.0,Gurobi Status: 9
F16,P16_1,5,0,200000,6967,74657.0,81624.0,81624.0,Scheduled - Deadline Met,Yes,Yes,3600.201560020447,60.00335933367411,9,187.0,Gurobi Status: 9
F16,P16_2,5,200000,400000,6967,275950.0,282917.0,82917.0,Scheduled - Deadline Met,Yes,Yes,3600.201560020447,60.00335933367411,9,187.0,Gurobi Status: 9
F16,P16_3,8,400000,600000,6967,,,,Optional Packets- Not Scheduled,No,N/A,3600.201560020447,60.00335933367411,9,187.0,Gurobi Status: 9
F16,P16_4,5,600000,800000,6967,656615.0,663582.0,63582.0,Scheduled - Deadline Met,Yes,Yes,3600.201560020447,60.00335933367411,9,187.0,Gurobi Status: 9
F16,P16_5,5,800000,1000000,6967,821296.0,828263.0,28263.0,Scheduled - Deadline Met,Yes,Yes,3600.201560020447,60.00335933367411,9,187.0,Gurobi Status: 9
F16,P16_6,8,1000000,1200000,6967,1096952.0,1103919.0,103919.0,Scheduled - Deadline Met,Yes,Yes,3600.201560020447,60.00335933367411,9,187.0,Gurobi Status: 9
F16,P16_7,5,1200000,1400000,6967,1249370.0,1256337.0,56337.0,Scheduled - Deadline Met,Yes,Yes,3600.201560020447,60.00335933367411,9,187.0,Gurobi Status: 9
F16,P16_8,5,1400000,1600000,6967,1482680.0,1489647.0,89647.0,Scheduled - Deadline Met,Yes,Yes,3600.201560020447,60.00335933367411,9,187.0,Gurobi Status: 9
F16,P16_9,8,1600000,1800000,6967,1693047.0,1700014.0,100014.0,Scheduled - Deadline Met,Yes,Yes,3600.201560020447,60.00335933367411,9,187.0,Gurobi Status: 9
F16,P16_10,5,1800000,2000000,6967,1846703.0,1853670.0,53670.0,Scheduled - Deadline Met,Yes,Yes,3600.201560020447,60.00335933367411,9,187.0,Gurobi Status: 9
F16,P16_11,5,2000000,2200000,6967,2083803.0,2090770.0,90770.0,Scheduled - Deadline Met,Yes,Yes,3600.201560020447,60.00335933367411,9,187.0,Gurobi Status: 9
F16,P16_12,8,2200000,2400000,6967,,,,Optional Packets- Not Scheduled,No,N/A,3600.201560020447,60.00335933367411,9,187.0,Gurobi Status: 9
F17,P17_1,3,0,200000,7547,88235.0,95782.0,95782.0,Scheduled - Deadline Met,Yes,Yes,3600.201560020447,60.00335933367411,9,187.0,Gurobi Status: 9
F17,P17_2,3,200000,400000,7547,304746.0,312293.0,112293.0,Scheduled - Deadline Met,Yes,Yes,3600.201560020447,60.00335933367411,9,187.0,Gurobi Status: 9
F17,P17_3,8,400000,600000,7547,,,,Optional Packets- Not Scheduled,No,N/A,3600.201560020447,60.00335933367411,9,187.0,Gurobi Status: 9
F17,P17_4,3,600000,800000,7547,693306.0,700853.0,100853.0,Scheduled - Deadline Met,Yes,Yes,3600.201560020447,60.00335933367411,9,187.0,Gurobi Status: 9
F17,P17_5,3,800000,1000000,7547,839198.0,846745.0,46745.0,Scheduled - Deadline Met,Yes,Yes,3600.201560020447,60.00335933367411,9,187.0,Gurobi Status: 9
F17,P17_6,8,1000000,1200000,7547,,,,Optional Packets- Not Scheduled,No,N/A,3600.201560020447,60.00335933367411,9,187.0,Gurobi Status: 9
F17,P17_7,3,1200000,1400000,7547,1270564.0,1278111.0,78111.0,Scheduled - Deadline Met,Yes,Yes,3600.201560020447,60.00335933367411,9,187.0,Gurobi Status: 9
F17,P17_8,3,1400000,1600000,7547,1492475.0,1500022.0,100022.0,Scheduled - Deadline Met,Yes,Yes,3600.201560020447,60.00335933367411,9,187.0,Gurobi Status: 9
F17,P17_9,8,1600000,1800000,7547,,,,Optional Packets- Not Scheduled,No,N/A,3600.201560020447,60.00335933367411,9,187.0,Gurobi Status: 9
F17,P17_10,3,1800000,2000000,7547,1966627.0,1974174.0,174174.0,Scheduled - Deadline Met,Yes,Yes,3600.201560020447,60.00335933367411,9,187.0,Gurobi Status: 9
F17,P17_11,3,2000000,2200000,7547,2057987.0,2065534.0,65534.0,Scheduled - Deadline Met,Yes,Yes,3600.201560020447,60.00335933367411,9,187.0,Gurobi Status: 9
F17,P17_12,8,2200000,2400000,7547,2296105.0,2303652.0,103652.0,Scheduled - Deadline Met,Yes,Yes,3600.201560020447,60.00335933367411,9,187.0,Gurobi Status: 9
F18,P18_1,1,0,200000,817,126400.0,127217.0,127217.0,Scheduled - Deadline Met,Yes,Yes,3600.201560020447,60.00335933367411,9,187.0,Gurobi Status: 9
F18,P18_2,8,200000,400000,817,339259.0,340076.0,140076.0,Scheduled - Deadline Met,Yes,Yes,3600.201560020447,60.00335933367411,9,187.0,Gurobi Status: 9
F18,P18_3,1,400000,600000,817,453325.0,454142.0,54142.0,Scheduled - Deadline Met,Yes,Yes,3600.201560020447,60.00335933367411,9,187.0,Gurobi Status: 9
F18,P18_4,1,600000,800000,817,708369.0,709186.0,109186.0,Scheduled - Deadline Met,Yes,Yes,3600.201560020447,60.00335933367411,9,187.0,Gurobi Status: 9
F18,P18_5,8,800000,1000000,817,,,,Optional Packets- Not Scheduled,No,N/A,3600.201560020447,60.00335933367411,9,187.0,Gurobi Status: 9
F18,P18_6,1,1000000,1200000,817,1131891.0,1132708.0,132708.0,Scheduled - Deadline Met,Yes,Yes,3600.201560020447,60.00335933367411,9,187.0,Gurobi Status: 9
F18,P18_7,1,1200000,1400000,817,1278207.0,1279024.0,79024.0,Scheduled - Deadline Met,Yes,Yes,3600.201560020447,60.00335933367411,9,187.0,Gurobi Status: 9
F18,P18_8,8,1400000,1600000,817,1546955.0,1547772.0,147772.0,Scheduled - Deadline Met,Yes,Yes,3600.201560020447,60.00335933367411,9,187.0,Gurobi Status: 9
F18,P18_9,1,1600000,1800000,817,1672299.0,1673116.0,73116.0,Scheduled - Deadline Met,Yes,Yes,3600.201560020447,60.00335933367411,9,187.0,Gurobi Status: 9
F18,P18_10,1,1800000,2000000,817,1907518.0,1908335.0,108335.0,Scheduled - Deadline Met,Yes,Yes,3600.201560020447,60.00335933367411,9,187.0,Gurobi Status: 9
F18,P18_11,8,2000000,2200000,817,2127450.0,2128267.0,128267.0,Scheduled - Deadline Met,Yes,Yes,3600.201560020447,60.00335933367411,9,187.0,Gurobi Status: 9
F18,P18_12,1,2200000,2400000,817,2345711.0,2346528.0,146528.0,Scheduled - Deadline Met,Yes,Yes,3600.201560020447,60.00335933367411,9,187.0,Gurobi Status: 9
F19,P19_1,8,0,200000,833,95878.0,96711.0,96711.0,Scheduled - Deadline Met,Yes,Yes,3600.201560020447,60.00335933367411,9,187.0,Gurobi Status: 9
F19,P19_2,3,200000,400000,833,332617.0,333450.0,133450.0,Scheduled - Deadline Met,Yes,Yes,3600.201560020447,60.00335933367411,9,187.0,Gurobi Status: 9
F19,P19_3,3,400000,600000,833,446608.0,447441.0,47441.0,Scheduled - Deadline Met,Yes,Yes,3600.201560020447,60.00335933367411,9,187.0,Gurobi Status: 9
F19,P19_4,8,600000,800000,833,727479.0,728312.0,128312.0,Scheduled - Deadline Met,Yes,Yes,3600.201560020447,60.00335933367411,9,187.0,Gurobi Status: 9
F19,P19_5,3,800000,1000000,833,846841.0,847674.0,47674.0,Scheduled - Deadline Met,Yes,Yes,3600.201560020447,60.00335933367411,9,187.0,Gurobi Status: 9
F19,P19_6,3,1000000,1200000,833,1091765.0,1092598.0,92598.0,Scheduled - Deadline Met,Yes,Yes,3600.201560020447,60.00335933367411,9,187.0,Gurobi Status: 9
F19,P19_7,8,1200000,1400000,833,1293167.0,1294000.0,94000.0,Scheduled - Deadline Met,Yes,Yes,3600.201560020447,60.00335933367411,9,187.0,Gurobi Status: 9
F19,P19_8,3,1400000,1600000,833,1512926.0,1513759.0,113759.0,Scheduled - Deadline Met,Yes,Yes,3600.201560020447,60.00335933367411,9,187.0,Gurobi Status: 9
F19,P19_9,3,1600000,1800000,833,1660987.0,1661820.0,61820.0,Scheduled - Deadline Met,Yes,Yes,3600.201560020447,60.00335933367411,9,187.0,Gurobi Status: 9
F19,P19_10,8,1800000,2000000,833,1930266.0,1931099.0,131099.0,Scheduled - Deadline Met,Yes,Yes,3600.201560020447,60.00335933367411,9,187.0,Gurobi Status: 9
F19,P19_11,3,2000000,2200000,833,2090866.0,2091699.0,91699.0,Scheduled - Deadline Met,Yes,Yes,3600.201560020447,60.00335933367411,9,187.0,Gurobi Status: 9
F19,P19_12,3,2200000,2400000,833,2344782.0,2345615.0,145615.0,Scheduled - Deadline Met,Yes,Yes,3600.201560020447,60.00335933367411,9,187.0,Gurobi Status: 9
F2,P2_1,8,0,100000,6845,,,,Optional Packets- Not Scheduled,No,N/A,3600.201560020447,60.00335933367411,9,187.0,Gurobi Status: 9
F2,P2_2,1,100000,200000,6845,171789.0,178634.0,78634.0,Scheduled - Deadline Met,Yes,Yes,3600.201560020447,60.00335933367411,9,187.0,Gurobi Status: 9
F2,P2_3,1,200000,300000,6845,262973.0,269818.0,69818.0,Scheduled - Deadline Met,Yes,Yes,3600.201560020447,60.00335933367411,9,187.0,Gurobi Status: 9
F2,P2_4,8,300000,400000,6845,342400.0,349245.0,49245.0,Scheduled - Deadline Met,Yes,Yes,3600.201560020447,60.00335933367411,9,187.0,Gurobi Status: 9
F2,P2_5,1,400000,500000,6845,416396.0,423241.0,23241.0,Scheduled - Deadline Met,Yes,Yes,3600.201560020447,60.00335933367411,9,187.0,Gurobi Status: 9
F2,P2_6,1,500000,600000,6845,508858.0,515703.0,15703.0,Scheduled - Deadline Met,Yes,Yes,3600.201560020447,60.00335933367411,9,187.0,Gurobi Status: 9
F2,P2_7,8,600000,700000,6845,602228.0,609073.0,9073.0,Scheduled - Deadline Met,Yes,Yes,3600.201560020447,60.00335933367411,9,187.0,Gurobi Status: 9
F2,P2_8,1,700000,800000,6845,757889.0,764734.0,64734.0,Scheduled - Deadline Met,Yes,Yes,3600.201560020447,60.00335933367411,9,187.0,Gurobi Status: 9
F2,P2_9,1,800000,900000,6845,832257.0,839102.0,39102.0,Scheduled - Deadline Met,Yes,Yes,3600.201560020447,60.00335933367411,9,187.0,Gurobi Status: 9
F2,P2_10,8,900000,1000000,6845,946528.0,953373.0,53373.0,Scheduled - Deadline Met,Yes,Yes,3600.201560020447,60.00335933367411,9,187.0,Gurobi Status: 9
F2,P2_11,1,1000000,1100000,6845,1025242.0,1032087.0,32087.0,Scheduled - Deadline Met,Yes,Yes,3600.201560020447,60.00335933367411,9,187.0,Gurobi Status: 9
F2,P2_12,1,1100000,1200000,6845,1174602.0,1181447.0,81447.0,Scheduled - Deadline Met,Yes,Yes,3600.201560020447,60.00335933367411,9,187.0,Gurobi Status: 9
F2,P2_13,8,1200000,1300000,6845,1202228.0,1209073.0,9073.0,Scheduled - Deadline Met,Yes,Yes,3600.201560020447,60.00335933367411,9,187.0,Gurobi Status: 9
F2,P2_14,1,1300000,1400000,6845,1347822.0,1354667.0,54667.0,Scheduled - Deadline Met,Yes,Yes,3600.201560020447,60.00335933367411,9,187.0,Gurobi Status: 9
F2,P2_15,1,1400000,1500000,6845,1401419.0,1408264.0,8264.0,Scheduled - Deadline Met,Yes,Yes,3600.201560020447,60.00335933367411,9,187.0,Gurobi Status: 9
F2,P2_16,8,1500000,1600000,6845,1550096.0,1556941.0,56941.0,Scheduled - Deadline Met,Yes,Yes,3600.201560020447,60.00335933367411,9,187.0,Gurobi Status: 9
F2,P2_17,1,1600000,1700000,6845,1639902.0,1646747.0,46747.0,Scheduled - Deadline Met,Yes,Yes,3600.201560020447,60.00335933367411,9,187.0,Gurobi Status: 9
F2,P2_18,1,1700000,1800000,6845,1765173.0,1772018.0,72018.0,Scheduled - Deadline Met,Yes,Yes,3600.201560020447,60.00335933367411,9,187.0,Gurobi Status: 9
F2,P2_19,8,1800000,1900000,6845,1800096.0,1806941.0,6941.0,Scheduled - Deadline Met,Yes,Yes,3600.201560020447,60.00335933367411,9,187.0,Gurobi Status: 9
F2,P2_20,1,1900000,2000000,6845,1952889.0,1959734.0,59734.0,Scheduled - Deadline Met,Yes,Yes,3600.201560020447,60.00335933367411,9,187.0,Gurobi Status: 9
F2,P2_21,1,2000000,2100000,6845,2051046.0,2057891.0,57891.0,Scheduled - Deadline Met,Yes,Yes,3600.201560020447,60.00335933367411,9,187.0,Gurobi Status: 9
F2,P2_22,8,2100000,2200000,6845,,,,Optional Packets- Not Scheduled,No,N/A,3600.201560020447,60.00335933367411,9,187.0,Gurobi Status: 9
F2,P2_23,1,2200000,2300000,6845,2200000.0,2206845.0,6845.0,Scheduled - Deadline Met,Yes,Yes,3600.201560020447,60.00335933367411,9,187.0,Gurobi Status: 9
F2,P2_24,1,2300000,2400000,6845,2346624.0,2353469.0,53469.0,Scheduled - Deadline Met,Yes,Yes,3600.201560020447,60.00335933367411,9,187.0,Gurobi Status: 9
F20,P20_1,1,0,100000,3940,38515.0,42455.0,42455.0,Scheduled - Deadline Met,Yes,Yes,3600.201560020447,60.00335933367411,9,187.0,Gurobi Status: 9
F20,P20_2,1,100000,200000,3940,184415.0,188355.0,88355.0,Scheduled - Deadline Met,Yes,Yes,3600.201560020447,60.00335933367411,9,187.0,Gurobi Status: 9
F20,P20_3,8,200000,300000,3940,218175.0,222115.0,22115.0,Scheduled - Deadline Met,Yes,Yes,3600.201560020447,60.00335933367411,9,187.0,Gurobi Status: 9
F20,P20_4,1,300000,400000,3940,396060.0,400000.0,100000.0,Scheduled - Deadline Met,Yes,Yes,3600.201560020447,60.00335933367411,9,187.0,Gurobi Status: 9
F20,P20_5,1,400000,500000,3940,434081.0,438021.0,38021.0,Scheduled - Deadline Met,Yes,Yes,3600.201560020447,60.00335933367411,9,187.0,Gurobi Status: 9
F20,P20_6,8,500000,600000,3940,556893.0,560833.0,60833.0,Scheduled - Deadline Met,Yes,Yes,3600.201560020447,60.00335933367411,9,187.0,Gurobi Status: 9
F20,P20_7,1,600000,700000,3940,679783.0,683723.0,83723.0,Scheduled - Deadline Met,Yes,Yes,3600.201560020447,60.00335933367411,9,187.0,Gurobi Status: 9
F20,P20_8,1,700000,800000,3940,780522.0,784462.0,84462.0,Scheduled - Deadline Met,Yes,Yes,3600.201560020447,60.00335933367411,9,187.0,Gurobi Status: 9
F20,P20_9,8,800000,900000,3940,,,,Optional Packets- Not Scheduled,No,N/A,3600.201560020447,60.00335933367411,9,187.0,Gurobi Status: 9
F20,P20_10,1,900000,1000000,3940,995064.0,999004.0,99004.0,Scheduled - Deadline Met,Yes,Yes,3600.201560020447,60.00335933367411,9,187.0,Gurobi Status: 9
F20,P20_11,1,1000000,1100000,3940,1077106.0,1081046.0,81046.0,Scheduled - Deadline Met,Yes,Yes,3600.201560020447,60.00335933367411,9,187.0,Gurobi Status: 9
F20,P20_12,8,1100000,1200000,3940,1155239.0,1159179.0,59179.0,Scheduled - Deadline Met,Yes,Yes,3600.201560020447,60.00335933367411,9,187.0,Gurobi Status: 9
F20,P20_13,1,1200000,1300000,3940,1238537.0,1242477.0,42477.0,Scheduled - Deadline Met,Yes,Yes,3600.201560020447,60.00335933367411,9,187.0,Gurobi Status: 9
F20,P20_14,1,1300000,1400000,3940,1381880.0,1385820.0,85820.0,Scheduled - Deadline Met,Yes,Yes,3600.201560020447,60.00335933367411,9,187.0,Gurobi Status: 9
F20,P20_15,8,1400000,1500000,3940,1443813.0,1447753.0,47753.0,Scheduled - Deadline Met,Yes,Yes,3600.201560020447,60.00335933367411,9,187.0,Gurobi Status: 9
F20,P20_16,1,1500000,1600000,3940,1593736.0,1597676.0,97676.0,Scheduled - Deadline Met,Yes,Yes,3600.201560020447,60.00335933367411,9,187.0,Gurobi Status: 9
F20,P20_17,1,1600000,1700000,3940,1661916.0,1665856.0,65856.0,Scheduled - Deadline Met,Yes,Yes,3600.201560020447,60.00335933367411,9,187.0,Gurobi Status: 9
F20,P20_18,8,1700000,1800000,3940,1796060.0,1800000.0,100000.0,Scheduled - Deadline Met,Yes,Yes,3600.201560020447,60.00335933367411,9,187.0,Gurobi Status: 9
F20,P20_19,1,1800000,1900000,3940,1853766.0,1857706.0,57706.0,Scheduled - Deadline Met,Yes,Yes,3600.201560020447,60.00335933367411,9,187.0,Gurobi Status: 9
F20,P20_20,1,1900000,2000000,3940,1995071.0,1999011.0,99011.0,Scheduled - Deadline Met,Yes,Yes,3600.201560020447,60.00335933367411,9,187.0,Gurobi Status: 9
F20,P20_21,8,2000000,2100000,3940,2019504.0,2023444.0,23444.0,Scheduled - Deadline Met,Yes,Yes,3600.201560020447,60.00335933367411,9,187.0,Gurobi Status: 9
F20,P20_22,1,2100000,2200000,3940,2182859.0,2186799.0,86799.0,Scheduled - Deadline Met,Yes,Yes,3600.201560020447,60.00335933367411,9,187.0,Gurobi Status: 9
F20,P20_23,1,2200000,2300000,3940,2272494.0,2276434.0,76434.0,Scheduled - Deadline Met,Yes,Yes,3600.201560020447,60.00335933367411,9,187.0,Gurobi Status: 9
F20,P20_24,8,2300000,2400000,3940,2382045.0,2385985.0,85985.0,Scheduled - Deadline Met,Yes,Yes,3600.201560020447,60.00335933367411,9,187.0,Gurobi Status: 9
F21,P21_1,1,0,100000,6254,32165.0,38419.0,38419.0,Scheduled - Deadline Met,Yes,Yes,3600.201560020447,60.00335933367411,9,187.0,Gurobi Status: 9
F21,P21_2,8,100000,200000,6254,192321.0,198575.0,98575.0,Scheduled - Deadline Met,Yes,Yes,3600.201560020447,60.00335933367411,9,187.0,Gurobi Status: 9
F21,P21_3,1,200000,300000,6254,284245.0,290499.0,90499.0,Scheduled - Deadline Met,Yes,Yes,3600.201560020447,60.00335933367411,9,187.0,Gurobi Status: 9
F21,P21_4,1,300000,400000,6254,361128.0,367382.0,67382.0,Scheduled - Deadline Met,Yes,Yes,3600.201560020447,60.00335933367411,9,187.0,Gurobi Status: 9
F21,P21_5,8,400000,500000,6254,,,,Optional Packets- Not Scheduled,No,N/A,3600.201560020447,60.00335933367411,9,187.0,Gurobi Status: 9
F21,P21_6,1,500000,600000,6254,572716.0,578970.0,78970.0,Scheduled - Deadline Met,Yes,Yes,3600.201560020447,60.00335933367411,9,187.0,Gurobi Status: 9
F21,P21_7,1,600000,700000,6254,650265.0,656519.0,56519.0,Scheduled - Deadline Met,Yes,Yes,3600.201560020447,60.00335933367411,9,187.0,Gurobi Status: 9
F21,P21_8,8,700000,800000,6254,,,,Optional Packets- Not Scheduled,No,N/A,3600.201560020447,60.00335933367411,9,187.0,Gurobi Status: 9
F21,P21_9,1,800000,900000,6254,849099.0,855353.0,55353.0,Scheduled - Deadline Met,Yes,Yes,3600.201560020447,60.00335933367411,9,187.0,Gurobi Status: 9
F21,P21_10,1,900000,1000000,6254,916927.0,923181.0,23181.0,Scheduled - Deadline Met,Yes,Yes,3600.201560020447,60.00335933367411,9,187.0,Gurobi Status: 9
F21,P21_11,8,1000000,1100000,6254,1034411.0,1040665.0,40665.0,Scheduled - Deadline Met,Yes,Yes,3600.201560020447,60.00335933367411,9,187.0,Gurobi Status: 9
F21,P21_12,1,1100000,1200000,6254,1184117.0,1190371.0,90371.0,Scheduled - Deadline Met,Yes,Yes,3600.201560020447,60.00335933367411,9,187.0,Gurobi Status: 9
F21,P21_13,1,1200000,1300000,6254,1232187.0,1238441.0,38441.0,Scheduled - Deadline Met,Yes,Yes,3600.201560020447,60.00335933367411,9,187.0,Gurobi Status: 9
F21,P21_14,8,1300000,1400000,6254,1312019.0,1318273.0,18273.0,Scheduled - Deadline Met,Yes,Yes,3600.201560020447,60.00335933367411,9,187.0,Gurobi Status: 9
F21,P21_15,1,1400000,1500000,6254,1419288.0,1425542.0,25542.0,Scheduled - Deadline Met,Yes,Yes,3600.201560020447,60.00335933367411,9,187.0,Gurobi Status: 9
F21,P21_16,1,1500000,1600000,6254,1570153.0,1576407.0,76407.0,Scheduled - Deadline Met,Yes,Yes,3600.201560020447,60.00335933367411,9,187.0,Gurobi Status: 9
F21,P21_17,8,1600000,1700000,6254,,,,Optional Packets- Not Scheduled,No,N/A,3600.201560020447,60.00335933367411,9,187.0,Gurobi Status: 9
F21,P21_18,1,1700000,1800000,6254,1777496.0,1783750.0,83750.0,Scheduled - Deadline Met,Yes,Yes,3600.201560020447,60.00335933367411,9,187.0,Gurobi Status: 9
F21,P21_19,1,1800000,1900000,6254,1827155.0,1833409.0,33409.0,Scheduled - Deadline Met,Yes,Yes,3600.201560020447,60.00335933367411,9,187.0,Gurobi Status: 9
F21,P21_20,8,1900000,2000000,6254,1933423.0,1939677.0,39677.0,Scheduled - Deadline Met,Yes,Yes,3600.201560020447,60.00335933367411,9,187.0,Gurobi Status: 9
F21,P21_21,1,2000000,2100000,6254,2077453.0,2083707.0,83707.0,Scheduled - Deadline Met,Yes,Yes,3600.201560020447,60.00335933367411,9,187.0,Gurobi Status: 9
F21,P21_22,1,2100000,2200000,6254,2145912.0,2152166.0,52166.0,Scheduled - Deadline Met,Yes,Yes,3600.201560020447,60.00335933367411,9,187.0,Gurobi Status: 9
F21,P21_23,8,2200000,2300000,6254,2209169.0,2215423.0,15423.0,Scheduled - Deadline Met,Yes,Yes,3600.201560020447,60.00335933367411,9,187.0,Gurobi Status: 9
F21,P21_24,1,2300000,2400000,6254,2367443.0,2373697.0,73697.0,Scheduled - Deadline Met,Yes,Yes,3600.201560020447,60.00335933367411,9,187.0,Gurobi Status: 9
F22,P22_1,7,0,400000,6691,127313.0,134004.0,134004.0,Scheduled - Deadline Met,Yes,Yes,3600.201560020447,60.00335933367411,9,187.0,Gurobi Status: 9
F22,P22_2,7,400000,800000,6691,502167.0,508858.0,108858.0,Scheduled - Deadline Met,Yes,Yes,3600.201560020447,60.00335933367411,9,187.0,Gurobi Status: 9
F22,P22_3,8,800000,1200000,6691,,,,Optional Packets- Not Scheduled,No,N/A,3600.201560020447,60.00335933367411,9,187.0,Gurobi Status: 9
F22,P22_4,7,1200000,1600000,6691,1341131.0,1347822.0,147822.0,Scheduled - Deadline Met,Yes,Yes,3600.201560020447,60.00335933367411,9,187.0,Gurobi Status: 9
F22,P22_5,7,1600000,2000000,6691,1753956.0,1760647.0,160647.0,Scheduled - Deadline Met,Yes,Yes,3600.201560020447,60.00335933367411,9,187.0,Gurobi Status: 9
F22,P22_6,8,2000000,2400000,6691,,,,Optional Packets- Not Scheduled,No,N/A,3600.201560020447,60.00335933367411,9,187.0,Gurobi Status: 9
F23,P23_1,8,0,400000,656,,,,Optional Packets- Not Scheduled,No,N/A,3600.201560020447,60.00335933367411,9,187.0,Gurobi Status: 9
F23,P23_2,3,400000,800000,656,519528.0,520184.0,120184.0,Scheduled - Deadline Met,Yes,Yes,3600.201560020447,60.00335933367411,9,187.0,Gurobi Status: 9
F23,P23_3,3,800000,1200000,656,965256.0,965912.0,165912.0,Scheduled - Deadline Met,Yes,Yes,3600.201560020447,60.00335933367411,9,187.0,Gurobi Status: 9
F23,P23_4,8,1200000,1600000,656,1308343.0,1308999.0,108999.0,Scheduled - Deadline Met,Yes,Yes,3600.201560020447,60.00335933367411,9,187.0,Gurobi Status: 9
F23,P23_5,3,1600000,2000000,656,1764517.0,1765173.0,165173.0,Scheduled - Deadline Met,Yes,Yes,3600.201560020447,60.00335933367411,9,187.0,Gurobi Status: 9
F23,P23_6,3,2000000,2400000,656,2180187.0,2180843.0,180843.0,Scheduled - Deadline Met,Yes,Yes,3600.201560020447,60.00335933367411,9,187.0,Gurobi Status: 9
F24,P24_1,3,0,200000,8395,42551.0,50946.0,50946.0,Scheduled - Deadline Met,Yes,Yes,3600.201560020447,60.00335933367411,9,187.0,Gurobi Status: 9
F24,P24_2,8,200000,400000,8395,,,,Optional Packets- Not Scheduled,No,N/A,3600.201560020447,60.00335933367411,9,187.0,Gurobi Status: 9
F24,P24_3,3,400000,600000,8395,438117.0,446512.0,46512.0,Scheduled - Deadline Met,Yes,Yes,3600.201560020447,60.00335933367411,9,187.0,Gurobi Status: 9
F24,P24_4,3,600000,800000,8395,684815.0,693210.0,93210.0,Scheduled - Deadline Met,Yes,Yes,3600.201560020447,60.00335933367411,9,187.0,Gurobi Status: 9
F24,P24_5,8,800000,1000000,8395,,,,Optional Packets- Not Scheduled,No,N/A,3600.201560020447,60.00335933367411,9,187.0,Gurobi Status: 9
F24,P24_6,3,1000000,1200000,8395,1083274.0,1091669.0,91669.0,Scheduled - Deadline Met,Yes,Yes,3600.201560020447,60.00335933367411,9,187.0,Gurobi Status: 9
F24,P24_7,3,1200000,1400000,8395,1262073.0,1270468.0,70468.0,Scheduled - Deadline Met,Yes,Yes,3600.201560020447,60.00335933367411,9,187.0,Gurobi Status: 9
F24,P24_8,8,1400000,1600000,8395,1534153.0,1542548.0,142548.0,Scheduled - Deadline Met,Yes,Yes,3600.201560020447,60.00335933367411,9,187.0,Gurobi Status: 9
F24,P24_9,3,1600000,1800000,8395,1651715.0,1660110.0,60110.0,Scheduled - Deadline Met,Yes,Yes,3600.201560020447,60.00335933367411,9,187.0,Gurobi Status: 9
F24,P24_10,3,1800000,2000000,8395,1833505.0,1841900.0,41900.0,Scheduled - Deadline Met,Yes,Yes,3600.201560020447,60.00335933367411,9,187.0,Gurobi Status: 9
F24,P24_11,8,2000000,2200000,8395,,,,Optional Packets- Not Scheduled,No,N/A,3600.201560020447,60.00335933367411,9,187.0,Gurobi Status: 9
F24,P24_12,3,2200000,2400000,8395,2328871.0,2337266.0,137266.0,Scheduled - Deadline Met,Yes,Yes,3600.201560020447,60.00335933367411,9,187.0,Gurobi Status: 9
F25,P25_1,8,0,200000,7324,,,,Optional Packets- Not Scheduled,No,N/A,3600.201560020447,60.00335933367411,9,187.0,Gurobi Status: 9
F25,P25_2,1,200000,400000,7324,316528.0,323852.0,123852.0,Scheduled - Deadline Met,Yes,Yes,3600.201560020447,60.00335933367411,9,187.0,Gurobi Status: 9
F25,P25_3,8,400000,600000,7324,,,,Optional Packets- Not Scheduled,No,N/A,3600.201560020447,60.00335933367411,9,187.0,Gurobi Status: 9
F25,P25_4,1,600000,800000,7324,700949.0,708273.0,108273.0,Scheduled - Deadline Met,Yes,Yes,3600.201560020447,60.00335933367411,9,187.0,Gurobi Status: 9
F25,P25_5,8,800000,1000000,7324,,,,Optional Packets- Not Scheduled,No,N/A,3600.201560020447,60.00335933367411,9,187.0,Gurobi Status: 9
F25,P25_6,1,1000000,1200000,7324,1115802.0,1123126.0,123126.0,Scheduled - Deadline Met,Yes,Yes,3600.201560020447,60.00335933367411,9,187.0,Gurobi Status: 9
F25,P25_7,8,1200000,1400000,7324,,,,Optional Packets- Not Scheduled,No,N/A,3600.201560020447,60.00335933367411,9,187.0,Gurobi Status: 9
F25,P25_8,1,1400000,1600000,7324,1513855.0,1521179.0,121179.0,Scheduled - Deadline Met,Yes,Yes,3600.201560020447,60.00335933367411,9,187.0,Gurobi Status: 9
F25,P25_9,8,1600000,1800000,7324,1685627.0,1692951.0,92951.0,Scheduled - Deadline Met,Yes,Yes,3600.201560020447,60.00335933367411,9,187.0,Gurobi Status: 9
F25,P25_10,1,1800000,2000000,7324,1900098.0,1907422.0,107422.0,Scheduled - Deadline Met,Yes,Yes,3600.201560020447,60.00335933367411,9,187.0,Gurobi Status: 9
F25,P25_11,8,2000000,2200000,7324,,,,Optional Packets- Not Scheduled,No,N/A,3600.201560020447,60.00335933367411,9,187.0,Gurobi Status: 9
F25,P25_12,1,2200000,2400000,7324,2337362.0,2344686.0,144686.0,Scheduled - Deadline Met,Yes,Yes,3600.201560020447,60.00335933367411,9,187.0,Gurobi Status: 9
F26,P26_1,8,0,400000,2849,97064.0,99913.0,99913.0,Scheduled - Deadline Met,Yes,Yes,3600.201560020447,60.00335933367411,9,187.0,Gurobi Status: 9
F26,P26_2,1,400000,800000,2849,499222.0,502071.0,102071.0,Scheduled - Deadline Met,Yes,Yes,3600.201560020447,60.00335933367411,9,187.0,Gurobi Status: 9
F26,P26_3,8,800000,1200000,2849,,,,Optional Packets- Not Scheduled,No,N/A,3600.201560020447,60.00335933367411,9,187.0,Gurobi Status: 9
F26,P26_4,1,1200000,1600000,2849,1331485.0,1334334.0,134334.0,Scheduled - Deadline Met,Yes,Yes,3600.201560020447,60.00335933367411,9,187.0,Gurobi Status: 9
F26,P26_5,8,1600000,2000000,2849,,,,Optional Packets- Not Scheduled,No,N/A,3600.201560020447,60.00335933367411,9,187.0,Gurobi Status: 9
F26,P26_6,1,2000000,2400000,2849,2098934.0,2101783.0,101783.0,Scheduled - Deadline Met,Yes,Yes,3600.201560020447,60.00335933367411,9,187.0,Gurobi Status: 9
F27,P27_1,1,0,400000,4842,161253.0,166095.0,166095.0,Scheduled - Deadline Met,Yes,Yes,3600.201560020447,60.00335933367411,9,187.0,Gurobi Status: 9
F27,P27_2,8,400000,800000,4842,,,,Optional Packets- Not Scheduled,No,N/A,3600.201560020447,60.00335933367411,9,187.0,Gurobi Status: 9
F27,P27_3,1,800000,1200000,4842,911989.0,916831.0,116831.0,Scheduled - Deadline Met,Yes,Yes,3600.201560020447,60.00335933367411,9,187.0,Gurobi Status: 9
F27,P27_4,8,1200000,1600000,4842,,,,Optional Packets- Not Scheduled,No,N/A,3600.201560020447,60.00335933367411,9,187.0,Gurobi Status: 9
F27,P27_5,1,1600000,2000000,4842,1727903.0,1732745.0,132745.0,Scheduled - Deadline Met,Yes,Yes,3600.201560020447,60.00335933367411,9,187.0,Gurobi Status: 9
F27,P27_6,8,2000000,2400000,4842,,,,Optional Packets- Not Scheduled,No,N/A,3600.201560020447,60.00335933367411,9,187.0,Gurobi Status: 9
F28,P28_1,8,0,100000,1306,51042.0,52348.0,52348.0,Scheduled - Deadline Met,Yes,Yes,3600.201560020447,60.00335933367411,9,187.0,Gurobi Status: 9
F28,P28_2,2,100000,200000,1306,141848.0,143154.0,43154.0,Scheduled - Deadline Met,Yes,Yes,3600.201560020447,60.00335933367411,9,187.0,Gurobi Status: 9
F28,P28_3,8,200000,300000,1306,228292.0,229598.0,29598.0,Scheduled - Deadline Met,Yes,Yes,3600.201560020447,60.00335933367411,9,187.0,Gurobi Status: 9
F28,P28_4,2,300000,400000,1306,333546.0,334852.0,34852.0,Scheduled - Deadline Met,Yes,Yes,3600.201560020447,60.00335933367411,9,187.0,Gurobi Status: 9
F28,P28_5,8,400000,500000,1306,,,,Optional Packets- Not Scheduled,No,N/A,3600.201560020447,60.00335933367411,9,187.0,Gurobi Status: 9
F28,P28_6,2,500000,600000,1306,579066.0,580372.0,80372.0,Scheduled - Deadline Met,Yes,Yes,3600.201560020447,60.00335933367411,9,187.0,Gurobi Status: 9
F28,P28_7,8,600000,700000,1306,624400.0,625706.0,25706.0,Scheduled - Deadline Met,Yes,Yes,3600.201560020447,60.00335933367411,9,187.0,Gurobi Status: 9
F28,P28_8,2,700000,800000,1306,772270.0,773576.0,73576.0,Scheduled - Deadline Met,Yes,Yes,3600.201560020447,60.00335933367411,9,187.0,Gurobi Status: 9
F28,P28_9,8,800000,900000,1306,862349.0,863655.0,63655.0,Scheduled - Deadline Met,Yes,Yes,3600.201560020447,60.00335933367411,9,187.0,Gurobi Status: 9
F28,P28_10,2,900000,1000000,1306,969641.0,970947.0,70947.0,Scheduled - Deadline Met,Yes,Yes,3600.201560020447,60.00335933367411,9,187.0,Gurobi Status: 9
F28,P28_11,8,1000000,1100000,1306,1055992.0,1057298.0,57298.0,Scheduled - Deadline Met,Yes,Yes,3600.201560020447,60.00335933367411,9,187.0,Gurobi Status: 9
F28,P28_12,2,1100000,1200000,1306,1182715.0,1184021.0,84021.0,Scheduled - Deadline Met,Yes,Yes,3600.201560020447,60.00335933367411,9,187.0,Gurobi Status: 9
F28,P28_13,8,1200000,1300000,1306,1216069.0,1217375.0,17375.0,Scheduled - Deadline Met,Yes,Yes,3600.201560020447,60.00335933367411,9,187.0,Gurobi Status: 9
F28,P28_14,2,1300000,1400000,1306,1396417.0,1397723.0,97723.0,Scheduled - Deadline Met,Yes,Yes,3600.201560020447,60.00335933367411,9,187.0,Gurobi Status: 9
F28,P28_15,8,1400000,1500000,1306,1453930.0,1455236.0,55236.0,Scheduled - Deadline Met,Yes,Yes,3600.201560020447,60.00335933367411,9,187.0,Gurobi Status: 9
F28,P28_16,2,1500000,1600000,1306,1591162.0,1592468.0,92468.0,Scheduled - Deadline Met,Yes,Yes,3600.201560020447,60.00335933367411,9,187.0,Gurobi Status: 9
F28,P28_17,8,1600000,1700000,1306,,,,Optional Packets- Not Scheduled,No,N/A,3600.201560020447,60.00335933367411,9,187.0,Gurobi Status: 9
F28,P28_18,2,1700000,1800000,1306,1739492.0,1740798.0,40798.0,Scheduled - Deadline Met,Yes,Yes,3600.201560020447,60.00335933367411,9,187.0,Gurobi Status: 9
F28,P28_19,8,1800000,1900000,1306,1873179.0,1874485.0,74485.0,Scheduled - Deadline Met,Yes,Yes,3600.201560020447,60.00335933367411,9,187.0,Gurobi Status: 9
F28,P28_20,2,1900000,2000000,1306,1991441.0,1992747.0,92747.0,Scheduled - Deadline Met,Yes,Yes,3600.201560020447,60.00335933367411,9,187.0,Gurobi Status: 9
F28,P28_21,8,2000000,2100000,1306,2023540.0,2024846.0,24846.0,Scheduled - Deadline Met,Yes,Yes,3600.201560020447,60.00335933367411,9,187.0,Gurobi Status: 9
F28,P28_22,2,2100000,2200000,1306,2186895.0,2188201.0,88201.0,Scheduled - Deadline Met,Yes,Yes,3600.201560020447,60.00335933367411,9,187.0,Gurobi Status: 9
F28,P28_23,8,2200000,2300000,1306,2230750.0,2232056.0,32056.0,Scheduled - Deadline Met,Yes,Yes,3600.201560020447,60.00335933367411,9,187.0,Gurobi Status: 9
F28,P28_24,2,2300000,2400000,1306,2374782.0,2376088.0,76088.0,Scheduled - Deadline Met,Yes,Yes,3600.201560020447,60.00335933367411,9,187.0,Gurobi Status: 9
F29,P29_1,8,0,100000,672,53433.0,54105.0,54105.0,Scheduled - Deadline Met,Yes,Yes,3600.201560020447,60.00335933367411,9,187.0,Gurobi Status: 9
F29,P29_2,6,100000,200000,672,167084.0,167756.0,67756.0,Scheduled - Deadline Met,Yes,Yes,3600.201560020447,60.00335933367411,9,187.0,Gurobi Status: 9
F29,P29_3,8,200000,300000,672,292191.0,292863.0,92863.0,Scheduled - Deadline Met,Yes,Yes,3600.201560020447,60.00335933367411,9,187.0,Gurobi Status: 9
F29,P29_4,6,300000,400000,672,376486.0,377158.0,77158.0,Scheduled - Deadline Met,Yes,Yes,3600.201560020447,60.00335933367411,9,187.0,Gurobi Status: 9
F29,P29_5,8,400000,500000,672,,,,Optional Packets- Not Scheduled,No,N/A,3600.201560020447,60.00335933367411,9,187.0,Gurobi Status: 9
F29,P29_6,6,500000,600000,672,588756.0,589428.0,89428.0,Scheduled - Deadline Met,Yes,Yes,3600.201560020447,60.00335933367411,9,187.0,Gurobi Status: 9
F29,P29_7,8,600000,700000,672,665899.0,666571.0,66571.0,Scheduled - Deadline Met,Yes,Yes,3600.201560020447,60.00335933367411,9,187.0,Gurobi Status: 9
F29,P29_8,6,700000,800000,672,769291.0,769963.0,69963.0,Scheduled - Deadline Met,Yes,Yes,3600.201560020447,60.00335933367411,9,187.0,Gurobi Status: 9
F29,P29_9,8,800000,900000,672,865912.0,866584.0,66584.0,Scheduled - Deadline Met,Yes,Yes,3600.201560020447,60.00335933367411,9,187.0,Gurobi Status: 9
F29,P29_10,6,900000,1000000,672,985992.0,986664.0,86664.0,Scheduled - Deadline Met,Yes,Yes,3600.201560020447,60.00335933367411,9,187.0,Gurobi Status: 9
F29,P29_11,8,1000000,1100000,672,1096184.0,1096856.0,96856.0,Scheduled - Deadline Met,Yes,Yes,3600.201560020447,60.00335933367411,9,187.0,Gurobi Status: 9
F29,P29_12,6,1100000,1200000,672,1137265.0,1137937.0,37937.0,Scheduled - Deadline Met,Yes,Yes,3600.201560020447,60.00335933367411,9,187.0,Gurobi Status: 9
F29,P29_13,8,1200000,1300000,672,1219632.0,1220304.0,20304.0,Scheduled - Deadline Met,Yes,Yes,3600.201560020447,60.00335933367411,9,187.0,Gurobi Status: 9
F29,P29_14,6,1300000,1400000,672,1354763.0,1355435.0,55435.0,Scheduled - Deadline Met,Yes,Yes,3600.201560020447,60.00335933367411,9,187.0,Gurobi Status: 9
F29,P29_15,8,1400000,1500000,672,1457493.0,1458165.0,58165.0,Scheduled - Deadline Met,Yes,Yes,3600.201560020447,60.00335933367411,9,187.0,Gurobi Status: 9
F29,P29_16,6,1500000,1600000,672,1576503.0,1577175.0,77175.0,Scheduled - Deadline Met,Yes,Yes,3600.201560020447,60.00335933367411,9,187.0,Gurobi Status: 9
F29,P29_17,8,1600000,1700000,672,1684859.0,1685531.0,85531.0,Scheduled - Deadline Met,Yes,Yes,3600.201560020447,60.00335933367411,9,187.0,Gurobi Status: 9
F29,P29_18,6,1700000,1800000,672,1795292.0,1795964.0,95964.0,Scheduled - Deadline Met,Yes,Yes,3600.201560020447,60.00335933367411,9,187.0,Gurobi Status: 9
F29,P29_19,8,1800000,1900000,672,1876742.0,1877414.0,77414.0,Scheduled - Deadline Met,Yes,Yes,3600.201560020447,60.00335933367411,9,187.0,Gurobi Status: 9
F29,P29_20,6,1900000,2000000,672,1976481.0,1977153.0,77153.0,Scheduled - Deadline Met,Yes,Yes,3600.201560020447,60.00335933367411,9,187.0,Gurobi Status: 9
F29,P29_21,8,2000000,2100000,672,,,,Optional Packets- Not Scheduled,No,N/A,3600.201560020447,60.00335933367411,9,187.0,Gurobi Status: 9
F29,P29_22,6,2100000,2200000,672,2180843.0,2181515.0,81515.0,Scheduled - Deadline Met,Yes,Yes,3600.201560020447,60.00335933367411,9,187.0,Gurobi Status: 9
F29,P29_23,8,2200000,2300000,672,2295337.0,2296009.0,96009.0,Scheduled - Deadline Met,Yes,Yes,3600.201560020447,60.00335933367411,9,187.0,Gurobi Status: 9
F29,P29_24,6,2300000,2400000,672,2357435.0,2358107.0,58107.0,Scheduled - Deadline Met,Yes,Yes,3600.201560020447,60.00335933367411,9,187.0,Gurobi Status: 9
F3,P3_1,1,0,400000,10159,148787.0,158946.0,158946.0,Scheduled - Deadline Met,Yes,Yes,3600.201560020447,60.00335933367411,9,187.0,Gurobi Status: 9
F3,P3_2,1,400000,800000,10159,456274.0,466433.0,66433.0,Scheduled - Deadline Met,Yes,Yes,3600.201560020447,60.00335933367411,9,187.0,Gurobi Status: 9
F3,P3_3,8,800000,1200000,10159,,,,Optional Packets- Not Scheduled,No,N/A,3600.201560020447,60.00335933367411,9,187.0,Gurobi Status: 9
F3,P3_4,1,1200000,1600000,10159,1281733.0,1291892.0,91892.0,Scheduled - Deadline Met,Yes,Yes,3600.201560020447,60.00335933367411,9,187.0,Gurobi Status: 9
F3,P3_5,1,1600000,2000000,10159,1673212.0,1683371.0,83371.0,Scheduled - Deadline Met,Yes,Yes,3600.201560020447,60.00335933367411,9,187.0,Gurobi Status: 9
F3,P3_6,8,2000000,2400000,10159,,,,Optional Packets- Not Scheduled,No,N/A,3600.201560020447,60.00335933367411,9,187.0,Gurobi Status: 9
F30,P30_1,8,0,200000,4043,,,,Optional Packets- Not Scheduled,No,N/A,3600.201560020447,60.00335933367411,9,187.0,Gurobi Status: 9
F30,P30_2,2,200000,400000,4043,312389.0,316432.0,116432.0,Scheduled - Deadline Met,Yes,Yes,3600.201560020447,60.00335933367411,9,187.0,Gurobi Status: 9
F30,P30_3,8,400000,600000,4043,,,,Optional Packets- Not Scheduled,No,N/A,3600.201560020447,60.00335933367411,9,187.0,Gurobi Status: 9
F30,P30_4,2,600000,800000,4043,709282.0,713325.0,113325.0,Scheduled - Deadline Met,Yes,Yes,3600.201560020447,60.00335933367411,9,187.0,Gurobi Status: 9
F30,P30_5,8,800000,1000000,4043,,,,Optional Packets- Not Scheduled,No,N/A,3600.201560020447,60.00335933367411,9,187.0,Gurobi Status: 9
F30,P30_6,2,1000000,1200000,4043,1021103.0,1025146.0,25146.0,Scheduled - Deadline Met,Yes,Yes,3600.201560020447,60.00335933367411,9,187.0,Gurobi Status: 9
F30,P30_7,8,1200000,1400000,4043,,,,Optional Packets- Not Scheduled,No,N/A,3600.201560020447,60.00335933367411,9,187.0,Gurobi Status: 9
F30,P30_8,2,1400000,1600000,4043,1508787.0,1512830.0,112830.0,Scheduled - Deadline Met,Yes,Yes,3600.201560020447,60.00335933367411,9,187.0,Gurobi Status: 9
F30,P30_9,8,1600000,1800000,4043,1704817.0,1708860.0,108860.0,Scheduled - Deadline Met,Yes,Yes,3600.201560020447,60.00335933367411,9,187.0,Gurobi Status: 9
F30,P30_10,2,1800000,2000000,4043,1857802.0,1861845.0,61845.0,Scheduled - Deadline Met,Yes,Yes,3600.201560020447,60.00335933367411,9,187.0,Gurobi Status: 9
F30,P30_11,8,2000000,2200000,4043,,,,Optional Packets- Not Scheduled,No,N/A,3600.201560020447,60.00335933367411,9,187.0,Gurobi Status: 9
F30,P30_12,2,2200000,2400000,4043,2290298.0,2294341.0,94341.0,Scheduled - Deadline Met,Yes,Yes,3600.201560020447,60.00335933367411,9,187.0,Gurobi Status: 9
F31,P31_1,8,0,200000,4611,,,,Optional Packets- Not Scheduled,No,N/A,3600.201560020447,60.00335933367411,9,187.0,Gurobi Status: 9
F31,P31_2,2,200000,400000,4611,269914.0,274525.0,74525.0,Scheduled - Deadline Met,Yes,Yes,3600.201560020447,60.00335933367411,9,187.0,Gurobi Status: 9
F31,P31_3,8,400000,600000,4611,,,,Optional Packets- Not Scheduled,No,N/A,3600.201560020447,60.00335933367411,9,187.0,Gurobi Status: 9
F31,P31_4,2,600000,800000,4611,645558.0,650169.0,50169.0,Scheduled - Deadline Met,Yes,Yes,3600.201560020447,60.00335933367411,9,187.0,Gurobi Status: 9
F31,P31_5,8,800000,1000000,4611,,,,Optional Packets- Not Scheduled,No,N/A,3600.201560020447,60.00335933367411,9,187.0,Gurobi Status: 9
F31,P31_6,2,1000000,1200000,4611,1000000.0,1004611.0,4611.0,Scheduled - Deadline Met,Yes,Yes,3600.201560020447,60.00335933367411,9,187.0,Gurobi Status: 9
F31,P31_7,8,1200000,1400000,4611,,,,Optional Packets- Not Scheduled,No,N/A,3600.201560020447,60.00335933367411,9,187.0,Gurobi Status: 9
F31,P31_8,2,1400000,1600000,4611,1477973.0,1482584.0,82584.0,Scheduled - Deadline Met,Yes,Yes,3600.201560020447,60.00335933367411,9,187.0,Gurobi Status: 9
F31,P31_9,8,1600000,1800000,4611,1700110.0,1704721.0,104721.0,Scheduled - Deadline Met,Yes,Yes,3600.201560020447,60.00335933367411,9,187.0,Gurobi Status: 9
F31,P31_10,2,1800000,2000000,4611,1841996.0,1846607.0,46607.0,Scheduled - Deadline Met,Yes,Yes,3600.201560020447,60.00335933367411,9,187.0,Gurobi Status: 9
F31,P31_11,8,2000000,2200000,4611,,,,Optional Packets- Not Scheduled,No,N/A,3600.201560020447,60.00335933367411,9,187.0,Gurobi Status: 9
F31,P31_12,2,2200000,2400000,4611,2276530.0,2281141.0,81141.0,Scheduled - Deadline Met,Yes,Yes,3600.201560020447,60.00335933367411,9,187.0,Gurobi Status: 9
F32,P32_1,8,0,400000,1344,,,,Optional Packets- Not Scheduled,No,N/A,3600.201560020447,60.00335933367411,9,187.0,Gurobi Status: 9
F32,P32_2,7,400000,800000,1344,525721.0,527065.0,127065.0,Scheduled - Deadline Met,Yes,Yes,3600.201560020447,60.00335933367411,9,187.0,Gurobi Status: 9
F32,P32_3,8,800000,1200000,1344,939544.0,940888.0,140888.0,Scheduled - Deadline Met,Yes,Yes,3600.201560020447,60.00335933367411,9,187.0,Gurobi Status: 9
F32,P32_4,7,1200000,1600000,1344,1385820.0,1387164.0,187164.0,Scheduled - Deadline Met,Yes,Yes,3600.201560020447,60.00335933367411,9,187.0,Gurobi Status: 9
F32,P32_5,8,1600000,2000000,1344,1711752.0,1713096.0,113096.0,Scheduled - Deadline Met,Yes,Yes,3600.201560020447,60.00335933367411,9,187.0,Gurobi Status: 9
F32,P32_6,7,2000000,2400000,1344,2181515.0,2182859.0,182859.0,Scheduled - Deadline Met,Yes,Yes,3600.201560020447,60.00335933367411,9,187.0,Gurobi Status: 9
F33,P33_1,8,0,100000,1076,,,,Optional Packets- Not Scheduled,No,N/A,3600.201560020447,60.00335933367411,9,187.0,Gurobi Status: 9
F33,P33_2,5,100000,200000,1076,147711.0,148787.0,48787.0,Scheduled - Deadline Met,Yes,Yes,3600.201560020447,60.00335933367411,9,187.0,Gurobi Status: 9
F33,P33_3,8,200000,300000,1076,229694.0,230770.0,30770.0,Scheduled - Deadline Met,Yes,Yes,3600.201560020447,60.00335933367411,9,187.0,Gurobi Status: 9
F33,P33_4,5,300000,400000,1076,387394.0,388470.0,88470.0,Scheduled - Deadline Met,Yes,Yes,3600.201560020447,60.00335933367411,9,187.0,Gurobi Status: 9
F33,P33_5,8,400000,500000,1076,,,,Optional Packets- Not Scheduled,No,N/A,3600.201560020447,60.00335933367411,9,187.0,Gurobi Status: 9
F33,P33_6,5,500000,600000,1076,524645.0,525721.0,25721.0,Scheduled - Deadline Met,Yes,Yes,3600.201560020447,60.00335933367411,9,187.0,Gurobi Status: 9
F33,P33_7,8,600000,700000,1076,625802.0,626878.0,26878.0,Scheduled - Deadline Met,Yes,Yes,3600.201560020447,60.00335933367411,9,187.0,Gurobi Status: 9
F33,P33_8,5,700000,800000,1076,773672.0,774748.0,74748.0,Scheduled - Deadline Met,Yes,Yes,3600.201560020447,60.00335933367411,9,187.0,Gurobi Status: 9
F33,P33_9,8,800000,900000,1076,863751.0,864827.0,64827.0,Scheduled - Deadline Met,Yes,Yes,3600.201560020447,60.00335933367411,9,187.0,Gurobi Status: 9
F33,P33_10,5,900000,1000000,1076,989460.0,990536.0,90536.0,Scheduled - Deadline Met,Yes,Yes,3600.201560020447,60.00335933367411,9,187.0,Gurobi Status: 9
F33,P33_11,8,1000000,1100000,1076,1094023.0,1095099.0,95099.0,Scheduled - Deadline Met,Yes,Yes,3600.201560020447,60.00335933367411,9,187.0,Gurobi Status: 9
F33,P33_12,5,1100000,1200000,1076,1181543.0,1182619.0,82619.0,Scheduled - Deadline Met,Yes,Yes,3600.201560020447,60.00335933367411,9,187.0,Gurobi Status: 9
F33,P33_13,8,1200000,1300000,1076,1217471.0,1218547.0,18547.0,Scheduled - Deadline Met,Yes,Yes,3600.201560020447,60.00335933367411,9,187.0,Gurobi Status: 9
F33,P33_14,5,1300000,1400000,1076,1370109.0,1371185.0,71185.0,Scheduled - Deadline Met,Yes,Yes,3600.201560020447,60.00335933367411,9,187.0,Gurobi Status: 9
F33,P33_15,8,1400000,1500000,1076,1455332.0,1456408.0,56408.0,Scheduled - Deadline Met,Yes,Yes,3600.201560020447,60.00335933367411,9,187.0,Gurobi Status: 9
F33,P33_16,5,1500000,1600000,1076,1581732.0,1582808.0,82808.0,Scheduled - Deadline Met,Yes,Yes,3600.201560020447,60.00335933367411,9,187.0,Gurobi Status: 9
F33,P33_17,8,1600000,1700000,1076,,,,Optional Packets- Not Scheduled,No,N/A,3600.201560020447,60.00335933367411,9,187.0,Gurobi Status: 9
F33,P33_18,5,1700000,1800000,1076,1775820.0,1776896.0,76896.0,Scheduled - Deadline Met,Yes,Yes,3600.201560020447,60.00335933367411,9,187.0,Gurobi Status: 9
F33,P33_19,8,1800000,1900000,1076,1874581.0,1875657.0,75657.0,Scheduled - Deadline Met,Yes,Yes,3600.201560020447,60.00335933367411,9,187.0,Gurobi Status: 9
F33,P33_20,5,1900000,2000000,1076,1981710.0,1982786.0,82786.0,Scheduled - Deadline Met,Yes,Yes,3600.201560020447,60.00335933367411,9,187.0,Gurobi Status: 9
F33,P33_21,8,2000000,2100000,1076,,,,Optional Packets- Not Scheduled,No,N/A,3600.201560020447,60.00335933367411,9,187.0,Gurobi Status: 9
F33,P33_22,5,2100000,2200000,1076,2188297.0,2189373.0,89373.0,Scheduled - Deadline Met,Yes,Yes,3600.201560020447,60.00335933367411,9,187.0,Gurobi Status: 9
F33,P33_23,8,2200000,2300000,1076,2233481.0,2234557.0,34557.0,Scheduled - Deadline Met,Yes,Yes,3600.201560020447,60.00335933367411,9,187.0,Gurobi Status: 9
F33,P33_24,5,2300000,2400000,1076,2376184.0,2377260.0,77260.0,Scheduled - Deadline Met,Yes,Yes,3600.201560020447,60.00335933367411,9,187.0,Gurobi Status: 9
F34,P34_1,8,0,100000,2115,10656.0,12771.0,12771.0,Scheduled - Deadline Met,Yes,Yes,3600.201560020447,60.00335933367411,9,187.0,Gurobi Status: 9
F34,P34_2,3,100000,200000,2115,159042.0,161157.0,61157.0,Scheduled - Deadline Met,Yes,Yes,3600.201560020447,60.00335933367411,9,187.0,Gurobi Status: 9
F34,P34_3,8,200000,300000,2115,226081.0,228196.0,28196.0,Scheduled - Deadline Met,Yes,Yes,3600.201560020447,60.00335933367411,9,187.0,Gurobi Status: 9
F34,P34_4,3,300000,400000,2115,374275.0,376390.0,76390.0,Scheduled - Deadline Met,Yes,Yes,3600.201560020447,60.00335933367411,9,187.0,Gurobi Status: 9
F34,P34_5,8,400000,500000,2115,,,,Optional Packets- Not Scheduled,No,N/A,3600.201560020447,60.00335933367411,9,187.0,Gurobi Status: 9
F34,P34_6,3,500000,600000,2115,527065.0,529180.0,29180.0,Scheduled - Deadline Met,Yes,Yes,3600.201560020447,60.00335933367411,9,187.0,Gurobi Status: 9
F34,P34_7,8,600000,700000,2115,622189.0,624304.0,24304.0,Scheduled - Deadline Met,Yes,Yes,3600.201560020447,60.00335933367411,9,187.0,Gurobi Status: 9
F34,P34_8,3,700000,800000,2115,770059.0,772174.0,72174.0,Scheduled - Deadline Met,Yes,Yes,3600.201560020447,60.00335933367411,9,187.0,Gurobi Status: 9
F34,P34_9,8,800000,900000,2115,860138.0,862253.0,62253.0,Scheduled - Deadline Met,Yes,Yes,3600.201560020447,60.00335933367411,9,187.0,Gurobi Status: 9
F34,P34_10,3,900000,1000000,2115,990632.0,992747.0,92747.0,Scheduled - Deadline Met,Yes,Yes,3600.201560020447,60.00335933367411,9,187.0,Gurobi Status: 9
F34,P34_11,8,1000000,1100000,2115,1053781.0,1055896.0,55896.0,Scheduled - Deadline Met,Yes,Yes,3600.201560020447,60.00335933367411,9,187.0,Gurobi Status: 9
F34,P34_12,3,1100000,1200000,2115,1172391.0,1174506.0,74506.0,Scheduled - Deadline Met,Yes,Yes,3600.201560020447,60.00335933367411,9,187.0,Gurobi Status: 9
F34,P34_13,8,1200000,1300000,2115,1213858.0,1215973.0,15973.0,Scheduled - Deadline Met,Yes,Yes,3600.201560020447,60.00335933367411,9,187.0,Gurobi Status: 9
F34,P34_14,3,1300000,1400000,2115,1387164.0,1389279.0,89279.0,Scheduled - Deadline Met,Yes,Yes,3600.201560020447,60.00335933367411,9,187.0,Gurobi Status: 9
F34,P34_15,8,1400000,1500000,2115,1451719.0,1453834.0,53834.0,Scheduled - Deadline Met,Yes,Yes,3600.201560020447,60.00335933367411,9,187.0,Gurobi Status: 9
F34,P34_16,3,1500000,1600000,2115,1528072.0,1530187.0,30187.0,Scheduled - Deadline Met,Yes,Yes,3600.201560020447,60.00335933367411,9,187.0,Gurobi Status: 9
F34,P34_17,8,1600000,1700000,2115,,,,Optional Packets- Not Scheduled,No,N/A,3600.201560020447,60.00335933367411,9,187.0,Gurobi Status: 9
F34,P34_18,3,1700000,1800000,2115,1783846.0,1785961.0,85961.0,Scheduled - Deadline Met,Yes,Yes,3600.201560020447,60.00335933367411,9,187.0,Gurobi Status: 9
F34,P34_19,8,1800000,1900000,2115,1870968.0,1873083.0,73083.0,Scheduled - Deadline Met,Yes,Yes,3600.201560020447,60.00335933367411,9,187.0,Gurobi Status: 9
F34,P34_20,3,1900000,2000000,2115,1974270.0,1976385.0,76385.0,Scheduled - Deadline Met,Yes,Yes,3600.201560020447,60.00335933367411,9,187.0,Gurobi Status: 9
F34,P34_21,8,2000000,2100000,2115,,,,Optional Packets- Not Scheduled,No,N/A,3600.201560020447,60.00335933367411,9,187.0,Gurobi Status: 9
F34,P34_22,3,2100000,2200000,2115,2194571.0,2196686.0,96686.0,Scheduled - Deadline Met,Yes,Yes,3600.201560020447,60.00335933367411,9,187.0,Gurobi Status: 9
F34,P34_23,8,2200000,2300000,2115,2228539.0,2230654.0,30654.0,Scheduled - Deadline Met,Yes,Yes,3600.201560020447,60.00335933367411,9,187.0,Gurobi Status: 9
F34,P34_24,3,2300000,2400000,2115,2358203.0,2360318.0,60318.0,Scheduled - Deadline Met,Yes,Yes,3600.201560020447,60.00335933367411,9,187.0,Gurobi Status: 9
F35,P35_1,6,0,400000,600,24654.0,25254.0,25254.0,Scheduled - Deadline Met,Yes,Yes,3600.201560020447,60.00335933367411,9,187.0,Gurobi Status: 9
F35,P35_2,8,400000,800000,600,547172.0,547772.0,147772.0,Scheduled - Deadline Met,Yes,Yes,3600.201560020447,60.00335933367411,9,187.0,Gurobi Status: 9
F35,P35_3,6,800000,1200000,600,971043.0,971643.0,171643.0,Scheduled - Deadline Met,Yes,Yes,3600.201560020447,60.00335933367411,9,187.0,Gurobi Status: 9
F35,P35_4,8,1200000,1600000,600,1309095.0,1309695.0,109695.0,Scheduled - Deadline Met,Yes,Yes,3600.201560020447,60.00335933367411,9,187.0,Gurobi Status: 9
F35,P35_5,6,1600000,2000000,600,1776896.0,1777496.0,177496.0,Scheduled - Deadline Met,Yes,Yes,3600.201560020447,60.00335933367411,9,187.0,Gurobi Status: 9
F35,P35_6,8,2000000,2400000,600,2130983.0,2131583.0,131583.0,Scheduled - Deadline Met,Yes,Yes,3600.201560020447,60.00335933367411,9,187.0,Gurobi Status: 9
F36,P36_1,8,0,100000,4593,,,,Optional Packets- Not Scheduled,No,N/A,3600.201560020447,60.00335933367411,9,187.0,Gurobi Status: 9
F36,P36_2,1,100000,200000,4593,178730.0,183323.0,83323.0,Scheduled - Deadline Met,Yes,Yes,3600.201560020447,60.00335933367411,9,187.0,Gurobi Status: 9
F36,P36_3,8,200000,300000,4593,209025.0,213618.0,13618.0,Scheduled - Deadline Met,Yes,Yes,3600.201560020447,60.00335933367411,9,187.0,Gurobi Status: 9
F36,P36_4,1,300000,400000,4593,382705.0,387298.0,87298.0,Scheduled - Deadline Met,Yes,Yes,3600.201560020447,60.00335933367411,9,187.0,Gurobi Status: 9
F36,P36_5,8,400000,500000,4593,,,,Optional Packets- Not Scheduled,No,N/A,3600.201560020447,60.00335933367411,9,187.0,Gurobi Status: 9
F36,P36_6,1,500000,600000,4593,589524.0,594117.0,94117.0,Scheduled - Deadline Met,Yes,Yes,3600.201560020447,60.00335933367411,9,187.0,Gurobi Status: 9
F36,P36_7,8,600000,700000,4593,609169.0,613762.0,13762.0,Scheduled - Deadline Met,Yes,Yes,3600.201560020447,60.00335933367411,9,187.0,Gurobi Status: 9
F36,P36_8,1,700000,800000,4593,774844.0,779437.0,79437.0,Scheduled - Deadline Met,Yes,Yes,3600.201560020447,60.00335933367411,9,187.0,Gurobi Status: 9
F36,P36_9,8,800000,900000,4593,855449.0,860042.0,60042.0,Scheduled - Deadline Met,Yes,Yes,3600.201560020447,60.00335933367411,9,187.0,Gurobi Status: 9
F36,P36_10,1,900000,1000000,4593,981303.0,985896.0,85896.0,Scheduled - Deadline Met,Yes,Yes,3600.201560020447,60.00335933367411,9,187.0,Gurobi Status: 9
F36,P36_11,8,1000000,1100000,4593,1040761.0,1045354.0,45354.0,Scheduled - Deadline Met,Yes,Yes,3600.201560020447,60.00335933367411,9,187.0,Gurobi Status: 9
F36,P36_12,1,1100000,1200000,4593,1193326.0,1197919.0,97919.0,Scheduled - Deadline Met,Yes,Yes,3600.201560020447,60.00335933367411,9,187.0,Gurobi Status: 9
F36,P36_13,8,1200000,1300000,4593,1209169.0,1213762.0,13762.0,Scheduled - Deadline Met,Yes,Yes,3600.201560020447,60.00335933367411,9,187.0,Gurobi Status: 9
F36,P36_14,1,1300000,1400000,4593,1358236.0,1362829.0,62829.0,Scheduled - Deadline Met,Yes,Yes,3600.201560020447,60.00335933367411,9,187.0,Gurobi Status: 9
F36,P36_15,8,1400000,1500000,4593,1434663.0,1439256.0,39256.0,Scheduled - Deadline Met,Yes,Yes,3600.201560020447,60.00335933367411,9,187.0,Gurobi Status: 9
F36,P36_16,1,1500000,1600000,4593,1582904.0,1587497.0,87497.0,Scheduled - Deadline Met,Yes,Yes,3600.201560020447,60.00335933367411,9,187.0,Gurobi Status: 9
F36,P36_17,8,1600000,1700000,4593,,,,Optional Packets- Not Scheduled,No,N/A,3600.201560020447,60.00335933367411,9,187.0,Gurobi Status: 9
F36,P36_18,1,1700000,1800000,4593,1790603.0,1795196.0,95196.0,Scheduled - Deadline Met,Yes,Yes,3600.201560020447,60.00335933367411,9,187.0,Gurobi Status: 9
F36,P36_19,8,1800000,1900000,4593,,,,Optional Packets- Not Scheduled,No,N/A,3600.201560020447,60.00335933367411,9,187.0,Gurobi Status: 9
F36,P36_20,1,1900000,2000000,4593,1986752.0,1991345.0,91345.0,Scheduled - Deadline Met,Yes,Yes,3600.201560020447,60.00335933367411,9,187.0,Gurobi Status: 9
F36,P36_21,8,2000000,2100000,4593,2010354.0,2014947.0,14947.0,Scheduled - Deadline Met,Yes,Yes,3600.201560020447,60.00335933367411,9,187.0,Gurobi Status: 9
F36,P36_22,1,2100000,2200000,4593,2168847.0,2173440.0,73440.0,Scheduled - Deadline Met,Yes,Yes,3600.201560020447,60.00335933367411,9,187.0,Gurobi Status: 9
F36,P36_23,8,2200000,2300000,4593,2215519.0,2220112.0,20112.0,Scheduled - Deadline Met,Yes,Yes,3600.201560020447,60.00335933367411,9,187.0,Gurobi Status: 9
F36,P36_24,1,2300000,2400000,4593,2377356.0,2381949.0,81949.0,Scheduled - Deadline Met,Yes,Yes,3600.201560020447,60.00335933367411,9,187.0,Gurobi Status: 9
F37,P37_1,5,0,400000,3506,81720.0,85226.0,85226.0,Scheduled - Deadline Met,Yes,Yes,3600.201560020447,60.00335933367411,9,187.0,Gurobi Status: 9
F37,P37_2,8,400000,800000,3506,537877.0,541383.0,141383.0,Scheduled - Deadline Met,Yes,Yes,3600.201560020447,60.00335933367411,9,187.0,Gurobi Status: 9
F37,P37_3,5,800000,1200000,3506,878467.0,881973.0,81973.0,Scheduled - Deadline Met,Yes,Yes,3600.201560020447,60.00335933367411,9,187.0,Gurobi Status: 9
F37,P37_4,8,1200000,1600000,3506,1304741.0,1308247.0,108247.0,Scheduled - Deadline Met,Yes,Yes,3600.201560020447,60.00335933367411,9,187.0,Gurobi Status: 9
F37,P37_5,5,1600000,2000000,3506,1636300.0,1639806.0,39806.0,Scheduled - Deadline Met,Yes,Yes,3600.201560020447,60.00335933367411,9,187.0,Gurobi Status: 9
F37,P37_6,8,2000000,2400000,3506,,,,Optional Packets- Not Scheduled,No,N/A,3600.201560020447,60.00335933367411,9,187.0,Gurobi Status: 9
F38,P38_1,8,0,100000,4365,2325.0,6690.0,6690.0,Scheduled - Deadline Met,Yes,Yes,3600.201560020447,60.00335933367411,9,187.0,Gurobi Status: 9
F38,P38_2,5,100000,200000,4365,143250.0,147615.0,47615.0,Scheduled - Deadline Met,Yes,Yes,3600.201560020447,60.00335933367411,9,187.0,Gurobi Status: 9
F38,P38_3,8,200000,300000,4365,213714.0,218079.0,18079.0,Scheduled - Deadline Met,Yes,Yes,3600.201560020447,60.00335933367411,9,187.0,Gurobi Status: 9
F38,P38_4,5,300000,400000,4365,378243.0,382608.0,82608.0,Scheduled - Deadline Met,Yes,Yes,3600.201560020447,60.00335933367411,9,187.0,Gurobi Status: 9
F38,P38_5,8,400000,500000,4365,,,,Optional Packets- Not Scheduled,No,N/A,3600.201560020447,60.00335933367411,9,187.0,Gurobi Status: 9
F38,P38_6,5,500000,600000,4365,520184.0,524549.0,24549.0,Scheduled - Deadline Met,Yes,Yes,3600.201560020447,60.00335933367411,9,187.0,Gurobi Status: 9
F38,P38_7,8,600000,700000,4365,613858.0,618223.0,18223.0,Scheduled - Deadline Met,Yes,Yes,3600.201560020447,60.00335933367411,9,187.0,Gurobi Status: 9
F38,P38_8,5,700000,800000,4365,764830.0,769195.0,69195.0,Scheduled - Deadline Met,Yes,Yes,3600.201560020447,60.00335933367411,9,187.0,Gurobi Status: 9
F38,P38_9,8,800000,900000,4365,,,,Optional Packets- Not Scheduled,No,N/A,3600.201560020447,60.00335933367411,9,187.0,Gurobi Status: 9
F38,P38_10,5,900000,1000000,4365,976842.0,981207.0,81207.0,Scheduled - Deadline Met,Yes,Yes,3600.201560020447,60.00335933367411,9,187.0,Gurobi Status: 9
F38,P38_11,8,1000000,1100000,4365,1045450.0,1049815.0,49815.0,Scheduled - Deadline Met,Yes,Yes,3600.201560020447,60.00335933367411,9,187.0,Gurobi Status: 9
F38,P38_12,5,1100000,1200000,4365,1132804.0,1137169.0,37169.0,Scheduled - Deadline Met,Yes,Yes,3600.201560020447,60.00335933367411,9,187.0,Gurobi Status: 9
F38,P38_13,8,1200000,1300000,4365,,,,Optional Packets- Not Scheduled,No,N/A,3600.201560020447,60.00335933367411,9,187.0,Gurobi Status: 9
F38,P38_14,5,1300000,1400000,4365,1362925.0,1367290.0,67290.0,Scheduled - Deadline Met,Yes,Yes,3600.201560020447,60.00335933367411,9,187.0,Gurobi Status: 9
F38,P38_15,8,1400000,1500000,4365,1439352.0,1443717.0,43717.0,Scheduled - Deadline Met,Yes,Yes,3600.201560020447,60.00335933367411,9,187.0,Gurobi Status: 9
F38,P38_16,5,1500000,1600000,4365,1577271.0,1581636.0,81636.0,Scheduled - Deadline Met,Yes,Yes,3600.201560020447,60.00335933367411,9,187.0,Gurobi Status: 9
F38,P38_17,8,1600000,1700000,4365,,,,Optional Packets- Not Scheduled,No,N/A,3600.201560020447,60.00335933367411,9,187.0,Gurobi Status: 9
F38,P38_18,5,1700000,1800000,4365,1740894.0,1745259.0,45259.0,Scheduled - Deadline Met,Yes,Yes,3600.201560020447,60.00335933367411,9,187.0,Gurobi Status: 9
F38,P38_19,8,1800000,1900000,4365,1862637.0,1867002.0,67002.0,Scheduled - Deadline Met,Yes,Yes,3600.201560020447,60.00335933367411,9,187.0,Gurobi Status: 9
F38,P38_20,5,1900000,2000000,4365,1977249.0,1981614.0,81614.0,Scheduled - Deadline Met,Yes,Yes,3600.201560020447,60.00335933367411,9,187.0,Gurobi Status: 9
F38,P38_21,8,2000000,2100000,4365,2015043.0,2019408.0,19408.0,Scheduled - Deadline Met,Yes,Yes,3600.201560020447,60.00335933367411,9,187.0,Gurobi Status: 9
F38,P38_22,5,2100000,2200000,4365,2161782.0,2166147.0,66147.0,Scheduled - Deadline Met,Yes,Yes,3600.201560020447,60.00335933367411,9,187.0,Gurobi Status: 9
F38,P38_23,8,2200000,2300000,4365,2220208.0,2224573.0,24573.0,Scheduled - Deadline Met,Yes,Yes,3600.201560020447,60.00335933367411,9,187.0,Gurobi Status: 9
F38,P38_24,5,2300000,2400000,4365,2360414.0,2364779.0,64779.0,Scheduled - Deadline Met,Yes,Yes,3600.201560020447,60.00335933367411,9,187.0,Gurobi Status: 9
F39,P39_1,8,0,400000,2723,,,,Optional Packets- Not Scheduled,No,N/A,3600.201560020447,60.00335933367411,9,187.0,Gurobi Status: 9
F39,P39_2,2,400000,800000,2723,423337.0,426060.0,26060.0,Scheduled - Deadline Met,Yes,Yes,3600.201560020447,60.00335933367411,9,187.0,Gurobi Status: 9
F39,P39_3,8,800000,1200000,2723,936725.0,939448.0,139448.0,Scheduled - Deadline Met,Yes,Yes,3600.201560020447,60.00335933367411,9,187.0,Gurobi Status: 9
F39,P39_4,2,1200000,1600000,2723,1367386.0,1370109.0,170109.0,Scheduled - Deadline Met,Yes,Yes,3600.201560020447,60.00335933367411,9,187.0,Gurobi Status: 9
F39,P39_5,8,1600000,2000000,2723,,,,Optional Packets- Not Scheduled,No,N/A,3600.201560020447,60.00335933367411,9,187.0,Gurobi Status: 9
F39,P39_6,2,2000000,2400000,2723,2159059.0,2161782.0,161782.0,Scheduled - Deadline Met,Yes,Yes,3600.201560020447,60.00335933367411,9,187.0,Gurobi Status: 9
F4,P4_1,7,0,400000,2801,168988.0,171789.0,171789.0,Scheduled - Deadline Met,Yes,Yes,3600.201560020447,60.00335933367411,9,187.0,Gurobi Status: 9
F4,P4_2,8,400000,800000,2801,541479.0,544280.0,144280.0,Scheduled - Deadline Met,Yes,Yes,3600.201560020447,60.00335933367411,9,187.0,Gurobi Status: 9
F4,P4_3,7,800000,1200000,2801,909092.0,911893.0,111893.0,Scheduled - Deadline Met,Yes,Yes,3600.201560020447,60.00335933367411,9,187.0,Gurobi Status: 9
F4,P4_4,7,1200000,1600000,2801,1355435.0,1358236.0,158236.0,Scheduled - Deadline Met,Yes,Yes,3600.201560020447,60.00335933367411,9,187.0,Gurobi Status: 9
F4,P4_5,8,1600000,2000000,2801,,,,Optional Packets- Not Scheduled,No,N/A,3600.201560020447,60.00335933367411,9,187.0,Gurobi Status: 9
F4,P4_6,7,2000000,2400000,2801,2124553.0,2127354.0,127354.0,Scheduled - Deadline Met,Yes,Yes,3600.201560020447,60.00335933367411,9,187.0,Gurobi Status: 9
F40,P40_1,8,0,200000,8573,54201.0,62774.0,62774.0,Scheduled - Deadline Met,Yes,Yes,3600.201560020447,60.00335933367411,9,187.0,Gurobi Status: 9
F40,P40_2,7,200000,400000,8573,323948.0,332521.0,132521.0,Scheduled - Deadline Met,Yes,Yes,3600.201560020447,60.00335933367411,9,187.0,Gurobi Status: 9
F40,P40_3,8,400000,600000,8573,,,,Optional Packets- Not Scheduled,No,N/A,3600.201560020447,60.00335933367411,9,187.0,Gurobi Status: 9
F40,P40_4,7,600000,800000,8573,749220.0,757793.0,157793.0,Scheduled - Deadline Met,Yes,Yes,3600.201560020447,60.00335933367411,9,187.0,Gurobi Status: 9
F40,P40_5,8,800000,1000000,8573,,,,Optional Packets- Not Scheduled,No,N/A,3600.201560020447,60.00335933367411,9,187.0,Gurobi Status: 9
F40,P40_6,7,1000000,1200000,8573,1123222.0,1131795.0,131795.0,Scheduled - Deadline Met,Yes,Yes,3600.201560020447,60.00335933367411,9,187.0,Gurobi Status: 9
F40,P40_7,8,1200000,1400000,8573,,,,Optional Packets- Not Scheduled,No,N/A,3600.201560020447,60.00335933367411,9,187.0,Gurobi Status: 9
F40,P40_8,7,1400000,1600000,8573,1500118.0,1508691.0,108691.0,Scheduled - Deadline Met,Yes,Yes,3600.201560020447,60.00335933367411,9,187.0,Gurobi Status: 9
F40,P40_9,8,1600000,1800000,8573,,,,Optional Packets- Not Scheduled,No,N/A,3600.201560020447,60.00335933367411,9,187.0,Gurobi Status: 9
F40,P40_10,7,1800000,2000000,8573,1891429.0,1900002.0,100002.0,Scheduled - Deadline Met,Yes,Yes,3600.201560020447,60.00335933367411,9,187.0,Gurobi Status: 9
F40,P40_11,8,2000000,2200000,8573,,,,Optional Packets- Not Scheduled,No,N/A,3600.201560020447,60.00335933367411,9,187.0,Gurobi Status: 9
F40,P40_12,7,2200000,2400000,8573,2254226.0,2262799.0,62799.0,Scheduled - Deadline Met,Yes,Yes,3600.201560020447,60.00335933367411,9,187.0,Gurobi Status: 9
F41,P41_1,8,0,100000,893,52444.0,53337.0,53337.0,Scheduled - Deadline Met,Yes,Yes,3600.201560020447,60.00335933367411,9,187.0,Gurobi Status: 9
F41,P41_2,3,100000,200000,893,166095.0,166988.0,66988.0,Scheduled - Deadline Met,Yes,Yes,3600.201560020447,60.00335933367411,9,187.0,Gurobi Status: 9
F41,P41_3,8,200000,300000,893,,,,Optional Packets- Not Scheduled,No,N/A,3600.201560020447,60.00335933367411,9,187.0,Gurobi Status: 9
F41,P41_4,3,300000,400000,893,377254.0,378147.0,78147.0,Scheduled - Deadline Met,Yes,Yes,3600.201560020447,60.00335933367411,9,187.0,Gurobi Status: 9
F41,P41_5,8,400000,500000,893,,,,Optional Packets- Not Scheduled,No,N/A,3600.201560020447,60.00335933367411,9,187.0,Gurobi Status: 9
F41,P41_6,3,500000,600000,893,586899.0,587792.0,87792.0,Scheduled - Deadline Met,Yes,Yes,3600.201560020447,60.00335933367411,9,187.0,Gurobi Status: 9
F41,P41_7,8,600000,700000,893,664910.0,665803.0,65803.0,Scheduled - Deadline Met,Yes,Yes,3600.201560020447,60.00335933367411,9,187.0,Gurobi Status: 9
F41,P41_8,3,700000,800000,893,779533.0,780426.0,80426.0,Scheduled - Deadline Met,Yes,Yes,3600.201560020447,60.00335933367411,9,187.0,Gurobi Status: 9
F41,P41_9,8,800000,900000,893,864923.0,865816.0,65816.0,Scheduled - Deadline Met,Yes,Yes,3600.201560020447,60.00335933367411,9,187.0,Gurobi Status: 9
F41,P41_10,3,900000,1000000,893,992843.0,993736.0,93736.0,Scheduled - Deadline Met,Yes,Yes,3600.201560020447,60.00335933367411,9,187.0,Gurobi Status: 9
F41,P41_11,8,1000000,1100000,893,1095195.0,1096088.0,96088.0,Scheduled - Deadline Met,Yes,Yes,3600.201560020447,60.00335933367411,9,187.0,Gurobi Status: 9
F41,P41_12,3,1100000,1200000,893,1199011.0,1199904.0,99904.0,Scheduled - Deadline Met,Yes,Yes,3600.201560020447,60.00335933367411,9,187.0,Gurobi Status: 9
F41,P41_13,8,1200000,1300000,893,1218643.0,1219536.0,19536.0,Scheduled - Deadline Met,Yes,Yes,3600.201560020447,60.00335933367411,9,187.0,Gurobi Status: 9
F41,P41_14,3,1300000,1400000,893,1391558.0,1392451.0,92451.0,Scheduled - Deadline Met,Yes,Yes,3600.201560020447,60.00335933367411,9,187.0,Gurobi Status: 9
F41,P41_15,8,1400000,1500000,893,1456504.0,1457397.0,57397.0,Scheduled - Deadline Met,Yes,Yes,3600.201560020447,60.00335933367411,9,187.0,Gurobi Status: 9
F41,P41_16,3,1500000,1600000,893,1590173.0,1591066.0,91066.0,Scheduled - Deadline Met,Yes,Yes,3600.201560020447,60.00335933367411,9,187.0,Gurobi Status: 9
F41,P41_17,8,1600000,1700000,893,1683870.0,1684763.0,84763.0,Scheduled - Deadline Met,Yes,Yes,3600.201560020447,60.00335933367411,9,187.0,Gurobi Status: 9
F41,P41_18,3,1700000,1800000,893,1788618.0,1789511.0,89511.0,Scheduled - Deadline Met,Yes,Yes,3600.201560020447,60.00335933367411,9,187.0,Gurobi Status: 9
F41,P41_19,8,1800000,1900000,893,1875753.0,1876646.0,76646.0,Scheduled - Deadline Met,Yes,Yes,3600.201560020447,60.00335933367411,9,187.0,Gurobi Status: 9
F41,P41_20,3,1900000,2000000,893,1999107.0,2000000.0,100000.0,Scheduled - Deadline Met,Yes,Yes,3600.201560020447,60.00335933367411,9,187.0,Gurobi Status: 9
F41,P41_21,8,2000000,2100000,893,2024942.0,2025835.0,25835.0,Scheduled - Deadline Met,Yes,Yes,3600.201560020447,60.00335933367411,9,187.0,Gurobi Status: 9
F41,P41_22,3,2100000,2200000,893,2196782.0,2197675.0,97675.0,Scheduled - Deadline Met,Yes,Yes,3600.201560020447,60.00335933367411,9,187.0,Gurobi Status: 9
F41,P41_23,8,2200000,2300000,893,2234653.0,2235546.0,35546.0,Scheduled - Deadline Met,Yes,Yes,3600.201560020447,60.00335933367411,9,187.0,Gurobi Status: 9
F41,P41_24,3,2300000,2400000,893,2366204.0,2367097.0,67097.0,Scheduled - Deadline Met,Yes,Yes,3600.201560020447,60.00335933367411,9,187.0,Gurobi Status: 9
F42,P42_1,8,0,400000,10599,,,,Optional Packets- Not Scheduled,No,N/A,3600.201560020447,60.00335933367411,9,187.0,Gurobi Status: 9
F42,P42_2,3,400000,800000,10599,480637.0,491236.0,91236.0,Scheduled - Deadline Met,Yes,Yes,3600.201560020447,60.00335933367411,9,187.0,Gurobi Status: 9
F42,P42_3,8,800000,1200000,10599,,,,Optional Packets- Not Scheduled,No,N/A,3600.201560020447,60.00335933367411,9,187.0,Gurobi Status: 9
F42,P42_4,3,1200000,1600000,10599,1371281.0,1381880.0,181880.0,Scheduled - Deadline Met,Yes,Yes,3600.201560020447,60.00335933367411,9,187.0,Gurobi Status: 9
F42,P42_5,8,1600000,2000000,10599,,,,Optional Packets- Not Scheduled,No,N/A,3600.201560020447,60.00335933367411,9,187.0,Gurobi Status: 9
F42,P42_6,3,2000000,2400000,10599,2113858.0,2124457.0,124457.0,Scheduled - Deadline Met,Yes,Yes,3600.201560020447,60.00335933367411,9,187.0,Gurobi Status: 9
F43,P43_1,1,0,200000,4215,122089.0,126304.0,126304.0,Scheduled - Deadline Met,Yes,Yes,3600.201560020447,60.00335933367411,9,187.0,Gurobi Status: 9
F43,P43_2,8,200000,400000,4215,334948.0,339163.0,139163.0,Scheduled - Deadline Met,Yes,Yes,3600.201560020447,60.00335933367411,9,187.0,Gurobi Status: 9
F43,P43_3,1,400000,600000,4215,447537.0,451752.0,51752.0,Scheduled - Deadline Met,Yes,Yes,3600.201560020447,60.00335933367411,9,187.0,Gurobi Status: 9
F43,P43_4,8,600000,800000,4215,722042.0,726257.0,126257.0,Scheduled - Deadline Met,Yes,Yes,3600.201560020447,60.00335933367411,9,187.0,Gurobi Status: 9
F43,P43_5,1,800000,1000000,4215,904781.0,908996.0,108996.0,Scheduled - Deadline Met,Yes,Yes,3600.201560020447,60.00335933367411,9,187.0,Gurobi Status: 9
F43,P43_6,8,1000000,1200000,4215,1141903.0,1146118.0,146118.0,Scheduled - Deadline Met,Yes,Yes,3600.201560020447,60.00335933367411,9,187.0,Gurobi Status: 9
F43,P43_7,1,1200000,1400000,4215,1257762.0,1261977.0,61977.0,Scheduled - Deadline Met,Yes,Yes,3600.201560020447,60.00335933367411,9,187.0,Gurobi Status: 9
F43,P43_8,8,1400000,1600000,4215,1542644.0,1546859.0,146859.0,Scheduled - Deadline Met,Yes,Yes,3600.201560020447,60.00335933367411,9,187.0,Gurobi Status: 9
F43,P43_9,1,1600000,1800000,4215,1665952.0,1670167.0,70167.0,Scheduled - Deadline Met,Yes,Yes,3600.201560020447,60.00335933367411,9,187.0,Gurobi Status: 9
F43,P43_10,8,1800000,2000000,4215,1925955.0,1930170.0,130170.0,Scheduled - Deadline Met,Yes,Yes,3600.201560020447,60.00335933367411,9,187.0,Gurobi Status: 9
F43,P43_11,1,2000000,2200000,4215,2091795.0,2096010.0,96010.0,Scheduled - Deadline Met,Yes,Yes,3600.201560020447,60.00335933367411,9,187.0,Gurobi Status: 9
F43,P43_12,8,2200000,2400000,4215,2303748.0,2307963.0,107963.0,Scheduled - Deadline Met,Yes,Yes,3600.201560020447,60.00335933367411,9,187.0,Gurobi Status: 9
F44,P44_1,8,0,50000,900,1329.0,2229.0,2229.0,Scheduled - Deadline Met,Yes,Yes,3600.201560020447,60.00335933367411,9,187.0,Gurobi Status: 9
F44,P44_2,5,50000,100000,900,87335.0,88235.0,38235.0,Scheduled - Deadline Met,Yes,Yes,3600.201560020447,60.00335933367411,9,187.0,Gurobi Status: 9
F44,P44_3,8,100000,150000,900,100705.0,101605.0,1605.0,Scheduled - Deadline Met,Yes,Yes,3600.201560020447,60.00335933367411,9,187.0,Gurobi Status: 9
F44,P44_4,5,150000,200000,900,183419.0,184319.0,34319.0,Scheduled - Deadline Met,Yes,Yes,3600.201560020447,60.00335933367411,9,187.0,Gurobi Status: 9
F44,P44_5,8,200000,250000,900,201232.0,202132.0,2132.0,Scheduled - Deadline Met,Yes,Yes,3600.201560020447,60.00335933367411,9,187.0,Gurobi Status: 9
F44,P44_6,5,250000,300000,900,291195.0,292095.0,42095.0,Scheduled - Deadline Met,Yes,Yes,3600.201560020447,60.00335933367411,9,187.0,Gurobi Status: 9
F44,P44_7,8,300000,350000,900,341404.0,342304.0,42304.0,Scheduled - Deadline Met,Yes,Yes,3600.201560020447,60.00335933367411,9,187.0,Gurobi Status: 9
F44,P44_8,5,350000,400000,900,395064.0,395964.0,45964.0,Scheduled - Deadline Met,Yes,Yes,3600.201560020447,60.00335933367411,9,187.0,Gurobi Status: 9
F44,P44_9,8,400000,450000,900,,,,Optional Packets- Not Scheduled,No,N/A,3600.201560020447,60.00335933367411,9,187.0,Gurobi Status: 9
F44,P44_10,5,450000,500000,900,455374.0,456274.0,6274.0,Scheduled - Deadline Met,Yes,Yes,3600.201560020447,60.00335933367411,9,187.0,Gurobi Status: 9
F44,P44_11,8,500000,550000,900,549100.0,550000.0,50000.0,Scheduled - Deadline Met,Yes,Yes,3600.201560020447,60.00335933367411,9,187.0,Gurobi Status: 9
F44,P44_12,5,550000,600000,900,594213.0,595113.0,45113.0,Scheduled - Deadline Met,Yes,Yes,3600.201560020447,60.00335933367411,9,187.0,Gurobi Status: 9
F44,P44_13,8,600000,650000,900,601232.0,602132.0,2132.0,Scheduled - Deadline Met,Yes,Yes,3600.201560020447,60.00335933367411,9,187.0,Gurobi Status: 9
F44,P44_14,5,650000,700000,900,683819.0,684719.0,34719.0,Scheduled - Deadline Met,Yes,Yes,3600.201560020447,60.00335933367411,9,187.0,Gurobi Status: 9
F44,P44_15,8,700000,750000,900,729640.0,730540.0,30540.0,Scheduled - Deadline Met,Yes,Yes,3600.201560020447,60.00335933367411,9,187.0,Gurobi Status: 9
F44,P44_16,5,750000,800000,900,789660.0,790560.0,40560.0,Scheduled - Deadline Met,Yes,Yes,3600.201560020447,60.00335933367411,9,187.0,Gurobi Status: 9
F44,P44_17,8,800000,850000,900,,,,Optional Packets- Not Scheduled,No,N/A,3600.201560020447,60.00335933367411,9,187.0,Gurobi Status: 9
F44,P44_18,5,850000,900000,900,883301.0,884201.0,34201.0,Scheduled - Deadline Met,Yes,Yes,3600.201560020447,60.00335933367411,9,187.0,Gurobi Status: 9
F44,P44_19,8,900000,950000,900,945532.0,946432.0,46432.0,Scheduled - Deadline Met,Yes,Yes,3600.201560020447,60.00335933367411,9,187.0,Gurobi Status: 9
F44,P44_20,5,950000,1000000,900,999100.0,1000000.0,50000.0,Scheduled - Deadline Met,Yes,Yes,3600.201560020447,60.00335933367411,9,187.0,Gurobi Status: 9
F44,P44_21,8,1000000,1050000,900,1033415.0,1034315.0,34315.0,Scheduled - Deadline Met,Yes,Yes,3600.201560020447,60.00335933367411,9,187.0,Gurobi Status: 9
F44,P44_22,5,1050000,1100000,900,1082374.0,1083274.0,33274.0,Scheduled - Deadline Met,Yes,Yes,3600.201560020447,60.00335933367411,9,187.0,Gurobi Status: 9
F44,P44_23,8,1100000,1150000,900,1147446.0,1148346.0,48346.0,Scheduled - Deadline Met,Yes,Yes,3600.201560020447,60.00335933367411,9,187.0,Gurobi Status: 9
F44,P44_24,5,1150000,1200000,900,1198015.0,1198915.0,48915.0,Scheduled - Deadline Met,Yes,Yes,3600.201560020447,60.00335933367411,9,187.0,Gurobi Status: 9
F44,P44_25,8,1200000,1250000,900,1201232.0,1202132.0,2132.0,Scheduled - Deadline Met,Yes,Yes,3600.201560020447,60.00335933367411,9,187.0,Gurobi Status: 9
F44,P44_26,5,1250000,1300000,900,1291892.0,1292792.0,42792.0,Scheduled - Deadline Met,Yes,Yes,3600.201560020447,60.00335933367411,9,187.0,Gurobi Status: 9
F44,P44_27,8,1300000,1350000,900,1311023.0,1311923.0,11923.0,Scheduled - Deadline Met,Yes,Yes,3600.201560020447,60.00335933367411,9,187.0,Gurobi Status: 9
F44,P44_28,5,1350000,1400000,900,1397819.0,1398719.0,48719.0,Scheduled - Deadline Met,Yes,Yes,3600.201560020447,60.00335933367411,9,187.0,Gurobi Status: 9
F44,P44_29,8,1400000,1450000,900,1426870.0,1427770.0,27770.0,Scheduled - Deadline Met,Yes,Yes,3600.201560020447,60.00335933367411,9,187.0,Gurobi Status: 9
F44,P44_30,5,1450000,1500000,900,1491479.0,1492379.0,42379.0,Scheduled - Deadline Met,Yes,Yes,3600.201560020447,60.00335933367411,9,187.0,Gurobi Status: 9
F44,P44_31,8,1500000,1550000,900,1549100.0,1550000.0,50000.0,Scheduled - Deadline Met,Yes,Yes,3600.201560020447,60.00335933367411,9,187.0,Gurobi Status: 9
F44,P44_32,5,1550000,1600000,900,1599004.0,1599904.0,49904.0,Scheduled - Deadline Met,Yes,Yes,3600.201560020447,60.00335933367411,9,187.0,Gurobi Status: 9
F44,P44_33,8,1600000,1650000,900,,,,Optional Packets- Not Scheduled,No,N/A,3600.201560020447,60.00335933367411,9,187.0,Gurobi Status: 9
F44,P44_34,5,1650000,1700000,900,1671399.0,1672299.0,22299.0,Scheduled - Deadline Met,Yes,Yes,3600.201560020447,60.00335933367411,9,187.0,Gurobi Status: 9
F44,P44_35,8,1700000,1750000,900,1715120.0,1716020.0,16020.0,Scheduled - Deadline Met,Yes,Yes,3600.201560020447,60.00335933367411,9,187.0,Gurobi Status: 9
F44,P44_36,5,1750000,1800000,900,1789607.0,1790507.0,40507.0,Scheduled - Deadline Met,Yes,Yes,3600.201560020447,60.00335933367411,9,187.0,Gurobi Status: 9
F44,P44_37,8,1800000,1850000,900,,,,Optional Packets- Not Scheduled,No,N/A,3600.201560020447,60.00335933367411,9,187.0,Gurobi Status: 9
F44,P44_38,5,1850000,1900000,900,1890529.0,1891429.0,41429.0,Scheduled - Deadline Met,Yes,Yes,3600.201560020447,60.00335933367411,9,187.0,Gurobi Status: 9
F44,P44_39,8,1900000,1950000,900,1932427.0,1933327.0,33327.0,Scheduled - Deadline Met,Yes,Yes,3600.201560020447,60.00335933367411,9,187.0,Gurobi Status: 9
F44,P44_40,5,1950000,2000000,900,1994075.0,1994975.0,44975.0,Scheduled - Deadline Met,Yes,Yes,3600.201560020447,60.00335933367411,9,187.0,Gurobi Status: 9
F44,P44_41,8,2000000,2050000,900,2002561.0,2003461.0,3461.0,Scheduled - Deadline Met,Yes,Yes,3600.201560020447,60.00335933367411,9,187.0,Gurobi Status: 9
F44,P44_42,5,2050000,2100000,900,2098034.0,2098934.0,48934.0,Scheduled - Deadline Met,Yes,Yes,3600.201560020447,60.00335933367411,9,187.0,Gurobi Status: 9
F44,P44_43,8,2100000,2150000,900,2132911.0,2133811.0,33811.0,Scheduled - Deadline Met,Yes,Yes,3600.201560020447,60.00335933367411,9,187.0,Gurobi Status: 9
F44,P44_44,5,2150000,2200000,900,2199100.0,2200000.0,50000.0,Scheduled - Deadline Met,Yes,Yes,3600.201560020447,60.00335933367411,9,187.0,Gurobi Status: 9
F44,P44_45,8,2200000,2250000,900,2208173.0,2209073.0,9073.0,Scheduled - Deadline Met,Yes,Yes,3600.201560020447,60.00335933367411,9,187.0,Gurobi Status: 9
F44,P44_46,5,2250000,2300000,900,2294341.0,2295241.0,45241.0,Scheduled - Deadline Met,Yes,Yes,3600.201560020447,60.00335933367411,9,187.0,Gurobi Status: 9
F44,P44_47,8,2300000,2350000,900,2309291.0,2310191.0,10191.0,Scheduled - Deadline Met,Yes,Yes,3600.201560020447,60.00335933367411,9,187.0,Gurobi Status: 9
F44,P44_48,5,2350000,2400000,900,2399100.0,2400000.0,50000.0,Scheduled - Deadline Met,Yes,Yes,3600.201560020447,60.00335933367411,9,187.0,Gurobi Status: 9
F45,P45_1,7,0,400000,8505,113488.0,121993.0,121993.0,Scheduled - Deadline Met,Yes,Yes,3600.201560020447,60.00335933367411,9,187.0,Gurobi Status: 9
F45,P45_2,8,400000,800000,8505,529276.0,537781.0,137781.0,Scheduled - Deadline Met,Yes,Yes,3600.201560020447,60.00335933367411,9,187.0,Gurobi Status: 9
F45,P45_3,7,800000,1200000,8505,896180.0,904685.0,104685.0,Scheduled - Deadline Met,Yes,Yes,3600.201560020447,60.00335933367411,9,187.0,Gurobi Status: 9
F45,P45_4,8,1200000,1600000,8505,,,,Optional Packets- Not Scheduled,No,N/A,3600.201560020447,60.00335933367411,9,187.0,Gurobi Status: 9
F45,P45_5,7,1600000,2000000,8505,1745355.0,1753860.0,153860.0,Scheduled - Deadline Met,Yes,Yes,3600.201560020447,60.00335933367411,9,187.0,Gurobi Status: 9
F45,P45_6,8,2000000,2400000,8505,,,,Optional Packets- Not Scheduled,No,N/A,3600.201560020447,60.00335933367411,9,187.0,Gurobi Status: 9
F46,P46_1,8,0,400000,600,100009.0,100609.0,100609.0,Scheduled - Deadline Met,Yes,Yes,3600.201560020447,60.00335933367411,9,187.0,Gurobi Status: 9
F46,P46_2,5,400000,800000,600,452629.0,453229.0,53229.0,Scheduled - Deadline Met,Yes,Yes,3600.201560020447,60.00335933367411,9,187.0,Gurobi Status: 9
F46,P46_3,8,800000,1200000,600,943604.0,944204.0,144204.0,Scheduled - Deadline Met,Yes,Yes,3600.201560020447,60.00335933367411,9,187.0,Gurobi Status: 9
F46,P46_4,5,1200000,1600000,600,1279901.0,1280501.0,80501.0,Scheduled - Deadline Met,Yes,Yes,3600.201560020447,60.00335933367411,9,187.0,Gurobi Status: 9
F46,P46_5,8,1600000,2000000,600,1713192.0,1713792.0,113792.0,Scheduled - Deadline Met,Yes,Yes,3600.201560020447,60.00335933367411,9,187.0,Gurobi Status: 9
F46,P46_6,5,2000000,2400000,600,2096106.0,2096706.0,96706.0,Scheduled - Deadline Met,Yes,Yes,3600.201560020447,60.00335933367411,9,187.0,Gurobi Status: 9
F47,P47_1,8,0,50000,1136,,,,Optional Packets- Not Scheduled,No,N/A,3600.201560020447,60.00335933367411,9,187.0,Gurobi Status: 9
F47,P47_2,5,50000,100000,1136,86103.0,87239.0,37239.0,Scheduled - Deadline Met,Yes,Yes,3600.201560020447,60.00335933367411,9,187.0,Gurobi Status: 9
F47,P47_3,8,100000,150000,1136,,,,Optional Packets- Not Scheduled,No,N/A,3600.201560020447,60.00335933367411,9,187.0,Gurobi Status: 9
F47,P47_4,5,150000,200000,1136,167852.0,168988.0,18988.0,Scheduled - Deadline Met,Yes,Yes,3600.201560020447,60.00335933367411,9,187.0,Gurobi Status: 9
F47,P47_5,8,200000,250000,1136,200000.0,201136.0,1136.0,Scheduled - Deadline Met,Yes,Yes,3600.201560020447,60.00335933367411,9,187.0,Gurobi Status: 9
F47,P47_6,5,250000,300000,1136,283013.0,284149.0,34149.0,Scheduled - Deadline Met,Yes,Yes,3600.201560020447,60.00335933367411,9,187.0,Gurobi Status: 9
F47,P47_7,8,300000,350000,1136,340172.0,341308.0,41308.0,Scheduled - Deadline Met,Yes,Yes,3600.201560020447,60.00335933367411,9,187.0,Gurobi Status: 9
F47,P47_8,5,350000,400000,1136,388566.0,389702.0,39702.0,Scheduled - Deadline Met,Yes,Yes,3600.201560020447,60.00335933367411,9,187.0,Gurobi Status: 9
F47,P47_9,8,400000,450000,1136,,,,Optional Packets- Not Scheduled,No,N/A,3600.201560020447,60.00335933367411,9,187.0,Gurobi Status: 9
F47,P47_10,5,450000,500000,1136,454142.0,455278.0,5278.0,Scheduled - Deadline Met,Yes,Yes,3600.201560020447,60.00335933367411,9,187.0,Gurobi Status: 9
F47,P47_11,8,500000,550000,1136,547868.0,549004.0,49004.0,Scheduled - Deadline Met,Yes,Yes,3600.201560020447,60.00335933367411,9,187.0,Gurobi Status: 9
F47,P47_12,5,550000,600000,1136,580468.0,581604.0,31604.0,Scheduled - Deadline Met,Yes,Yes,3600.201560020447,60.00335933367411,9,187.0,Gurobi Status: 9
F47,P47_13,8,600000,650000,1136,600000.0,601136.0,1136.0,Scheduled - Deadline Met,Yes,Yes,3600.201560020447,60.00335933367411,9,187.0,Gurobi Status: 9
F47,P47_14,5,650000,700000,1136,663678.0,664814.0,14814.0,Scheduled - Deadline Met,Yes,Yes,3600.201560020447,60.00335933367411,9,187.0,Gurobi Status: 9
F47,P47_15,8,700000,750000,1136,728408.0,729544.0,29544.0,Scheduled - Deadline Met,Yes,Yes,3600.201560020447,60.00335933367411,9,187.0,Gurobi Status: 9
F47,P47_16,5,750000,800000,1136,784558.0,785694.0,35694.0,Scheduled - Deadline Met,Yes,Yes,3600.201560020447,60.00335933367411,9,187.0,Gurobi Status: 9
F47,P47_17,8,800000,850000,1136,,,,Optional Packets- Not Scheduled,No,N/A,3600.201560020447,60.00335933367411,9,187.0,Gurobi Status: 9
F47,P47_18,5,850000,900000,1136,882069.0,883205.0,33205.0,Scheduled - Deadline Met,Yes,Yes,3600.201560020447,60.00335933367411,9,187.0,Gurobi Status: 9
F47,P47_19,8,900000,950000,1136,944300.0,945436.0,45436.0,Scheduled - Deadline Met,Yes,Yes,3600.201560020447,60.00335933367411,9,187.0,Gurobi Status: 9
F47,P47_20,5,950000,1000000,1136,993832.0,994968.0,44968.0,Scheduled - Deadline Met,Yes,Yes,3600.201560020447,60.00335933367411,9,187.0,Gurobi Status: 9
F47,P47_21,8,1000000,1050000,1136,1032183.0,1033319.0,33319.0,Scheduled - Deadline Met,Yes,Yes,3600.201560020447,60.00335933367411,9,187.0,Gurobi Status: 9
F47,P47_22,5,1050000,1100000,1136,1081142.0,1082278.0,32278.0,Scheduled - Deadline Met,Yes,Yes,3600.201560020447,60.00335933367411,9,187.0,Gurobi Status: 9
F47,P47_23,8,1100000,1150000,1136,1146214.0,1147350.0,47350.0,Scheduled - Deadline Met,Yes,Yes,3600.201560020447,60.00335933367411,9,187.0,Gurobi Status: 9
F47,P47_24,5,1150000,1200000,1136,1192094.0,1193230.0,43230.0,Scheduled - Deadline Met,Yes,Yes,3600.201560020447,60.00335933367411,9,187.0,Gurobi Status: 9
F47,P47_25,8,1200000,1250000,1136,1200000.0,1201136.0,1136.0,Scheduled - Deadline Met,Yes,Yes,3600.201560020447,60.00335933367411,9,187.0,Gurobi Status: 9
F47,P47_26,5,1250000,1300000,1136,1280597.0,1281733.0,31733.0,Scheduled - Deadline Met,Yes,Yes,3600.201560020447,60.00335933367411,9,187.0,Gurobi Status: 9
F47,P47_27,8,1300000,1350000,1136,1309791.0,1310927.0,10927.0,Scheduled - Deadline Met,Yes,Yes,3600.201560020447,60.00335933367411,9,187.0,Gurobi Status: 9
F47,P47_28,5,1350000,1400000,1136,1390326.0,1391462.0,41462.0,Scheduled - Deadline Met,Yes,Yes,3600.201560020447,60.00335933367411,9,187.0,Gurobi Status: 9
F47,P47_29,8,1400000,1450000,1136,1425638.0,1426774.0,26774.0,Scheduled - Deadline Met,Yes,Yes,3600.201560020447,60.00335933367411,9,187.0,Gurobi Status: 9
F47,P47_30,5,1450000,1500000,1136,1489743.0,1490879.0,40879.0,Scheduled - Deadline Met,Yes,Yes,3600.201560020447,60.00335933367411,9,187.0,Gurobi Status: 9
F47,P47_31,8,1500000,1550000,1136,1547868.0,1549004.0,49004.0,Scheduled - Deadline Met,Yes,Yes,3600.201560020447,60.00335933367411,9,187.0,Gurobi Status: 9
F47,P47_32,5,1550000,1600000,1136,1597772.0,1598908.0,48908.0,Scheduled - Deadline Met,Yes,Yes,3600.201560020447,60.00335933367411,9,187.0,Gurobi Status: 9
F47,P47_33,8,1600000,1650000,1136,,,,Optional Packets- Not Scheduled,No,N/A,3600.201560020447,60.00335933367411,9,187.0,Gurobi Status: 9
F47,P47_34,5,1650000,1700000,1136,1670167.0,1671303.0,21303.0,Scheduled - Deadline Met,Yes,Yes,3600.201560020447,60.00335933367411,9,187.0,Gurobi Status: 9
F47,P47_35,8,1700000,1750000,1136,1713888.0,1715024.0,15024.0,Scheduled - Deadline Met,Yes,Yes,3600.201560020447,60.00335933367411,9,187.0,Gurobi Status: 9
F47,P47_36,5,1750000,1800000,1136,1787386.0,1788522.0,38522.0,Scheduled - Deadline Met,Yes,Yes,3600.201560020447,60.00335933367411,9,187.0,Gurobi Status: 9
F47,P47_37,8,1800000,1850000,1136,,,,Optional Packets- Not Scheduled,No,N/A,3600.201560020447,60.00335933367411,9,187.0,Gurobi Status: 9
F47,P47_38,5,1850000,1900000,1136,1889297.0,1890433.0,40433.0,Scheduled - Deadline Met,Yes,Yes,3600.201560020447,60.00335933367411,9,187.0,Gurobi Status: 9
F47,P47_39,8,1900000,1950000,1136,1931195.0,1932331.0,32331.0,Scheduled - Deadline Met,Yes,Yes,3600.201560020447,60.00335933367411,9,187.0,Gurobi Status: 9
F47,P47_40,5,1950000,2000000,1136,1992843.0,1993979.0,43979.0,Scheduled - Deadline Met,Yes,Yes,3600.201560020447,60.00335933367411,9,187.0,Gurobi Status: 9
F47,P47_41,8,2000000,2050000,1136,2001329.0,2002465.0,2465.0,Scheduled - Deadline Met,Yes,Yes,3600.201560020447,60.00335933367411,9,187.0,Gurobi Status: 9
F47,P47_42,5,2050000,2100000,1136,2096802.0,2097938.0,47938.0,Scheduled - Deadline Met,Yes,Yes,3600.201560020447,60.00335933367411,9,187.0,Gurobi Status: 9
F47,P47_43,8,2100000,2150000,1136,2131679.0,2132815.0,32815.0,Scheduled - Deadline Met,Yes,Yes,3600.201560020447,60.00335933367411,9,187.0,Gurobi Status: 9
F47,P47_44,5,2150000,2200000,1136,2193339.0,2194475.0,44475.0,Scheduled - Deadline Met,Yes,Yes,3600.201560020447,60.00335933367411,9,187.0,Gurobi Status: 9
F47,P47_45,8,2200000,2250000,1136,2206941.0,2208077.0,8077.0,Scheduled - Deadline Met,Yes,Yes,3600.201560020447,60.00335933367411,9,187.0,Gurobi Status: 9
F47,P47_46,5,2250000,2300000,1136,2289162.0,2290298.0,40298.0,Scheduled - Deadline Met,Yes,Yes,3600.201560020447,60.00335933367411,9,187.0,Gurobi Status: 9
F47,P47_47,8,2300000,2350000,1136,2308059.0,2309195.0,9195.0,Scheduled - Deadline Met,Yes,Yes,3600.201560020447,60.00335933367411,9,187.0,Gurobi Status: 9
F47,P47_48,5,2350000,2400000,1136,2397868.0,2399004.0,49004.0,Scheduled - Deadline Met,Yes,Yes,3600.201560020447,60.00335933367411,9,187.0,Gurobi Status: 9
F48,P48_1,8,0,100000,3774,6786.0,10560.0,10560.0,Scheduled - Deadline Met,Yes,Yes,3600.201560020447,60.00335933367411,9,187.0,Gurobi Status: 9
F48,P48_2,7,100000,200000,3774,188451.0,192225.0,92225.0,Scheduled - Deadline Met,Yes,Yes,3600.201560020447,60.00335933367411,9,187.0,Gurobi Status: 9
F48,P48_3,8,200000,300000,3774,222211.0,225985.0,25985.0,Scheduled - Deadline Met,Yes,Yes,3600.201560020447,60.00335933367411,9,187.0,Gurobi Status: 9
F48,P48_4,7,300000,400000,3774,389865.0,393639.0,93639.0,Scheduled - Deadline Met,Yes,Yes,3600.201560020447,60.00335933367411,9,187.0,Gurobi Status: 9
F48,P48_5,8,400000,500000,3774,,,,Optional Packets- Not Scheduled,No,N/A,3600.201560020447,60.00335933367411,9,187.0,Gurobi Status: 9
F48,P48_6,7,500000,600000,3774,581700.0,585474.0,85474.0,Scheduled - Deadline Met,Yes,Yes,3600.201560020447,60.00335933367411,9,187.0,Gurobi Status: 9
F48,P48_7,8,600000,700000,3774,618319.0,622093.0,22093.0,Scheduled - Deadline Met,Yes,Yes,3600.201560020447,60.00335933367411,9,187.0,Gurobi Status: 9
F48,P48_8,7,700000,800000,3774,785790.0,789564.0,89564.0,Scheduled - Deadline Met,Yes,Yes,3600.201560020447,60.00335933367411,9,187.0,Gurobi Status: 9
F48,P48_9,8,800000,900000,3774,,,,Optional Packets- Not Scheduled,No,N/A,3600.201560020447,60.00335933367411,9,187.0,Gurobi Status: 9
F48,P48_10,7,900000,1000000,3774,971643.0,975417.0,75417.0,Scheduled - Deadline Met,Yes,Yes,3600.201560020447,60.00335933367411,9,187.0,Gurobi Status: 9
F48,P48_11,8,1000000,1100000,3774,1049911.0,1053685.0,53685.0,Scheduled - Deadline Met,Yes,Yes,3600.201560020447,60.00335933367411,9,187.0,Gurobi Status: 9
F48,P48_12,7,1100000,1200000,3774,1138033.0,1141807.0,41807.0,Scheduled - Deadline Met,Yes,Yes,3600.201560020447,60.00335933367411,9,187.0,Gurobi Status: 9
F48,P48_13,8,1200000,1300000,3774,,,,Optional Packets- Not Scheduled,No,N/A,3600.201560020447,60.00335933367411,9,187.0,Gurobi Status: 9
F48,P48_14,7,1300000,1400000,3774,1392547.0,1396321.0,96321.0,Scheduled - Deadline Met,Yes,Yes,3600.201560020447,60.00335933367411,9,187.0,Gurobi Status: 9
F48,P48_15,8,1400000,1500000,3774,1447849.0,1451623.0,51623.0,Scheduled - Deadline Met,Yes,Yes,3600.201560020447,60.00335933367411,9,187.0,Gurobi Status: 9
F48,P48_16,7,1500000,1600000,3774,1530283.0,1534057.0,34057.0,Scheduled - Deadline Met,Yes,Yes,3600.201560020447,60.00335933367411,9,187.0,Gurobi Status: 9
F48,P48_17,8,1600000,1700000,3774,,,,Optional Packets- Not Scheduled,No,N/A,3600.201560020447,60.00335933367411,9,187.0,Gurobi Status: 9
F48,P48_18,7,1700000,1800000,3774,1760743.0,1764517.0,64517.0,Scheduled - Deadline Met,Yes,Yes,3600.201560020447,60.00335933367411,9,187.0,Gurobi Status: 9
F48,P48_19,8,1800000,1900000,3774,1867098.0,1870872.0,70872.0,Scheduled - Deadline Met,Yes,Yes,3600.201560020447,60.00335933367411,9,187.0,Gurobi Status: 9
F48,P48_20,7,1900000,2000000,3774,1982882.0,1986656.0,86656.0,Scheduled - Deadline Met,Yes,Yes,3600.201560020447,60.00335933367411,9,187.0,Gurobi Status: 9
F48,P48_21,8,2000000,2100000,3774,,,,Optional Packets- Not Scheduled,No,N/A,3600.201560020447,60.00335933367411,9,187.0,Gurobi Status: 9
F48,P48_22,7,2100000,2200000,3774,2189469.0,2193243.0,93243.0,Scheduled - Deadline Met,Yes,Yes,3600.201560020447,60.00335933367411,9,187.0,Gurobi Status: 9
F48,P48_23,8,2200000,2300000,3774,2224669.0,2228443.0,28443.0,Scheduled - Deadline Met,Yes,Yes,3600.201560020447,60.00335933367411,9,187.0,Gurobi Status: 9
F48,P48_24,7,2300000,2400000,3774,2353565.0,2357339.0,57339.0,Scheduled - Deadline Met,Yes,Yes,3600.201560020447,60.00335933367411,9,187.0,Gurobi Status: 9
F5,P5_1,8,0,200000,7829,,,,Optional Packets- Not Scheduled,No,N/A,3600.201560020447,60.00335933367411,9,187.0,Gurobi Status: 9
F5,P5_2,5,200000,400000,7829,255048.0,262877.0,62877.0,Scheduled - Deadline Met,Yes,Yes,3600.201560020447,60.00335933367411,9,187.0,Gurobi Status: 9
F5,P5_3,5,400000,600000,7829,426156.0,433985.0,33985.0,Scheduled - Deadline Met,Yes,Yes,3600.201560020447,60.00335933367411,9,187.0,Gurobi Status: 9
F5,P5_4,8,600000,800000,7829,714117.0,721946.0,121946.0,Scheduled - Deadline Met,Yes,Yes,3600.201560020447,60.00335933367411,9,187.0,Gurobi Status: 9
F5,P5_5,5,800000,1000000,7829,813371.0,821200.0,21200.0,Scheduled - Deadline Met,Yes,Yes,3600.201560020447,60.00335933367411,9,187.0,Gurobi Status: 9
F5,P5_6,5,1000000,1200000,7829,1069181.0,1077010.0,77010.0,Scheduled - Deadline Met,Yes,Yes,3600.201560020447,60.00335933367411,9,187.0,Gurobi Status: 9
F5,P5_7,8,1200000,1400000,7829,,,,Optional Packets- Not Scheduled,No,N/A,3600.201560020447,60.00335933367411,9,187.0,Gurobi Status: 9
F5,P5_8,5,1400000,1600000,7829,1470048.0,1477877.0,77877.0,Scheduled - Deadline Met,Yes,Yes,3600.201560020447,60.00335933367411,9,187.0,Gurobi Status: 9
F5,P5_9,5,1600000,1800000,7829,1628375.0,1636204.0,36204.0,Scheduled - Deadline Met,Yes,Yes,3600.201560020447,60.00335933367411,9,187.0,Gurobi Status: 9
F5,P5_10,8,1800000,2000000,7829,1918030.0,1925859.0,125859.0,Scheduled - Deadline Met,Yes,Yes,3600.201560020447,60.00335933367411,9,187.0,Gurobi Status: 9
F5,P5_11,5,2000000,2200000,7829,2069528.0,2077357.0,77357.0,Scheduled - Deadline Met,Yes,Yes,3600.201560020447,60.00335933367411,9,187.0,Gurobi Status: 9
F5,P5_12,5,2200000,2400000,7829,2281237.0,2289066.0,89066.0,Scheduled - Deadline Met,Yes,Yes,3600.201560020447,60.00335933367411,9,187.0,Gurobi Status: 9
F6,P6_1,8,0,400000,3633,,,,Optional Packets- Not Scheduled,No,N/A,3600.201560020447,60.00335933367411,9,187.0,Gurobi Status: 9
F6,P6_2,6,400000,800000,3633,515799.0,519432.0,119432.0,Scheduled - Deadline Met,Yes,Yes,3600.201560020447,60.00335933367411,9,187.0,Gurobi Status: 9
F6,P6_3,6,800000,1200000,3633,966008.0,969641.0,169641.0,Scheduled - Deadline Met,Yes,Yes,3600.201560020447,60.00335933367411,9,187.0,Gurobi Status: 9
F6,P6_4,8,1200000,1600000,3633,,,,Optional Packets- Not Scheduled,No,N/A,3600.201560020447,60.00335933367411,9,187.0,Gurobi Status: 9
F6,P6_5,6,1600000,2000000,3633,1646843.0,1650476.0,50476.0,Scheduled - Deadline Met,Yes,Yes,3600.201560020447,60.00335933367411,9,187.0,Gurobi Status: 9
F6,P6_6,6,2000000,2400000,3633,2047317.0,2050950.0,50950.0,Scheduled - Deadline Met,Yes,Yes,3600.201560020447,60.00335933367411,9,187.0,Gurobi Status: 9
F7,P7_1,4,0,400000,2700,252252.0,254952.0,254952.0,Scheduled - Deadline Met,Yes,Yes,3600.201560020447,60.00335933367411,9,187.0,Gurobi Status: 9
F7,P7_2,8,400000,800000,2700,544376.0,547076.0,147076.0,Scheduled - Deadline Met,Yes,Yes,3600.201560020447,60.00335933367411,9,187.0,Gurobi Status: 9
F7,P7_3,4,800000,1200000,2700,986760.0,989460.0,189460.0,Scheduled - Deadline Met,Yes,Yes,3600.201560020447,60.00335933367411,9,187.0,Gurobi Status: 9
F7,P7_4,4,1200000,1600000,2700,1398719.0,1401419.0,201419.0,Scheduled - Deadline Met,Yes,Yes,3600.201560020447,60.00335933367411,9,187.0,Gurobi Status: 9
F7,P7_5,8,1600000,2000000,2700,1708956.0,1711656.0,111656.0,Scheduled - Deadline Met,Yes,Yes,3600.201560020447,60.00335933367411,9,187.0,Gurobi Status: 9
F7,P7_6,4,2000000,2400000,2700,2166147.0,2168847.0,168847.0,Scheduled - Deadline Met,Yes,Yes,3600.201560020447,60.00335933367411,9,187.0,Gurobi Status: 9
F8,P8_1,4,0,400000,600,290595.0,291195.0,291195.0,Scheduled - Deadline Met,Yes,Yes,3600.201560020447,60.00335933367411,9,187.0,Gurobi Status: 9
F8,P8_2,4,400000,800000,600,713421.0,714021.0,314021.0,Scheduled - Deadline Met,Yes,Yes,3600.201560020447,60.00335933367411,9,187.0,Gurobi Status: 9
F8,P8_3,8,800000,1200000,600,942908.0,943508.0,143508.0,Scheduled - Deadline Met,Yes,Yes,3600.201560020447,60.00335933367411,9,187.0,Gurobi Status: 9
F8,P8_4,4,1200000,1600000,600,1490879.0,1491479.0,291479.0,Scheduled - Deadline Met,Yes,Yes,3600.201560020447,60.00335933367411,9,187.0,Gurobi Status: 9
F8,P8_5,4,1600000,2000000,600,1861941.0,1862541.0,262541.0,Scheduled - Deadline Met,Yes,Yes,3600.201560020447,60.00335933367411,9,187.0,Gurobi Status: 9
F8,P8_6,8,2000000,2400000,600,2130287.0,2130887.0,130887.0,Scheduled - Deadline Met,Yes,Yes,3600.201560020447,60.00335933367411,9,187.0,Gurobi Status: 9
F9,P9_1,8,0,400000,11883,,,,Optional Packets- Not Scheduled,No,N/A,3600.201560020447,60.00335933367411,9,187.0,Gurobi Status: 9
F9,P9_2,7,400000,800000,11883,466529.0,478412.0,78412.0,Scheduled - Deadline Met,Yes,Yes,3600.201560020447,60.00335933367411,9,187.0,Gurobi Status: 9
F9,P9_3,7,800000,1200000,11883,884201.0,896084.0,96084.0,Scheduled - Deadline Met,Yes,Yes,3600.201560020447,60.00335933367411,9,187.0,Gurobi Status: 9
F9,P9_4,8,1200000,1600000,11883,,,,Optional Packets- Not Scheduled,No,N/A,3600.201560020447,60.00335933367411,9,187.0,Gurobi Status: 9
F9,P9_5,7,1600000,2000000,11883,1616396.0,1628279.0,28279.0,Scheduled - Deadline Met,Yes,Yes,3600.201560020447,60.00335933367411,9,187.0,Gurobi Status: 9
F9,P9_6,7,2000000,2400000,11883,2101879.0,2113762.0,113762.0,Scheduled - Deadline Met,Yes,Yes,3600.201560020447,60.00335933367411,9,187.0,Gurobi Status: 9
