Flow,Packet,Class,Arrival,Deadline,Execution Time,Gate Open,Gate Close,Response Time,Status,Scheduled,Deadline Met,Solver_Execution_Time_Seconds,Solver_Execution_Time_Minutes,Solver_Status,Objective_Value,Stopping_Reason
F1,P1_1,8,0,400000,2075,85955.0,88030.0,88030.0,Scheduled - Deadline Met,Yes,Yes,3600.254284620285,60.00423807700475,9,193.0,Gurobi Status: 9
F1,P1_2,4,400000,800000,2075,428828.0,430903.0,30903.0,Scheduled - Deadline Met,Yes,Yes,3600.254284620285,60.00423807700475,9,193.0,Gurobi Status: 9
F1,P1_3,4,800000,1200000,2075,816228.0,818303.0,18303.0,Scheduled - Deadline Met,Yes,Yes,3600.254284620285,60.00423807700475,9,193.0,Gurobi Status: 9
F1,P1_4,8,1200000,1600000,2075,1290930.0,1293005.0,93005.0,Scheduled - Deadline Met,Yes,Yes,3600.254284620285,60.00423807700475,9,193.0,Gurobi Status: 9
F1,P1_5,4,1600000,2000000,2075,1646496.0,1648571.0,48571.0,Scheduled - Deadline Met,Yes,Yes,3600.254284620285,60.00423807700475,9,193.0,Gurobi Status: 9
F1,P1_6,4,2000000,2400000,2075,2064429.0,2066504.0,66504.0,Scheduled - Deadline Met,Yes,Yes,3600.254284620285,60.00423807700475,9,193.0,Gurobi Status: 9
F10,P10_1,4,0,400000,3146,41625.0,44771.0,44771.0,Scheduled - Deadline Met,Yes,Yes,3600.254284620285,60.00423807700475,9,193.0,Gurobi Status: 9
F10,P10_2,8,400000,800000,3146,486772.0,489918.0,89918.0,Scheduled - Deadline Met,Yes,Yes,3600.254284620285,60.00423807700475,9,193.0,Gurobi Status: 9
F10,P10_3,4,800000,1200000,3146,812986.0,816132.0,16132.0,Scheduled - Deadline Met,Yes,Yes,3600.254284620285,60.00423807700475,9,193.0,Gurobi Status: 9
F10,P10_4,4,1200000,1600000,3146,1258408.0,1261554.0,61554.0,Scheduled - Deadline Met,Yes,Yes,3600.254284620285,60.00423807700475,9,193.0,Gurobi Status: 9
F10,P10_5,8,1600000,2000000,3146,,,,Optional Packets- Not Scheduled,No,N/A,3600.254284620285,60.00423807700475,9,193.0,Gurobi Status: 9
F10,P10_6,4,2000000,2400000,3146,2058752.0,2061898.0,61898.0,Scheduled - Deadline Met,Yes,Yes,3600.254284620285,60.00423807700475,9,193.0,Gurobi Status: 9
F11,P11_1,6,0,400000,6186,130619.0,136805.0,136805.0,Scheduled - Deadline Met,Yes,Yes,3600.254284620285,60.00423807700475,9,193.0,Gurobi Status: 9
F11,P11_2,8,400000,800000,6186,464055.0,470241.0,70241.0,Scheduled - Deadline Met,Yes,Yes,3600.254284620285,60.00423807700475,9,193.0,Gurobi Status: 9
F11,P11_3,6,800000,1200000,6186,966342.0,972528.0,172528.0,Scheduled - Deadline Met,Yes,Yes,3600.254284620285,60.00423807700475,9,193.0,Gurobi Status: 9
F11,P11_4,6,1200000,1600000,6186,1328284.0,1334470.0,134470.0,Scheduled - Deadline Met,Yes,Yes,3600.254284620285,60.00423807700475,9,193.0,Gurobi Status: 9
F11,P11_5,8,1600000,2000000,6186,,,,Optional Packets- Not Scheduled,No,N/A,3600.254284620285,60.00423807700475,9,193.0,Gurobi Status: 9
F11,P11_6,6,2000000,2400000,6186,2069311.0,2075497.0,75497.0,Scheduled - Deadline Met,Yes,Yes,3600.254284620285,60.00423807700475,9,193.0,Gurobi Status: 9
F12,P12_1,8,0,400000,8323,,,,Optional Packets- Not Scheduled,No,N/A,3600.254284620285,60.00423807700475,9,193.0,Gurobi Status: 9
F12,P12_2,7,400000,800000,8323,593883.0,602206.0,202206.0,Scheduled - Deadline Met,Yes,Yes,3600.254284620285,60.00423807700475,9,193.0,Gurobi Status: 9
F12,P12_3,7,800000,1200000,8323,1021593.0,1029916.0,229916.0,Scheduled - Deadline Met,Yes,Yes,3600.254284620285,60.00423807700475,9,193.0,Gurobi Status: 9
F12,P12_4,8,1200000,1600000,8323,,,,Optional Packets- Not Scheduled,No,N/A,3600.254284620285,60.00423807700475,9,193.0,Gurobi Status: 9
F12,P12_5,7,1600000,2000000,8323,1620516.0,1628839.0,28839.0,Scheduled - Deadline Met,Yes,Yes,3600.254284620285,60.00423807700475,9,193.0,Gurobi Status: 9
F12,P12_6,7,2000000,2400000,8323,2133958.0,2142281.0,142281.0,Scheduled - Deadline Met,Yes,Yes,3600.254284620285,60.00423807700475,9,193.0,Gurobi Status: 9
F13,P13_1,2,0,400000,1803,160599.0,162402.0,162402.0,Scheduled - Deadline Met,Yes,Yes,3600.254284620285,60.00423807700475,9,193.0,Gurobi Status: 9
F13,P13_2,2,400000,800000,1803,560780.0,562583.0,162583.0,Scheduled - Deadline Met,Yes,Yes,3600.254284620285,60.00423807700475,9,193.0,Gurobi Status: 9
F13,P13_3,8,800000,1200000,1803,867001.0,868804.0,68804.0,Scheduled - Deadline Met,Yes,Yes,3600.254284620285,60.00423807700475,9,193.0,Gurobi Status: 9
F13,P13_4,2,1200000,1600000,1803,1401560.0,1403363.0,203363.0,Scheduled - Deadline Met,Yes,Yes,3600.254284620285,60.00423807700475,9,193.0,Gurobi Status: 9
F13,P13_5,2,1600000,2000000,1803,1668635.0,1670438.0,70438.0,Scheduled - Deadline Met,Yes,Yes,3600.254284620285,60.00423807700475,9,193.0,Gurobi Status: 9
F13,P13_6,8,2000000,2400000,1803,,,,Optional Packets- Not Scheduled,No,N/A,3600.254284620285,60.00423807700475,9,193.0,Gurobi Status: 9
F14,P14_1,6,0,200000,8594,32935.0,41529.0,41529.0,Scheduled - Deadline Met,Yes,Yes,3600.254284620285,60.00423807700475,9,193.0,Gurobi Status: 9
F14,P14_2,8,200000,400000,8594,246142.0,254736.0,54736.0,Scheduled - Deadline Met,Yes,Yes,3600.254284620285,60.00423807700475,9,193.0,Gurobi Status: 9
F14,P14_3,6,400000,600000,8594,536446.0,545040.0,145040.0,Scheduled - Deadline Met,Yes,Yes,3600.254284620285,60.00423807700475,9,193.0,Gurobi Status: 9
F14,P14_4,6,600000,800000,8594,630740.0,639334.0,39334.0,Scheduled - Deadline Met,Yes,Yes,3600.254284620285,60.00423807700475,9,193.0,Gurobi Status: 9
F14,P14_5,8,800000,1000000,8594,,,,Optional Packets- Not Scheduled,No,N/A,3600.254284620285,60.00423807700475,9,193.0,Gurobi Status: 9
F14,P14_6,6,1000000,1200000,8594,1040003.0,1048597.0,48597.0,Scheduled - Deadline Met,Yes,Yes,3600.254284620285,60.00423807700475,9,193.0,Gurobi Status: 9
F14,P14_7,6,1200000,1400000,8594,1218969.0,1227563.0,27563.0,Scheduled - Deadline Met,Yes,Yes,3600.254284620285,60.00423807700475,9,193.0,Gurobi Status: 9
F14,P14_8,8,1400000,1600000,8594,1445216.0,1453810.0,53810.0,Scheduled - Deadline Met,Yes,Yes,3600.254284620285,60.00423807700475,9,193.0,Gurobi Status: 9
F14,P14_9,6,1600000,1800000,8594,1648667.0,1657261.0,57261.0,Scheduled - Deadline Met,Yes,Yes,3600.254284620285,60.00423807700475,9,193.0,Gurobi Status: 9
F14,P14_10,6,1800000,2000000,8594,1842395.0,1850989.0,50989.0,Scheduled - Deadline Met,Yes,Yes,3600.254284620285,60.00423807700475,9,193.0,Gurobi Status: 9
F14,P14_11,8,2000000,2200000,8594,,,,Optional Packets- Not Scheduled,No,N/A,3600.254284620285,60.00423807700475,9,193.0,Gurobi Status: 9
F14,P14_12,6,2200000,2400000,8594,2311587.0,2320181.0,120181.0,Scheduled - Deadline Met,Yes,Yes,3600.254284620285,60.00423807700475,9,193.0,Gurobi Status: 9
F15,P15_1,8,0,200000,11972,,,,Optional Packets- Not Scheduled,No,N/A,3600.254284620285,60.00423807700475,9,193.0,Gurobi Status: 9
F15,P15_2,3,200000,400000,11972,207259.0,219231.0,19231.0,Scheduled - Deadline Met,Yes,Yes,3600.254284620285,60.00423807700475,9,193.0,Gurobi Status: 9
F15,P15_3,3,400000,600000,11972,406905.0,418877.0,18877.0,Scheduled - Deadline Met,Yes,Yes,3600.254284620285,60.00423807700475,9,193.0,Gurobi Status: 9
F15,P15_4,8,600000,800000,11972,,,,Optional Packets- Not Scheduled,No,N/A,3600.254284620285,60.00423807700475,9,193.0,Gurobi Status: 9
F15,P15_5,3,800000,1000000,11972,818399.0,830371.0,30371.0,Scheduled - Deadline Met,Yes,Yes,3600.254284620285,60.00423807700475,9,193.0,Gurobi Status: 9
F15,P15_6,3,1000000,1200000,11972,1056839.0,1068811.0,68811.0,Scheduled - Deadline Met,Yes,Yes,3600.254284620285,60.00423807700475,9,193.0,Gurobi Status: 9
F15,P15_7,8,1200000,1400000,11972,,,,Optional Packets- Not Scheduled,No,N/A,3600.254284620285,60.00423807700475,9,193.0,Gurobi Status: 9
F15,P15_8,3,1400000,1600000,11972,1418034.0,1430006.0,30006.0,Scheduled - Deadline Met,Yes,Yes,3600.254284620285,60.00423807700475,9,193.0,Gurobi Status: 9
F15,P15_9,3,1600000,1800000,11972,1608448.0,1620420.0,20420.0,Scheduled - Deadline Met,Yes,Yes,3600.254284620285,60.00423807700475,9,193.0,Gurobi Status: 9
F15,P15_10,8,1800000,2000000,11972,,,,Optional Packets- Not Scheduled,No,N/A,3600.254284620285,60.00423807700475,9,193.0,Gurobi Status: 9
F15,P15_11,3,2000000,2200000,11972,2042026.0,2053998.0,53998.0,Scheduled - Deadline Met,Yes,Yes,3600.254284620285,60.00423807700475,9,193.0,Gurobi Status: 9
F15,P15_12,3,2200000,2400000,11972,2216594.0,2228566.0,28566.0,Scheduled - Deadline Met,Yes,Yes,3600.254284620285,60.00423807700475,9,193.0,Gurobi Status: 9
F16,P16_1,8,0,400000,11776,,,,Optional Packets- Not Scheduled,No,N/A,3600.254284620285,60.00423807700475,9,193.0,Gurobi Status: 9
F16,P16_2,5,400000,800000,11776,618868.0,630644.0,230644.0,Scheduled - Deadline Met,Yes,Yes,3600.254284620285,60.00423807700475,9,193.0,Gurobi Status: 9
F16,P16_3,5,800000,1200000,11776,975902.0,987678.0,187678.0,Scheduled - Deadline Met,Yes,Yes,3600.254284620285,60.00423807700475,9,193.0,Gurobi Status: 9
F16,P16_4,8,1200000,1600000,11776,,,,Optional Packets- Not Scheduled,No,N/A,3600.254284620285,60.00423807700475,9,193.0,Gurobi Status: 9
F16,P16_5,5,1600000,2000000,11776,1745524.0,1757300.0,157300.0,Scheduled - Deadline Met,Yes,Yes,3600.254284620285,60.00423807700475,9,193.0,Gurobi Status: 9
F16,P16_6,5,2000000,2400000,11776,2009170.0,2020946.0,20946.0,Scheduled - Deadline Met,Yes,Yes,3600.254284620285,60.00423807700475,9,193.0,Gurobi Status: 9
F17,P17_1,8,0,200000,7235,,,,Optional Packets- Not Scheduled,No,N/A,3600.254284620285,60.00423807700475,9,193.0,Gurobi Status: 9
F17,P17_2,1,200000,400000,7235,321322.0,328557.0,128557.0,Scheduled - Deadline Met,Yes,Yes,3600.254284620285,60.00423807700475,9,193.0,Gurobi Status: 9
F17,P17_3,1,400000,600000,7235,524256.0,531491.0,131491.0,Scheduled - Deadline Met,Yes,Yes,3600.254284620285,60.00423807700475,9,193.0,Gurobi Status: 9
F17,P17_4,8,600000,800000,7235,,,,Optional Packets- Not Scheduled,No,N/A,3600.254284620285,60.00423807700475,9,193.0,Gurobi Status: 9
F17,P17_5,1,800000,1000000,7235,899849.0,907084.0,107084.0,Scheduled - Deadline Met,Yes,Yes,3600.254284620285,60.00423807700475,9,193.0,Gurobi Status: 9
F17,P17_6,1,1000000,1200000,7235,1163500.0,1170735.0,170735.0,Scheduled - Deadline Met,Yes,Yes,3600.254284620285,60.00423807700475,9,193.0,Gurobi Status: 9
F17,P17_7,8,1200000,1400000,7235,,,,Optional Packets- Not Scheduled,No,N/A,3600.254284620285,60.00423807700475,9,193.0,Gurobi Status: 9
F17,P17_8,1,1400000,1600000,7235,1504782.0,1512017.0,112017.0,Scheduled - Deadline Met,Yes,Yes,3600.254284620285,60.00423807700475,9,193.0,Gurobi Status: 9
F17,P17_9,1,1600000,1800000,7235,1728787.0,1736022.0,136022.0,Scheduled - Deadline Met,Yes,Yes,3600.254284620285,60.00423807700475,9,193.0,Gurobi Status: 9
F17,P17_10,8,1800000,2000000,7235,1875214.0,1882449.0,82449.0,Scheduled - Deadline Met,Yes,Yes,3600.254284620285,60.00423807700475,9,193.0,Gurobi Status: 9
F17,P17_11,1,2000000,2200000,7235,2001839.0,2009074.0,9074.0,Scheduled - Deadline Met,Yes,Yes,3600.254284620285,60.00423807700475,9,193.0,Gurobi Status: 9
F17,P17_12,1,2200000,2400000,7235,2369651.0,2376886.0,176886.0,Scheduled - Deadline Met,Yes,Yes,3600.254284620285,60.00423807700475,9,193.0,Gurobi Status: 9
F18,P18_1,2,0,200000,9741,3997.0,13738.0,13738.0,Scheduled - Deadline Met,Yes,Yes,3600.254284620285,60.00423807700475,9,193.0,Gurobi Status: 9
F18,P18_2,2,200000,400000,9741,282015.0,291756.0,91756.0,Scheduled - Deadline Met,Yes,Yes,3600.254284620285,60.00423807700475,9,193.0,Gurobi Status: 9
F18,P18_3,8,400000,600000,9741,,,,Optional Packets- Not Scheduled,No,N/A,3600.254284620285,60.00423807700475,9,193.0,Gurobi Status: 9
F18,P18_4,2,600000,800000,9741,664872.0,674613.0,74613.0,Scheduled - Deadline Met,Yes,Yes,3600.254284620285,60.00423807700475,9,193.0,Gurobi Status: 9
F18,P18_5,2,800000,1000000,9741,830467.0,840208.0,40208.0,Scheduled - Deadline Met,Yes,Yes,3600.254284620285,60.00423807700475,9,193.0,Gurobi Status: 9
F18,P18_6,8,1000000,1200000,9741,,,,Optional Packets- Not Scheduled,No,N/A,3600.254284620285,60.00423807700475,9,193.0,Gurobi Status: 9
F18,P18_7,2,1200000,1400000,9741,1261650.0,1271391.0,71391.0,Scheduled - Deadline Met,Yes,Yes,3600.254284620285,60.00423807700475,9,193.0,Gurobi Status: 9
F18,P18_8,2,1400000,1600000,9741,1485026.0,1494767.0,94767.0,Scheduled - Deadline Met,Yes,Yes,3600.254284620285,60.00423807700475,9,193.0,Gurobi Status: 9
F18,P18_9,8,1600000,1800000,9741,,,,Optional Packets- Not Scheduled,No,N/A,3600.254284620285,60.00423807700475,9,193.0,Gurobi Status: 9
F18,P18_10,2,1800000,2000000,9741,1900853.0,1910594.0,110594.0,Scheduled - Deadline Met,Yes,Yes,3600.254284620285,60.00423807700475,9,193.0,Gurobi Status: 9
F18,P18_11,2,2000000,2200000,9741,2021042.0,2030783.0,30783.0,Scheduled - Deadline Met,Yes,Yes,3600.254284620285,60.00423807700475,9,193.0,Gurobi Status: 9
F18,P18_12,8,2200000,2400000,9741,2242587.0,2252328.0,52328.0,Scheduled - Deadline Met,Yes,Yes,3600.254284620285,60.00423807700475,9,193.0,Gurobi Status: 9
F19,P19_1,1,0,200000,1494,25618.0,27112.0,27112.0,Scheduled - Deadline Met,Yes,Yes,3600.254284620285,60.00423807700475,9,193.0,Gurobi Status: 9
F19,P19_2,1,200000,400000,1494,384755.0,386249.0,186249.0,Scheduled - Deadline Met,Yes,Yes,3600.254284620285,60.00423807700475,9,193.0,Gurobi Status: 9
F19,P19_3,8,400000,600000,1494,436539.0,438033.0,38033.0,Scheduled - Deadline Met,Yes,Yes,3600.254284620285,60.00423807700475,9,193.0,Gurobi Status: 9
F19,P19_4,1,600000,800000,1494,780157.0,781651.0,181651.0,Scheduled - Deadline Met,Yes,Yes,3600.254284620285,60.00423807700475,9,193.0,Gurobi Status: 9
F19,P19_5,1,800000,1000000,1494,945277.0,946771.0,146771.0,Scheduled - Deadline Met,Yes,Yes,3600.254284620285,60.00423807700475,9,193.0,Gurobi Status: 9
F19,P19_6,8,1000000,1200000,1494,1093086.0,1094580.0,94580.0,Scheduled - Deadline Met,Yes,Yes,3600.254284620285,60.00423807700475,9,193.0,Gurobi Status: 9
F19,P19_7,1,1200000,1400000,1494,1279542.0,1281036.0,81036.0,Scheduled - Deadline Met,Yes,Yes,3600.254284620285,60.00423807700475,9,193.0,Gurobi Status: 9
F19,P19_8,1,1400000,1600000,1494,1516771.0,1518265.0,118265.0,Scheduled - Deadline Met,Yes,Yes,3600.254284620285,60.00423807700475,9,193.0,Gurobi Status: 9
F19,P19_9,8,1600000,1800000,1494,1683291.0,1684785.0,84785.0,Scheduled - Deadline Met,Yes,Yes,3600.254284620285,60.00423807700475,9,193.0,Gurobi Status: 9
F19,P19_10,1,1800000,2000000,1494,1873624.0,1875118.0,75118.0,Scheduled - Deadline Met,Yes,Yes,3600.254284620285,60.00423807700475,9,193.0,Gurobi Status: 9
F19,P19_11,1,2000000,2200000,1494,2089775.0,2091269.0,91269.0,Scheduled - Deadline Met,Yes,Yes,3600.254284620285,60.00423807700475,9,193.0,Gurobi Status: 9
F19,P19_12,8,2200000,2400000,1494,2292701.0,2294195.0,94195.0,Scheduled - Deadline Met,Yes,Yes,3600.254284620285,60.00423807700475,9,193.0,Gurobi Status: 9
F2,P2_1,8,0,400000,1035,90920.0,91955.0,91955.0,Scheduled - Deadline Met,Yes,Yes,3600.254284620285,60.00423807700475,9,193.0,Gurobi Status: 9
F2,P2_2,2,400000,800000,1035,574292.0,575327.0,175327.0,Scheduled - Deadline Met,Yes,Yes,3600.254284620285,60.00423807700475,9,193.0,Gurobi Status: 9
F2,P2_3,2,800000,1200000,1035,987774.0,988809.0,188809.0,Scheduled - Deadline Met,Yes,Yes,3600.254284620285,60.00423807700475,9,193.0,Gurobi Status: 9
F2,P2_4,8,1200000,1600000,1035,1293101.0,1294136.0,94136.0,Scheduled - Deadline Met,Yes,Yes,3600.254284620285,60.00423807700475,9,193.0,Gurobi Status: 9
F2,P2_5,2,1600000,2000000,1035,1769455.0,1770490.0,170490.0,Scheduled - Deadline Met,Yes,Yes,3600.254284620285,60.00423807700475,9,193.0,Gurobi Status: 9
F2,P2_6,2,2000000,2400000,1035,2153107.0,2154142.0,154142.0,Scheduled - Deadline Met,Yes,Yes,3600.254284620285,60.00423807700475,9,193.0,Gurobi Status: 9
F20,P20_1,8,0,400000,746,93073.0,93819.0,93819.0,Scheduled - Deadline Met,Yes,Yes,3600.254284620285,60.00423807700475,9,193.0,Gurobi Status: 9
F20,P20_2,6,400000,800000,746,553685.0,554431.0,154431.0,Scheduled - Deadline Met,Yes,Yes,3600.254284620285,60.00423807700475,9,193.0,Gurobi Status: 9
F20,P20_3,6,800000,1200000,746,972624.0,973370.0,173370.0,Scheduled - Deadline Met,Yes,Yes,3600.254284620285,60.00423807700475,9,193.0,Gurobi Status: 9
F20,P20_4,8,1200000,1600000,746,1295257.0,1296003.0,96003.0,Scheduled - Deadline Met,Yes,Yes,3600.254284620285,60.00423807700475,9,193.0,Gurobi Status: 9
F20,P20_5,6,1600000,2000000,746,1667793.0,1668539.0,68539.0,Scheduled - Deadline Met,Yes,Yes,3600.254284620285,60.00423807700475,9,193.0,Gurobi Status: 9
F20,P20_6,6,2000000,2400000,746,2122064.0,2122810.0,122810.0,Scheduled - Deadline Met,Yes,Yes,3600.254284620285,60.00423807700475,9,193.0,Gurobi Status: 9
F21,P21_1,3,0,50000,2192,0.0,2192.0,2192.0,Scheduled - Deadline Met,Yes,Yes,3600.254284620285,60.00423807700475,9,193.0,Gurobi Status: 9
F21,P21_2,8,50000,100000,2192,96099.0,98291.0,48291.0,Scheduled - Deadline Met,Yes,Yes,3600.254284620285,60.00423807700475,9,193.0,Gurobi Status: 9
F21,P21_3,3,100000,150000,2192,123769.0,125961.0,25961.0,Scheduled - Deadline Met,Yes,Yes,3600.254284620285,60.00423807700475,9,193.0,Gurobi Status: 9
F21,P21_4,3,150000,200000,2192,166587.0,168779.0,18779.0,Scheduled - Deadline Met,Yes,Yes,3600.254284620285,60.00423807700475,9,193.0,Gurobi Status: 9
F21,P21_5,8,200000,250000,2192,229263.0,231455.0,31455.0,Scheduled - Deadline Met,Yes,Yes,3600.254284620285,60.00423807700475,9,193.0,Gurobi Status: 9
F21,P21_6,3,250000,300000,2192,294384.0,296576.0,46576.0,Scheduled - Deadline Met,Yes,Yes,3600.254284620285,60.00423807700475,9,193.0,Gurobi Status: 9
F21,P21_7,3,300000,350000,2192,312670.0,314862.0,14862.0,Scheduled - Deadline Met,Yes,Yes,3600.254284620285,60.00423807700475,9,193.0,Gurobi Status: 9
F21,P21_8,8,350000,400000,2192,350836.0,353028.0,3028.0,Scheduled - Deadline Met,Yes,Yes,3600.254284620285,60.00423807700475,9,193.0,Gurobi Status: 9
F21,P21_9,3,400000,450000,2192,400740.0,402932.0,2932.0,Scheduled - Deadline Met,Yes,Yes,3600.254284620285,60.00423807700475,9,193.0,Gurobi Status: 9
F21,P21_10,3,450000,500000,2192,454287.0,456479.0,6479.0,Scheduled - Deadline Met,Yes,Yes,3600.254284620285,60.00423807700475,9,193.0,Gurobi Status: 9
F21,P21_11,8,500000,550000,2192,506477.0,508669.0,8669.0,Scheduled - Deadline Met,Yes,Yes,3600.254284620285,60.00423807700475,9,193.0,Gurobi Status: 9
F21,P21_12,3,550000,600000,2192,572100.0,574292.0,24292.0,Scheduled - Deadline Met,Yes,Yes,3600.254284620285,60.00423807700475,9,193.0,Gurobi Status: 9
F21,P21_13,3,600000,650000,2192,602206.0,604398.0,4398.0,Scheduled - Deadline Met,Yes,Yes,3600.254284620285,60.00423807700475,9,193.0,Gurobi Status: 9
F21,P21_14,8,650000,700000,2192,694818.0,697010.0,47010.0,Scheduled - Deadline Met,Yes,Yes,3600.254284620285,60.00423807700475,9,193.0,Gurobi Status: 9
F21,P21_15,3,700000,750000,2192,732182.0,734374.0,34374.0,Scheduled - Deadline Met,Yes,Yes,3600.254284620285,60.00423807700475,9,193.0,Gurobi Status: 9
F21,P21_16,3,750000,800000,2192,783883.0,786075.0,36075.0,Scheduled - Deadline Met,Yes,Yes,3600.254284620285,60.00423807700475,9,193.0,Gurobi Status: 9
F21,P21_17,8,800000,850000,2192,,,,Optional Packets- Not Scheduled,No,N/A,3600.254284620285,60.00423807700475,9,193.0,Gurobi Status: 9
F21,P21_18,3,850000,900000,2192,890563.0,892755.0,42755.0,Scheduled - Deadline Met,Yes,Yes,3600.254284620285,60.00423807700475,9,193.0,Gurobi Status: 9
F21,P21_19,3,900000,950000,2192,908793.0,910985.0,10985.0,Scheduled - Deadline Met,Yes,Yes,3600.254284620285,60.00423807700475,9,193.0,Gurobi Status: 9
F21,P21_20,8,950000,1000000,2192,996003.0,998195.0,48195.0,Scheduled - Deadline Met,Yes,Yes,3600.254284620285,60.00423807700475,9,193.0,Gurobi Status: 9
F21,P21_21,3,1000000,1050000,2192,1037715.0,1039907.0,39907.0,Scheduled - Deadline Met,Yes,Yes,3600.254284620285,60.00423807700475,9,193.0,Gurobi Status: 9
F21,P21_22,3,1050000,1100000,2192,1072730.0,1074922.0,24922.0,Scheduled - Deadline Met,Yes,Yes,3600.254284620285,60.00423807700475,9,193.0,Gurobi Status: 9
F21,P21_23,8,1100000,1150000,2192,1107149.0,1109341.0,9341.0,Scheduled - Deadline Met,Yes,Yes,3600.254284620285,60.00423807700475,9,193.0,Gurobi Status: 9
F21,P21_24,3,1150000,1200000,2192,1161212.0,1163404.0,13404.0,Scheduled - Deadline Met,Yes,Yes,3600.254284620285,60.00423807700475,9,193.0,Gurobi Status: 9
F21,P21_25,3,1200000,1250000,2192,1209855.0,1212047.0,12047.0,Scheduled - Deadline Met,Yes,Yes,3600.254284620285,60.00423807700475,9,193.0,Gurobi Status: 9
F21,P21_26,8,1250000,1300000,2192,1296099.0,1298291.0,48291.0,Scheduled - Deadline Met,Yes,Yes,3600.254284620285,60.00423807700475,9,193.0,Gurobi Status: 9
F21,P21_27,3,1300000,1350000,2192,1319845.0,1322037.0,22037.0,Scheduled - Deadline Met,Yes,Yes,3600.254284620285,60.00423807700475,9,193.0,Gurobi Status: 9
F21,P21_28,3,1350000,1400000,2192,1384259.0,1386451.0,36451.0,Scheduled - Deadline Met,Yes,Yes,3600.254284620285,60.00423807700475,9,193.0,Gurobi Status: 9
F21,P21_29,8,1400000,1450000,2192,1436483.0,1438675.0,38675.0,Scheduled - Deadline Met,Yes,Yes,3600.254284620285,60.00423807700475,9,193.0,Gurobi Status: 9
F21,P21_30,3,1450000,1500000,2192,1482834.0,1485026.0,35026.0,Scheduled - Deadline Met,Yes,Yes,3600.254284620285,60.00423807700475,9,193.0,Gurobi Status: 9
F21,P21_31,3,1500000,1550000,2192,1518265.0,1520457.0,20457.0,Scheduled - Deadline Met,Yes,Yes,3600.254284620285,60.00423807700475,9,193.0,Gurobi Status: 9
F21,P21_32,8,1550000,1600000,2192,1581499.0,1583691.0,33691.0,Scheduled - Deadline Met,Yes,Yes,3600.254284620285,60.00423807700475,9,193.0,Gurobi Status: 9
F21,P21_33,3,1600000,1650000,2192,1604451.0,1606643.0,6643.0,Scheduled - Deadline Met,Yes,Yes,3600.254284620285,60.00423807700475,9,193.0,Gurobi Status: 9
F21,P21_34,3,1650000,1700000,2192,1677798.0,1679990.0,29990.0,Scheduled - Deadline Met,Yes,Yes,3600.254284620285,60.00423807700475,9,193.0,Gurobi Status: 9
F21,P21_35,8,1700000,1750000,2192,1706477.0,1708669.0,8669.0,Scheduled - Deadline Met,Yes,Yes,3600.254284620285,60.00423807700475,9,193.0,Gurobi Status: 9
F21,P21_36,3,1750000,1800000,2192,1776443.0,1778635.0,28635.0,Scheduled - Deadline Met,Yes,Yes,3600.254284620285,60.00423807700475,9,193.0,Gurobi Status: 9
F21,P21_37,3,1800000,1850000,2192,1800000.0,1802192.0,2192.0,Scheduled - Deadline Met,Yes,Yes,3600.254284620285,60.00423807700475,9,193.0,Gurobi Status: 9
F21,P21_38,8,1850000,1900000,2192,1884980.0,1887172.0,37172.0,Scheduled - Deadline Met,Yes,Yes,3600.254284620285,60.00423807700475,9,193.0,Gurobi Status: 9
F21,P21_39,3,1900000,1950000,2192,1918963.0,1921155.0,21155.0,Scheduled - Deadline Met,Yes,Yes,3600.254284620285,60.00423807700475,9,193.0,Gurobi Status: 9
F21,P21_40,3,1950000,2000000,2192,1968743.0,1970935.0,20935.0,Scheduled - Deadline Met,Yes,Yes,3600.254284620285,60.00423807700475,9,193.0,Gurobi Status: 9
F21,P21_41,8,2000000,2050000,2192,,,,Optional Packets- Not Scheduled,No,N/A,3600.254284620285,60.00423807700475,9,193.0,Gurobi Status: 9
F21,P21_42,3,2050000,2100000,2192,2081244.0,2083436.0,33436.0,Scheduled - Deadline Met,Yes,Yes,3600.254284620285,60.00423807700475,9,193.0,Gurobi Status: 9
F21,P21_43,3,2100000,2150000,2192,2144494.0,2146686.0,46686.0,Scheduled - Deadline Met,Yes,Yes,3600.254284620285,60.00423807700475,9,193.0,Gurobi Status: 9
F21,P21_44,8,2150000,2200000,2192,2181595.0,2183787.0,33787.0,Scheduled - Deadline Met,Yes,Yes,3600.254284620285,60.00423807700475,9,193.0,Gurobi Status: 9
F21,P21_45,3,2200000,2250000,2192,2204451.0,2206643.0,6643.0,Scheduled - Deadline Met,Yes,Yes,3600.254284620285,60.00423807700475,9,193.0,Gurobi Status: 9
F21,P21_46,3,2250000,2300000,2192,2284251.0,2286443.0,36443.0,Scheduled - Deadline Met,Yes,Yes,3600.254284620285,60.00423807700475,9,193.0,Gurobi Status: 9
F21,P21_47,8,2300000,2350000,2192,2343147.0,2345339.0,45339.0,Scheduled - Deadline Met,Yes,Yes,3600.254284620285,60.00423807700475,9,193.0,Gurobi Status: 9
F21,P21_48,3,2350000,2400000,2192,2395180.0,2397372.0,47372.0,Scheduled - Deadline Met,Yes,Yes,3600.254284620285,60.00423807700475,9,193.0,Gurobi Status: 9
F22,P22_1,6,0,200000,4562,125961.0,130523.0,130523.0,Scheduled - Deadline Met,Yes,Yes,3600.254284620285,60.00423807700475,9,193.0,Gurobi Status: 9
F22,P22_2,6,200000,400000,4562,296576.0,301138.0,101138.0,Scheduled - Deadline Met,Yes,Yes,3600.254284620285,60.00423807700475,9,193.0,Gurobi Status: 9
F22,P22_3,8,400000,600000,4562,,,,Optional Packets- Not Scheduled,No,N/A,3600.254284620285,60.00423807700475,9,193.0,Gurobi Status: 9
F22,P22_4,6,600000,800000,4562,710691.0,715253.0,115253.0,Scheduled - Deadline Met,Yes,Yes,3600.254284620285,60.00423807700475,9,193.0,Gurobi Status: 9
F22,P22_5,6,800000,1000000,4562,892755.0,897317.0,97317.0,Scheduled - Deadline Met,Yes,Yes,3600.254284620285,60.00423807700475,9,193.0,Gurobi Status: 9
F22,P22_6,8,1000000,1200000,4562,1085993.0,1090555.0,90555.0,Scheduled - Deadline Met,Yes,Yes,3600.254284620285,60.00423807700475,9,193.0,Gurobi Status: 9
F22,P22_7,6,1200000,1400000,4562,1315283.0,1319845.0,119845.0,Scheduled - Deadline Met,Yes,Yes,3600.254284620285,60.00423807700475,9,193.0,Gurobi Status: 9
F22,P22_8,6,1400000,1600000,4562,1512113.0,1516675.0,116675.0,Scheduled - Deadline Met,Yes,Yes,3600.254284620285,60.00423807700475,9,193.0,Gurobi Status: 9
F22,P22_9,8,1600000,1800000,4562,,,,Optional Packets- Not Scheduled,No,N/A,3600.254284620285,60.00423807700475,9,193.0,Gurobi Status: 9
F22,P22_10,6,1800000,2000000,4562,1910690.0,1915252.0,115252.0,Scheduled - Deadline Met,Yes,Yes,3600.254284620285,60.00423807700475,9,193.0,Gurobi Status: 9
F22,P22_11,6,2000000,2200000,4562,2054094.0,2058656.0,58656.0,Scheduled - Deadline Met,Yes,Yes,3600.254284620285,60.00423807700475,9,193.0,Gurobi Status: 9
F22,P22_12,8,2200000,2400000,4562,2252424.0,2256986.0,56986.0,Scheduled - Deadline Met,Yes,Yes,3600.254284620285,60.00423807700475,9,193.0,Gurobi Status: 9
F23,P23_1,7,0,400000,883,277517.0,278400.0,278400.0,Scheduled - Deadline Met,Yes,Yes,3600.254284620285,60.00423807700475,9,193.0,Gurobi Status: 9
F23,P23_2,7,400000,800000,883,617889.0,618772.0,218772.0,Scheduled - Deadline Met,Yes,Yes,3600.254284620285,60.00423807700475,9,193.0,Gurobi Status: 9
F23,P23_3,8,800000,1200000,883,872716.0,873599.0,73599.0,Scheduled - Deadline Met,Yes,Yes,3600.254284620285,60.00423807700475,9,193.0,Gurobi Status: 9
F23,P23_4,7,1200000,1600000,883,1399885.0,1400768.0,200768.0,Scheduled - Deadline Met,Yes,Yes,3600.254284620285,60.00423807700475,9,193.0,Gurobi Status: 9
F23,P23_5,7,1600000,2000000,883,1670534.0,1671417.0,71417.0,Scheduled - Deadline Met,Yes,Yes,3600.254284620285,60.00423807700475,9,193.0,Gurobi Status: 9
F23,P23_6,8,2000000,2400000,883,2096309.0,2097192.0,97192.0,Scheduled - Deadline Met,Yes,Yes,3600.254284620285,60.00423807700475,9,193.0,Gurobi Status: 9
F24,P24_1,8,0,50000,3615,,,,Optional Packets- Not Scheduled,No,N/A,3600.254284620285,60.00423807700475,9,193.0,Gurobi Status: 9
F24,P24_2,4,50000,100000,3615,60059.0,63674.0,13674.0,Scheduled - Deadline Met,Yes,Yes,3600.254284620285,60.00423807700475,9,193.0,Gurobi Status: 9
F24,P24_3,4,100000,150000,3615,136805.0,140420.0,40420.0,Scheduled - Deadline Met,Yes,Yes,3600.254284620285,60.00423807700475,9,193.0,Gurobi Status: 9
F24,P24_4,8,150000,200000,3615,176419.0,180034.0,30034.0,Scheduled - Deadline Met,Yes,Yes,3600.254284620285,60.00423807700475,9,193.0,Gurobi Status: 9
F24,P24_5,4,200000,250000,3615,200740.0,204355.0,4355.0,Scheduled - Deadline Met,Yes,Yes,3600.254284620285,60.00423807700475,9,193.0,Gurobi Status: 9
F24,P24_6,4,250000,300000,3615,278400.0,282015.0,32015.0,Scheduled - Deadline Met,Yes,Yes,3600.254284620285,60.00423807700475,9,193.0,Gurobi Status: 9
F24,P24_7,8,300000,350000,3615,343757.0,347372.0,47372.0,Scheduled - Deadline Met,Yes,Yes,3600.254284620285,60.00423807700475,9,193.0,Gurobi Status: 9
F24,P24_8,4,350000,400000,3615,386345.0,389960.0,39960.0,Scheduled - Deadline Met,Yes,Yes,3600.254284620285,60.00423807700475,9,193.0,Gurobi Status: 9
F24,P24_9,4,400000,450000,3615,403194.0,406809.0,6809.0,Scheduled - Deadline Met,Yes,Yes,3600.254284620285,60.00423807700475,9,193.0,Gurobi Status: 9
F24,P24_10,8,450000,500000,3615,494676.0,498291.0,48291.0,Scheduled - Deadline Met,Yes,Yes,3600.254284620285,60.00423807700475,9,193.0,Gurobi Status: 9
F24,P24_11,4,500000,550000,3615,520641.0,524256.0,24256.0,Scheduled - Deadline Met,Yes,Yes,3600.254284620285,60.00423807700475,9,193.0,Gurobi Status: 9
F24,P24_12,4,550000,600000,3615,566336.0,569951.0,19951.0,Scheduled - Deadline Met,Yes,Yes,3600.254284620285,60.00423807700475,9,193.0,Gurobi Status: 9
F24,P24_13,8,600000,650000,3615,,,,Optional Packets- Not Scheduled,No,N/A,3600.254284620285,60.00423807700475,9,193.0,Gurobi Status: 9
F24,P24_14,4,650000,700000,3615,686044.0,689659.0,39659.0,Scheduled - Deadline Met,Yes,Yes,3600.254284620285,60.00423807700475,9,193.0,Gurobi Status: 9
F24,P24_15,4,700000,750000,3615,715253.0,718868.0,18868.0,Scheduled - Deadline Met,Yes,Yes,3600.254284620285,60.00423807700475,9,193.0,Gurobi Status: 9
F24,P24_16,8,750000,800000,3615,750096.0,753711.0,3711.0,Scheduled - Deadline Met,Yes,Yes,3600.254284620285,60.00423807700475,9,193.0,Gurobi Status: 9
F24,P24_17,4,800000,850000,3615,801839.0,805454.0,5454.0,Scheduled - Deadline Met,Yes,Yes,3600.254284620285,60.00423807700475,9,193.0,Gurobi Status: 9
F24,P24_18,4,850000,900000,3615,854397.0,858012.0,8012.0,Scheduled - Deadline Met,Yes,Yes,3600.254284620285,60.00423807700475,9,193.0,Gurobi Status: 9
F24,P24_19,8,900000,950000,3615,926322.0,929937.0,29937.0,Scheduled - Deadline Met,Yes,Yes,3600.254284620285,60.00423807700475,9,193.0,Gurobi Status: 9
F24,P24_20,4,950000,1000000,3615,961628.0,965243.0,15243.0,Scheduled - Deadline Met,Yes,Yes,3600.254284620285,60.00423807700475,9,193.0,Gurobi Status: 9
F24,P24_21,4,1000000,1050000,3615,1029916.0,1033531.0,33531.0,Scheduled - Deadline Met,Yes,Yes,3600.254284620285,60.00423807700475,9,193.0,Gurobi Status: 9
F24,P24_22,8,1050000,1100000,3615,1094676.0,1098291.0,48291.0,Scheduled - Deadline Met,Yes,Yes,3600.254284620285,60.00423807700475,9,193.0,Gurobi Status: 9
F24,P24_23,4,1100000,1150000,3615,1142837.0,1146452.0,46452.0,Scheduled - Deadline Met,Yes,Yes,3600.254284620285,60.00423807700475,9,193.0,Gurobi Status: 9
F24,P24_24,4,1150000,1200000,3615,1170831.0,1174446.0,24446.0,Scheduled - Deadline Met,Yes,Yes,3600.254284620285,60.00423807700475,9,193.0,Gurobi Status: 9
F24,P24_25,8,1200000,1250000,3615,1231245.0,1234860.0,34860.0,Scheduled - Deadline Met,Yes,Yes,3600.254284620285,60.00423807700475,9,193.0,Gurobi Status: 9
F24,P24_26,4,1250000,1300000,3615,1281036.0,1284651.0,34651.0,Scheduled - Deadline Met,Yes,Yes,3600.254284620285,60.00423807700475,9,193.0,Gurobi Status: 9
F24,P24_27,4,1300000,1350000,3615,1322133.0,1325748.0,25748.0,Scheduled - Deadline Met,Yes,Yes,3600.254284620285,60.00423807700475,9,193.0,Gurobi Status: 9
F24,P24_28,8,1350000,1400000,3615,1350096.0,1353711.0,3711.0,Scheduled - Deadline Met,Yes,Yes,3600.254284620285,60.00423807700475,9,193.0,Gurobi Status: 9
F24,P24_29,4,1400000,1450000,3615,1404103.0,1407718.0,7718.0,Scheduled - Deadline Met,Yes,Yes,3600.254284620285,60.00423807700475,9,193.0,Gurobi Status: 9
F24,P24_30,4,1450000,1500000,3615,1474778.0,1478393.0,28393.0,Scheduled - Deadline Met,Yes,Yes,3600.254284620285,60.00423807700475,9,193.0,Gurobi Status: 9
F24,P24_31,8,1500000,1550000,3615,1541463.0,1545078.0,45078.0,Scheduled - Deadline Met,Yes,Yes,3600.254284620285,60.00423807700475,9,193.0,Gurobi Status: 9
F24,P24_32,4,1550000,1600000,3615,1571715.0,1575330.0,25330.0,Scheduled - Deadline Met,Yes,Yes,3600.254284620285,60.00423807700475,9,193.0,Gurobi Status: 9
F24,P24_33,4,1600000,1650000,3615,1600000.0,1603615.0,3615.0,Scheduled - Deadline Met,Yes,Yes,3600.254284620285,60.00423807700475,9,193.0,Gurobi Status: 9
F24,P24_34,8,1650000,1700000,3615,1694676.0,1698291.0,48291.0,Scheduled - Deadline Met,Yes,Yes,3600.254284620285,60.00423807700475,9,193.0,Gurobi Status: 9
F24,P24_35,4,1700000,1750000,3615,1740200.0,1743815.0,43815.0,Scheduled - Deadline Met,Yes,Yes,3600.254284620285,60.00423807700475,9,193.0,Gurobi Status: 9
F24,P24_36,4,1750000,1800000,3615,1778731.0,1782346.0,32346.0,Scheduled - Deadline Met,Yes,Yes,3600.254284620285,60.00423807700475,9,193.0,Gurobi Status: 9
F24,P24_37,8,1800000,1850000,3615,1806041.0,1809656.0,9656.0,Scheduled - Deadline Met,Yes,Yes,3600.254284620285,60.00423807700475,9,193.0,Gurobi Status: 9
F24,P24_38,4,1850000,1900000,3615,1866282.0,1869897.0,19897.0,Scheduled - Deadline Met,Yes,Yes,3600.254284620285,60.00423807700475,9,193.0,Gurobi Status: 9
F24,P24_39,4,1900000,1950000,3615,1915252.0,1918867.0,18867.0,Scheduled - Deadline Met,Yes,Yes,3600.254284620285,60.00423807700475,9,193.0,Gurobi Status: 9
F24,P24_40,8,1950000,2000000,3615,1980172.0,1983787.0,33787.0,Scheduled - Deadline Met,Yes,Yes,3600.254284620285,60.00423807700475,9,193.0,Gurobi Status: 9
F24,P24_41,4,2000000,2050000,3615,2030879.0,2034494.0,34494.0,Scheduled - Deadline Met,Yes,Yes,3600.254284620285,60.00423807700475,9,193.0,Gurobi Status: 9
F24,P24_42,4,2050000,2100000,3615,2083532.0,2087147.0,37147.0,Scheduled - Deadline Met,Yes,Yes,3600.254284620285,60.00423807700475,9,193.0,Gurobi Status: 9
F24,P24_43,8,2100000,2150000,3615,2103849.0,2107464.0,7464.0,Scheduled - Deadline Met,Yes,Yes,3600.254284620285,60.00423807700475,9,193.0,Gurobi Status: 9
F24,P24_44,4,2150000,2200000,3615,2177144.0,2180759.0,30759.0,Scheduled - Deadline Met,Yes,Yes,3600.254284620285,60.00423807700475,9,193.0,Gurobi Status: 9
F24,P24_45,4,2200000,2250000,3615,2200740.0,2204355.0,4355.0,Scheduled - Deadline Met,Yes,Yes,3600.254284620285,60.00423807700475,9,193.0,Gurobi Status: 9
F24,P24_46,8,2250000,2300000,3615,2294291.0,2297906.0,47906.0,Scheduled - Deadline Met,Yes,Yes,3600.254284620285,60.00423807700475,9,193.0,Gurobi Status: 9
F24,P24_47,4,2300000,2350000,3615,2327593.0,2331208.0,31208.0,Scheduled - Deadline Met,Yes,Yes,3600.254284620285,60.00423807700475,9,193.0,Gurobi Status: 9
F24,P24_48,4,2350000,2400000,3615,2391469.0,2395084.0,45084.0,Scheduled - Deadline Met,Yes,Yes,3600.254284620285,60.00423807700475,9,193.0,Gurobi Status: 9
F25,P25_1,2,0,400000,4659,147890.0,152549.0,152549.0,Scheduled - Deadline Met,Yes,Yes,3600.254284620285,60.00423807700475,9,193.0,Gurobi Status: 9
F25,P25_2,8,400000,800000,4659,482017.0,486676.0,86676.0,Scheduled - Deadline Met,Yes,Yes,3600.254284620285,60.00423807700475,9,193.0,Gurobi Status: 9
F25,P25_3,2,800000,1200000,4659,956969.0,961628.0,161628.0,Scheduled - Deadline Met,Yes,Yes,3600.254284620285,60.00423807700475,9,193.0,Gurobi Status: 9
F25,P25_4,8,1200000,1600000,4659,,,,Optional Packets- Not Scheduled,No,N/A,3600.254284620285,60.00423807700475,9,193.0,Gurobi Status: 9
F25,P25_5,2,1600000,2000000,4659,1638186.0,1642845.0,42845.0,Scheduled - Deadline Met,Yes,Yes,3600.254284620285,60.00423807700475,9,193.0,Gurobi Status: 9
F25,P25_6,8,2000000,2400000,4659,,,,Optional Packets- Not Scheduled,No,N/A,3600.254284620285,60.00423807700475,9,193.0,Gurobi Status: 9
F26,P26_1,8,0,100000,6349,,,,Optional Packets- Not Scheduled,No,N/A,3600.254284620285,60.00423807700475,9,193.0,Gurobi Status: 9
F26,P26_2,4,100000,200000,6349,168875.0,175224.0,75224.0,Scheduled - Deadline Met,Yes,Yes,3600.254284620285,60.00423807700475,9,193.0,Gurobi Status: 9
F26,P26_3,8,200000,300000,6349,239697.0,246046.0,46046.0,Scheduled - Deadline Met,Yes,Yes,3600.254284620285,60.00423807700475,9,193.0,Gurobi Status: 9
F26,P26_4,4,300000,400000,6349,373458.0,379807.0,79807.0,Scheduled - Deadline Met,Yes,Yes,3600.254284620285,60.00423807700475,9,193.0,Gurobi Status: 9
F26,P26_5,8,400000,500000,6349,,,,Optional Packets- Not Scheduled,No,N/A,3600.254284620285,60.00423807700475,9,193.0,Gurobi Status: 9
F26,P26_6,4,500000,600000,6349,554431.0,560780.0,60780.0,Scheduled - Deadline Met,Yes,Yes,3600.254284620285,60.00423807700475,9,193.0,Gurobi Status: 9
F26,P26_7,8,600000,700000,6349,645811.0,652160.0,52160.0,Scheduled - Deadline Met,Yes,Yes,3600.254284620285,60.00423807700475,9,193.0,Gurobi Status: 9
F26,P26_8,4,700000,800000,6349,786171.0,792520.0,92520.0,Scheduled - Deadline Met,Yes,Yes,3600.254284620285,60.00423807700475,9,193.0,Gurobi Status: 9
F26,P26_9,8,800000,900000,6349,,,,Optional Packets- Not Scheduled,No,N/A,3600.254284620285,60.00423807700475,9,193.0,Gurobi Status: 9
F26,P26_10,4,900000,1000000,6349,946867.0,953216.0,53216.0,Scheduled - Deadline Met,Yes,Yes,3600.254284620285,60.00423807700475,9,193.0,Gurobi Status: 9
F26,P26_11,8,1000000,1100000,6349,1002628.0,1008977.0,8977.0,Scheduled - Deadline Met,Yes,Yes,3600.254284620285,60.00423807700475,9,193.0,Gurobi Status: 9
F26,P26_12,4,1100000,1200000,6349,1151014.0,1157363.0,57363.0,Scheduled - Deadline Met,Yes,Yes,3600.254284620285,60.00423807700475,9,193.0,Gurobi Status: 9
F26,P26_13,8,1200000,1300000,6349,,,,Optional Packets- Not Scheduled,No,N/A,3600.254284620285,60.00423807700475,9,193.0,Gurobi Status: 9
F26,P26_14,4,1300000,1400000,6349,1375277.0,1381626.0,81626.0,Scheduled - Deadline Met,Yes,Yes,3600.254284620285,60.00423807700475,9,193.0,Gurobi Status: 9
F26,P26_15,8,1400000,1500000,6349,1438771.0,1445120.0,45120.0,Scheduled - Deadline Met,Yes,Yes,3600.254284620285,60.00423807700475,9,193.0,Gurobi Status: 9
F26,P26_16,4,1500000,1600000,6349,1561517.0,1567866.0,67866.0,Scheduled - Deadline Met,Yes,Yes,3600.254284620285,60.00423807700475,9,193.0,Gurobi Status: 9
F26,P26_17,8,1600000,1700000,6349,,,,Optional Packets- Not Scheduled,No,N/A,3600.254284620285,60.00423807700475,9,193.0,Gurobi Status: 9
F26,P26_18,4,1700000,1800000,6349,1757300.0,1763649.0,63649.0,Scheduled - Deadline Met,Yes,Yes,3600.254284620285,60.00423807700475,9,193.0,Gurobi Status: 9
F26,P26_19,8,1800000,1900000,6349,1812380.0,1818729.0,18729.0,Scheduled - Deadline Met,Yes,Yes,3600.254284620285,60.00423807700475,9,193.0,Gurobi Status: 9
F26,P26_20,4,1900000,2000000,6349,1953116.0,1959465.0,59465.0,Scheduled - Deadline Met,Yes,Yes,3600.254284620285,60.00423807700475,9,193.0,Gurobi Status: 9
F26,P26_21,8,2000000,2100000,6349,,,,Optional Packets- Not Scheduled,No,N/A,3600.254284620285,60.00423807700475,9,193.0,Gurobi Status: 9
F26,P26_22,4,2100000,2200000,6349,2165847.0,2172196.0,72196.0,Scheduled - Deadline Met,Yes,Yes,3600.254284620285,60.00423807700475,9,193.0,Gurobi Status: 9
F26,P26_23,8,2200000,2300000,6349,2236142.0,2242491.0,42491.0,Scheduled - Deadline Met,Yes,Yes,3600.254284620285,60.00423807700475,9,193.0,Gurobi Status: 9
F26,P26_24,4,2300000,2400000,6349,2381271.0,2387620.0,87620.0,Scheduled - Deadline Met,Yes,Yes,3600.254284620285,60.00423807700475,9,193.0,Gurobi Status: 9
F27,P27_1,8,0,400000,1496,88126.0,89622.0,89622.0,Scheduled - Deadline Met,Yes,Yes,3600.254284620285,60.00423807700475,9,193.0,Gurobi Status: 9
F27,P27_2,3,400000,800000,1496,450005.0,451501.0,51501.0,Scheduled - Deadline Met,Yes,Yes,3600.254284620285,60.00423807700475,9,193.0,Gurobi Status: 9
F27,P27_3,8,800000,1200000,1496,868900.0,870396.0,70396.0,Scheduled - Deadline Met,Yes,Yes,3600.254284620285,60.00423807700475,9,193.0,Gurobi Status: 9
F27,P27_4,3,1200000,1600000,1496,1227659.0,1229155.0,29155.0,Scheduled - Deadline Met,Yes,Yes,3600.254284620285,60.00423807700475,9,193.0,Gurobi Status: 9
F27,P27_5,8,1600000,2000000,1496,1687610.0,1689106.0,89106.0,Scheduled - Deadline Met,Yes,Yes,3600.254284620285,60.00423807700475,9,193.0,Gurobi Status: 9
F27,P27_6,3,2000000,2400000,1496,2066600.0,2068096.0,68096.0,Scheduled - Deadline Met,Yes,Yes,3600.254284620285,60.00423807700475,9,193.0,Gurobi Status: 9
F28,P28_1,8,0,400000,926,92051.0,92977.0,92977.0,Scheduled - Deadline Met,Yes,Yes,3600.254284620285,60.00423807700475,9,193.0,Gurobi Status: 9
F28,P28_2,5,400000,800000,926,682110.0,683036.0,283036.0,Scheduled - Deadline Met,Yes,Yes,3600.254284620285,60.00423807700475,9,193.0,Gurobi Status: 9
F28,P28_3,8,800000,1200000,926,871694.0,872620.0,72620.0,Scheduled - Deadline Met,Yes,Yes,3600.254284620285,60.00423807700475,9,193.0,Gurobi Status: 9
F28,P28_4,5,1200000,1600000,926,1374351.0,1375277.0,175277.0,Scheduled - Deadline Met,Yes,Yes,3600.254284620285,60.00423807700475,9,193.0,Gurobi Status: 9
F28,P28_5,8,1600000,2000000,926,1691470.0,1692396.0,92396.0,Scheduled - Deadline Met,Yes,Yes,3600.254284620285,60.00423807700475,9,193.0,Gurobi Status: 9
F28,P28_6,5,2000000,2400000,926,2154238.0,2155164.0,155164.0,Scheduled - Deadline Met,Yes,Yes,3600.254284620285,60.00423807700475,9,193.0,Gurobi Status: 9
F29,P29_1,8,0,400000,3744,79386.0,83130.0,83130.0,Scheduled - Deadline Met,Yes,Yes,3600.254284620285,60.00423807700475,9,193.0,Gurobi Status: 9
F29,P29_2,5,400000,800000,3744,678270.0,682014.0,282014.0,Scheduled - Deadline Met,Yes,Yes,3600.254284620285,60.00423807700475,9,193.0,Gurobi Status: 9
F29,P29_3,8,800000,1200000,3744,,,,Optional Packets- Not Scheduled,No,N/A,3600.254284620285,60.00423807700475,9,193.0,Gurobi Status: 9
F29,P29_4,5,1200000,1600000,3744,1367392.0,1371136.0,171136.0,Scheduled - Deadline Met,Yes,Yes,3600.254284620285,60.00423807700475,9,193.0,Gurobi Status: 9
F29,P29_5,8,1600000,2000000,3744,,,,Optional Packets- Not Scheduled,No,N/A,3600.254284620285,60.00423807700475,9,193.0,Gurobi Status: 9
F29,P29_6,5,2000000,2400000,3744,2122906.0,2126650.0,126650.0,Scheduled - Deadline Met,Yes,Yes,3600.254284620285,60.00423807700475,9,193.0,Gurobi Status: 9
F3,P3_1,4,0,100000,8050,13834.0,21884.0,21884.0,Scheduled - Deadline Met,Yes,Yes,3600.254284620285,60.00423807700475,9,193.0,Gurobi Status: 9
F3,P3_2,4,100000,200000,8050,152549.0,160599.0,60599.0,Scheduled - Deadline Met,Yes,Yes,3600.254284620285,60.00423807700475,9,193.0,Gurobi Status: 9
F3,P3_3,8,200000,300000,8050,231551.0,239601.0,39601.0,Scheduled - Deadline Met,Yes,Yes,3600.254284620285,60.00423807700475,9,193.0,Gurobi Status: 9
F3,P3_4,4,300000,400000,8050,330759.0,338809.0,38809.0,Scheduled - Deadline Met,Yes,Yes,3600.254284620285,60.00423807700475,9,193.0,Gurobi Status: 9
F3,P3_5,4,400000,500000,8050,420682.0,428732.0,28732.0,Scheduled - Deadline Met,Yes,Yes,3600.254284620285,60.00423807700475,9,193.0,Gurobi Status: 9
F3,P3_6,8,500000,600000,8050,,,,Optional Packets- Not Scheduled,No,N/A,3600.254284620285,60.00423807700475,9,193.0,Gurobi Status: 9
F3,P3_7,4,600000,700000,8050,609839.0,617889.0,17889.0,Scheduled - Deadline Met,Yes,Yes,3600.254284620285,60.00423807700475,9,193.0,Gurobi Status: 9
F3,P3_8,4,700000,800000,8050,734470.0,742520.0,42520.0,Scheduled - Deadline Met,Yes,Yes,3600.254284620285,60.00423807700475,9,193.0,Gurobi Status: 9
F3,P3_9,8,800000,900000,8050,,,,Optional Packets- Not Scheduled,No,N/A,3600.254284620285,60.00423807700475,9,193.0,Gurobi Status: 9
F3,P3_10,4,900000,1000000,8050,914423.0,922473.0,22473.0,Scheduled - Deadline Met,Yes,Yes,3600.254284620285,60.00423807700475,9,193.0,Gurobi Status: 9
F3,P3_11,4,1000000,1100000,8050,1048693.0,1056743.0,56743.0,Scheduled - Deadline Met,Yes,Yes,3600.254284620285,60.00423807700475,9,193.0,Gurobi Status: 9
F3,P3_12,8,1100000,1200000,8050,1177170.0,1185220.0,85220.0,Scheduled - Deadline Met,Yes,Yes,3600.254284620285,60.00423807700475,9,193.0,Gurobi Status: 9
F3,P3_13,4,1200000,1300000,8050,1201709.0,1209759.0,9759.0,Scheduled - Deadline Met,Yes,Yes,3600.254284620285,60.00423807700475,9,193.0,Gurobi Status: 9
F3,P3_14,4,1300000,1400000,8050,1334470.0,1342520.0,42520.0,Scheduled - Deadline Met,Yes,Yes,3600.254284620285,60.00423807700475,9,193.0,Gurobi Status: 9
F3,P3_15,8,1400000,1500000,8050,,,,Optional Packets- Not Scheduled,No,N/A,3600.254284620285,60.00423807700475,9,193.0,Gurobi Status: 9
F3,P3_16,4,1500000,1600000,8050,1529564.0,1537614.0,37614.0,Scheduled - Deadline Met,Yes,Yes,3600.254284620285,60.00423807700475,9,193.0,Gurobi Status: 9
F3,P3_17,4,1600000,1700000,8050,1628935.0,1636985.0,36985.0,Scheduled - Deadline Met,Yes,Yes,3600.254284620285,60.00423807700475,9,193.0,Gurobi Status: 9
F3,P3_18,8,1700000,1800000,8050,1708765.0,1716815.0,16815.0,Scheduled - Deadline Met,Yes,Yes,3600.254284620285,60.00423807700475,9,193.0,Gurobi Status: 9
F3,P3_19,4,1800000,1900000,8050,1833150.0,1841200.0,41200.0,Scheduled - Deadline Met,Yes,Yes,3600.254284620285,60.00423807700475,9,193.0,Gurobi Status: 9
F3,P3_20,4,1900000,2000000,8050,1925614.0,1933664.0,33664.0,Scheduled - Deadline Met,Yes,Yes,3600.254284620285,60.00423807700475,9,193.0,Gurobi Status: 9
F3,P3_21,8,2000000,2100000,8050,,,,Optional Packets- Not Scheduled,No,N/A,3600.254284620285,60.00423807700475,9,193.0,Gurobi Status: 9
F3,P3_22,4,2100000,2200000,8050,2155164.0,2163214.0,63214.0,Scheduled - Deadline Met,Yes,Yes,3600.254284620285,60.00423807700475,9,193.0,Gurobi Status: 9
F3,P3_23,4,2200000,2300000,8050,2208448.0,2216498.0,16498.0,Scheduled - Deadline Met,Yes,Yes,3600.254284620285,60.00423807700475,9,193.0,Gurobi Status: 9
F3,P3_24,8,2300000,2400000,8050,2346821.0,2354871.0,54871.0,Scheduled - Deadline Met,Yes,Yes,3600.254284620285,60.00423807700475,9,193.0,Gurobi Status: 9
F30,P30_1,4,0,50000,1613,2288.0,3901.0,3901.0,Scheduled - Deadline Met,Yes,Yes,3600.254284620285,60.00423807700475,9,193.0,Gurobi Status: 9
F30,P30_2,8,50000,100000,1613,98387.0,100000.0,50000.0,Scheduled - Deadline Met,Yes,Yes,3600.254284620285,60.00423807700475,9,193.0,Gurobi Status: 9
F30,P30_3,4,100000,150000,1613,146277.0,147890.0,47890.0,Scheduled - Deadline Met,Yes,Yes,3600.254284620285,60.00423807700475,9,193.0,Gurobi Status: 9
F30,P30_4,8,150000,200000,1613,180130.0,181743.0,31743.0,Scheduled - Deadline Met,Yes,Yes,3600.254284620285,60.00423807700475,9,193.0,Gurobi Status: 9
F30,P30_5,4,200000,250000,1613,204451.0,206064.0,6064.0,Scheduled - Deadline Met,Yes,Yes,3600.254284620285,60.00423807700475,9,193.0,Gurobi Status: 9
F30,P30_6,8,250000,300000,1613,257267.0,258880.0,8880.0,Scheduled - Deadline Met,Yes,Yes,3600.254284620285,60.00423807700475,9,193.0,Gurobi Status: 9
F30,P30_7,4,300000,350000,1613,301138.0,302751.0,2751.0,Scheduled - Deadline Met,Yes,Yes,3600.254284620285,60.00423807700475,9,193.0,Gurobi Status: 9
F30,P30_8,8,350000,400000,1613,353124.0,354737.0,4737.0,Scheduled - Deadline Met,Yes,Yes,3600.254284620285,60.00423807700475,9,193.0,Gurobi Status: 9
F30,P30_9,4,400000,450000,1613,418973.0,420586.0,20586.0,Scheduled - Deadline Met,Yes,Yes,3600.254284620285,60.00423807700475,9,193.0,Gurobi Status: 9
F30,P30_10,8,450000,500000,1613,498387.0,500000.0,50000.0,Scheduled - Deadline Met,Yes,Yes,3600.254284620285,60.00423807700475,9,193.0,Gurobi Status: 9
F30,P30_11,4,500000,550000,1613,534833.0,536446.0,36446.0,Scheduled - Deadline Met,Yes,Yes,3600.254284620285,60.00423807700475,9,193.0,Gurobi Status: 9
F30,P30_12,8,550000,600000,1613,579199.0,580812.0,30812.0,Scheduled - Deadline Met,Yes,Yes,3600.254284620285,60.00423807700475,9,193.0,Gurobi Status: 9
F30,P30_13,4,600000,650000,1613,608130.0,609743.0,9743.0,Scheduled - Deadline Met,Yes,Yes,3600.254284620285,60.00423807700475,9,193.0,Gurobi Status: 9
F30,P30_14,8,650000,700000,1613,697106.0,698719.0,48719.0,Scheduled - Deadline Met,Yes,Yes,3600.254284620285,60.00423807700475,9,193.0,Gurobi Status: 9
F30,P30_15,4,700000,750000,1613,730473.0,732086.0,32086.0,Scheduled - Deadline Met,Yes,Yes,3600.254284620285,60.00423807700475,9,193.0,Gurobi Status: 9
F30,P30_16,8,750000,800000,1613,753807.0,755420.0,5420.0,Scheduled - Deadline Met,Yes,Yes,3600.254284620285,60.00423807700475,9,193.0,Gurobi Status: 9
F30,P30_17,4,800000,850000,1613,805550.0,807163.0,7163.0,Scheduled - Deadline Met,Yes,Yes,3600.254284620285,60.00423807700475,9,193.0,Gurobi Status: 9
F30,P30_18,8,850000,900000,1613,875879.0,877492.0,27492.0,Scheduled - Deadline Met,Yes,Yes,3600.254284620285,60.00423807700475,9,193.0,Gurobi Status: 9
F30,P30_19,4,900000,950000,1613,907084.0,908697.0,8697.0,Scheduled - Deadline Met,Yes,Yes,3600.254284620285,60.00423807700475,9,193.0,Gurobi Status: 9
F30,P30_20,8,950000,1000000,1613,998291.0,999904.0,49904.0,Scheduled - Deadline Met,Yes,Yes,3600.254284620285,60.00423807700475,9,193.0,Gurobi Status: 9
F30,P30_21,4,1000000,1050000,1613,1036006.0,1037619.0,37619.0,Scheduled - Deadline Met,Yes,Yes,3600.254284620285,60.00423807700475,9,193.0,Gurobi Status: 9
F30,P30_22,8,1050000,1100000,1613,1098387.0,1100000.0,50000.0,Scheduled - Deadline Met,Yes,Yes,3600.254284620285,60.00423807700475,9,193.0,Gurobi Status: 9
F30,P30_23,4,1100000,1150000,1613,1146548.0,1148161.0,48161.0,Scheduled - Deadline Met,Yes,Yes,3600.254284620285,60.00423807700475,9,193.0,Gurobi Status: 9
F30,P30_24,8,1150000,1200000,1613,1185316.0,1186929.0,36929.0,Scheduled - Deadline Met,Yes,Yes,3600.254284620285,60.00423807700475,9,193.0,Gurobi Status: 9
F30,P30_25,4,1200000,1250000,1613,1200000.0,1201613.0,1613.0,Scheduled - Deadline Met,Yes,Yes,3600.254284620285,60.00423807700475,9,193.0,Gurobi Status: 9
F30,P30_26,8,1250000,1300000,1613,1298387.0,1300000.0,50000.0,Scheduled - Deadline Met,Yes,Yes,3600.254284620285,60.00423807700475,9,193.0,Gurobi Status: 9
F30,P30_27,4,1300000,1350000,1613,1326671.0,1328284.0,28284.0,Scheduled - Deadline Met,Yes,Yes,3600.254284620285,60.00423807700475,9,193.0,Gurobi Status: 9
F30,P30_28,8,1350000,1400000,1613,1353807.0,1355420.0,5420.0,Scheduled - Deadline Met,Yes,Yes,3600.254284620285,60.00423807700475,9,193.0,Gurobi Status: 9
F30,P30_29,4,1400000,1450000,1613,1408913.0,1410526.0,10526.0,Scheduled - Deadline Met,Yes,Yes,3600.254284620285,60.00423807700475,9,193.0,Gurobi Status: 9
F30,P30_30,8,1450000,1500000,1613,1456341.0,1457954.0,7954.0,Scheduled - Deadline Met,Yes,Yes,3600.254284620285,60.00423807700475,9,193.0,Gurobi Status: 9
F30,P30_31,4,1500000,1550000,1613,1527855.0,1529468.0,29468.0,Scheduled - Deadline Met,Yes,Yes,3600.254284620285,60.00423807700475,9,193.0,Gurobi Status: 9
F30,P30_32,8,1550000,1600000,1613,1583787.0,1585400.0,35400.0,Scheduled - Deadline Met,Yes,Yes,3600.254284620285,60.00423807700475,9,193.0,Gurobi Status: 9
F30,P30_33,4,1600000,1650000,1613,1606739.0,1608352.0,8352.0,Scheduled - Deadline Met,Yes,Yes,3600.254284620285,60.00423807700475,9,193.0,Gurobi Status: 9
F30,P30_34,8,1650000,1700000,1613,1698387.0,1700000.0,50000.0,Scheduled - Deadline Met,Yes,Yes,3600.254284620285,60.00423807700475,9,193.0,Gurobi Status: 9
F30,P30_35,4,1700000,1750000,1613,1743911.0,1745524.0,45524.0,Scheduled - Deadline Met,Yes,Yes,3600.254284620285,60.00423807700475,9,193.0,Gurobi Status: 9
F30,P30_36,8,1750000,1800000,1613,1785070.0,1786683.0,36683.0,Scheduled - Deadline Met,Yes,Yes,3600.254284620285,60.00423807700475,9,193.0,Gurobi Status: 9
F30,P30_37,4,1800000,1850000,1613,1831441.0,1833054.0,33054.0,Scheduled - Deadline Met,Yes,Yes,3600.254284620285,60.00423807700475,9,193.0,Gurobi Status: 9
F30,P30_38,8,1850000,1900000,1613,1887268.0,1888881.0,38881.0,Scheduled - Deadline Met,Yes,Yes,3600.254284620285,60.00423807700475,9,193.0,Gurobi Status: 9
F30,P30_39,4,1900000,1950000,1613,1923165.0,1924778.0,24778.0,Scheduled - Deadline Met,Yes,Yes,3600.254284620285,60.00423807700475,9,193.0,Gurobi Status: 9
F30,P30_40,8,1950000,2000000,1613,1983883.0,1985496.0,35496.0,Scheduled - Deadline Met,Yes,Yes,3600.254284620285,60.00423807700475,9,193.0,Gurobi Status: 9
F30,P30_41,4,2000000,2050000,1613,2034590.0,2036203.0,36203.0,Scheduled - Deadline Met,Yes,Yes,3600.254284620285,60.00423807700475,9,193.0,Gurobi Status: 9
F30,P30_42,8,2050000,2100000,1613,2097288.0,2098901.0,48901.0,Scheduled - Deadline Met,Yes,Yes,3600.254284620285,60.00423807700475,9,193.0,Gurobi Status: 9
F30,P30_43,4,2100000,2150000,1613,2142281.0,2143894.0,43894.0,Scheduled - Deadline Met,Yes,Yes,3600.254284620285,60.00423807700475,9,193.0,Gurobi Status: 9
F30,P30_44,8,2150000,2200000,1613,2183883.0,2185496.0,35496.0,Scheduled - Deadline Met,Yes,Yes,3600.254284620285,60.00423807700475,9,193.0,Gurobi Status: 9
F30,P30_45,4,2200000,2250000,1613,2206739.0,2208352.0,8352.0,Scheduled - Deadline Met,Yes,Yes,3600.254284620285,60.00423807700475,9,193.0,Gurobi Status: 9
F30,P30_46,8,2250000,2300000,1613,2298002.0,2299615.0,49615.0,Scheduled - Deadline Met,Yes,Yes,3600.254284620285,60.00423807700475,9,193.0,Gurobi Status: 9
F30,P30_47,4,2300000,2350000,1613,2335057.0,2336670.0,36670.0,Scheduled - Deadline Met,Yes,Yes,3600.254284620285,60.00423807700475,9,193.0,Gurobi Status: 9
F30,P30_48,8,2350000,2400000,1613,2354967.0,2356580.0,6580.0,Scheduled - Deadline Met,Yes,Yes,3600.254284620285,60.00423807700475,9,193.0,Gurobi Status: 9
F31,P31_1,1,0,200000,2339,23079.0,25418.0,25418.0,Scheduled - Deadline Met,Yes,Yes,3600.254284620285,60.00423807700475,9,193.0,Gurobi Status: 9
F31,P31_2,8,200000,400000,2339,254832.0,257171.0,57171.0,Scheduled - Deadline Met,Yes,Yes,3600.254284620285,60.00423807700475,9,193.0,Gurobi Status: 9
F31,P31_3,1,400000,600000,2339,532494.0,534833.0,134833.0,Scheduled - Deadline Met,Yes,Yes,3600.254284620285,60.00423807700475,9,193.0,Gurobi Status: 9
F31,P31_4,8,600000,800000,2339,692383.0,694722.0,94722.0,Scheduled - Deadline Met,Yes,Yes,3600.254284620285,60.00423807700475,9,193.0,Gurobi Status: 9
F31,P31_5,1,800000,1000000,2339,910985.0,913324.0,113324.0,Scheduled - Deadline Met,Yes,Yes,3600.254284620285,60.00423807700475,9,193.0,Gurobi Status: 9
F31,P31_6,8,1000000,1200000,2339,1090651.0,1092990.0,92990.0,Scheduled - Deadline Met,Yes,Yes,3600.254284620285,60.00423807700475,9,193.0,Gurobi Status: 9
F31,P31_7,1,1200000,1400000,2339,1272183.0,1274522.0,74522.0,Scheduled - Deadline Met,Yes,Yes,3600.254284620285,60.00423807700475,9,193.0,Gurobi Status: 9
F31,P31_8,8,1400000,1600000,2339,1453906.0,1456245.0,56245.0,Scheduled - Deadline Met,Yes,Yes,3600.254284620285,60.00423807700475,9,193.0,Gurobi Status: 9
F31,P31_9,1,1600000,1800000,2339,1737025.0,1739364.0,139364.0,Scheduled - Deadline Met,Yes,Yes,3600.254284620285,60.00423807700475,9,193.0,Gurobi Status: 9
F31,P31_10,8,1800000,2000000,2339,1882545.0,1884884.0,84884.0,Scheduled - Deadline Met,Yes,Yes,3600.254284620285,60.00423807700475,9,193.0,Gurobi Status: 9
F31,P31_11,1,2000000,2200000,2339,2061994.0,2064333.0,64333.0,Scheduled - Deadline Met,Yes,Yes,3600.254284620285,60.00423807700475,9,193.0,Gurobi Status: 9
F31,P31_12,8,2200000,2400000,2339,2290266.0,2292605.0,92605.0,Scheduled - Deadline Met,Yes,Yes,3600.254284620285,60.00423807700475,9,193.0,Gurobi Status: 9
F32,P32_1,8,0,400000,2633,83226.0,85859.0,85859.0,Scheduled - Deadline Met,Yes,Yes,3600.254284620285,60.00423807700475,9,193.0,Gurobi Status: 9
F32,P32_2,7,400000,800000,2633,605497.0,608130.0,208130.0,Scheduled - Deadline Met,Yes,Yes,3600.254284620285,60.00423807700475,9,193.0,Gurobi Status: 9
F32,P32_3,8,800000,1200000,2633,862027.0,864660.0,64660.0,Scheduled - Deadline Met,Yes,Yes,3600.254284620285,60.00423807700475,9,193.0,Gurobi Status: 9
F32,P32_4,7,1200000,1600000,2633,1381626.0,1384259.0,184259.0,Scheduled - Deadline Met,Yes,Yes,3600.254284620285,60.00423807700475,9,193.0,Gurobi Status: 9
F32,P32_5,8,1600000,2000000,2633,1684881.0,1687514.0,87514.0,Scheduled - Deadline Met,Yes,Yes,3600.254284620285,60.00423807700475,9,193.0,Gurobi Status: 9
F32,P32_6,7,2000000,2400000,2633,2163214.0,2165847.0,165847.0,Scheduled - Deadline Met,Yes,Yes,3600.254284620285,60.00423807700475,9,193.0,Gurobi Status: 9
F33,P33_1,3,0,400000,9315,45892.0,55207.0,55207.0,Scheduled - Deadline Met,Yes,Yes,3600.254284620285,60.00423807700475,9,193.0,Gurobi Status: 9
F33,P33_2,8,400000,800000,9315,,,,Optional Packets- Not Scheduled,No,N/A,3600.254284620285,60.00423807700475,9,193.0,Gurobi Status: 9
F33,P33_3,3,800000,1200000,9315,841329.0,850644.0,50644.0,Scheduled - Deadline Met,Yes,Yes,3600.254284620285,60.00423807700475,9,193.0,Gurobi Status: 9
F33,P33_4,8,1200000,1600000,9315,,,,Optional Packets- Not Scheduled,No,N/A,3600.254284620285,60.00423807700475,9,193.0,Gurobi Status: 9
F33,P33_5,3,1600000,2000000,9315,1658382.0,1667697.0,67697.0,Scheduled - Deadline Met,Yes,Yes,3600.254284620285,60.00423807700475,9,193.0,Gurobi Status: 9
F33,P33_6,8,2000000,2400000,9315,,,,Optional Packets- Not Scheduled,No,N/A,3600.254284620285,60.00423807700475,9,193.0,Gurobi Status: 9
F34,P34_1,8,0,400000,600,94707.0,95307.0,95307.0,Scheduled - Deadline Met,Yes,Yes,3600.254284620285,60.00423807700475,9,193.0,Gurobi Status: 9
F34,P34_2,4,400000,800000,600,451597.0,452197.0,52197.0,Scheduled - Deadline Met,Yes,Yes,3600.254284620285,60.00423807700475,9,193.0,Gurobi Status: 9
F34,P34_3,8,800000,1200000,600,874487.0,875087.0,75087.0,Scheduled - Deadline Met,Yes,Yes,3600.254284620285,60.00423807700475,9,193.0,Gurobi Status: 9
F34,P34_4,4,1200000,1600000,600,1271487.0,1272087.0,72087.0,Scheduled - Deadline Met,Yes,Yes,3600.254284620285,60.00423807700475,9,193.0,Gurobi Status: 9
F34,P34_5,8,1600000,2000000,600,1693284.0,1693884.0,93884.0,Scheduled - Deadline Met,Yes,Yes,3600.254284620285,60.00423807700475,9,193.0,Gurobi Status: 9
F34,P34_6,4,2000000,2400000,600,2068192.0,2068792.0,68792.0,Scheduled - Deadline Met,Yes,Yes,3600.254284620285,60.00423807700475,9,193.0,Gurobi Status: 9
F35,P35_1,8,0,400000,600,95403.0,96003.0,96003.0,Scheduled - Deadline Met,Yes,Yes,3600.254284620285,60.00423807700475,9,193.0,Gurobi Status: 9
F35,P35_2,1,400000,800000,600,575971.0,576571.0,176571.0,Scheduled - Deadline Met,Yes,Yes,3600.254284620285,60.00423807700475,9,193.0,Gurobi Status: 9
F35,P35_3,8,800000,1200000,600,875183.0,875783.0,75783.0,Scheduled - Deadline Met,Yes,Yes,3600.254284620285,60.00423807700475,9,193.0,Gurobi Status: 9
F35,P35_4,1,1200000,1600000,600,1400864.0,1401464.0,201464.0,Scheduled - Deadline Met,Yes,Yes,3600.254284620285,60.00423807700475,9,193.0,Gurobi Status: 9
F35,P35_5,8,1600000,2000000,600,1693980.0,1694580.0,94580.0,Scheduled - Deadline Met,Yes,Yes,3600.254284620285,60.00423807700475,9,193.0,Gurobi Status: 9
F35,P35_6,1,2000000,2400000,600,2143894.0,2144494.0,144494.0,Scheduled - Deadline Met,Yes,Yes,3600.254284620285,60.00423807700475,9,193.0,Gurobi Status: 9
F36,P36_1,4,0,400000,929,44867.0,45796.0,45796.0,Scheduled - Deadline Met,Yes,Yes,3600.254284620285,60.00423807700475,9,193.0,Gurobi Status: 9
F36,P36_2,8,400000,800000,929,493651.0,494580.0,94580.0,Scheduled - Deadline Met,Yes,Yes,3600.254284620285,60.00423807700475,9,193.0,Gurobi Status: 9
F36,P36_3,4,800000,1200000,929,840304.0,841233.0,41233.0,Scheduled - Deadline Met,Yes,Yes,3600.254284620285,60.00423807700475,9,193.0,Gurobi Status: 9
F36,P36_4,8,1200000,1600000,929,1294232.0,1295161.0,95161.0,Scheduled - Deadline Met,Yes,Yes,3600.254284620285,60.00423807700475,9,193.0,Gurobi Status: 9
F36,P36_5,4,1600000,2000000,929,1657357.0,1658286.0,58286.0,Scheduled - Deadline Met,Yes,Yes,3600.254284620285,60.00423807700475,9,193.0,Gurobi Status: 9
F36,P36_6,8,2000000,2400000,929,2095284.0,2096213.0,96213.0,Scheduled - Deadline Met,Yes,Yes,3600.254284620285,60.00423807700475,9,193.0,Gurobi Status: 9
F37,P37_1,8,0,200000,2010,,,,Optional Packets- Not Scheduled,No,N/A,3600.254284620285,60.00423807700475,9,193.0,Gurobi Status: 9
F37,P37_2,6,200000,400000,2010,328653.0,330663.0,130663.0,Scheduled - Deadline Met,Yes,Yes,3600.254284620285,60.00423807700475,9,193.0,Gurobi Status: 9
F37,P37_3,8,400000,600000,2010,,,,Optional Packets- Not Scheduled,No,N/A,3600.254284620285,60.00423807700475,9,193.0,Gurobi Status: 9
F37,P37_4,6,600000,800000,2010,767392.0,769402.0,169402.0,Scheduled - Deadline Met,Yes,Yes,3600.254284620285,60.00423807700475,9,193.0,Gurobi Status: 9
F37,P37_5,8,800000,1000000,2010,858108.0,860118.0,60118.0,Scheduled - Deadline Met,Yes,Yes,3600.254284620285,60.00423807700475,9,193.0,Gurobi Status: 9
F37,P37_6,6,1000000,1200000,2010,1070720.0,1072730.0,72730.0,Scheduled - Deadline Met,Yes,Yes,3600.254284620285,60.00423807700475,9,193.0,Gurobi Status: 9
F37,P37_7,8,1200000,1400000,2010,1242613.0,1244623.0,44623.0,Scheduled - Deadline Met,Yes,Yes,3600.254284620285,60.00423807700475,9,193.0,Gurobi Status: 9
F37,P37_8,6,1400000,1600000,2010,1521556.0,1523566.0,123566.0,Scheduled - Deadline Met,Yes,Yes,3600.254284620285,60.00423807700475,9,193.0,Gurobi Status: 9
F37,P37_9,8,1600000,1800000,2010,1681185.0,1683195.0,83195.0,Scheduled - Deadline Met,Yes,Yes,3600.254284620285,60.00423807700475,9,193.0,Gurobi Status: 9
F37,P37_10,6,1800000,2000000,2010,1921155.0,1923165.0,123165.0,Scheduled - Deadline Met,Yes,Yes,3600.254284620285,60.00423807700475,9,193.0,Gurobi Status: 9
F37,P37_11,8,2000000,2200000,2010,2091365.0,2093375.0,93375.0,Scheduled - Deadline Met,Yes,Yes,3600.254284620285,60.00423807700475,9,193.0,Gurobi Status: 9
F37,P37_12,6,2200000,2400000,2010,2331208.0,2333218.0,133218.0,Scheduled - Deadline Met,Yes,Yes,3600.254284620285,60.00423807700475,9,193.0,Gurobi Status: 9
F38,P38_1,8,0,400000,696,93915.0,94611.0,94611.0,Scheduled - Deadline Met,Yes,Yes,3600.254284620285,60.00423807700475,9,193.0,Gurobi Status: 9
F38,P38_2,3,400000,800000,696,453495.0,454191.0,54191.0,Scheduled - Deadline Met,Yes,Yes,3600.254284620285,60.00423807700475,9,193.0,Gurobi Status: 9
F38,P38_3,8,800000,1200000,696,873695.0,874391.0,74391.0,Scheduled - Deadline Met,Yes,Yes,3600.254284620285,60.00423807700475,9,193.0,Gurobi Status: 9
F38,P38_4,3,1200000,1600000,696,1230453.0,1231149.0,31149.0,Scheduled - Deadline Met,Yes,Yes,3600.254284620285,60.00423807700475,9,193.0,Gurobi Status: 9
F38,P38_5,8,1600000,2000000,696,1692492.0,1693188.0,93188.0,Scheduled - Deadline Met,Yes,Yes,3600.254284620285,60.00423807700475,9,193.0,Gurobi Status: 9
F38,P38_6,3,2000000,2400000,696,2076795.0,2077491.0,77491.0,Scheduled - Deadline Met,Yes,Yes,3600.254284620285,60.00423807700475,9,193.0,Gurobi Status: 9
F39,P39_1,8,0,200000,1717,71427.0,73144.0,73144.0,Scheduled - Deadline Met,Yes,Yes,3600.254284620285,60.00423807700475,9,193.0,Gurobi Status: 9
F39,P39_2,3,200000,400000,1717,275704.0,277421.0,77421.0,Scheduled - Deadline Met,Yes,Yes,3600.254284620285,60.00423807700475,9,193.0,Gurobi Status: 9
F39,P39_3,8,400000,600000,1717,434726.0,436443.0,36443.0,Scheduled - Deadline Met,Yes,Yes,3600.254284620285,60.00423807700475,9,193.0,Gurobi Status: 9
F39,P39_4,3,600000,800000,1717,683132.0,684849.0,84849.0,Scheduled - Deadline Met,Yes,Yes,3600.254284620285,60.00423807700475,9,193.0,Gurobi Status: 9
F39,P39_5,8,800000,1000000,1717,860214.0,861931.0,61931.0,Scheduled - Deadline Met,Yes,Yes,3600.254284620285,60.00423807700475,9,193.0,Gurobi Status: 9
F39,P39_6,3,1000000,1200000,1717,1068907.0,1070624.0,70624.0,Scheduled - Deadline Met,Yes,Yes,3600.254284620285,60.00423807700475,9,193.0,Gurobi Status: 9
F39,P39_7,8,1200000,1400000,1717,1244719.0,1246436.0,46436.0,Scheduled - Deadline Met,Yes,Yes,3600.254284620285,60.00423807700475,9,193.0,Gurobi Status: 9
F39,P39_8,3,1400000,1600000,1717,1481021.0,1482738.0,82738.0,Scheduled - Deadline Met,Yes,Yes,3600.254284620285,60.00423807700475,9,193.0,Gurobi Status: 9
F39,P39_9,8,1600000,1800000,1717,,,,Optional Packets- Not Scheduled,No,N/A,3600.254284620285,60.00423807700475,9,193.0,Gurobi Status: 9
F39,P39_10,3,1800000,2000000,1717,1864565.0,1866282.0,66282.0,Scheduled - Deadline Met,Yes,Yes,3600.254284620285,60.00423807700475,9,193.0,Gurobi Status: 9
F39,P39_11,8,2000000,2200000,1717,2093471.0,2095188.0,95188.0,Scheduled - Deadline Met,Yes,Yes,3600.254284620285,60.00423807700475,9,193.0,Gurobi Status: 9
F39,P39_12,3,2200000,2400000,1717,2282438.0,2284155.0,84155.0,Scheduled - Deadline Met,Yes,Yes,3600.254284620285,60.00423807700475,9,193.0,Gurobi Status: 9
F4,P4_1,8,0,100000,644,66398.0,67042.0,67042.0,Scheduled - Deadline Met,Yes,Yes,3600.254284620285,60.00423807700475,9,193.0,Gurobi Status: 9
F4,P4_2,6,100000,200000,644,162402.0,163046.0,63046.0,Scheduled - Deadline Met,Yes,Yes,3600.254284620285,60.00423807700475,9,193.0,Gurobi Status: 9
F4,P4_3,6,200000,300000,644,200000.0,200644.0,644.0,Scheduled - Deadline Met,Yes,Yes,3600.254284620285,60.00423807700475,9,193.0,Gurobi Status: 9
F4,P4_4,8,300000,400000,644,350096.0,350740.0,50740.0,Scheduled - Deadline Met,Yes,Yes,3600.254284620285,60.00423807700475,9,193.0,Gurobi Status: 9
F4,P4_5,6,400000,500000,644,400000.0,400644.0,644.0,Scheduled - Deadline Met,Yes,Yes,3600.254284620285,60.00423807700475,9,193.0,Gurobi Status: 9
F4,P4_6,6,500000,600000,644,575327.0,575971.0,75971.0,Scheduled - Deadline Met,Yes,Yes,3600.254284620285,60.00423807700475,9,193.0,Gurobi Status: 9
F4,P4_7,8,600000,700000,644,652256.0,652900.0,52900.0,Scheduled - Deadline Met,Yes,Yes,3600.254284620285,60.00423807700475,9,193.0,Gurobi Status: 9
F4,P4_8,6,700000,800000,644,779417.0,780061.0,80061.0,Scheduled - Deadline Met,Yes,Yes,3600.254284620285,60.00423807700475,9,193.0,Gurobi Status: 9
F4,P4_9,6,800000,900000,644,800000.0,800644.0,644.0,Scheduled - Deadline Met,Yes,Yes,3600.254284620285,60.00423807700475,9,193.0,Gurobi Status: 9
F4,P4_10,8,900000,1000000,644,932661.0,933305.0,33305.0,Scheduled - Deadline Met,Yes,Yes,3600.254284620285,60.00423807700475,9,193.0,Gurobi Status: 9
F4,P4_11,6,1000000,1100000,644,1020949.0,1021593.0,21593.0,Scheduled - Deadline Met,Yes,Yes,3600.254284620285,60.00423807700475,9,193.0,Gurobi Status: 9
F4,P4_12,6,1100000,1200000,644,1148257.0,1148901.0,48901.0,Scheduled - Deadline Met,Yes,Yes,3600.254284620285,60.00423807700475,9,193.0,Gurobi Status: 9
F4,P4_13,8,1200000,1300000,644,1237584.0,1238228.0,38228.0,Scheduled - Deadline Met,Yes,Yes,3600.254284620285,60.00423807700475,9,193.0,Gurobi Status: 9
F4,P4_14,6,1300000,1400000,644,1371136.0,1371780.0,71780.0,Scheduled - Deadline Met,Yes,Yes,3600.254284620285,60.00423807700475,9,193.0,Gurobi Status: 9
F4,P4_15,6,1400000,1500000,644,1403363.0,1404007.0,4007.0,Scheduled - Deadline Met,Yes,Yes,3600.254284620285,60.00423807700475,9,193.0,Gurobi Status: 9
F4,P4_16,8,1500000,1600000,644,1547802.0,1548446.0,48446.0,Scheduled - Deadline Met,Yes,Yes,3600.254284620285,60.00423807700475,9,193.0,Gurobi Status: 9
F4,P4_17,6,1600000,1700000,644,1603711.0,1604355.0,4355.0,Scheduled - Deadline Met,Yes,Yes,3600.254284620285,60.00423807700475,9,193.0,Gurobi Status: 9
F4,P4_18,6,1700000,1800000,644,1739460.0,1740104.0,40104.0,Scheduled - Deadline Met,Yes,Yes,3600.254284620285,60.00423807700475,9,193.0,Gurobi Status: 9
F4,P4_19,8,1800000,1900000,644,1818825.0,1819469.0,19469.0,Scheduled - Deadline Met,Yes,Yes,3600.254284620285,60.00423807700475,9,193.0,Gurobi Status: 9
F4,P4_20,6,1900000,2000000,644,1924874.0,1925518.0,25518.0,Scheduled - Deadline Met,Yes,Yes,3600.254284620285,60.00423807700475,9,193.0,Gurobi Status: 9
F4,P4_21,6,2000000,2100000,644,2000000.0,2000644.0,644.0,Scheduled - Deadline Met,Yes,Yes,3600.254284620285,60.00423807700475,9,193.0,Gurobi Status: 9
F4,P4_22,8,2100000,2200000,644,2180855.0,2181499.0,81499.0,Scheduled - Deadline Met,Yes,Yes,3600.254284620285,60.00423807700475,9,193.0,Gurobi Status: 9
F4,P4_23,6,2200000,2300000,644,2200000.0,2200644.0,644.0,Scheduled - Deadline Met,Yes,Yes,3600.254284620285,60.00423807700475,9,193.0,Gurobi Status: 9
F4,P4_24,6,2300000,2400000,644,2334317.0,2334961.0,34961.0,Scheduled - Deadline Met,Yes,Yes,3600.254284620285,60.00423807700475,9,193.0,Gurobi Status: 9
F40,P40_1,5,0,400000,5857,140420.0,146277.0,146277.0,Scheduled - Deadline Met,Yes,Yes,3600.254284620285,60.00423807700475,9,193.0,Gurobi Status: 9
F40,P40_2,8,400000,800000,5857,470337.0,476194.0,76194.0,Scheduled - Deadline Met,Yes,Yes,3600.254284620285,60.00423807700475,9,193.0,Gurobi Status: 9
F40,P40_3,5,800000,1200000,5857,988905.0,994762.0,194762.0,Scheduled - Deadline Met,Yes,Yes,3600.254284620285,60.00423807700475,9,193.0,Gurobi Status: 9
F40,P40_4,8,1200000,1600000,5857,,,,Optional Packets- Not Scheduled,No,N/A,3600.254284620285,60.00423807700475,9,193.0,Gurobi Status: 9
F40,P40_5,5,1600000,2000000,5857,1770586.0,1776443.0,176443.0,Scheduled - Deadline Met,Yes,Yes,3600.254284620285,60.00423807700475,9,193.0,Gurobi Status: 9
F40,P40_6,8,2000000,2400000,5857,,,,Optional Packets- Not Scheduled,No,N/A,3600.254284620285,60.00423807700475,9,193.0,Gurobi Status: 9
F41,P41_1,8,0,200000,9823,,,,Optional Packets- Not Scheduled,No,N/A,3600.254284620285,60.00423807700475,9,193.0,Gurobi Status: 9
F41,P41_2,1,200000,400000,9823,302847.0,312670.0,112670.0,Scheduled - Deadline Met,Yes,Yes,3600.254284620285,60.00423807700475,9,193.0,Gurobi Status: 9
F41,P41_3,8,400000,600000,9823,,,,Optional Packets- Not Scheduled,No,N/A,3600.254284620285,60.00423807700475,9,193.0,Gurobi Status: 9
F41,P41_4,1,600000,800000,9823,769498.0,779321.0,179321.0,Scheduled - Deadline Met,Yes,Yes,3600.254284620285,60.00423807700475,9,193.0,Gurobi Status: 9
F41,P41_5,8,800000,1000000,9823,,,,Optional Packets- Not Scheduled,No,N/A,3600.254284620285,60.00423807700475,9,193.0,Gurobi Status: 9
F41,P41_6,1,1000000,1200000,9823,1133014.0,1142837.0,142837.0,Scheduled - Deadline Met,Yes,Yes,3600.254284620285,60.00423807700475,9,193.0,Gurobi Status: 9
F41,P41_7,8,1200000,1400000,9823,,,,Optional Packets- Not Scheduled,No,N/A,3600.254284620285,60.00423807700475,9,193.0,Gurobi Status: 9
F41,P41_8,1,1400000,1600000,9823,1494863.0,1504686.0,104686.0,Scheduled - Deadline Met,Yes,Yes,3600.254284620285,60.00423807700475,9,193.0,Gurobi Status: 9
F41,P41_9,8,1600000,1800000,9823,,,,Optional Packets- Not Scheduled,No,N/A,3600.254284620285,60.00423807700475,9,193.0,Gurobi Status: 9
F41,P41_10,1,1800000,2000000,9823,1854646.0,1864469.0,64469.0,Scheduled - Deadline Met,Yes,Yes,3600.254284620285,60.00423807700475,9,193.0,Gurobi Status: 9
F41,P41_11,8,2000000,2200000,9823,,,,Optional Packets- Not Scheduled,No,N/A,3600.254284620285,60.00423807700475,9,193.0,Gurobi Status: 9
F41,P41_12,1,2200000,2400000,9823,2268958.0,2278781.0,78781.0,Scheduled - Deadline Met,Yes,Yes,3600.254284620285,60.00423807700475,9,193.0,Gurobi Status: 9
F42,P42_1,8,0,50000,3657,,,,Optional Packets- Not Scheduled,No,N/A,3600.254284620285,60.00423807700475,9,193.0,Gurobi Status: 9
F42,P42_2,4,50000,100000,3657,55207.0,58864.0,8864.0,Scheduled - Deadline Met,Yes,Yes,3600.254284620285,60.00423807700475,9,193.0,Gurobi Status: 9
F42,P42_3,8,100000,150000,3657,100096.0,103753.0,3753.0,Scheduled - Deadline Met,Yes,Yes,3600.254284620285,60.00423807700475,9,193.0,Gurobi Status: 9
F42,P42_4,4,150000,200000,3657,193715.0,197372.0,47372.0,Scheduled - Deadline Met,Yes,Yes,3600.254284620285,60.00423807700475,9,193.0,Gurobi Status: 9
F42,P42_5,8,200000,250000,3657,222882.0,226539.0,26539.0,Scheduled - Deadline Met,Yes,Yes,3600.254284620285,60.00423807700475,9,193.0,Gurobi Status: 9
F42,P42_6,4,250000,300000,3657,271951.0,275608.0,25608.0,Scheduled - Deadline Met,Yes,Yes,3600.254284620285,60.00423807700475,9,193.0,Gurobi Status: 9
F42,P42_7,8,300000,350000,3657,340004.0,343661.0,43661.0,Scheduled - Deadline Met,Yes,Yes,3600.254284620285,60.00423807700475,9,193.0,Gurobi Status: 9
F42,P42_8,4,350000,400000,3657,381002.0,384659.0,34659.0,Scheduled - Deadline Met,Yes,Yes,3600.254284620285,60.00423807700475,9,193.0,Gurobi Status: 9
F42,P42_9,8,400000,450000,3657,,,,Optional Packets- Not Scheduled,No,N/A,3600.254284620285,60.00423807700475,9,193.0,Gurobi Status: 9
F42,P42_10,4,450000,500000,3657,456575.0,460232.0,10232.0,Scheduled - Deadline Met,Yes,Yes,3600.254284620285,60.00423807700475,9,193.0,Gurobi Status: 9
F42,P42_11,8,500000,550000,3657,500096.0,503753.0,3753.0,Scheduled - Deadline Met,Yes,Yes,3600.254284620285,60.00423807700475,9,193.0,Gurobi Status: 9
F42,P42_12,4,550000,600000,3657,562583.0,566240.0,16240.0,Scheduled - Deadline Met,Yes,Yes,3600.254284620285,60.00423807700475,9,193.0,Gurobi Status: 9
F42,P42_13,8,600000,650000,3657,639430.0,643087.0,43087.0,Scheduled - Deadline Met,Yes,Yes,3600.254284620285,60.00423807700475,9,193.0,Gurobi Status: 9
F42,P42_14,4,650000,700000,3657,674613.0,678270.0,28270.0,Scheduled - Deadline Met,Yes,Yes,3600.254284620285,60.00423807700475,9,193.0,Gurobi Status: 9
F42,P42_15,8,700000,750000,3657,742616.0,746273.0,46273.0,Scheduled - Deadline Met,Yes,Yes,3600.254284620285,60.00423807700475,9,193.0,Gurobi Status: 9
F42,P42_16,4,750000,800000,3657,792616.0,796273.0,46273.0,Scheduled - Deadline Met,Yes,Yes,3600.254284620285,60.00423807700475,9,193.0,Gurobi Status: 9
F42,P42_17,8,800000,850000,3657,,,,Optional Packets- Not Scheduled,No,N/A,3600.254284620285,60.00423807700475,9,193.0,Gurobi Status: 9
F42,P42_18,4,850000,900000,3657,850644.0,854301.0,4301.0,Scheduled - Deadline Met,Yes,Yes,3600.254284620285,60.00423807700475,9,193.0,Gurobi Status: 9
F42,P42_19,8,900000,950000,3657,922569.0,926226.0,26226.0,Scheduled - Deadline Met,Yes,Yes,3600.254284620285,60.00423807700475,9,193.0,Gurobi Status: 9
F42,P42_20,4,950000,1000000,3657,953312.0,956969.0,6969.0,Scheduled - Deadline Met,Yes,Yes,3600.254284620285,60.00423807700475,9,193.0,Gurobi Status: 9
F42,P42_21,8,1000000,1050000,3657,,,,Optional Packets- Not Scheduled,No,N/A,3600.254284620285,60.00423807700475,9,193.0,Gurobi Status: 9
F42,P42_22,4,1050000,1100000,3657,1078477.0,1082134.0,32134.0,Scheduled - Deadline Met,Yes,Yes,3600.254284620285,60.00423807700475,9,193.0,Gurobi Status: 9
F42,P42_23,8,1100000,1150000,3657,1100096.0,1103753.0,3753.0,Scheduled - Deadline Met,Yes,Yes,3600.254284620285,60.00423807700475,9,193.0,Gurobi Status: 9
F42,P42_24,4,1150000,1200000,3657,1157459.0,1161116.0,11116.0,Scheduled - Deadline Met,Yes,Yes,3600.254284620285,60.00423807700475,9,193.0,Gurobi Status: 9
F42,P42_25,8,1200000,1250000,3657,,,,Optional Packets- Not Scheduled,No,N/A,3600.254284620285,60.00423807700475,9,193.0,Gurobi Status: 9
F42,P42_26,4,1250000,1300000,3657,1275621.0,1279278.0,29278.0,Scheduled - Deadline Met,Yes,Yes,3600.254284620285,60.00423807700475,9,193.0,Gurobi Status: 9
F42,P42_27,8,1300000,1350000,3657,1342616.0,1346273.0,46273.0,Scheduled - Deadline Met,Yes,Yes,3600.254284620285,60.00423807700475,9,193.0,Gurobi Status: 9
F42,P42_28,4,1350000,1400000,3657,1392501.0,1396158.0,46158.0,Scheduled - Deadline Met,Yes,Yes,3600.254284620285,60.00423807700475,9,193.0,Gurobi Status: 9
F42,P42_29,8,1400000,1450000,3657,1430102.0,1433759.0,33759.0,Scheduled - Deadline Met,Yes,Yes,3600.254284620285,60.00423807700475,9,193.0,Gurobi Status: 9
F42,P42_30,4,1450000,1500000,3657,1471025.0,1474682.0,24682.0,Scheduled - Deadline Met,Yes,Yes,3600.254284620285,60.00423807700475,9,193.0,Gurobi Status: 9
F42,P42_31,8,1500000,1550000,3657,1537710.0,1541367.0,41367.0,Scheduled - Deadline Met,Yes,Yes,3600.254284620285,60.00423807700475,9,193.0,Gurobi Status: 9
F42,P42_32,4,1550000,1600000,3657,1567962.0,1571619.0,21619.0,Scheduled - Deadline Met,Yes,Yes,3600.254284620285,60.00423807700475,9,193.0,Gurobi Status: 9
F42,P42_33,8,1600000,1650000,3657,,,,Optional Packets- Not Scheduled,No,N/A,3600.254284620285,60.00423807700475,9,193.0,Gurobi Status: 9
F42,P42_34,4,1650000,1700000,3657,1671417.0,1675074.0,25074.0,Scheduled - Deadline Met,Yes,Yes,3600.254284620285,60.00423807700475,9,193.0,Gurobi Status: 9
F42,P42_35,8,1700000,1750000,3657,1700096.0,1703753.0,3753.0,Scheduled - Deadline Met,Yes,Yes,3600.254284620285,60.00423807700475,9,193.0,Gurobi Status: 9
F42,P42_36,4,1750000,1800000,3657,1765798.0,1769455.0,19455.0,Scheduled - Deadline Met,Yes,Yes,3600.254284620285,60.00423807700475,9,193.0,Gurobi Status: 9
F42,P42_37,8,1800000,1850000,3657,1802288.0,1805945.0,5945.0,Scheduled - Deadline Met,Yes,Yes,3600.254284620285,60.00423807700475,9,193.0,Gurobi Status: 9
F42,P42_38,4,1850000,1900000,3657,1850989.0,1854646.0,4646.0,Scheduled - Deadline Met,Yes,Yes,3600.254284620285,60.00423807700475,9,193.0,Gurobi Status: 9
F42,P42_39,8,1900000,1950000,3657,1933760.0,1937417.0,37417.0,Scheduled - Deadline Met,Yes,Yes,3600.254284620285,60.00423807700475,9,193.0,Gurobi Status: 9
F42,P42_40,4,1950000,2000000,3657,1971031.0,1974688.0,24688.0,Scheduled - Deadline Met,Yes,Yes,3600.254284620285,60.00423807700475,9,193.0,Gurobi Status: 9
F42,P42_41,8,2000000,2050000,3657,,,,Optional Packets- Not Scheduled,No,N/A,3600.254284620285,60.00423807700475,9,193.0,Gurobi Status: 9
F42,P42_42,4,2050000,2100000,3657,2077491.0,2081148.0,31148.0,Scheduled - Deadline Met,Yes,Yes,3600.254284620285,60.00423807700475,9,193.0,Gurobi Status: 9
F42,P42_43,8,2100000,2150000,3657,2100096.0,2103753.0,3753.0,Scheduled - Deadline Met,Yes,Yes,3600.254284620285,60.00423807700475,9,193.0,Gurobi Status: 9
F42,P42_44,4,2150000,2200000,3657,2173391.0,2177048.0,27048.0,Scheduled - Deadline Met,Yes,Yes,3600.254284620285,60.00423807700475,9,193.0,Gurobi Status: 9
F42,P42_45,8,2200000,2250000,3657,2228662.0,2232319.0,32319.0,Scheduled - Deadline Met,Yes,Yes,3600.254284620285,60.00423807700475,9,193.0,Gurobi Status: 9
F42,P42_46,4,2250000,2300000,3657,2278781.0,2282438.0,32438.0,Scheduled - Deadline Met,Yes,Yes,3600.254284620285,60.00423807700475,9,193.0,Gurobi Status: 9
F42,P42_47,8,2300000,2350000,3657,2336766.0,2340423.0,40423.0,Scheduled - Deadline Met,Yes,Yes,3600.254284620285,60.00423807700475,9,193.0,Gurobi Status: 9
F42,P42_48,4,2350000,2400000,3657,2387716.0,2391373.0,41373.0,Scheduled - Deadline Met,Yes,Yes,3600.254284620285,60.00423807700475,9,193.0,Gurobi Status: 9
F43,P43_1,8,0,400000,1106,89718.0,90824.0,90824.0,Scheduled - Deadline Met,Yes,Yes,3600.254284620285,60.00423807700475,9,193.0,Gurobi Status: 9
F43,P43_2,3,400000,800000,1106,452293.0,453399.0,53399.0,Scheduled - Deadline Met,Yes,Yes,3600.254284620285,60.00423807700475,9,193.0,Gurobi Status: 9
F43,P43_3,8,800000,1200000,1106,870492.0,871598.0,71598.0,Scheduled - Deadline Met,Yes,Yes,3600.254284620285,60.00423807700475,9,193.0,Gurobi Status: 9
F43,P43_4,3,1200000,1600000,1106,1229251.0,1230357.0,30357.0,Scheduled - Deadline Met,Yes,Yes,3600.254284620285,60.00423807700475,9,193.0,Gurobi Status: 9
F43,P43_5,8,1600000,2000000,1106,1689202.0,1690308.0,90308.0,Scheduled - Deadline Met,Yes,Yes,3600.254284620285,60.00423807700475,9,193.0,Gurobi Status: 9
F43,P43_6,3,2000000,2400000,1106,2075593.0,2076699.0,76699.0,Scheduled - Deadline Met,Yes,Yes,3600.254284620285,60.00423807700475,9,193.0,Gurobi Status: 9
F44,P44_1,8,0,50000,2532,,,,Optional Packets- Not Scheduled,No,N/A,3600.254284620285,60.00423807700475,9,193.0,Gurobi Status: 9
F44,P44_2,4,50000,100000,2532,63770.0,66302.0,16302.0,Scheduled - Deadline Met,Yes,Yes,3600.254284620285,60.00423807700475,9,193.0,Gurobi Status: 9
F44,P44_3,8,100000,150000,2532,103849.0,106381.0,6381.0,Scheduled - Deadline Met,Yes,Yes,3600.254284620285,60.00423807700475,9,193.0,Gurobi Status: 9
F44,P44_4,4,150000,200000,2532,197468.0,200000.0,50000.0,Scheduled - Deadline Met,Yes,Yes,3600.254284620285,60.00423807700475,9,193.0,Gurobi Status: 9
F44,P44_5,8,200000,250000,2532,226635.0,229167.0,29167.0,Scheduled - Deadline Met,Yes,Yes,3600.254284620285,60.00423807700475,9,193.0,Gurobi Status: 9
F44,P44_6,4,250000,300000,2532,291756.0,294288.0,44288.0,Scheduled - Deadline Met,Yes,Yes,3600.254284620285,60.00423807700475,9,193.0,Gurobi Status: 9
F44,P44_7,8,300000,350000,2532,347468.0,350000.0,50000.0,Scheduled - Deadline Met,Yes,Yes,3600.254284620285,60.00423807700475,9,193.0,Gurobi Status: 9
F44,P44_8,4,350000,400000,2532,390056.0,392588.0,42588.0,Scheduled - Deadline Met,Yes,Yes,3600.254284620285,60.00423807700475,9,193.0,Gurobi Status: 9
F44,P44_9,8,400000,450000,2532,430999.0,433531.0,33531.0,Scheduled - Deadline Met,Yes,Yes,3600.254284620285,60.00423807700475,9,193.0,Gurobi Status: 9
F44,P44_10,4,450000,500000,2532,461427.0,463959.0,13959.0,Scheduled - Deadline Met,Yes,Yes,3600.254284620285,60.00423807700475,9,193.0,Gurobi Status: 9
F44,P44_11,8,500000,550000,2532,503849.0,506381.0,6381.0,Scheduled - Deadline Met,Yes,Yes,3600.254284620285,60.00423807700475,9,193.0,Gurobi Status: 9
F44,P44_12,4,550000,600000,2532,576571.0,579103.0,29103.0,Scheduled - Deadline Met,Yes,Yes,3600.254284620285,60.00423807700475,9,193.0,Gurobi Status: 9
F44,P44_13,8,600000,650000,2532,643183.0,645715.0,45715.0,Scheduled - Deadline Met,Yes,Yes,3600.254284620285,60.00423807700475,9,193.0,Gurobi Status: 9
F44,P44_14,4,650000,700000,2532,689755.0,692287.0,42287.0,Scheduled - Deadline Met,Yes,Yes,3600.254284620285,60.00423807700475,9,193.0,Gurobi Status: 9
F44,P44_15,8,700000,750000,2532,746369.0,748901.0,48901.0,Scheduled - Deadline Met,Yes,Yes,3600.254284620285,60.00423807700475,9,193.0,Gurobi Status: 9
F44,P44_16,4,750000,800000,2532,797468.0,800000.0,50000.0,Scheduled - Deadline Met,Yes,Yes,3600.254284620285,60.00423807700475,9,193.0,Gurobi Status: 9
F44,P44_17,8,800000,850000,2532,,,,Optional Packets- Not Scheduled,No,N/A,3600.254284620285,60.00423807700475,9,193.0,Gurobi Status: 9
F44,P44_18,4,850000,900000,2532,897317.0,899849.0,49849.0,Scheduled - Deadline Met,Yes,Yes,3600.254284620285,60.00423807700475,9,193.0,Gurobi Status: 9
F44,P44_19,8,900000,950000,2532,930033.0,932565.0,32565.0,Scheduled - Deadline Met,Yes,Yes,3600.254284620285,60.00423807700475,9,193.0,Gurobi Status: 9
F44,P44_20,4,950000,1000000,2532,973370.0,975902.0,25902.0,Scheduled - Deadline Met,Yes,Yes,3600.254284620285,60.00423807700475,9,193.0,Gurobi Status: 9
F44,P44_21,8,1000000,1050000,2532,1000000.0,1002532.0,2532.0,Scheduled - Deadline Met,Yes,Yes,3600.254284620285,60.00423807700475,9,193.0,Gurobi Status: 9
F44,P44_22,4,1050000,1100000,2532,1082230.0,1084762.0,34762.0,Scheduled - Deadline Met,Yes,Yes,3600.254284620285,60.00423807700475,9,193.0,Gurobi Status: 9
F44,P44_23,8,1100000,1150000,2532,1103849.0,1106381.0,6381.0,Scheduled - Deadline Met,Yes,Yes,3600.254284620285,60.00423807700475,9,193.0,Gurobi Status: 9
F44,P44_24,4,1150000,1200000,2532,1174542.0,1177074.0,27074.0,Scheduled - Deadline Met,Yes,Yes,3600.254284620285,60.00423807700475,9,193.0,Gurobi Status: 9
F44,P44_25,8,1200000,1250000,2532,1234956.0,1237488.0,37488.0,Scheduled - Deadline Met,Yes,Yes,3600.254284620285,60.00423807700475,9,193.0,Gurobi Status: 9
F44,P44_26,4,1250000,1300000,2532,1284747.0,1287279.0,37279.0,Scheduled - Deadline Met,Yes,Yes,3600.254284620285,60.00423807700475,9,193.0,Gurobi Status: 9
F44,P44_27,8,1300000,1350000,2532,1346369.0,1348901.0,48901.0,Scheduled - Deadline Met,Yes,Yes,3600.254284620285,60.00423807700475,9,193.0,Gurobi Status: 9
F44,P44_28,4,1350000,1400000,2532,1397353.0,1399885.0,49885.0,Scheduled - Deadline Met,Yes,Yes,3600.254284620285,60.00423807700475,9,193.0,Gurobi Status: 9
F44,P44_29,8,1400000,1450000,2532,1433855.0,1436387.0,36387.0,Scheduled - Deadline Met,Yes,Yes,3600.254284620285,60.00423807700475,9,193.0,Gurobi Status: 9
F44,P44_30,4,1450000,1500000,2532,1478489.0,1481021.0,31021.0,Scheduled - Deadline Met,Yes,Yes,3600.254284620285,60.00423807700475,9,193.0,Gurobi Status: 9
F44,P44_31,8,1500000,1550000,2532,1545174.0,1547706.0,47706.0,Scheduled - Deadline Met,Yes,Yes,3600.254284620285,60.00423807700475,9,193.0,Gurobi Status: 9
F44,P44_32,4,1550000,1600000,2532,1597372.0,1599904.0,49904.0,Scheduled - Deadline Met,Yes,Yes,3600.254284620285,60.00423807700475,9,193.0,Gurobi Status: 9
F44,P44_33,8,1600000,1650000,2532,,,,Optional Packets- Not Scheduled,No,N/A,3600.254284620285,60.00423807700475,9,193.0,Gurobi Status: 9
F44,P44_34,4,1650000,1700000,2532,1675170.0,1677702.0,27702.0,Scheduled - Deadline Met,Yes,Yes,3600.254284620285,60.00423807700475,9,193.0,Gurobi Status: 9
F44,P44_35,8,1700000,1750000,2532,1703849.0,1706381.0,6381.0,Scheduled - Deadline Met,Yes,Yes,3600.254284620285,60.00423807700475,9,193.0,Gurobi Status: 9
F44,P44_36,4,1750000,1800000,2532,1782442.0,1784974.0,34974.0,Scheduled - Deadline Met,Yes,Yes,3600.254284620285,60.00423807700475,9,193.0,Gurobi Status: 9
F44,P44_37,8,1800000,1850000,2532,1809752.0,1812284.0,12284.0,Scheduled - Deadline Met,Yes,Yes,3600.254284620285,60.00423807700475,9,193.0,Gurobi Status: 9
F44,P44_38,4,1850000,1900000,2532,1871092.0,1873624.0,23624.0,Scheduled - Deadline Met,Yes,Yes,3600.254284620285,60.00423807700475,9,193.0,Gurobi Status: 9
F44,P44_39,8,1900000,1950000,2532,1937513.0,1940045.0,40045.0,Scheduled - Deadline Met,Yes,Yes,3600.254284620285,60.00423807700475,9,193.0,Gurobi Status: 9
F44,P44_40,4,1950000,2000000,2532,1997468.0,2000000.0,50000.0,Scheduled - Deadline Met,Yes,Yes,3600.254284620285,60.00423807700475,9,193.0,Gurobi Status: 9
F44,P44_41,8,2000000,2050000,2532,,,,Optional Packets- Not Scheduled,No,N/A,3600.254284620285,60.00423807700475,9,193.0,Gurobi Status: 9
F44,P44_42,4,2050000,2100000,2532,2087243.0,2089775.0,39775.0,Scheduled - Deadline Met,Yes,Yes,3600.254284620285,60.00423807700475,9,193.0,Gurobi Status: 9
F44,P44_43,8,2100000,2150000,2532,2107560.0,2110092.0,10092.0,Scheduled - Deadline Met,Yes,Yes,3600.254284620285,60.00423807700475,9,193.0,Gurobi Status: 9
F44,P44_44,4,2150000,2200000,2532,2197468.0,2200000.0,50000.0,Scheduled - Deadline Met,Yes,Yes,3600.254284620285,60.00423807700475,9,193.0,Gurobi Status: 9
F44,P44_45,8,2200000,2250000,2532,2232415.0,2234947.0,34947.0,Scheduled - Deadline Met,Yes,Yes,3600.254284620285,60.00423807700475,9,193.0,Gurobi Status: 9
F44,P44_46,4,2250000,2300000,2532,2287638.0,2290170.0,40170.0,Scheduled - Deadline Met,Yes,Yes,3600.254284620285,60.00423807700475,9,193.0,Gurobi Status: 9
F44,P44_47,8,2300000,2350000,2532,2340519.0,2343051.0,43051.0,Scheduled - Deadline Met,Yes,Yes,3600.254284620285,60.00423807700475,9,193.0,Gurobi Status: 9
F44,P44_48,4,2350000,2400000,2532,2397468.0,2400000.0,50000.0,Scheduled - Deadline Met,Yes,Yes,3600.254284620285,60.00423807700475,9,193.0,Gurobi Status: 9
F45,P45_1,8,0,400000,6050,73240.0,79290.0,79290.0,Scheduled - Deadline Met,Yes,Yes,3600.254284620285,60.00423807700475,9,193.0,Gurobi Status: 9
F45,P45_2,2,400000,800000,6050,547539.0,553589.0,153589.0,Scheduled - Deadline Met,Yes,Yes,3600.254284620285,60.00423807700475,9,193.0,Gurobi Status: 9
F45,P45_3,8,800000,1200000,6050,,,,Optional Packets- Not Scheduled,No,N/A,3600.254284620285,60.00423807700475,9,193.0,Gurobi Status: 9
F45,P45_4,2,1200000,1600000,6050,1386451.0,1392501.0,192501.0,Scheduled - Deadline Met,Yes,Yes,3600.254284620285,60.00423807700475,9,193.0,Gurobi Status: 9
F45,P45_5,8,1600000,2000000,6050,,,,Optional Packets- Not Scheduled,No,N/A,3600.254284620285,60.00423807700475,9,193.0,Gurobi Status: 9
F45,P45_6,2,2000000,2400000,6050,2126746.0,2132796.0,132796.0,Scheduled - Deadline Met,Yes,Yes,3600.254284620285,60.00423807700475,9,193.0,Gurobi Status: 9
F46,P46_1,8,0,200000,4193,67138.0,71331.0,71331.0,Scheduled - Deadline Met,Yes,Yes,3600.254284620285,60.00423807700475,9,193.0,Gurobi Status: 9
F46,P46_2,2,200000,400000,4193,366709.0,370902.0,170902.0,Scheduled - Deadline Met,Yes,Yes,3600.254284620285,60.00423807700475,9,193.0,Gurobi Status: 9
F46,P46_3,8,400000,600000,4193,,,,Optional Packets- Not Scheduled,No,N/A,3600.254284620285,60.00423807700475,9,193.0,Gurobi Status: 9
F46,P46_4,2,600000,800000,4193,718868.0,723061.0,123061.0,Scheduled - Deadline Met,Yes,Yes,3600.254284620285,60.00423807700475,9,193.0,Gurobi Status: 9
F46,P46_5,8,800000,1000000,4193,,,,Optional Packets- Not Scheduled,No,N/A,3600.254284620285,60.00423807700475,9,193.0,Gurobi Status: 9
F46,P46_6,2,1000000,1200000,4193,1128725.0,1132918.0,132918.0,Scheduled - Deadline Met,Yes,Yes,3600.254284620285,60.00423807700475,9,193.0,Gurobi Status: 9
F46,P46_7,8,1200000,1400000,4193,1238324.0,1242517.0,42517.0,Scheduled - Deadline Met,Yes,Yes,3600.254284620285,60.00423807700475,9,193.0,Gurobi Status: 9
F46,P46_8,2,1400000,1600000,4193,1523662.0,1527855.0,127855.0,Scheduled - Deadline Met,Yes,Yes,3600.254284620285,60.00423807700475,9,193.0,Gurobi Status: 9
F46,P46_9,8,1600000,1800000,4193,,,,Optional Packets- Not Scheduled,No,N/A,3600.254284620285,60.00423807700475,9,193.0,Gurobi Status: 9
F46,P46_10,2,1800000,2000000,4193,1975883.0,1980076.0,180076.0,Scheduled - Deadline Met,Yes,Yes,3600.254284620285,60.00423807700475,9,193.0,Gurobi Status: 9
F46,P46_11,8,2000000,2200000,4193,,,,Optional Packets- Not Scheduled,No,N/A,3600.254284620285,60.00423807700475,9,193.0,Gurobi Status: 9
F46,P46_12,2,2200000,2400000,4193,2376982.0,2381175.0,181175.0,Scheduled - Deadline Met,Yes,Yes,3600.254284620285,60.00423807700475,9,193.0,Gurobi Status: 9
F47,P47_1,8,0,200000,7316,,,,Optional Packets- Not Scheduled,No,N/A,3600.254284620285,60.00423807700475,9,193.0,Gurobi Status: 9
F47,P47_2,5,200000,400000,7316,392684.0,400000.0,200000.0,Scheduled - Deadline Met,Yes,Yes,3600.254284620285,60.00423807700475,9,193.0,Gurobi Status: 9
F47,P47_3,8,400000,600000,7316,,,,Optional Packets- Not Scheduled,No,N/A,3600.254284620285,60.00423807700475,9,193.0,Gurobi Status: 9
F47,P47_4,5,600000,800000,7316,723157.0,730473.0,130473.0,Scheduled - Deadline Met,Yes,Yes,3600.254284620285,60.00423807700475,9,193.0,Gurobi Status: 9
F47,P47_5,8,800000,1000000,7316,,,,Optional Packets- Not Scheduled,No,N/A,3600.254284620285,60.00423807700475,9,193.0,Gurobi Status: 9
F47,P47_6,5,1000000,1200000,7316,1121313.0,1128629.0,128629.0,Scheduled - Deadline Met,Yes,Yes,3600.254284620285,60.00423807700475,9,193.0,Gurobi Status: 9
F47,P47_7,8,1200000,1400000,7316,,,,Optional Packets- Not Scheduled,No,N/A,3600.254284620285,60.00423807700475,9,193.0,Gurobi Status: 9
F47,P47_8,5,1400000,1600000,7316,1410622.0,1417938.0,17938.0,Scheduled - Deadline Met,Yes,Yes,3600.254284620285,60.00423807700475,9,193.0,Gurobi Status: 9
F47,P47_9,8,1600000,1800000,7316,,,,Optional Packets- Not Scheduled,No,N/A,3600.254284620285,60.00423807700475,9,193.0,Gurobi Status: 9
F47,P47_10,5,1800000,2000000,7316,1959561.0,1966877.0,166877.0,Scheduled - Deadline Met,Yes,Yes,3600.254284620285,60.00423807700475,9,193.0,Gurobi Status: 9
F47,P47_11,8,2000000,2200000,7316,,,,Optional Packets- Not Scheduled,No,N/A,3600.254284620285,60.00423807700475,9,193.0,Gurobi Status: 9
F47,P47_12,5,2200000,2400000,7316,2320277.0,2327593.0,127593.0,Scheduled - Deadline Met,Yes,Yes,3600.254284620285,60.00423807700475,9,193.0,Gurobi Status: 9
F48,P48_1,7,0,400000,3459,219327.0,222786.0,222786.0,Scheduled - Deadline Met,Yes,Yes,3600.254284620285,60.00423807700475,9,193.0,Gurobi Status: 9
F48,P48_2,8,400000,800000,3459,,,,Optional Packets- Not Scheduled,No,N/A,3600.254284620285,60.00423807700475,9,193.0,Gurobi Status: 9
F48,P48_3,7,800000,1200000,3459,1075018.0,1078477.0,278477.0,Scheduled - Deadline Met,Yes,Yes,3600.254284620285,60.00423807700475,9,193.0,Gurobi Status: 9
F48,P48_4,8,1200000,1600000,3459,1287375.0,1290834.0,90834.0,Scheduled - Deadline Met,Yes,Yes,3600.254284620285,60.00423807700475,9,193.0,Gurobi Status: 9
F48,P48_5,7,1600000,2000000,3459,1642941.0,1646400.0,46400.0,Scheduled - Deadline Met,Yes,Yes,3600.254284620285,60.00423807700475,9,193.0,Gurobi Status: 9
F48,P48_6,8,2000000,2400000,3459,,,,Optional Packets- Not Scheduled,No,N/A,3600.254284620285,60.00423807700475,9,193.0,Gurobi Status: 9
F5,P5_1,5,0,400000,2475,164112.0,166587.0,166587.0,Scheduled - Deadline Met,Yes,Yes,3600.254284620285,60.00423807700475,9,193.0,Gurobi Status: 9
F5,P5_2,8,400000,800000,2475,490014.0,492489.0,92489.0,Scheduled - Deadline Met,Yes,Yes,3600.254284620285,60.00423807700475,9,193.0,Gurobi Status: 9
F5,P5_3,5,800000,1200000,2475,1033531.0,1036006.0,236006.0,Scheduled - Deadline Met,Yes,Yes,3600.254284620285,60.00423807700475,9,193.0,Gurobi Status: 9
F5,P5_4,5,1200000,1600000,2475,1371780.0,1374255.0,174255.0,Scheduled - Deadline Met,Yes,Yes,3600.254284620285,60.00423807700475,9,193.0,Gurobi Status: 9
F5,P5_5,8,1600000,2000000,2475,,,,Optional Packets- Not Scheduled,No,N/A,3600.254284620285,60.00423807700475,9,193.0,Gurobi Status: 9
F5,P5_6,5,2000000,2400000,2475,2147785.0,2150260.0,150260.0,Scheduled - Deadline Met,Yes,Yes,3600.254284620285,60.00423807700475,9,193.0,Gurobi Status: 9
F6,P6_1,1,0,400000,970,163046.0,164016.0,164016.0,Scheduled - Deadline Met,Yes,Yes,3600.254284620285,60.00423807700475,9,193.0,Gurobi Status: 9
F6,P6_2,8,400000,800000,970,492585.0,493555.0,93555.0,Scheduled - Deadline Met,Yes,Yes,3600.254284620285,60.00423807700475,9,193.0,Gurobi Status: 9
F6,P6_3,1,800000,1200000,970,994858.0,995828.0,195828.0,Scheduled - Deadline Met,Yes,Yes,3600.254284620285,60.00423807700475,9,193.0,Gurobi Status: 9
F6,P6_4,1,1200000,1600000,970,1314217.0,1315187.0,115187.0,Scheduled - Deadline Met,Yes,Yes,3600.254284620285,60.00423807700475,9,193.0,Gurobi Status: 9
F6,P6_5,8,1600000,2000000,970,1690404.0,1691374.0,91374.0,Scheduled - Deadline Met,Yes,Yes,3600.254284620285,60.00423807700475,9,193.0,Gurobi Status: 9
F6,P6_6,1,2000000,2400000,970,2132892.0,2133862.0,133862.0,Scheduled - Deadline Met,Yes,Yes,3600.254284620285,60.00423807700475,9,193.0,Gurobi Status: 9
F7,P7_1,3,0,50000,1003,21980.0,22983.0,22983.0,Scheduled - Deadline Met,Yes,Yes,3600.254284620285,60.00423807700475,9,193.0,Gurobi Status: 9
F7,P7_2,3,50000,100000,1003,58960.0,59963.0,9963.0,Scheduled - Deadline Met,Yes,Yes,3600.254284620285,60.00423807700475,9,193.0,Gurobi Status: 9
F7,P7_3,8,100000,150000,1003,106477.0,107480.0,7480.0,Scheduled - Deadline Met,Yes,Yes,3600.254284620285,60.00423807700475,9,193.0,Gurobi Status: 9
F7,P7_4,3,150000,200000,1003,175320.0,176323.0,26323.0,Scheduled - Deadline Met,Yes,Yes,3600.254284620285,60.00423807700475,9,193.0,Gurobi Status: 9
F7,P7_5,3,200000,250000,1003,206160.0,207163.0,7163.0,Scheduled - Deadline Met,Yes,Yes,3600.254284620285,60.00423807700475,9,193.0,Gurobi Status: 9
F7,P7_6,8,250000,300000,1003,258976.0,259979.0,9979.0,Scheduled - Deadline Met,Yes,Yes,3600.254284620285,60.00423807700475,9,193.0,Gurobi Status: 9
F7,P7_7,3,300000,350000,1003,338905.0,339908.0,39908.0,Scheduled - Deadline Met,Yes,Yes,3600.254284620285,60.00423807700475,9,193.0,Gurobi Status: 9
F7,P7_8,3,350000,400000,1003,379903.0,380906.0,30906.0,Scheduled - Deadline Met,Yes,Yes,3600.254284620285,60.00423807700475,9,193.0,Gurobi Status: 9
F7,P7_9,8,400000,450000,1003,433627.0,434630.0,34630.0,Scheduled - Deadline Met,Yes,Yes,3600.254284620285,60.00423807700475,9,193.0,Gurobi Status: 9
F7,P7_10,3,450000,500000,1003,460328.0,461331.0,11331.0,Scheduled - Deadline Met,Yes,Yes,3600.254284620285,60.00423807700475,9,193.0,Gurobi Status: 9
F7,P7_11,3,500000,550000,1003,531491.0,532494.0,32494.0,Scheduled - Deadline Met,Yes,Yes,3600.254284620285,60.00423807700475,9,193.0,Gurobi Status: 9
F7,P7_12,8,550000,600000,1003,580908.0,581911.0,31911.0,Scheduled - Deadline Met,Yes,Yes,3600.254284620285,60.00423807700475,9,193.0,Gurobi Status: 9
F7,P7_13,3,600000,650000,1003,604494.0,605497.0,5497.0,Scheduled - Deadline Met,Yes,Yes,3600.254284620285,60.00423807700475,9,193.0,Gurobi Status: 9
F7,P7_14,3,650000,700000,1003,684945.0,685948.0,35948.0,Scheduled - Deadline Met,Yes,Yes,3600.254284620285,60.00423807700475,9,193.0,Gurobi Status: 9
F7,P7_15,8,700000,750000,1003,748997.0,750000.0,50000.0,Scheduled - Deadline Met,Yes,Yes,3600.254284620285,60.00423807700475,9,193.0,Gurobi Status: 9
F7,P7_16,3,750000,800000,1003,796369.0,797372.0,47372.0,Scheduled - Deadline Met,Yes,Yes,3600.254284620285,60.00423807700475,9,193.0,Gurobi Status: 9
F7,P7_17,3,800000,850000,1003,800740.0,801743.0,1743.0,Scheduled - Deadline Met,Yes,Yes,3600.254284620285,60.00423807700475,9,193.0,Gurobi Status: 9
F7,P7_18,8,850000,900000,1003,877588.0,878591.0,28591.0,Scheduled - Deadline Met,Yes,Yes,3600.254284620285,60.00423807700475,9,193.0,Gurobi Status: 9
F7,P7_19,3,900000,950000,1003,913324.0,914327.0,14327.0,Scheduled - Deadline Met,Yes,Yes,3600.254284620285,60.00423807700475,9,193.0,Gurobi Status: 9
F7,P7_20,3,950000,1000000,1003,965339.0,966342.0,16342.0,Scheduled - Deadline Met,Yes,Yes,3600.254284620285,60.00423807700475,9,193.0,Gurobi Status: 9
F7,P7_21,8,1000000,1050000,1003,,,,Optional Packets- Not Scheduled,No,N/A,3600.254284620285,60.00423807700475,9,193.0,Gurobi Status: 9
F7,P7_22,3,1050000,1100000,1003,1084858.0,1085861.0,35861.0,Scheduled - Deadline Met,Yes,Yes,3600.254284620285,60.00423807700475,9,193.0,Gurobi Status: 9
F7,P7_23,3,1100000,1150000,1003,1148997.0,1150000.0,50000.0,Scheduled - Deadline Met,Yes,Yes,3600.254284620285,60.00423807700475,9,193.0,Gurobi Status: 9
F7,P7_24,8,1150000,1200000,1003,1187025.0,1188028.0,38028.0,Scheduled - Deadline Met,Yes,Yes,3600.254284620285,60.00423807700475,9,193.0,Gurobi Status: 9
F7,P7_25,3,1200000,1250000,1003,1212143.0,1213146.0,13146.0,Scheduled - Deadline Met,Yes,Yes,3600.254284620285,60.00423807700475,9,193.0,Gurobi Status: 9
F7,P7_26,3,1250000,1300000,1003,1274522.0,1275525.0,25525.0,Scheduled - Deadline Met,Yes,Yes,3600.254284620285,60.00423807700475,9,193.0,Gurobi Status: 9
F7,P7_27,8,1300000,1350000,1003,1348997.0,1350000.0,50000.0,Scheduled - Deadline Met,Yes,Yes,3600.254284620285,60.00423807700475,9,193.0,Gurobi Status: 9
F7,P7_28,3,1350000,1400000,1003,1396254.0,1397257.0,47257.0,Scheduled - Deadline Met,Yes,Yes,3600.254284620285,60.00423807700475,9,193.0,Gurobi Status: 9
F7,P7_29,3,1400000,1450000,1003,1407814.0,1408817.0,8817.0,Scheduled - Deadline Met,Yes,Yes,3600.254284620285,60.00423807700475,9,193.0,Gurobi Status: 9
F7,P7_30,8,1450000,1500000,1003,1458050.0,1459053.0,9053.0,Scheduled - Deadline Met,Yes,Yes,3600.254284620285,60.00423807700475,9,193.0,Gurobi Status: 9
F7,P7_31,3,1500000,1550000,1003,1520553.0,1521556.0,21556.0,Scheduled - Deadline Met,Yes,Yes,3600.254284620285,60.00423807700475,9,193.0,Gurobi Status: 9
F7,P7_32,3,1550000,1600000,1003,1560418.0,1561421.0,11421.0,Scheduled - Deadline Met,Yes,Yes,3600.254284620285,60.00423807700475,9,193.0,Gurobi Status: 9
F7,P7_33,8,1600000,1650000,1003,,,,Optional Packets- Not Scheduled,No,N/A,3600.254284620285,60.00423807700475,9,193.0,Gurobi Status: 9
F7,P7_34,3,1650000,1700000,1003,1680086.0,1681089.0,31089.0,Scheduled - Deadline Met,Yes,Yes,3600.254284620285,60.00423807700475,9,193.0,Gurobi Status: 9
F7,P7_35,3,1700000,1750000,1003,1736022.0,1737025.0,37025.0,Scheduled - Deadline Met,Yes,Yes,3600.254284620285,60.00423807700475,9,193.0,Gurobi Status: 9
F7,P7_36,8,1750000,1800000,1003,1786779.0,1787782.0,37782.0,Scheduled - Deadline Met,Yes,Yes,3600.254284620285,60.00423807700475,9,193.0,Gurobi Status: 9
F7,P7_37,3,1800000,1850000,1003,1841296.0,1842299.0,42299.0,Scheduled - Deadline Met,Yes,Yes,3600.254284620285,60.00423807700475,9,193.0,Gurobi Status: 9
F7,P7_38,3,1850000,1900000,1003,1869993.0,1870996.0,20996.0,Scheduled - Deadline Met,Yes,Yes,3600.254284620285,60.00423807700475,9,193.0,Gurobi Status: 9
F7,P7_39,8,1900000,1950000,1003,1940141.0,1941144.0,41144.0,Scheduled - Deadline Met,Yes,Yes,3600.254284620285,60.00423807700475,9,193.0,Gurobi Status: 9
F7,P7_40,3,1950000,2000000,1003,1974784.0,1975787.0,25787.0,Scheduled - Deadline Met,Yes,Yes,3600.254284620285,60.00423807700475,9,193.0,Gurobi Status: 9
F7,P7_41,3,2000000,2050000,1003,2000740.0,2001743.0,1743.0,Scheduled - Deadline Met,Yes,Yes,3600.254284620285,60.00423807700475,9,193.0,Gurobi Status: 9
F7,P7_42,8,2050000,2100000,1003,2098997.0,2100000.0,50000.0,Scheduled - Deadline Met,Yes,Yes,3600.254284620285,60.00423807700475,9,193.0,Gurobi Status: 9
F7,P7_43,3,2100000,2150000,1003,2146782.0,2147785.0,47785.0,Scheduled - Deadline Met,Yes,Yes,3600.254284620285,60.00423807700475,9,193.0,Gurobi Status: 9
F7,P7_44,3,2150000,2200000,1003,2172292.0,2173295.0,23295.0,Scheduled - Deadline Met,Yes,Yes,3600.254284620285,60.00423807700475,9,193.0,Gurobi Status: 9
F7,P7_45,8,2200000,2250000,1003,2235043.0,2236046.0,36046.0,Scheduled - Deadline Met,Yes,Yes,3600.254284620285,60.00423807700475,9,193.0,Gurobi Status: 9
F7,P7_46,3,2250000,2300000,1003,2286539.0,2287542.0,37542.0,Scheduled - Deadline Met,Yes,Yes,3600.254284620285,60.00423807700475,9,193.0,Gurobi Status: 9
F7,P7_47,3,2300000,2350000,1003,2333218.0,2334221.0,34221.0,Scheduled - Deadline Met,Yes,Yes,3600.254284620285,60.00423807700475,9,193.0,Gurobi Status: 9
F7,P7_48,8,2350000,2400000,1003,2356676.0,2357679.0,7679.0,Scheduled - Deadline Met,Yes,Yes,3600.254284620285,60.00423807700475,9,193.0,Gurobi Status: 9
F8,P8_1,4,0,400000,5631,27208.0,32839.0,32839.0,Scheduled - Deadline Met,Yes,Yes,3600.254284620285,60.00423807700475,9,193.0,Gurobi Status: 9
F8,P8_2,8,400000,800000,5631,476290.0,481921.0,81921.0,Scheduled - Deadline Met,Yes,Yes,3600.254284620285,60.00423807700475,9,193.0,Gurobi Status: 9
F8,P8_3,4,800000,1200000,5631,807259.0,812890.0,12890.0,Scheduled - Deadline Met,Yes,Yes,3600.254284620285,60.00423807700475,9,193.0,Gurobi Status: 9
F8,P8_4,4,1200000,1600000,5631,1213242.0,1218873.0,18873.0,Scheduled - Deadline Met,Yes,Yes,3600.254284620285,60.00423807700475,9,193.0,Gurobi Status: 9
F8,P8_5,8,1600000,2000000,5631,,,,Optional Packets- Not Scheduled,No,N/A,3600.254284620285,60.00423807700475,9,193.0,Gurobi Status: 9
F8,P8_6,4,2000000,2400000,5631,2036299.0,2041930.0,41930.0,Scheduled - Deadline Met,Yes,Yes,3600.254284620285,60.00423807700475,9,193.0,Gurobi Status: 9
F9,P9_1,1,0,400000,2149,121620.0,123769.0,123769.0,Scheduled - Deadline Met,Yes,Yes,3600.254284620285,60.00423807700475,9,193.0,Gurobi Status: 9
F9,P9_2,1,400000,800000,2149,569951.0,572100.0,172100.0,Scheduled - Deadline Met,Yes,Yes,3600.254284620285,60.00423807700475,9,193.0,Gurobi Status: 9
F9,P9_3,8,800000,1200000,2149,864756.0,866905.0,66905.0,Scheduled - Deadline Met,Yes,Yes,3600.254284620285,60.00423807700475,9,193.0,Gurobi Status: 9
F9,P9_4,1,1200000,1600000,2149,1311972.0,1314121.0,114121.0,Scheduled - Deadline Met,Yes,Yes,3600.254284620285,60.00423807700475,9,193.0,Gurobi Status: 9
F9,P9_5,1,1600000,2000000,2149,1763649.0,1765798.0,165798.0,Scheduled - Deadline Met,Yes,Yes,3600.254284620285,60.00423807700475,9,193.0,Gurobi Status: 9
F9,P9_6,8,2000000,2400000,2149,,,,Optional Packets- Not Scheduled,No,N/A,3600.254284620285,60.00423807700475,9,193.0,Gurobi Status: 9
