Flow,Packet,Class,Arrival,Deadline,Execution Time,Gate Open,Gate Close,Response Time,Status,Scheduled,Deadline Met,Solver_Execution_Time_Seconds,Solver_Execution_Time_Minutes,Solver_Status,Objective_Value,Stopping_Reason
F1,P1_1,2,0,200000,7466,50727.0,58193.0,58193.0,Scheduled - Deadline Met,Yes,Yes,3600.128096103668,60.002134935061136,9,147.0,Gurobi Status: 9
F1,P1_2,2,200000,400000,7466,270310.0,277776.0,77776.0,Scheduled - Deadline Met,Yes,Yes,3600.128096103668,60.002134935061136,9,147.0,Gurobi Status: 9
F1,P1_3,8,400000,600000,7466,,,,Optional Packets- Not Scheduled,No,N/A,3600.128096103668,60.002134935061136,9,147.0,Gurobi Status: 9
F1,P1_4,2,600000,800000,7466,632597.0,640063.0,40063.0,Scheduled - Deadline Met,Yes,Yes,3600.128096103668,60.002134935061136,9,147.0,Gurobi Status: 9
F1,P1_5,2,800000,1000000,7466,827718.0,835184.0,35184.0,Scheduled - Deadline Met,Yes,Yes,3600.128096103668,60.002134935061136,9,147.0,Gurobi Status: 9
F1,P1_6,8,1000000,1200000,7466,1042335.0,1049801.0,49801.0,Scheduled - Deadline Met,Yes,Yes,3600.128096103668,60.002134935061136,9,147.0,Gurobi Status: 9
F1,P1_7,2,1200000,1400000,7466,1260386.0,1267852.0,67852.0,Scheduled - Deadline Met,Yes,Yes,3600.128096103668,60.002134935061136,9,147.0,Gurobi Status: 9
F1,P1_8,2,1400000,1600000,7466,1450755.0,1458221.0,58221.0,Scheduled - Deadline Met,Yes,Yes,3600.128096103668,60.002134935061136,9,147.0,Gurobi Status: 9
F1,P1_9,8,1600000,1800000,7466,,,,Optional Packets- Not Scheduled,No,N/A,3600.128096103668,60.002134935061136,9,147.0,Gurobi Status: 9
F1,P1_10,2,1800000,2000000,7466,1840772.0,1848238.0,48238.0,Scheduled - Deadline Met,Yes,Yes,3600.128096103668,60.002134935061136,9,147.0,Gurobi Status: 9
F1,P1_11,2,2000000,2200000,7466,2036472.0,2043938.0,43938.0,Scheduled - Deadline Met,Yes,Yes,3600.128096103668,60.002134935061136,9,147.0,Gurobi Status: 9
F1,P1_12,8,2200000,2400000,7466,,,,Optional Packets- Not Scheduled,No,N/A,3600.128096103668,60.002134935061136,9,147.0,Gurobi Status: 9
F10,P10_1,8,0,400000,3645,81504.0,85149.0,85149.0,Scheduled - Deadline Met,Yes,Yes,3600.128096103668,60.002134935061136,9,147.0,Gurobi Status: 9
F10,P10_2,3,400000,800000,3645,558304.0,561949.0,161949.0,Scheduled - Deadline Met,Yes,Yes,3600.128096103668,60.002134935061136,9,147.0,Gurobi Status: 9
F10,P10_3,3,800000,1200000,3645,962688.0,966333.0,166333.0,Scheduled - Deadline Met,Yes,Yes,3600.128096103668,60.002134935061136,9,147.0,Gurobi Status: 9
F10,P10_4,8,1200000,1600000,3645,,,,Optional Packets- Not Scheduled,No,N/A,3600.128096103668,60.002134935061136,9,147.0,Gurobi Status: 9
F10,P10_5,3,1600000,2000000,3645,1763377.0,1767022.0,167022.0,Scheduled - Deadline Met,Yes,Yes,3600.128096103668,60.002134935061136,9,147.0,Gurobi Status: 9
F10,P10_6,3,2000000,2400000,3645,2003243.0,2006888.0,6888.0,Scheduled - Deadline Met,Yes,Yes,3600.128096103668,60.002134935061136,9,147.0,Gurobi Status: 9
F11,P11_1,8,0,400000,11901,,,,Optional Packets- Not Scheduled,No,N/A,3600.128096103668,60.002134935061136,9,147.0,Gurobi Status: 9
F11,P11_2,6,400000,800000,11901,453935.0,465836.0,65836.0,Scheduled - Deadline Met,Yes,Yes,3600.128096103668,60.002134935061136,9,147.0,Gurobi Status: 9
F11,P11_3,6,800000,1200000,11901,903965.0,915866.0,115866.0,Scheduled - Deadline Met,Yes,Yes,3600.128096103668,60.002134935061136,9,147.0,Gurobi Status: 9
F11,P11_4,8,1200000,1600000,11901,,,,Optional Packets- Not Scheduled,No,N/A,3600.128096103668,60.002134935061136,9,147.0,Gurobi Status: 9
F11,P11_5,6,1600000,2000000,11901,1669116.0,1681017.0,81017.0,Scheduled - Deadline Met,Yes,Yes,3600.128096103668,60.002134935061136,9,147.0,Gurobi Status: 9
F11,P11_6,6,2000000,2400000,11901,2011216.0,2023117.0,23117.0,Scheduled - Deadline Met,Yes,Yes,3600.128096103668,60.002134935061136,9,147.0,Gurobi Status: 9
F12,P12_1,4,0,400000,807,333800.0,334607.0,334607.0,Scheduled - Deadline Met,Yes,Yes,3600.128096103668,60.002134935061136,9,147.0,Gurobi Status: 9
F12,P12_2,8,400000,800000,807,496755.0,497562.0,97562.0,Scheduled - Deadline Met,Yes,Yes,3600.128096103668,60.002134935061136,9,147.0,Gurobi Status: 9
F12,P12_3,4,800000,1200000,807,1188350.0,1189157.0,389157.0,Scheduled - Deadline Met,Yes,Yes,3600.128096103668,60.002134935061136,9,147.0,Gurobi Status: 9
F12,P12_4,4,1200000,1600000,807,1395172.0,1395979.0,195979.0,Scheduled - Deadline Met,Yes,Yes,3600.128096103668,60.002134935061136,9,147.0,Gurobi Status: 9
F12,P12_5,8,1600000,2000000,807,,,,Optional Packets- Not Scheduled,No,N/A,3600.128096103668,60.002134935061136,9,147.0,Gurobi Status: 9
F12,P12_6,4,2000000,2400000,807,2147040.0,2147847.0,147847.0,Scheduled - Deadline Met,Yes,Yes,3600.128096103668,60.002134935061136,9,147.0,Gurobi Status: 9
F13,P13_1,4,0,400000,1241,328762.0,330003.0,330003.0,Scheduled - Deadline Met,Yes,Yes,3600.128096103668,60.002134935061136,9,147.0,Gurobi Status: 9
F13,P13_2,4,400000,800000,1241,736456.0,737697.0,337697.0,Scheduled - Deadline Met,Yes,Yes,3600.128096103668,60.002134935061136,9,147.0,Gurobi Status: 9
F13,P13_3,8,800000,1200000,1241,886356.0,887597.0,87597.0,Scheduled - Deadline Met,Yes,Yes,3600.128096103668,60.002134935061136,9,147.0,Gurobi Status: 9
F13,P13_4,4,1200000,1600000,1241,1393835.0,1395076.0,195076.0,Scheduled - Deadline Met,Yes,Yes,3600.128096103668,60.002134935061136,9,147.0,Gurobi Status: 9
F13,P13_5,4,1600000,2000000,1241,1790187.0,1791428.0,191428.0,Scheduled - Deadline Met,Yes,Yes,3600.128096103668,60.002134935061136,9,147.0,Gurobi Status: 9
F13,P13_6,8,2000000,2400000,1241,2096510.0,2097751.0,97751.0,Scheduled - Deadline Met,Yes,Yes,3600.128096103668,60.002134935061136,9,147.0,Gurobi Status: 9
F14,P14_1,7,0,400000,3925,324741.0,328666.0,328666.0,Scheduled - Deadline Met,Yes,Yes,3600.128096103668,60.002134935061136,9,147.0,Gurobi Status: 9
F14,P14_2,7,400000,800000,3925,520996.0,524921.0,124921.0,Scheduled - Deadline Met,Yes,Yes,3600.128096103668,60.002134935061136,9,147.0,Gurobi Status: 9
F14,P14_3,8,800000,1200000,3925,876485.0,880410.0,80410.0,Scheduled - Deadline Met,Yes,Yes,3600.128096103668,60.002134935061136,9,147.0,Gurobi Status: 9
F14,P14_4,7,1200000,1600000,3925,1396075.0,1400000.0,200000.0,Scheduled - Deadline Met,Yes,Yes,3600.128096103668,60.002134935061136,9,147.0,Gurobi Status: 9
F14,P14_5,7,1600000,2000000,3925,1776666.0,1780591.0,180591.0,Scheduled - Deadline Met,Yes,Yes,3600.128096103668,60.002134935061136,9,147.0,Gurobi Status: 9
F14,P14_6,8,2000000,2400000,3925,2089230.0,2093155.0,93155.0,Scheduled - Deadline Met,Yes,Yes,3600.128096103668,60.002134935061136,9,147.0,Gurobi Status: 9
F15,P15_1,2,0,200000,8529,5378.0,13907.0,13907.0,Scheduled - Deadline Met,Yes,Yes,3600.128096103668,60.002134935061136,9,147.0,Gurobi Status: 9
F15,P15_2,8,200000,400000,8529,228374.0,236903.0,36903.0,Scheduled - Deadline Met,Yes,Yes,3600.128096103668,60.002134935061136,9,147.0,Gurobi Status: 9
F15,P15_3,2,400000,600000,8529,417372.0,425901.0,25901.0,Scheduled - Deadline Met,Yes,Yes,3600.128096103668,60.002134935061136,9,147.0,Gurobi Status: 9
F15,P15_4,2,600000,800000,8529,615713.0,624242.0,24242.0,Scheduled - Deadline Met,Yes,Yes,3600.128096103668,60.002134935061136,9,147.0,Gurobi Status: 9
F15,P15_5,8,800000,1000000,8529,,,,Optional Packets- Not Scheduled,No,N/A,3600.128096103668,60.002134935061136,9,147.0,Gurobi Status: 9
F15,P15_6,2,1000000,1200000,8529,1061702.0,1070231.0,70231.0,Scheduled - Deadline Met,Yes,Yes,3600.128096103668,60.002134935061136,9,147.0,Gurobi Status: 9
F15,P15_7,2,1200000,1400000,8529,1239767.0,1248296.0,48296.0,Scheduled - Deadline Met,Yes,Yes,3600.128096103668,60.002134935061136,9,147.0,Gurobi Status: 9
F15,P15_8,8,1400000,1600000,8529,1478654.0,1487183.0,87183.0,Scheduled - Deadline Met,Yes,Yes,3600.128096103668,60.002134935061136,9,147.0,Gurobi Status: 9
F15,P15_9,2,1600000,1800000,8529,1627365.0,1635894.0,35894.0,Scheduled - Deadline Met,Yes,Yes,3600.128096103668,60.002134935061136,9,147.0,Gurobi Status: 9
F15,P15_10,2,1800000,2000000,8529,1816703.0,1825232.0,25232.0,Scheduled - Deadline Met,Yes,Yes,3600.128096103668,60.002134935061136,9,147.0,Gurobi Status: 9
F15,P15_11,8,2000000,2200000,8529,,,,Optional Packets- Not Scheduled,No,N/A,3600.128096103668,60.002134935061136,9,147.0,Gurobi Status: 9
F15,P15_12,2,2200000,2400000,8529,2228717.0,2237246.0,37246.0,Scheduled - Deadline Met,Yes,Yes,3600.128096103668,60.002134935061136,9,147.0,Gurobi Status: 9
F16,P16_1,5,0,50000,719,0.0,719.0,719.0,Scheduled - Deadline Met,Yes,Yes,3600.128096103668,60.002134935061136,9,147.0,Gurobi Status: 9
F16,P16_2,8,50000,100000,719,99281.0,100000.0,50000.0,Scheduled - Deadline Met,Yes,Yes,3600.128096103668,60.002134935061136,9,147.0,Gurobi Status: 9
F16,P16_3,5,100000,150000,719,128304.0,129023.0,29023.0,Scheduled - Deadline Met,Yes,Yes,3600.128096103668,60.002134935061136,9,147.0,Gurobi Status: 9
F16,P16_4,5,150000,200000,719,179572.0,180291.0,30291.0,Scheduled - Deadline Met,Yes,Yes,3600.128096103668,60.002134935061136,9,147.0,Gurobi Status: 9
F16,P16_5,8,200000,250000,719,215985.0,216704.0,16704.0,Scheduled - Deadline Met,Yes,Yes,3600.128096103668,60.002134935061136,9,147.0,Gurobi Status: 9
F16,P16_6,5,250000,300000,719,297726.0,298445.0,48445.0,Scheduled - Deadline Met,Yes,Yes,3600.128096103668,60.002134935061136,9,147.0,Gurobi Status: 9
F16,P16_7,5,300000,350000,719,314471.0,315190.0,15190.0,Scheduled - Deadline Met,Yes,Yes,3600.128096103668,60.002134935061136,9,147.0,Gurobi Status: 9
F16,P16_8,8,350000,400000,719,387380.0,388099.0,38099.0,Scheduled - Deadline Met,Yes,Yes,3600.128096103668,60.002134935061136,9,147.0,Gurobi Status: 9
F16,P16_9,5,400000,450000,719,402555.0,403274.0,3274.0,Scheduled - Deadline Met,Yes,Yes,3600.128096103668,60.002134935061136,9,147.0,Gurobi Status: 9
F16,P16_10,5,450000,500000,719,481197.0,481916.0,31916.0,Scheduled - Deadline Met,Yes,Yes,3600.128096103668,60.002134935061136,9,147.0,Gurobi Status: 9
F16,P16_11,8,500000,550000,719,530182.0,530901.0,30901.0,Scheduled - Deadline Met,Yes,Yes,3600.128096103668,60.002134935061136,9,147.0,Gurobi Status: 9
F16,P16_12,5,550000,600000,719,561949.0,562668.0,12668.0,Scheduled - Deadline Met,Yes,Yes,3600.128096103668,60.002134935061136,9,147.0,Gurobi Status: 9
F16,P16_13,5,600000,650000,719,602314.0,603033.0,3033.0,Scheduled - Deadline Met,Yes,Yes,3600.128096103668,60.002134935061136,9,147.0,Gurobi Status: 9
F16,P16_14,8,650000,700000,719,677250.0,677969.0,27969.0,Scheduled - Deadline Met,Yes,Yes,3600.128096103668,60.002134935061136,9,147.0,Gurobi Status: 9
F16,P16_15,5,700000,750000,719,737697.0,738416.0,38416.0,Scheduled - Deadline Met,Yes,Yes,3600.128096103668,60.002134935061136,9,147.0,Gurobi Status: 9
F16,P16_16,5,750000,800000,719,799281.0,800000.0,50000.0,Scheduled - Deadline Met,Yes,Yes,3600.128096103668,60.002134935061136,9,147.0,Gurobi Status: 9
F16,P16_17,8,800000,850000,719,,,,Optional Packets- Not Scheduled,No,N/A,3600.128096103668,60.002134935061136,9,147.0,Gurobi Status: 9
F16,P16_18,5,850000,900000,719,858983.0,859702.0,9702.0,Scheduled - Deadline Met,Yes,Yes,3600.128096103668,60.002134935061136,9,147.0,Gurobi Status: 9
F16,P16_19,5,900000,950000,719,948493.0,949212.0,49212.0,Scheduled - Deadline Met,Yes,Yes,3600.128096103668,60.002134935061136,9,147.0,Gurobi Status: 9
F16,P16_20,8,950000,1000000,719,978956.0,979675.0,29675.0,Scheduled - Deadline Met,Yes,Yes,3600.128096103668,60.002134935061136,9,147.0,Gurobi Status: 9
F16,P16_21,5,1000000,1050000,719,1000000.0,1000719.0,719.0,Scheduled - Deadline Met,Yes,Yes,3600.128096103668,60.002134935061136,9,147.0,Gurobi Status: 9
F16,P16_22,5,1050000,1100000,719,1082216.0,1082935.0,32935.0,Scheduled - Deadline Met,Yes,Yes,3600.128096103668,60.002134935061136,9,147.0,Gurobi Status: 9
F16,P16_23,8,1100000,1150000,719,1147230.0,1147949.0,47949.0,Scheduled - Deadline Met,Yes,Yes,3600.128096103668,60.002134935061136,9,147.0,Gurobi Status: 9
F16,P16_24,5,1150000,1200000,719,1199185.0,1199904.0,49904.0,Scheduled - Deadline Met,Yes,Yes,3600.128096103668,60.002134935061136,9,147.0,Gurobi Status: 9
F16,P16_25,5,1200000,1250000,719,1200000.0,1200719.0,719.0,Scheduled - Deadline Met,Yes,Yes,3600.128096103668,60.002134935061136,9,147.0,Gurobi Status: 9
F16,P16_26,8,1250000,1300000,719,1299281.0,1300000.0,50000.0,Scheduled - Deadline Met,Yes,Yes,3600.128096103668,60.002134935061136,9,147.0,Gurobi Status: 9
F16,P16_27,5,1300000,1350000,719,1320240.0,1320959.0,20959.0,Scheduled - Deadline Met,Yes,Yes,3600.128096103668,60.002134935061136,9,147.0,Gurobi Status: 9
F16,P16_28,5,1350000,1400000,719,1374473.0,1375192.0,25192.0,Scheduled - Deadline Met,Yes,Yes,3600.128096103668,60.002134935061136,9,147.0,Gurobi Status: 9
F16,P16_29,8,1400000,1450000,719,,,,Optional Packets- Not Scheduled,No,N/A,3600.128096103668,60.002134935061136,9,147.0,Gurobi Status: 9
F16,P16_30,5,1450000,1500000,719,1460672.0,1461391.0,11391.0,Scheduled - Deadline Met,Yes,Yes,3600.128096103668,60.002134935061136,9,147.0,Gurobi Status: 9
F16,P16_31,5,1500000,1550000,719,1511901.0,1512620.0,12620.0,Scheduled - Deadline Met,Yes,Yes,3600.128096103668,60.002134935061136,9,147.0,Gurobi Status: 9
F16,P16_32,8,1550000,1600000,719,1587380.0,1588099.0,38099.0,Scheduled - Deadline Met,Yes,Yes,3600.128096103668,60.002134935061136,9,147.0,Gurobi Status: 9
F16,P16_33,5,1600000,1650000,719,1604752.0,1605471.0,5471.0,Scheduled - Deadline Met,Yes,Yes,3600.128096103668,60.002134935061136,9,147.0,Gurobi Status: 9
F16,P16_34,5,1650000,1700000,719,1665289.0,1666008.0,16008.0,Scheduled - Deadline Met,Yes,Yes,3600.128096103668,60.002134935061136,9,147.0,Gurobi Status: 9
F16,P16_35,8,1700000,1750000,719,,,,Optional Packets- Not Scheduled,No,N/A,3600.128096103668,60.002134935061136,9,147.0,Gurobi Status: 9
F16,P16_36,5,1750000,1800000,719,1795645.0,1796364.0,46364.0,Scheduled - Deadline Met,Yes,Yes,3600.128096103668,60.002134935061136,9,147.0,Gurobi Status: 9
F16,P16_37,5,1800000,1850000,719,1825328.0,1826047.0,26047.0,Scheduled - Deadline Met,Yes,Yes,3600.128096103668,60.002134935061136,9,147.0,Gurobi Status: 9
F16,P16_38,8,1850000,1900000,719,,,,Optional Packets- Not Scheduled,No,N/A,3600.128096103668,60.002134935061136,9,147.0,Gurobi Status: 9
F16,P16_39,5,1900000,1950000,719,1904848.0,1905567.0,5567.0,Scheduled - Deadline Met,Yes,Yes,3600.128096103668,60.002134935061136,9,147.0,Gurobi Status: 9
F16,P16_40,5,1950000,2000000,719,1950000.0,1950719.0,719.0,Scheduled - Deadline Met,Yes,Yes,3600.128096103668,60.002134935061136,9,147.0,Gurobi Status: 9
F16,P16_41,8,2000000,2050000,719,,,,Optional Packets- Not Scheduled,No,N/A,3600.128096103668,60.002134935061136,9,147.0,Gurobi Status: 9
F16,P16_42,5,2050000,2100000,719,2071591.0,2072310.0,22310.0,Scheduled - Deadline Met,Yes,Yes,3600.128096103668,60.002134935061136,9,147.0,Gurobi Status: 9
F16,P16_43,5,2100000,2150000,719,2131539.0,2132258.0,32258.0,Scheduled - Deadline Met,Yes,Yes,3600.128096103668,60.002134935061136,9,147.0,Gurobi Status: 9
F16,P16_44,8,2150000,2200000,719,2187380.0,2188099.0,38099.0,Scheduled - Deadline Met,Yes,Yes,3600.128096103668,60.002134935061136,9,147.0,Gurobi Status: 9
F16,P16_45,5,2200000,2250000,719,2200000.0,2200719.0,719.0,Scheduled - Deadline Met,Yes,Yes,3600.128096103668,60.002134935061136,9,147.0,Gurobi Status: 9
F16,P16_46,5,2250000,2300000,719,2291640.0,2292359.0,42359.0,Scheduled - Deadline Met,Yes,Yes,3600.128096103668,60.002134935061136,9,147.0,Gurobi Status: 9
F16,P16_47,8,2300000,2350000,719,2330723.0,2331442.0,31442.0,Scheduled - Deadline Met,Yes,Yes,3600.128096103668,60.002134935061136,9,147.0,Gurobi Status: 9
F16,P16_48,5,2350000,2400000,719,2355049.0,2355768.0,5768.0,Scheduled - Deadline Met,Yes,Yes,3600.128096103668,60.002134935061136,9,147.0,Gurobi Status: 9
F17,P17_1,2,0,400000,1488,66595.0,68083.0,68083.0,Scheduled - Deadline Met,Yes,Yes,3600.128096103668,60.002134935061136,9,147.0,Gurobi Status: 9
F17,P17_2,8,400000,800000,1488,492846.0,494334.0,94334.0,Scheduled - Deadline Met,Yes,Yes,3600.128096103668,60.002134935061136,9,147.0,Gurobi Status: 9
F17,P17_3,2,800000,1200000,1488,857495.0,858983.0,58983.0,Scheduled - Deadline Met,Yes,Yes,3600.128096103668,60.002134935061136,9,147.0,Gurobi Status: 9
F17,P17_4,2,1200000,1600000,1488,1275899.0,1277387.0,77387.0,Scheduled - Deadline Met,Yes,Yes,3600.128096103668,60.002134935061136,9,147.0,Gurobi Status: 9
F17,P17_5,8,1600000,2000000,1488,,,,Optional Packets- Not Scheduled,No,N/A,3600.128096103668,60.002134935061136,9,147.0,Gurobi Status: 9
F17,P17_6,2,2000000,2400000,1488,2079882.0,2081370.0,81370.0,Scheduled - Deadline Met,Yes,Yes,3600.128096103668,60.002134935061136,9,147.0,Gurobi Status: 9
F18,P18_1,2,0,50000,2153,3129.0,5282.0,5282.0,Scheduled - Deadline Met,Yes,Yes,3600.128096103668,60.002134935061136,9,147.0,Gurobi Status: 9
F18,P18_2,2,50000,100000,2153,70617.0,72770.0,22770.0,Scheduled - Deadline Met,Yes,Yes,3600.128096103668,60.002134935061136,9,147.0,Gurobi Status: 9
F18,P18_3,8,100000,150000,2153,100096.0,102249.0,2249.0,Scheduled - Deadline Met,Yes,Yes,3600.128096103668,60.002134935061136,9,147.0,Gurobi Status: 9
F18,P18_4,2,150000,200000,2153,180387.0,182540.0,32540.0,Scheduled - Deadline Met,Yes,Yes,3600.128096103668,60.002134935061136,9,147.0,Gurobi Status: 9
F18,P18_5,2,200000,250000,2153,210724.0,212877.0,12877.0,Scheduled - Deadline Met,Yes,Yes,3600.128096103668,60.002134935061136,9,147.0,Gurobi Status: 9
F18,P18_6,8,250000,300000,2153,,,,Optional Packets- Not Scheduled,No,N/A,3600.128096103668,60.002134935061136,9,147.0,Gurobi Status: 9
F18,P18_7,2,300000,350000,2153,315286.0,317439.0,17439.0,Scheduled - Deadline Met,Yes,Yes,3600.128096103668,60.002134935061136,9,147.0,Gurobi Status: 9
F18,P18_8,2,350000,400000,2153,379805.0,381958.0,31958.0,Scheduled - Deadline Met,Yes,Yes,3600.128096103668,60.002134935061136,9,147.0,Gurobi Status: 9
F18,P18_9,8,400000,450000,2153,,,,Optional Packets- Not Scheduled,No,N/A,3600.128096103668,60.002134935061136,9,147.0,Gurobi Status: 9
F18,P18_10,2,450000,500000,2153,484326.0,486479.0,36479.0,Scheduled - Deadline Met,Yes,Yes,3600.128096103668,60.002134935061136,9,147.0,Gurobi Status: 9
F18,P18_11,2,500000,550000,2153,524921.0,527074.0,27074.0,Scheduled - Deadline Met,Yes,Yes,3600.128096103668,60.002134935061136,9,147.0,Gurobi Status: 9
F18,P18_12,8,550000,600000,2153,568730.0,570883.0,20883.0,Scheduled - Deadline Met,Yes,Yes,3600.128096103668,60.002134935061136,9,147.0,Gurobi Status: 9
F18,P18_13,2,600000,650000,2153,603129.0,605282.0,5282.0,Scheduled - Deadline Met,Yes,Yes,3600.128096103668,60.002134935061136,9,147.0,Gurobi Status: 9
F18,P18_14,2,650000,700000,2153,694739.0,696892.0,46892.0,Scheduled - Deadline Met,Yes,Yes,3600.128096103668,60.002134935061136,9,147.0,Gurobi Status: 9
F18,P18_15,8,700000,750000,2153,738512.0,740665.0,40665.0,Scheduled - Deadline Met,Yes,Yes,3600.128096103668,60.002134935061136,9,147.0,Gurobi Status: 9
F18,P18_16,2,750000,800000,2153,779681.0,781834.0,31834.0,Scheduled - Deadline Met,Yes,Yes,3600.128096103668,60.002134935061136,9,147.0,Gurobi Status: 9
F18,P18_17,2,800000,850000,2153,802438.0,804591.0,4591.0,Scheduled - Deadline Met,Yes,Yes,3600.128096103668,60.002134935061136,9,147.0,Gurobi Status: 9
F18,P18_18,8,850000,900000,2153,887693.0,889846.0,39846.0,Scheduled - Deadline Met,Yes,Yes,3600.128096103668,60.002134935061136,9,147.0,Gurobi Status: 9
F18,P18_19,2,900000,950000,2153,915866.0,918019.0,18019.0,Scheduled - Deadline Met,Yes,Yes,3600.128096103668,60.002134935061136,9,147.0,Gurobi Status: 9
F18,P18_20,2,950000,1000000,2153,991576.0,993729.0,43729.0,Scheduled - Deadline Met,Yes,Yes,3600.128096103668,60.002134935061136,9,147.0,Gurobi Status: 9
F18,P18_21,8,1000000,1050000,2153,1025500.0,1027653.0,27653.0,Scheduled - Deadline Met,Yes,Yes,3600.128096103668,60.002134935061136,9,147.0,Gurobi Status: 9
F18,P18_22,2,1050000,1100000,2153,1083031.0,1085184.0,35184.0,Scheduled - Deadline Met,Yes,Yes,3600.128096103668,60.002134935061136,9,147.0,Gurobi Status: 9
F18,P18_23,2,1100000,1150000,2153,1113117.0,1115270.0,15270.0,Scheduled - Deadline Met,Yes,Yes,3600.128096103668,60.002134935061136,9,147.0,Gurobi Status: 9
F18,P18_24,8,1150000,1200000,2153,,,,Optional Packets- Not Scheduled,No,N/A,3600.128096103668,60.002134935061136,9,147.0,Gurobi Status: 9
F18,P18_25,2,1200000,1250000,2153,1236285.0,1238438.0,38438.0,Scheduled - Deadline Met,Yes,Yes,3600.128096103668,60.002134935061136,9,147.0,Gurobi Status: 9
F18,P18_26,2,1250000,1300000,2153,1279921.0,1282074.0,32074.0,Scheduled - Deadline Met,Yes,Yes,3600.128096103668,60.002134935061136,9,147.0,Gurobi Status: 9
F18,P18_27,8,1300000,1350000,2153,1300096.0,1302249.0,2249.0,Scheduled - Deadline Met,Yes,Yes,3600.128096103668,60.002134935061136,9,147.0,Gurobi Status: 9
F18,P18_28,2,1350000,1400000,2153,1384442.0,1386595.0,36595.0,Scheduled - Deadline Met,Yes,Yes,3600.128096103668,60.002134935061136,9,147.0,Gurobi Status: 9
F18,P18_29,2,1400000,1450000,2153,1402438.0,1404591.0,4591.0,Scheduled - Deadline Met,Yes,Yes,3600.128096103668,60.002134935061136,9,147.0,Gurobi Status: 9
F18,P18_30,8,1450000,1500000,2153,1497847.0,1500000.0,50000.0,Scheduled - Deadline Met,Yes,Yes,3600.128096103668,60.002134935061136,9,147.0,Gurobi Status: 9
F18,P18_31,2,1500000,1550000,2153,1515030.0,1517183.0,17183.0,Scheduled - Deadline Met,Yes,Yes,3600.128096103668,60.002134935061136,9,147.0,Gurobi Status: 9
F18,P18_32,2,1550000,1600000,2153,1557487.0,1559640.0,9640.0,Scheduled - Deadline Met,Yes,Yes,3600.128096103668,60.002134935061136,9,147.0,Gurobi Status: 9
F18,P18_33,8,1600000,1650000,2153,,,,Optional Packets- Not Scheduled,No,N/A,3600.128096103668,60.002134935061136,9,147.0,Gurobi Status: 9
F18,P18_34,2,1650000,1700000,2153,1663040.0,1665193.0,15193.0,Scheduled - Deadline Met,Yes,Yes,3600.128096103668,60.002134935061136,9,147.0,Gurobi Status: 9
F18,P18_35,2,1700000,1750000,2153,1717188.0,1719341.0,19341.0,Scheduled - Deadline Met,Yes,Yes,3600.128096103668,60.002134935061136,9,147.0,Gurobi Status: 9
F18,P18_36,8,1750000,1800000,2153,,,,Optional Packets- Not Scheduled,No,N/A,3600.128096103668,60.002134935061136,9,147.0,Gurobi Status: 9
F18,P18_37,2,1800000,1850000,2153,1802314.0,1804467.0,4467.0,Scheduled - Deadline Met,Yes,Yes,3600.128096103668,60.002134935061136,9,147.0,Gurobi Status: 9
F18,P18_38,2,1850000,1900000,2153,1894739.0,1896892.0,46892.0,Scheduled - Deadline Met,Yes,Yes,3600.128096103668,60.002134935061136,9,147.0,Gurobi Status: 9
F18,P18_39,8,1900000,1950000,2153,1924248.0,1926401.0,26401.0,Scheduled - Deadline Met,Yes,Yes,3600.128096103668,60.002134935061136,9,147.0,Gurobi Status: 9
F18,P18_40,2,1950000,2000000,2153,1953129.0,1955282.0,5282.0,Scheduled - Deadline Met,Yes,Yes,3600.128096103668,60.002134935061136,9,147.0,Gurobi Status: 9
F18,P18_41,2,2000000,2050000,2153,2023213.0,2025366.0,25366.0,Scheduled - Deadline Met,Yes,Yes,3600.128096103668,60.002134935061136,9,147.0,Gurobi Status: 9
F18,P18_42,8,2050000,2100000,2153,2097847.0,2100000.0,50000.0,Scheduled - Deadline Met,Yes,Yes,3600.128096103668,60.002134935061136,9,147.0,Gurobi Status: 9
F18,P18_43,2,2100000,2150000,2153,2147847.0,2150000.0,50000.0,Scheduled - Deadline Met,Yes,Yes,3600.128096103668,60.002134935061136,9,147.0,Gurobi Status: 9
F18,P18_44,2,2150000,2200000,2153,2178555.0,2180708.0,30708.0,Scheduled - Deadline Met,Yes,Yes,3600.128096103668,60.002134935061136,9,147.0,Gurobi Status: 9
F18,P18_45,8,2200000,2250000,2153,2238754.0,2240907.0,40907.0,Scheduled - Deadline Met,Yes,Yes,3600.128096103668,60.002134935061136,9,147.0,Gurobi Status: 9
F18,P18_46,2,2250000,2300000,2153,2294769.0,2296922.0,46922.0,Scheduled - Deadline Met,Yes,Yes,3600.128096103668,60.002134935061136,9,147.0,Gurobi Status: 9
F18,P18_47,2,2300000,2350000,2153,2302534.0,2304687.0,4687.0,Scheduled - Deadline Met,Yes,Yes,3600.128096103668,60.002134935061136,9,147.0,Gurobi Status: 9
F18,P18_48,8,2350000,2400000,2153,2385946.0,2388099.0,38099.0,Scheduled - Deadline Met,Yes,Yes,3600.128096103668,60.002134935061136,9,147.0,Gurobi Status: 9
F19,P19_1,8,0,400000,10692,,,,Optional Packets- Not Scheduled,No,N/A,3600.128096103668,60.002134935061136,9,147.0,Gurobi Status: 9
F19,P19_2,5,400000,800000,10692,425997.0,436689.0,36689.0,Scheduled - Deadline Met,Yes,Yes,3600.128096103668,60.002134935061136,9,147.0,Gurobi Status: 9
F19,P19_3,5,800000,1200000,10692,816930.0,827622.0,27622.0,Scheduled - Deadline Met,Yes,Yes,3600.128096103668,60.002134935061136,9,147.0,Gurobi Status: 9
F19,P19_4,8,1200000,1600000,10692,,,,Optional Packets- Not Scheduled,No,N/A,3600.128096103668,60.002134935061136,9,147.0,Gurobi Status: 9
F19,P19_5,5,1600000,2000000,10692,1616577.0,1627269.0,27269.0,Scheduled - Deadline Met,Yes,Yes,3600.128096103668,60.002134935061136,9,147.0,Gurobi Status: 9
F19,P19_6,5,2000000,2400000,10692,2044034.0,2054726.0,54726.0,Scheduled - Deadline Met,Yes,Yes,3600.128096103668,60.002134935061136,9,147.0,Gurobi Status: 9
F2,P2_1,5,0,200000,1137,114150.0,115287.0,115287.0,Scheduled - Deadline Met,Yes,Yes,3600.128096103668,60.002134935061136,9,147.0,Gurobi Status: 9
F2,P2_2,5,200000,400000,1137,295480.0,296617.0,96617.0,Scheduled - Deadline Met,Yes,Yes,3600.128096103668,60.002134935061136,9,147.0,Gurobi Status: 9
F2,P2_3,8,400000,600000,1137,,,,Optional Packets- Not Scheduled,No,N/A,3600.128096103668,60.002134935061136,9,147.0,Gurobi Status: 9
F2,P2_4,5,600000,800000,1137,702438.0,703575.0,103575.0,Scheduled - Deadline Met,Yes,Yes,3600.128096103668,60.002134935061136,9,147.0,Gurobi Status: 9
F2,P2_5,5,800000,1000000,1137,815697.0,816834.0,16834.0,Scheduled - Deadline Met,Yes,Yes,3600.128096103668,60.002134935061136,9,147.0,Gurobi Status: 9
F2,P2_6,8,1000000,1200000,1137,1094467.0,1095604.0,95604.0,Scheduled - Deadline Met,Yes,Yes,3600.128096103668,60.002134935061136,9,147.0,Gurobi Status: 9
F2,P2_7,5,1200000,1400000,1137,1238534.0,1239671.0,39671.0,Scheduled - Deadline Met,Yes,Yes,3600.128096103668,60.002134935061136,9,147.0,Gurobi Status: 9
F2,P2_8,5,1400000,1600000,1137,1418359.0,1419496.0,19496.0,Scheduled - Deadline Met,Yes,Yes,3600.128096103668,60.002134935061136,9,147.0,Gurobi Status: 9
F2,P2_9,8,1600000,1800000,1137,,,,Optional Packets- Not Scheduled,No,N/A,3600.128096103668,60.002134935061136,9,147.0,Gurobi Status: 9
F2,P2_10,5,1800000,2000000,1137,1831280.0,1832417.0,32417.0,Scheduled - Deadline Met,Yes,Yes,3600.128096103668,60.002134935061136,9,147.0,Gurobi Status: 9
F2,P2_11,5,2000000,2200000,1137,2000736.0,2001873.0,1873.0,Scheduled - Deadline Met,Yes,Yes,3600.128096103668,60.002134935061136,9,147.0,Gurobi Status: 9
F2,P2_12,8,2200000,2400000,1137,2264814.0,2265951.0,65951.0,Scheduled - Deadline Met,Yes,Yes,3600.128096103668,60.002134935061136,9,147.0,Gurobi Status: 9
F20,P20_1,8,0,50000,2342,14003.0,16345.0,16345.0,Scheduled - Deadline Met,Yes,Yes,3600.128096103668,60.002134935061136,9,147.0,Gurobi Status: 9
F20,P20_2,2,50000,100000,2342,68179.0,70521.0,20521.0,Scheduled - Deadline Met,Yes,Yes,3600.128096103668,60.002134935061136,9,147.0,Gurobi Status: 9
F20,P20_3,2,100000,150000,2342,115287.0,117629.0,17629.0,Scheduled - Deadline Met,Yes,Yes,3600.128096103668,60.002134935061136,9,147.0,Gurobi Status: 9
F20,P20_4,8,150000,200000,2342,,,,Optional Packets- Not Scheduled,No,N/A,3600.128096103668,60.002134935061136,9,147.0,Gurobi Status: 9
F20,P20_5,2,200000,250000,2342,200000.0,202342.0,2342.0,Scheduled - Deadline Met,Yes,Yes,3600.128096103668,60.002134935061136,9,147.0,Gurobi Status: 9
F20,P20_6,2,250000,300000,2342,287509.0,289851.0,39851.0,Scheduled - Deadline Met,Yes,Yes,3600.128096103668,60.002134935061136,9,147.0,Gurobi Status: 9
F20,P20_7,8,300000,350000,2342,335977.0,338319.0,38319.0,Scheduled - Deadline Met,Yes,Yes,3600.128096103668,60.002134935061136,9,147.0,Gurobi Status: 9
F20,P20_8,2,350000,400000,2342,377367.0,379709.0,29709.0,Scheduled - Deadline Met,Yes,Yes,3600.128096103668,60.002134935061136,9,147.0,Gurobi Status: 9
F20,P20_9,2,400000,450000,2342,400117.0,402459.0,2459.0,Scheduled - Deadline Met,Yes,Yes,3600.128096103668,60.002134935061136,9,147.0,Gurobi Status: 9
F20,P20_10,8,450000,500000,2342,497658.0,500000.0,50000.0,Scheduled - Deadline Met,Yes,Yes,3600.128096103668,60.002134935061136,9,147.0,Gurobi Status: 9
F20,P20_11,2,500000,550000,2342,514215.0,516557.0,16557.0,Scheduled - Deadline Met,Yes,Yes,3600.128096103668,60.002134935061136,9,147.0,Gurobi Status: 9
F20,P20_12,2,550000,600000,2342,562764.0,565106.0,15106.0,Scheduled - Deadline Met,Yes,Yes,3600.128096103668,60.002134935061136,9,147.0,Gurobi Status: 9
F20,P20_13,8,600000,650000,2342,,,,Optional Packets- Not Scheduled,No,N/A,3600.128096103668,60.002134935061136,9,147.0,Gurobi Status: 9
F20,P20_14,2,650000,700000,2342,689870.0,692212.0,42212.0,Scheduled - Deadline Met,Yes,Yes,3600.128096103668,60.002134935061136,9,147.0,Gurobi Status: 9
F20,P20_15,2,700000,750000,2342,700096.0,702438.0,2438.0,Scheduled - Deadline Met,Yes,Yes,3600.128096103668,60.002134935061136,9,147.0,Gurobi Status: 9
F20,P20_16,8,750000,800000,2342,781930.0,784272.0,34272.0,Scheduled - Deadline Met,Yes,Yes,3600.128096103668,60.002134935061136,9,147.0,Gurobi Status: 9
F20,P20_17,2,800000,850000,2342,800000.0,802342.0,2342.0,Scheduled - Deadline Met,Yes,Yes,3600.128096103668,60.002134935061136,9,147.0,Gurobi Status: 9
F20,P20_18,2,850000,900000,2342,859798.0,862140.0,12140.0,Scheduled - Deadline Met,Yes,Yes,3600.128096103668,60.002134935061136,9,147.0,Gurobi Status: 9
F20,P20_19,8,900000,950000,2342,,,,Optional Packets- Not Scheduled,No,N/A,3600.128096103668,60.002134935061136,9,147.0,Gurobi Status: 9
F20,P20_20,2,950000,1000000,2342,972990.0,975332.0,25332.0,Scheduled - Deadline Met,Yes,Yes,3600.128096103668,60.002134935061136,9,147.0,Gurobi Status: 9
F20,P20_21,2,1000000,1050000,2342,1000815.0,1003157.0,3157.0,Scheduled - Deadline Met,Yes,Yes,3600.128096103668,60.002134935061136,9,147.0,Gurobi Status: 9
F20,P20_22,8,1050000,1100000,2342,1096436.0,1098778.0,48778.0,Scheduled - Deadline Met,Yes,Yes,3600.128096103668,60.002134935061136,9,147.0,Gurobi Status: 9
F20,P20_23,2,1100000,1150000,2342,1110679.0,1113021.0,13021.0,Scheduled - Deadline Met,Yes,Yes,3600.128096103668,60.002134935061136,9,147.0,Gurobi Status: 9
F20,P20_24,2,1150000,1200000,2342,1179933.0,1182275.0,32275.0,Scheduled - Deadline Met,Yes,Yes,3600.128096103668,60.002134935061136,9,147.0,Gurobi Status: 9
F20,P20_25,8,1200000,1250000,2342,1200815.0,1203157.0,3157.0,Scheduled - Deadline Met,Yes,Yes,3600.128096103668,60.002134935061136,9,147.0,Gurobi Status: 9
F20,P20_26,2,1250000,1300000,2342,1277483.0,1279825.0,29825.0,Scheduled - Deadline Met,Yes,Yes,3600.128096103668,60.002134935061136,9,147.0,Gurobi Status: 9
F20,P20_27,2,1300000,1350000,2342,1317802.0,1320144.0,20144.0,Scheduled - Deadline Met,Yes,Yes,3600.128096103668,60.002134935061136,9,147.0,Gurobi Status: 9
F20,P20_28,8,1350000,1400000,2342,1353000.0,1355342.0,5342.0,Scheduled - Deadline Met,Yes,Yes,3600.128096103668,60.002134935061136,9,147.0,Gurobi Status: 9
F20,P20_29,2,1400000,1450000,2342,1400000.0,1402342.0,2342.0,Scheduled - Deadline Met,Yes,Yes,3600.128096103668,60.002134935061136,9,147.0,Gurobi Status: 9
F20,P20_30,2,1450000,1500000,2342,1467769.0,1470111.0,20111.0,Scheduled - Deadline Met,Yes,Yes,3600.128096103668,60.002134935061136,9,147.0,Gurobi Status: 9
F20,P20_31,8,1500000,1550000,2342,1531137.0,1533479.0,33479.0,Scheduled - Deadline Met,Yes,Yes,3600.128096103668,60.002134935061136,9,147.0,Gurobi Status: 9
F20,P20_32,2,1550000,1600000,2342,1555049.0,1557391.0,7391.0,Scheduled - Deadline Met,Yes,Yes,3600.128096103668,60.002134935061136,9,147.0,Gurobi Status: 9
F20,P20_33,2,1600000,1650000,2342,1600000.0,1602342.0,2342.0,Scheduled - Deadline Met,Yes,Yes,3600.128096103668,60.002134935061136,9,147.0,Gurobi Status: 9
F20,P20_34,8,1650000,1700000,2342,,,,Optional Packets- Not Scheduled,No,N/A,3600.128096103668,60.002134935061136,9,147.0,Gurobi Status: 9
F20,P20_35,2,1700000,1750000,2342,1711587.0,1713929.0,13929.0,Scheduled - Deadline Met,Yes,Yes,3600.128096103668,60.002134935061136,9,147.0,Gurobi Status: 9
F20,P20_36,2,1750000,1800000,2342,1774228.0,1776570.0,26570.0,Scheduled - Deadline Met,Yes,Yes,3600.128096103668,60.002134935061136,9,147.0,Gurobi Status: 9
F20,P20_37,8,1800000,1850000,2342,,,,Optional Packets- Not Scheduled,No,N/A,3600.128096103668,60.002134935061136,9,147.0,Gurobi Status: 9
F20,P20_38,2,1850000,1900000,2342,1892301.0,1894643.0,44643.0,Scheduled - Deadline Met,Yes,Yes,3600.128096103668,60.002134935061136,9,147.0,Gurobi Status: 9
F20,P20_39,2,1900000,1950000,2342,1900000.0,1902342.0,2342.0,Scheduled - Deadline Met,Yes,Yes,3600.128096103668,60.002134935061136,9,147.0,Gurobi Status: 9
F20,P20_40,8,1950000,2000000,2342,1955378.0,1957720.0,7720.0,Scheduled - Deadline Met,Yes,Yes,3600.128096103668,60.002134935061136,9,147.0,Gurobi Status: 9
F20,P20_41,2,2000000,2050000,2342,2006984.0,2009326.0,9326.0,Scheduled - Deadline Met,Yes,Yes,3600.128096103668,60.002134935061136,9,147.0,Gurobi Status: 9
F20,P20_42,2,2050000,2100000,2342,2081466.0,2083808.0,33808.0,Scheduled - Deadline Met,Yes,Yes,3600.128096103668,60.002134935061136,9,147.0,Gurobi Status: 9
F20,P20_43,8,2100000,2150000,2342,2100096.0,2102438.0,2438.0,Scheduled - Deadline Met,Yes,Yes,3600.128096103668,60.002134935061136,9,147.0,Gurobi Status: 9
F20,P20_44,2,2150000,2200000,2342,2165694.0,2168036.0,18036.0,Scheduled - Deadline Met,Yes,Yes,3600.128096103668,60.002134935061136,9,147.0,Gurobi Status: 9
F20,P20_45,2,2200000,2250000,2342,2200815.0,2203157.0,3157.0,Scheduled - Deadline Met,Yes,Yes,3600.128096103668,60.002134935061136,9,147.0,Gurobi Status: 9
F20,P20_46,8,2250000,2300000,2342,2266783.0,2269125.0,19125.0,Scheduled - Deadline Met,Yes,Yes,3600.128096103668,60.002134935061136,9,147.0,Gurobi Status: 9
F20,P20_47,2,2300000,2350000,2342,2300096.0,2302438.0,2438.0,Scheduled - Deadline Met,Yes,Yes,3600.128096103668,60.002134935061136,9,147.0,Gurobi Status: 9
F20,P20_48,2,2350000,2400000,2342,2355864.0,2358206.0,8206.0,Scheduled - Deadline Met,Yes,Yes,3600.128096103668,60.002134935061136,9,147.0,Gurobi Status: 9
F21,P21_1,7,0,400000,1154,330099.0,331253.0,331253.0,Scheduled - Deadline Met,Yes,Yes,3600.128096103668,60.002134935061136,9,147.0,Gurobi Status: 9
F21,P21_2,8,400000,800000,1154,494430.0,495584.0,95584.0,Scheduled - Deadline Met,Yes,Yes,3600.128096103668,60.002134935061136,9,147.0,Gurobi Status: 9
F21,P21_3,7,800000,1200000,1154,1178683.0,1179837.0,379837.0,Scheduled - Deadline Met,Yes,Yes,3600.128096103668,60.002134935061136,9,147.0,Gurobi Status: 9
F21,P21_4,7,1200000,1600000,1154,1415697.0,1416851.0,216851.0,Scheduled - Deadline Met,Yes,Yes,3600.128096103668,60.002134935061136,9,147.0,Gurobi Status: 9
F21,P21_5,8,1600000,2000000,1154,,,,Optional Packets- Not Scheduled,No,N/A,3600.128096103668,60.002134935061136,9,147.0,Gurobi Status: 9
F21,P21_6,7,2000000,2400000,1154,2183816.0,2184970.0,184970.0,Scheduled - Deadline Met,Yes,Yes,3600.128096103668,60.002134935061136,9,147.0,Gurobi Status: 9
F22,P22_1,2,0,200000,6282,58289.0,64571.0,64571.0,Scheduled - Deadline Met,Yes,Yes,3600.128096103668,60.002134935061136,9,147.0,Gurobi Status: 9
F22,P22_2,2,200000,400000,6282,281131.0,287413.0,87413.0,Scheduled - Deadline Met,Yes,Yes,3600.128096103668,60.002134935061136,9,147.0,Gurobi Status: 9
F22,P22_3,8,400000,600000,6282,,,,Optional Packets- Not Scheduled,No,N/A,3600.128096103668,60.002134935061136,9,147.0,Gurobi Status: 9
F22,P22_4,2,600000,800000,6282,640653.0,646935.0,46935.0,Scheduled - Deadline Met,Yes,Yes,3600.128096103668,60.002134935061136,9,147.0,Gurobi Status: 9
F22,P22_5,2,800000,1000000,6282,835280.0,841562.0,41562.0,Scheduled - Deadline Met,Yes,Yes,3600.128096103668,60.002134935061136,9,147.0,Gurobi Status: 9
F22,P22_6,8,1000000,1200000,6282,,,,Optional Packets- Not Scheduled,No,N/A,3600.128096103668,60.002134935061136,9,147.0,Gurobi Status: 9
F22,P22_7,2,1200000,1400000,6282,1267948.0,1274230.0,74230.0,Scheduled - Deadline Met,Yes,Yes,3600.128096103668,60.002134935061136,9,147.0,Gurobi Status: 9
F22,P22_8,2,1400000,1600000,6282,1461391.0,1467673.0,67673.0,Scheduled - Deadline Met,Yes,Yes,3600.128096103668,60.002134935061136,9,147.0,Gurobi Status: 9
F22,P22_9,8,1600000,1800000,6282,,,,Optional Packets- Not Scheduled,No,N/A,3600.128096103668,60.002134935061136,9,147.0,Gurobi Status: 9
F22,P22_10,2,1800000,2000000,6282,1848334.0,1854616.0,54616.0,Scheduled - Deadline Met,Yes,Yes,3600.128096103668,60.002134935061136,9,147.0,Gurobi Status: 9
F22,P22_11,2,2000000,2200000,6282,2065309.0,2071591.0,71591.0,Scheduled - Deadline Met,Yes,Yes,3600.128096103668,60.002134935061136,9,147.0,Gurobi Status: 9
F22,P22_12,8,2200000,2400000,6282,2255589.0,2261871.0,61871.0,Scheduled - Deadline Met,Yes,Yes,3600.128096103668,60.002134935061136,9,147.0,Gurobi Status: 9
F23,P23_1,8,0,400000,10391,20176.0,30567.0,30567.0,Scheduled - Deadline Met,Yes,Yes,3600.128096103668,60.002134935061136,9,147.0,Gurobi Status: 9
F23,P23_2,4,400000,800000,10391,711426.0,721817.0,321817.0,Scheduled - Deadline Met,Yes,Yes,3600.128096103668,60.002134935061136,9,147.0,Gurobi Status: 9
F23,P23_3,4,800000,1200000,10391,1115270.0,1125661.0,325661.0,Scheduled - Deadline Met,Yes,Yes,3600.128096103668,60.002134935061136,9,147.0,Gurobi Status: 9
F23,P23_4,8,1200000,1600000,10391,,,,Optional Packets- Not Scheduled,No,N/A,3600.128096103668,60.002134935061136,9,147.0,Gurobi Status: 9
F23,P23_5,4,1600000,2000000,10391,1746477.0,1756868.0,156868.0,Scheduled - Deadline Met,Yes,Yes,3600.128096103668,60.002134935061136,9,147.0,Gurobi Status: 9
F23,P23_6,4,2000000,2400000,10391,2054822.0,2065213.0,65213.0,Scheduled - Deadline Met,Yes,Yes,3600.128096103668,60.002134935061136,9,147.0,Gurobi Status: 9
F24,P24_1,8,0,400000,5807,,,,Optional Packets- Not Scheduled,No,N/A,3600.128096103668,60.002134935061136,9,147.0,Gurobi Status: 9
F24,P24_2,2,400000,800000,5807,467505.0,473312.0,73312.0,Scheduled - Deadline Met,Yes,Yes,3600.128096103668,60.002134935061136,9,147.0,Gurobi Status: 9
F24,P24_3,2,800000,1200000,5807,851592.0,857399.0,57399.0,Scheduled - Deadline Met,Yes,Yes,3600.128096103668,60.002134935061136,9,147.0,Gurobi Status: 9
F24,P24_4,8,1200000,1600000,5807,1285182.0,1290989.0,90989.0,Scheduled - Deadline Met,Yes,Yes,3600.128096103668,60.002134935061136,9,147.0,Gurobi Status: 9
F24,P24_5,2,1600000,2000000,5807,1646558.0,1652365.0,52365.0,Scheduled - Deadline Met,Yes,Yes,3600.128096103668,60.002134935061136,9,147.0,Gurobi Status: 9
F24,P24_6,2,2000000,2400000,5807,2073979.0,2079786.0,79786.0,Scheduled - Deadline Met,Yes,Yes,3600.128096103668,60.002134935061136,9,147.0,Gurobi Status: 9
F25,P25_1,8,0,400000,3631,85245.0,88876.0,88876.0,Scheduled - Deadline Met,Yes,Yes,3600.128096103668,60.002134935061136,9,147.0,Gurobi Status: 9
F25,P25_2,6,400000,800000,3631,473408.0,477039.0,77039.0,Scheduled - Deadline Met,Yes,Yes,3600.128096103668,60.002134935061136,9,147.0,Gurobi Status: 9
F25,P25_3,8,800000,1200000,3631,880506.0,884137.0,84137.0,Scheduled - Deadline Met,Yes,Yes,3600.128096103668,60.002134935061136,9,147.0,Gurobi Status: 9
F25,P25_4,6,1200000,1600000,3631,1248392.0,1252023.0,52023.0,Scheduled - Deadline Met,Yes,Yes,3600.128096103668,60.002134935061136,9,147.0,Gurobi Status: 9
F25,P25_5,8,1600000,2000000,3631,,,,Optional Packets- Not Scheduled,No,N/A,3600.128096103668,60.002134935061136,9,147.0,Gurobi Status: 9
F25,P25_6,6,2000000,2400000,3631,2114339.0,2117970.0,117970.0,Scheduled - Deadline Met,Yes,Yes,3600.128096103668,60.002134935061136,9,147.0,Gurobi Status: 9
F26,P26_1,8,0,200000,2355,,,,Optional Packets- Not Scheduled,No,N/A,3600.128096103668,60.002134935061136,9,147.0,Gurobi Status: 9
F26,P26_2,6,200000,400000,2355,331349.0,333704.0,133704.0,Scheduled - Deadline Met,Yes,Yes,3600.128096103668,60.002134935061136,9,147.0,Gurobi Status: 9
F26,P26_3,8,400000,600000,2355,,,,Optional Packets- Not Scheduled,No,N/A,3600.128096103668,60.002134935061136,9,147.0,Gurobi Status: 9
F26,P26_4,6,600000,800000,2355,727539.0,729894.0,129894.0,Scheduled - Deadline Met,Yes,Yes,3600.128096103668,60.002134935061136,9,147.0,Gurobi Status: 9
F26,P26_5,8,800000,1000000,2355,,,,Optional Packets- Not Scheduled,No,N/A,3600.128096103668,60.002134935061136,9,147.0,Gurobi Status: 9
F26,P26_6,6,1000000,1200000,2355,1182371.0,1184726.0,184726.0,Scheduled - Deadline Met,Yes,Yes,3600.128096103668,60.002134935061136,9,147.0,Gurobi Status: 9
F26,P26_7,8,1200000,1400000,2355,,,,Optional Packets- Not Scheduled,No,N/A,3600.128096103668,60.002134935061136,9,147.0,Gurobi Status: 9
F26,P26_8,6,1400000,1600000,2355,1458317.0,1460672.0,60672.0,Scheduled - Deadline Met,Yes,Yes,3600.128096103668,60.002134935061136,9,147.0,Gurobi Status: 9
F26,P26_9,8,1600000,1800000,2355,,,,Optional Packets- Not Scheduled,No,N/A,3600.128096103668,60.002134935061136,9,147.0,Gurobi Status: 9
F26,P26_10,6,1800000,2000000,2355,1826143.0,1828498.0,28498.0,Scheduled - Deadline Met,Yes,Yes,3600.128096103668,60.002134935061136,9,147.0,Gurobi Status: 9
F26,P26_11,8,2000000,2200000,2355,,,,Optional Packets- Not Scheduled,No,N/A,3600.128096103668,60.002134935061136,9,147.0,Gurobi Status: 9
F26,P26_12,6,2200000,2400000,2355,2281026.0,2283381.0,83381.0,Scheduled - Deadline Met,Yes,Yes,3600.128096103668,60.002134935061136,9,147.0,Gurobi Status: 9
F27,P27_1,8,0,50000,1013,16441.0,17454.0,17454.0,Scheduled - Deadline Met,Yes,Yes,3600.128096103668,60.002134935061136,9,147.0,Gurobi Status: 9
F27,P27_2,2,50000,100000,1013,74769.0,75782.0,25782.0,Scheduled - Deadline Met,Yes,Yes,3600.128096103668,60.002134935061136,9,147.0,Gurobi Status: 9
F27,P27_3,8,100000,150000,1013,,,,Optional Packets- Not Scheduled,No,N/A,3600.128096103668,60.002134935061136,9,147.0,Gurobi Status: 9
F27,P27_4,2,150000,200000,1013,197773.0,198786.0,48786.0,Scheduled - Deadline Met,Yes,Yes,3600.128096103668,60.002134935061136,9,147.0,Gurobi Status: 9
F27,P27_5,8,200000,250000,1013,214876.0,215889.0,15889.0,Scheduled - Deadline Met,Yes,Yes,3600.128096103668,60.002134935061136,9,147.0,Gurobi Status: 9
F27,P27_6,2,250000,300000,1013,296617.0,297630.0,47630.0,Scheduled - Deadline Met,Yes,Yes,3600.128096103668,60.002134935061136,9,147.0,Gurobi Status: 9
F27,P27_7,8,300000,350000,1013,340318.0,341331.0,41331.0,Scheduled - Deadline Met,Yes,Yes,3600.128096103668,60.002134935061136,9,147.0,Gurobi Status: 9
F27,P27_8,2,350000,400000,1013,383957.0,384970.0,34970.0,Scheduled - Deadline Met,Yes,Yes,3600.128096103668,60.002134935061136,9,147.0,Gurobi Status: 9
F27,P27_9,8,400000,450000,1013,,,,Optional Packets- Not Scheduled,No,N/A,3600.128096103668,60.002134935061136,9,147.0,Gurobi Status: 9
F27,P27_10,2,450000,500000,1013,488478.0,489491.0,39491.0,Scheduled - Deadline Met,Yes,Yes,3600.128096103668,60.002134935061136,9,147.0,Gurobi Status: 9
F27,P27_11,8,500000,550000,1013,529073.0,530086.0,30086.0,Scheduled - Deadline Met,Yes,Yes,3600.128096103668,60.002134935061136,9,147.0,Gurobi Status: 9
F27,P27_12,2,550000,600000,1013,598891.0,599904.0,49904.0,Scheduled - Deadline Met,Yes,Yes,3600.128096103668,60.002134935061136,9,147.0,Gurobi Status: 9
F27,P27_13,8,600000,650000,1013,648934.0,649947.0,49947.0,Scheduled - Deadline Met,Yes,Yes,3600.128096103668,60.002134935061136,9,147.0,Gurobi Status: 9
F27,P27_14,2,650000,700000,1013,698891.0,699904.0,49904.0,Scheduled - Deadline Met,Yes,Yes,3600.128096103668,60.002134935061136,9,147.0,Gurobi Status: 9
F27,P27_15,8,700000,750000,1013,742664.0,743677.0,43677.0,Scheduled - Deadline Met,Yes,Yes,3600.128096103668,60.002134935061136,9,147.0,Gurobi Status: 9
F27,P27_16,2,750000,800000,1013,798076.0,799089.0,49089.0,Scheduled - Deadline Met,Yes,Yes,3600.128096103668,60.002134935061136,9,147.0,Gurobi Status: 9
F27,P27_17,8,800000,850000,1013,,,,Optional Packets- Not Scheduled,No,N/A,3600.128096103668,60.002134935061136,9,147.0,Gurobi Status: 9
F27,P27_18,2,850000,900000,1013,867631.0,868644.0,18644.0,Scheduled - Deadline Met,Yes,Yes,3600.128096103668,60.002134935061136,9,147.0,Gurobi Status: 9
F27,P27_19,8,900000,950000,1013,,,,Optional Packets- Not Scheduled,No,N/A,3600.128096103668,60.002134935061136,9,147.0,Gurobi Status: 9
F27,P27_20,2,950000,1000000,1013,995728.0,996741.0,46741.0,Scheduled - Deadline Met,Yes,Yes,3600.128096103668,60.002134935061136,9,147.0,Gurobi Status: 9
F27,P27_21,8,1000000,1050000,1013,1029652.0,1030665.0,30665.0,Scheduled - Deadline Met,Yes,Yes,3600.128096103668,60.002134935061136,9,147.0,Gurobi Status: 9
F27,P27_22,2,1050000,1100000,1013,1087183.0,1088196.0,38196.0,Scheduled - Deadline Met,Yes,Yes,3600.128096103668,60.002134935061136,9,147.0,Gurobi Status: 9
F27,P27_23,8,1100000,1150000,1013,1146121.0,1147134.0,47134.0,Scheduled - Deadline Met,Yes,Yes,3600.128096103668,60.002134935061136,9,147.0,Gurobi Status: 9
F27,P27_24,2,1150000,1200000,1013,1198076.0,1199089.0,49089.0,Scheduled - Deadline Met,Yes,Yes,3600.128096103668,60.002134935061136,9,147.0,Gurobi Status: 9
F27,P27_25,8,1200000,1250000,1013,1205156.0,1206169.0,6169.0,Scheduled - Deadline Met,Yes,Yes,3600.128096103668,60.002134935061136,9,147.0,Gurobi Status: 9
F27,P27_26,2,1250000,1300000,1013,1284073.0,1285086.0,35086.0,Scheduled - Deadline Met,Yes,Yes,3600.128096103668,60.002134935061136,9,147.0,Gurobi Status: 9
F27,P27_27,8,1300000,1350000,1013,1304248.0,1305261.0,5261.0,Scheduled - Deadline Met,Yes,Yes,3600.128096103668,60.002134935061136,9,147.0,Gurobi Status: 9
F27,P27_28,2,1350000,1400000,1013,1391747.0,1392760.0,42760.0,Scheduled - Deadline Met,Yes,Yes,3600.128096103668,60.002134935061136,9,147.0,Gurobi Status: 9
F27,P27_29,8,1400000,1450000,1013,1430118.0,1431131.0,31131.0,Scheduled - Deadline Met,Yes,Yes,3600.128096103668,60.002134935061136,9,147.0,Gurobi Status: 9
F27,P27_30,2,1450000,1500000,1013,1477545.0,1478558.0,28558.0,Scheduled - Deadline Met,Yes,Yes,3600.128096103668,60.002134935061136,9,147.0,Gurobi Status: 9
F27,P27_31,8,1500000,1550000,1013,1535478.0,1536491.0,36491.0,Scheduled - Deadline Met,Yes,Yes,3600.128096103668,60.002134935061136,9,147.0,Gurobi Status: 9
F27,P27_32,2,1550000,1600000,1013,1586271.0,1587284.0,37284.0,Scheduled - Deadline Met,Yes,Yes,3600.128096103668,60.002134935061136,9,147.0,Gurobi Status: 9
F27,P27_33,8,1600000,1650000,1013,,,,Optional Packets- Not Scheduled,No,N/A,3600.128096103668,60.002134935061136,9,147.0,Gurobi Status: 9
F27,P27_34,2,1650000,1700000,1013,1668007.0,1669020.0,19020.0,Scheduled - Deadline Met,Yes,Yes,3600.128096103668,60.002134935061136,9,147.0,Gurobi Status: 9
F27,P27_35,8,1700000,1750000,1013,,,,Optional Packets- Not Scheduled,No,N/A,3600.128096103668,60.002134935061136,9,147.0,Gurobi Status: 9
F27,P27_36,2,1750000,1800000,1013,1796460.0,1797473.0,47473.0,Scheduled - Deadline Met,Yes,Yes,3600.128096103668,60.002134935061136,9,147.0,Gurobi Status: 9
F27,P27_37,8,1800000,1850000,1013,,,,Optional Packets- Not Scheduled,No,N/A,3600.128096103668,60.002134935061136,9,147.0,Gurobi Status: 9
F27,P27_38,2,1850000,1900000,1013,1898891.0,1899904.0,49904.0,Scheduled - Deadline Met,Yes,Yes,3600.128096103668,60.002134935061136,9,147.0,Gurobi Status: 9
F27,P27_39,8,1900000,1950000,1013,1928400.0,1929413.0,29413.0,Scheduled - Deadline Met,Yes,Yes,3600.128096103668,60.002134935061136,9,147.0,Gurobi Status: 9
F27,P27_40,2,1950000,2000000,1013,1998952.0,1999965.0,49965.0,Scheduled - Deadline Met,Yes,Yes,3600.128096103668,60.002134935061136,9,147.0,Gurobi Status: 9
F27,P27_41,8,2000000,2050000,1013,,,,Optional Packets- Not Scheduled,No,N/A,3600.128096103668,60.002134935061136,9,147.0,Gurobi Status: 9
F27,P27_42,2,2050000,2100000,1013,2088121.0,2089134.0,39134.0,Scheduled - Deadline Met,Yes,Yes,3600.128096103668,60.002134935061136,9,147.0,Gurobi Status: 9
F27,P27_43,8,2100000,2150000,1013,,,,Optional Packets- Not Scheduled,No,N/A,3600.128096103668,60.002134935061136,9,147.0,Gurobi Status: 9
F27,P27_44,2,2150000,2200000,1013,2182707.0,2183720.0,33720.0,Scheduled - Deadline Met,Yes,Yes,3600.128096103668,60.002134935061136,9,147.0,Gurobi Status: 9
F27,P27_45,8,2200000,2250000,1013,2242906.0,2243919.0,43919.0,Scheduled - Deadline Met,Yes,Yes,3600.128096103668,60.002134935061136,9,147.0,Gurobi Status: 9
F27,P27_46,2,2250000,2300000,1013,2298921.0,2299934.0,49934.0,Scheduled - Deadline Met,Yes,Yes,3600.128096103668,60.002134935061136,9,147.0,Gurobi Status: 9
F27,P27_47,8,2300000,2350000,1013,2329614.0,2330627.0,30627.0,Scheduled - Deadline Met,Yes,Yes,3600.128096103668,60.002134935061136,9,147.0,Gurobi Status: 9
F27,P27_48,2,2350000,2400000,1013,2362519.0,2363532.0,13532.0,Scheduled - Deadline Met,Yes,Yes,3600.128096103668,60.002134935061136,9,147.0,Gurobi Status: 9
F28,P28_1,8,0,200000,1316,18764.0,20080.0,20080.0,Scheduled - Deadline Met,Yes,Yes,3600.128096103668,60.002134935061136,9,147.0,Gurobi Status: 9
F28,P28_2,5,200000,400000,1316,292261.0,293577.0,93577.0,Scheduled - Deadline Met,Yes,Yes,3600.128096103668,60.002134935061136,9,147.0,Gurobi Status: 9
F28,P28_3,8,400000,600000,1316,,,,Optional Packets- Not Scheduled,No,N/A,3600.128096103668,60.002134935061136,9,147.0,Gurobi Status: 9
F28,P28_4,5,600000,800000,1316,614301.0,615617.0,15617.0,Scheduled - Deadline Met,Yes,Yes,3600.128096103668,60.002134935061136,9,147.0,Gurobi Status: 9
F28,P28_5,8,800000,1000000,1316,869447.0,870763.0,70763.0,Scheduled - Deadline Met,Yes,Yes,3600.128096103668,60.002134935061136,9,147.0,Gurobi Status: 9
F28,P28_6,5,1000000,1200000,1316,1078586.0,1079902.0,79902.0,Scheduled - Deadline Met,Yes,Yes,3600.128096103668,60.002134935061136,9,147.0,Gurobi Status: 9
F28,P28_7,8,1200000,1400000,1316,1219480.0,1220796.0,20796.0,Scheduled - Deadline Met,Yes,Yes,3600.128096103668,60.002134935061136,9,147.0,Gurobi Status: 9
F28,P28_8,5,1400000,1600000,1316,1416947.0,1418263.0,18263.0,Scheduled - Deadline Met,Yes,Yes,3600.128096103668,60.002134935061136,9,147.0,Gurobi Status: 9
F28,P28_9,8,1600000,1800000,1316,,,,Optional Packets- Not Scheduled,No,N/A,3600.128096103668,60.002134935061136,9,147.0,Gurobi Status: 9
F28,P28_10,5,1800000,2000000,1316,1828594.0,1829910.0,29910.0,Scheduled - Deadline Met,Yes,Yes,3600.128096103668,60.002134935061136,9,147.0,Gurobi Status: 9
F28,P28_11,8,2000000,2200000,1316,,,,Optional Packets- Not Scheduled,No,N/A,3600.128096103668,60.002134935061136,9,147.0,Gurobi Status: 9
F28,P28_12,5,2200000,2400000,1316,2237342.0,2238658.0,38658.0,Scheduled - Deadline Met,Yes,Yes,3600.128096103668,60.002134935061136,9,147.0,Gurobi Status: 9
F29,P29_1,8,0,100000,2710,,,,Optional Packets- Not Scheduled,No,N/A,3600.128096103668,60.002134935061136,9,147.0,Gurobi Status: 9
F29,P29_2,2,100000,200000,2710,144074.0,146784.0,46784.0,Scheduled - Deadline Met,Yes,Yes,3600.128096103668,60.002134935061136,9,147.0,Gurobi Status: 9
F29,P29_3,8,200000,300000,2710,224354.0,227064.0,27064.0,Scheduled - Deadline Met,Yes,Yes,3600.128096103668,60.002134935061136,9,147.0,Gurobi Status: 9
F29,P29_4,2,300000,400000,2710,374561.0,377271.0,77271.0,Scheduled - Deadline Met,Yes,Yes,3600.128096103668,60.002134935061136,9,147.0,Gurobi Status: 9
F29,P29_5,8,400000,500000,2710,,,,Optional Packets- Not Scheduled,No,N/A,3600.128096103668,60.002134935061136,9,147.0,Gurobi Status: 9
F29,P29_6,2,500000,600000,2710,555594.0,558304.0,58304.0,Scheduled - Deadline Met,Yes,Yes,3600.128096103668,60.002134935061136,9,147.0,Gurobi Status: 9
F29,P29_7,8,600000,700000,2710,657597.0,660307.0,60307.0,Scheduled - Deadline Met,Yes,Yes,3600.128096103668,60.002134935061136,9,147.0,Gurobi Status: 9
F29,P29_8,2,700000,800000,2710,772073.0,774783.0,74783.0,Scheduled - Deadline Met,Yes,Yes,3600.128096103668,60.002134935061136,9,147.0,Gurobi Status: 9
F29,P29_9,8,800000,900000,2710,,,,Optional Packets- Not Scheduled,No,N/A,3600.128096103668,60.002134935061136,9,147.0,Gurobi Status: 9
F29,P29_10,2,900000,1000000,2710,970184.0,972894.0,72894.0,Scheduled - Deadline Met,Yes,Yes,3600.128096103668,60.002134935061136,9,147.0,Gurobi Status: 9
F29,P29_11,8,1000000,1100000,2710,1038315.0,1041025.0,41025.0,Scheduled - Deadline Met,Yes,Yes,3600.128096103668,60.002134935061136,9,147.0,Gurobi Status: 9
F29,P29_12,2,1100000,1200000,2710,1175877.0,1178587.0,78587.0,Scheduled - Deadline Met,Yes,Yes,3600.128096103668,60.002134935061136,9,147.0,Gurobi Status: 9
F29,P29_13,8,1200000,1300000,2710,,,,Optional Packets- Not Scheduled,No,N/A,3600.128096103668,60.002134935061136,9,147.0,Gurobi Status: 9
F29,P29_14,2,1300000,1400000,2710,1371667.0,1374377.0,74377.0,Scheduled - Deadline Met,Yes,Yes,3600.128096103668,60.002134935061136,9,147.0,Gurobi Status: 9
F29,P29_15,8,1400000,1500000,2710,1434930.0,1437640.0,37640.0,Scheduled - Deadline Met,Yes,Yes,3600.128096103668,60.002134935061136,9,147.0,Gurobi Status: 9
F29,P29_16,2,1500000,1600000,2710,1552243.0,1554953.0,54953.0,Scheduled - Deadline Met,Yes,Yes,3600.128096103668,60.002134935061136,9,147.0,Gurobi Status: 9
F29,P29_17,8,1600000,1700000,2710,,,,Optional Packets- Not Scheduled,No,N/A,3600.128096103668,60.002134935061136,9,147.0,Gurobi Status: 9
F29,P29_18,2,1700000,1800000,2710,1756868.0,1759578.0,59578.0,Scheduled - Deadline Met,Yes,Yes,3600.128096103668,60.002134935061136,9,147.0,Gurobi Status: 9
F29,P29_19,8,1800000,1900000,2710,1871207.0,1873917.0,73917.0,Scheduled - Deadline Met,Yes,Yes,3600.128096103668,60.002134935061136,9,147.0,Gurobi Status: 9
F29,P29_20,2,1900000,2000000,2710,1947194.0,1949904.0,49904.0,Scheduled - Deadline Met,Yes,Yes,3600.128096103668,60.002134935061136,9,147.0,Gurobi Status: 9
F29,P29_21,8,2000000,2100000,2710,,,,Optional Packets- Not Scheduled,No,N/A,3600.128096103668,60.002134935061136,9,147.0,Gurobi Status: 9
F29,P29_22,2,2100000,2200000,2710,2162888.0,2165598.0,65598.0,Scheduled - Deadline Met,Yes,Yes,3600.128096103668,60.002134935061136,9,147.0,Gurobi Status: 9
F29,P29_23,8,2200000,2300000,2710,2251569.0,2254279.0,54279.0,Scheduled - Deadline Met,Yes,Yes,3600.128096103668,60.002134935061136,9,147.0,Gurobi Status: 9
F29,P29_24,2,2300000,2400000,2710,2352243.0,2354953.0,54953.0,Scheduled - Deadline Met,Yes,Yes,3600.128096103668,60.002134935061136,9,147.0,Gurobi Status: 9
F3,P3_1,8,0,400000,2527,92221.0,94748.0,94748.0,Scheduled - Deadline Met,Yes,Yes,3600.128096103668,60.002134935061136,9,147.0,Gurobi Status: 9
F3,P3_2,7,400000,800000,2527,692212.0,694739.0,294739.0,Scheduled - Deadline Met,Yes,Yes,3600.128096103668,60.002134935061136,9,147.0,Gurobi Status: 9
F3,P3_3,7,800000,1200000,2527,1169403.0,1171930.0,371930.0,Scheduled - Deadline Met,Yes,Yes,3600.128096103668,60.002134935061136,9,147.0,Gurobi Status: 9
F3,P3_4,8,1200000,1600000,2527,1294344.0,1296871.0,96871.0,Scheduled - Deadline Met,Yes,Yes,3600.128096103668,60.002134935061136,9,147.0,Gurobi Status: 9
F3,P3_5,7,1600000,2000000,2527,1797473.0,1800000.0,200000.0,Scheduled - Deadline Met,Yes,Yes,3600.128096103668,60.002134935061136,9,147.0,Gurobi Status: 9
F3,P3_6,7,2000000,2400000,2527,2119141.0,2121668.0,121668.0,Scheduled - Deadline Met,Yes,Yes,3600.128096103668,60.002134935061136,9,147.0,Gurobi Status: 9
F30,P30_1,8,0,400000,5530,75878.0,81408.0,81408.0,Scheduled - Deadline Met,Yes,Yes,3600.128096103668,60.002134935061136,9,147.0,Gurobi Status: 9
F30,P30_2,4,400000,800000,5530,721913.0,727443.0,327443.0,Scheduled - Deadline Met,Yes,Yes,3600.128096103668,60.002134935061136,9,147.0,Gurobi Status: 9
F30,P30_3,8,800000,1200000,5530,870859.0,876389.0,76389.0,Scheduled - Deadline Met,Yes,Yes,3600.128096103668,60.002134935061136,9,147.0,Gurobi Status: 9
F30,P30_4,4,1200000,1600000,5530,1378912.0,1384442.0,184442.0,Scheduled - Deadline Met,Yes,Yes,3600.128096103668,60.002134935061136,9,147.0,Gurobi Status: 9
F30,P30_5,8,1600000,2000000,5530,,,,Optional Packets- Not Scheduled,No,N/A,3600.128096103668,60.002134935061136,9,147.0,Gurobi Status: 9
F30,P30_6,4,2000000,2400000,5530,2126009.0,2131539.0,131539.0,Scheduled - Deadline Met,Yes,Yes,3600.128096103668,60.002134935061136,9,147.0,Gurobi Status: 9
F31,P31_1,8,0,200000,3121,,,,Optional Packets- Not Scheduled,No,N/A,3600.128096103668,60.002134935061136,9,147.0,Gurobi Status: 9
F31,P31_2,1,200000,400000,3121,353232.0,356353.0,156353.0,Scheduled - Deadline Met,Yes,Yes,3600.128096103668,60.002134935061136,9,147.0,Gurobi Status: 9
F31,P31_3,8,400000,600000,3121,,,,Optional Packets- Not Scheduled,No,N/A,3600.128096103668,60.002134935061136,9,147.0,Gurobi Status: 9
F31,P31_4,1,600000,800000,3121,733239.0,736360.0,136360.0,Scheduled - Deadline Met,Yes,Yes,3600.128096103668,60.002134935061136,9,147.0,Gurobi Status: 9
F31,P31_5,8,800000,1000000,3121,,,,Optional Packets- Not Scheduled,No,N/A,3600.128096103668,60.002134935061136,9,147.0,Gurobi Status: 9
F31,P31_6,1,1000000,1200000,3121,1194859.0,1197980.0,197980.0,Scheduled - Deadline Met,Yes,Yes,3600.128096103668,60.002134935061136,9,147.0,Gurobi Status: 9
F31,P31_7,8,1200000,1400000,3121,,,,Optional Packets- Not Scheduled,No,N/A,3600.128096103668,60.002134935061136,9,147.0,Gurobi Status: 9
F31,P31_8,1,1400000,1600000,3121,1472521.0,1475642.0,75642.0,Scheduled - Deadline Met,Yes,Yes,3600.128096103668,60.002134935061136,9,147.0,Gurobi Status: 9
F31,P31_9,8,1600000,1800000,3121,,,,Optional Packets- Not Scheduled,No,N/A,3600.128096103668,60.002134935061136,9,147.0,Gurobi Status: 9
F31,P31_10,1,1800000,2000000,3121,1804563.0,1807684.0,7684.0,Scheduled - Deadline Met,Yes,Yes,3600.128096103668,60.002134935061136,9,147.0,Gurobi Status: 9
F31,P31_11,8,2000000,2200000,3121,,,,Optional Packets- Not Scheduled,No,N/A,3600.128096103668,60.002134935061136,9,147.0,Gurobi Status: 9
F31,P31_12,1,2200000,2400000,3121,2225500.0,2228621.0,28621.0,Scheduled - Deadline Met,Yes,Yes,3600.128096103668,60.002134935061136,9,147.0,Gurobi Status: 9
F32,P32_1,8,0,400000,2027,94844.0,96871.0,96871.0,Scheduled - Deadline Met,Yes,Yes,3600.128096103668,60.002134935061136,9,147.0,Gurobi Status: 9
F32,P32_2,6,400000,800000,2027,477135.0,479162.0,79162.0,Scheduled - Deadline Met,Yes,Yes,3600.128096103668,60.002134935061136,9,147.0,Gurobi Status: 9
F32,P32_3,8,800000,1200000,2027,884233.0,886260.0,86260.0,Scheduled - Deadline Met,Yes,Yes,3600.128096103668,60.002134935061136,9,147.0,Gurobi Status: 9
F32,P32_4,6,1200000,1600000,2027,1323273.0,1325300.0,125300.0,Scheduled - Deadline Met,Yes,Yes,3600.128096103668,60.002134935061136,9,147.0,Gurobi Status: 9
F32,P32_5,8,1600000,2000000,2027,,,,Optional Packets- Not Scheduled,No,N/A,3600.128096103668,60.002134935061136,9,147.0,Gurobi Status: 9
F32,P32_6,6,2000000,2400000,2027,2123886.0,2125913.0,125913.0,Scheduled - Deadline Met,Yes,Yes,3600.128096103668,60.002134935061136,9,147.0,Gurobi Status: 9
F33,P33_1,2,0,200000,1477,65022.0,66499.0,66499.0,Scheduled - Deadline Met,Yes,Yes,3600.128096103668,60.002134935061136,9,147.0,Gurobi Status: 9
F33,P33_2,8,200000,400000,1477,236999.0,238476.0,38476.0,Scheduled - Deadline Met,Yes,Yes,3600.128096103668,60.002134935061136,9,147.0,Gurobi Status: 9
F33,P33_3,2,400000,600000,1477,465932.0,467409.0,67409.0,Scheduled - Deadline Met,Yes,Yes,3600.128096103668,60.002134935061136,9,147.0,Gurobi Status: 9
F33,P33_4,8,600000,800000,1477,672627.0,674104.0,74104.0,Scheduled - Deadline Met,Yes,Yes,3600.128096103668,60.002134935061136,9,147.0,Gurobi Status: 9
F33,P33_5,2,800000,1000000,1477,841658.0,843135.0,43135.0,Scheduled - Deadline Met,Yes,Yes,3600.128096103668,60.002134935061136,9,147.0,Gurobi Status: 9
F33,P33_6,8,1000000,1200000,1477,1088292.0,1089769.0,89769.0,Scheduled - Deadline Met,Yes,Yes,3600.128096103668,60.002134935061136,9,147.0,Gurobi Status: 9
F33,P33_7,2,1200000,1400000,1477,1274326.0,1275803.0,75803.0,Scheduled - Deadline Met,Yes,Yes,3600.128096103668,60.002134935061136,9,147.0,Gurobi Status: 9
F33,P33_8,8,1400000,1600000,1477,1495538.0,1497015.0,97015.0,Scheduled - Deadline Met,Yes,Yes,3600.128096103668,60.002134935061136,9,147.0,Gurobi Status: 9
F33,P33_9,2,1600000,1800000,1477,1644249.0,1645726.0,45726.0,Scheduled - Deadline Met,Yes,Yes,3600.128096103668,60.002134935061136,9,147.0,Gurobi Status: 9
F33,P33_10,8,1800000,2000000,1477,1875227.0,1876704.0,76704.0,Scheduled - Deadline Met,Yes,Yes,3600.128096103668,60.002134935061136,9,147.0,Gurobi Status: 9
F33,P33_11,2,2000000,2200000,1477,2072406.0,2073883.0,73883.0,Scheduled - Deadline Met,Yes,Yes,3600.128096103668,60.002134935061136,9,147.0,Gurobi Status: 9
F33,P33_12,8,2200000,2400000,1477,2261967.0,2263444.0,63444.0,Scheduled - Deadline Met,Yes,Yes,3600.128096103668,60.002134935061136,9,147.0,Gurobi Status: 9
F34,P34_1,8,0,400000,3153,88972.0,92125.0,92125.0,Scheduled - Deadline Met,Yes,Yes,3600.128096103668,60.002134935061136,9,147.0,Gurobi Status: 9
F34,P34_2,4,400000,800000,3153,729990.0,733143.0,333143.0,Scheduled - Deadline Met,Yes,Yes,3600.128096103668,60.002134935061136,9,147.0,Gurobi Status: 9
F34,P34_3,8,800000,1200000,3153,,,,Optional Packets- Not Scheduled,No,N/A,3600.128096103668,60.002134935061136,9,147.0,Gurobi Status: 9
F34,P34_4,4,1200000,1600000,3153,1388594.0,1391747.0,191747.0,Scheduled - Deadline Met,Yes,Yes,3600.128096103668,60.002134935061136,9,147.0,Gurobi Status: 9
F34,P34_5,8,1600000,2000000,3153,,,,Optional Packets- Not Scheduled,No,N/A,3600.128096103668,60.002134935061136,9,147.0,Gurobi Status: 9
F34,P34_6,4,2000000,2400000,3153,2143791.0,2146944.0,146944.0,Scheduled - Deadline Met,Yes,Yes,3600.128096103668,60.002134935061136,9,147.0,Gurobi Status: 9
F35,P35_1,5,0,400000,8265,119943.0,128208.0,128208.0,Scheduled - Deadline Met,Yes,Yes,3600.128096103668,60.002134935061136,9,147.0,Gurobi Status: 9
F35,P35_2,8,400000,800000,8265,,,,Optional Packets- Not Scheduled,No,N/A,3600.128096103668,60.002134935061136,9,147.0,Gurobi Status: 9
F35,P35_3,5,800000,1200000,8265,843231.0,851496.0,51496.0,Scheduled - Deadline Met,Yes,Yes,3600.128096103668,60.002134935061136,9,147.0,Gurobi Status: 9
F35,P35_4,8,1200000,1600000,8265,,,,Optional Packets- Not Scheduled,No,N/A,3600.128096103668,60.002134935061136,9,147.0,Gurobi Status: 9
F35,P35_5,5,1600000,2000000,8265,1654775.0,1663040.0,63040.0,Scheduled - Deadline Met,Yes,Yes,3600.128096103668,60.002134935061136,9,147.0,Gurobi Status: 9
F35,P35_6,8,2000000,2400000,8265,,,,Optional Packets- Not Scheduled,No,N/A,3600.128096103668,60.002134935061136,9,147.0,Gurobi Status: 9
F36,P36_1,8,0,100000,1118,17550.0,18668.0,18668.0,Scheduled - Deadline Met,Yes,Yes,3600.128096103668,60.002134935061136,9,147.0,Gurobi Status: 9
F36,P36_2,3,100000,200000,1118,198882.0,200000.0,100000.0,Scheduled - Deadline Met,Yes,Yes,3600.128096103668,60.002134935061136,9,147.0,Gurobi Status: 9
F36,P36_3,8,200000,300000,1118,227160.0,228278.0,28278.0,Scheduled - Deadline Met,Yes,Yes,3600.128096103668,60.002134935061136,9,147.0,Gurobi Status: 9
F36,P36_4,3,300000,400000,1118,369496.0,370614.0,70614.0,Scheduled - Deadline Met,Yes,Yes,3600.128096103668,60.002134935061136,9,147.0,Gurobi Status: 9
F36,P36_5,8,400000,500000,1118,,,,Optional Packets- Not Scheduled,No,N/A,3600.128096103668,60.002134935061136,9,147.0,Gurobi Status: 9
F36,P36_6,3,500000,600000,1118,567516.0,568634.0,68634.0,Scheduled - Deadline Met,Yes,Yes,3600.128096103668,60.002134935061136,9,147.0,Gurobi Status: 9
F36,P36_7,8,600000,700000,1118,660403.0,661521.0,61521.0,Scheduled - Deadline Met,Yes,Yes,3600.128096103668,60.002134935061136,9,147.0,Gurobi Status: 9
F36,P36_8,3,700000,800000,1118,776153.0,777271.0,77271.0,Scheduled - Deadline Met,Yes,Yes,3600.128096103668,60.002134935061136,9,147.0,Gurobi Status: 9
F36,P36_9,8,800000,900000,1118,,,,Optional Packets- Not Scheduled,No,N/A,3600.128096103668,60.002134935061136,9,147.0,Gurobi Status: 9
F36,P36_10,3,900000,1000000,1118,975428.0,976546.0,76546.0,Scheduled - Deadline Met,Yes,Yes,3600.128096103668,60.002134935061136,9,147.0,Gurobi Status: 9
F36,P36_11,8,1000000,1100000,1118,1041121.0,1042239.0,42239.0,Scheduled - Deadline Met,Yes,Yes,3600.128096103668,60.002134935061136,9,147.0,Gurobi Status: 9
F36,P36_12,3,1100000,1200000,1118,1184822.0,1185940.0,85940.0,Scheduled - Deadline Met,Yes,Yes,3600.128096103668,60.002134935061136,9,147.0,Gurobi Status: 9
F36,P36_13,8,1200000,1300000,1118,1207256.0,1208374.0,8374.0,Scheduled - Deadline Met,Yes,Yes,3600.128096103668,60.002134935061136,9,147.0,Gurobi Status: 9
F36,P36_14,3,1300000,1400000,1118,1375288.0,1376406.0,76406.0,Scheduled - Deadline Met,Yes,Yes,3600.128096103668,60.002134935061136,9,147.0,Gurobi Status: 9
F36,P36_15,8,1400000,1500000,1118,1437736.0,1438854.0,38854.0,Scheduled - Deadline Met,Yes,Yes,3600.128096103668,60.002134935061136,9,147.0,Gurobi Status: 9
F36,P36_16,3,1500000,1600000,1118,1520982.0,1522100.0,22100.0,Scheduled - Deadline Met,Yes,Yes,3600.128096103668,60.002134935061136,9,147.0,Gurobi Status: 9
F36,P36_17,8,1600000,1700000,1118,,,,Optional Packets- Not Scheduled,No,N/A,3600.128096103668,60.002134935061136,9,147.0,Gurobi Status: 9
F36,P36_18,3,1700000,1800000,1118,1789069.0,1790187.0,90187.0,Scheduled - Deadline Met,Yes,Yes,3600.128096103668,60.002134935061136,9,147.0,Gurobi Status: 9
F36,P36_19,8,1800000,1900000,1118,1874013.0,1875131.0,75131.0,Scheduled - Deadline Met,Yes,Yes,3600.128096103668,60.002134935061136,9,147.0,Gurobi Status: 9
F36,P36_20,3,1900000,2000000,1118,1905663.0,1906781.0,6781.0,Scheduled - Deadline Met,Yes,Yes,3600.128096103668,60.002134935061136,9,147.0,Gurobi Status: 9
F36,P36_21,8,2000000,2100000,1118,,,,Optional Packets- Not Scheduled,No,N/A,3600.128096103668,60.002134935061136,9,147.0,Gurobi Status: 9
F36,P36_22,3,2100000,2200000,1118,2138874.0,2139992.0,39992.0,Scheduled - Deadline Met,Yes,Yes,3600.128096103668,60.002134935061136,9,147.0,Gurobi Status: 9
F36,P36_23,8,2200000,2300000,1118,2254375.0,2255493.0,55493.0,Scheduled - Deadline Met,Yes,Yes,3600.128096103668,60.002134935061136,9,147.0,Gurobi Status: 9
F36,P36_24,3,2300000,2400000,1118,2304783.0,2305901.0,5901.0,Scheduled - Deadline Met,Yes,Yes,3600.128096103668,60.002134935061136,9,147.0,Gurobi Status: 9
F37,P37_1,8,0,100000,3607,,,,Optional Packets- Not Scheduled,No,N/A,3600.128096103668,60.002134935061136,9,147.0,Gurobi Status: 9
F37,P37_2,6,100000,200000,3607,182636.0,186243.0,86243.0,Scheduled - Deadline Met,Yes,Yes,3600.128096103668,60.002134935061136,9,147.0,Gurobi Status: 9
F37,P37_3,8,200000,300000,3607,220651.0,224258.0,24258.0,Scheduled - Deadline Met,Yes,Yes,3600.128096103668,60.002134935061136,9,147.0,Gurobi Status: 9
F37,P37_4,6,300000,400000,3607,365793.0,369400.0,69400.0,Scheduled - Deadline Met,Yes,Yes,3600.128096103668,60.002134935061136,9,147.0,Gurobi Status: 9
F37,P37_5,8,400000,500000,3607,,,,Optional Packets- Not Scheduled,No,N/A,3600.128096103668,60.002134935061136,9,147.0,Gurobi Status: 9
F37,P37_6,6,500000,600000,3607,517389.0,520996.0,20996.0,Scheduled - Deadline Met,Yes,Yes,3600.128096103668,60.002134935061136,9,147.0,Gurobi Status: 9
F37,P37_7,8,600000,700000,3607,653894.0,657501.0,57501.0,Scheduled - Deadline Met,Yes,Yes,3600.128096103668,60.002134935061136,9,147.0,Gurobi Status: 9
F37,P37_8,6,700000,800000,3607,755578.0,759185.0,59185.0,Scheduled - Deadline Met,Yes,Yes,3600.128096103668,60.002134935061136,9,147.0,Gurobi Status: 9
F37,P37_9,8,800000,900000,3607,,,,Optional Packets- Not Scheduled,No,N/A,3600.128096103668,60.002134935061136,9,147.0,Gurobi Status: 9
F37,P37_10,6,900000,1000000,3607,958985.0,962592.0,62592.0,Scheduled - Deadline Met,Yes,Yes,3600.128096103668,60.002134935061136,9,147.0,Gurobi Status: 9
F37,P37_11,8,1000000,1100000,3607,1034612.0,1038219.0,38219.0,Scheduled - Deadline Met,Yes,Yes,3600.128096103668,60.002134935061136,9,147.0,Gurobi Status: 9
F37,P37_12,6,1100000,1200000,3607,1191156.0,1194763.0,94763.0,Scheduled - Deadline Met,Yes,Yes,3600.128096103668,60.002134935061136,9,147.0,Gurobi Status: 9
F37,P37_13,8,1200000,1300000,3607,,,,Optional Packets- Not Scheduled,No,N/A,3600.128096103668,60.002134935061136,9,147.0,Gurobi Status: 9
F37,P37_14,6,1300000,1400000,3607,1336555.0,1340162.0,40162.0,Scheduled - Deadline Met,Yes,Yes,3600.128096103668,60.002134935061136,9,147.0,Gurobi Status: 9
F37,P37_15,8,1400000,1500000,3607,1431227.0,1434834.0,34834.0,Scheduled - Deadline Met,Yes,Yes,3600.128096103668,60.002134935061136,9,147.0,Gurobi Status: 9
F37,P37_16,6,1500000,1600000,3607,1517279.0,1520886.0,20886.0,Scheduled - Deadline Met,Yes,Yes,3600.128096103668,60.002134935061136,9,147.0,Gurobi Status: 9
F37,P37_17,8,1600000,1700000,3607,,,,Optional Packets- Not Scheduled,No,N/A,3600.128096103668,60.002134935061136,9,147.0,Gurobi Status: 9
F37,P37_18,6,1700000,1800000,3607,1759674.0,1763281.0,63281.0,Scheduled - Deadline Met,Yes,Yes,3600.128096103668,60.002134935061136,9,147.0,Gurobi Status: 9
F37,P37_19,8,1800000,1900000,3607,1867504.0,1871111.0,71111.0,Scheduled - Deadline Met,Yes,Yes,3600.128096103668,60.002134935061136,9,147.0,Gurobi Status: 9
F37,P37_20,6,1900000,2000000,3607,1906877.0,1910484.0,10484.0,Scheduled - Deadline Met,Yes,Yes,3600.128096103668,60.002134935061136,9,147.0,Gurobi Status: 9
F37,P37_21,8,2000000,2100000,3607,,,,Optional Packets- Not Scheduled,No,N/A,3600.128096103668,60.002134935061136,9,147.0,Gurobi Status: 9
F37,P37_22,6,2100000,2200000,3607,2140088.0,2143695.0,43695.0,Scheduled - Deadline Met,Yes,Yes,3600.128096103668,60.002134935061136,9,147.0,Gurobi Status: 9
F37,P37_23,8,2200000,2300000,3607,2247866.0,2251473.0,51473.0,Scheduled - Deadline Met,Yes,Yes,3600.128096103668,60.002134935061136,9,147.0,Gurobi Status: 9
F37,P37_24,6,2300000,2400000,3607,2321694.0,2325301.0,25301.0,Scheduled - Deadline Met,Yes,Yes,3600.128096103668,60.002134935061136,9,147.0,Gurobi Status: 9
F38,P38_1,4,0,400000,8382,202342.0,210724.0,210724.0,Scheduled - Deadline Met,Yes,Yes,3600.128096103668,60.002134935061136,9,147.0,Gurobi Status: 9
F38,P38_2,8,400000,800000,8382,,,,Optional Packets- Not Scheduled,No,N/A,3600.128096103668,60.002134935061136,9,147.0,Gurobi Status: 9
F38,P38_3,4,800000,1200000,8382,1159850.0,1168232.0,368232.0,Scheduled - Deadline Met,Yes,Yes,3600.128096103668,60.002134935061136,9,147.0,Gurobi Status: 9
F38,P38_4,8,1200000,1600000,8382,,,,Optional Packets- Not Scheduled,No,N/A,3600.128096103668,60.002134935061136,9,147.0,Gurobi Status: 9
F38,P38_5,4,1600000,2000000,8382,1780687.0,1789069.0,189069.0,Scheduled - Deadline Met,Yes,Yes,3600.128096103668,60.002134935061136,9,147.0,Gurobi Status: 9
F38,P38_6,8,2000000,2400000,8382,,,,Optional Packets- Not Scheduled,No,N/A,3600.128096103668,60.002134935061136,9,147.0,Gurobi Status: 9
F39,P39_1,8,0,200000,8827,,,,Optional Packets- Not Scheduled,No,N/A,3600.128096103668,60.002134935061136,9,147.0,Gurobi Status: 9
F39,P39_2,2,200000,400000,8827,261387.0,270214.0,70214.0,Scheduled - Deadline Met,Yes,Yes,3600.128096103668,60.002134935061136,9,147.0,Gurobi Status: 9
F39,P39_3,8,400000,600000,8827,,,,Optional Packets- Not Scheduled,No,N/A,3600.128096103668,60.002134935061136,9,147.0,Gurobi Status: 9
F39,P39_4,2,600000,800000,8827,605378.0,614205.0,14205.0,Scheduled - Deadline Met,Yes,Yes,3600.128096103668,60.002134935061136,9,147.0,Gurobi Status: 9
F39,P39_5,8,800000,1000000,8827,,,,Optional Packets- Not Scheduled,No,N/A,3600.128096103668,60.002134935061136,9,147.0,Gurobi Status: 9
F39,P39_6,2,1000000,1200000,8827,1016577.0,1025404.0,25404.0,Scheduled - Deadline Met,Yes,Yes,3600.128096103668,60.002134935061136,9,147.0,Gurobi Status: 9
F39,P39_7,8,1200000,1400000,8827,,,,Optional Packets- Not Scheduled,No,N/A,3600.128096103668,60.002134935061136,9,147.0,Gurobi Status: 9
F39,P39_8,2,1400000,1600000,8827,1419592.0,1428419.0,28419.0,Scheduled - Deadline Met,Yes,Yes,3600.128096103668,60.002134935061136,9,147.0,Gurobi Status: 9
F39,P39_9,8,1600000,1800000,8827,,,,Optional Packets- Not Scheduled,No,N/A,3600.128096103668,60.002134935061136,9,147.0,Gurobi Status: 9
F39,P39_10,2,1800000,2000000,8827,1807780.0,1816607.0,16607.0,Scheduled - Deadline Met,Yes,Yes,3600.128096103668,60.002134935061136,9,147.0,Gurobi Status: 9
F39,P39_11,8,2000000,2200000,8827,,,,Optional Packets- Not Scheduled,No,N/A,3600.128096103668,60.002134935061136,9,147.0,Gurobi Status: 9
F39,P39_12,2,2200000,2400000,8827,2216577.0,2225404.0,25404.0,Scheduled - Deadline Met,Yes,Yes,3600.128096103668,60.002134935061136,9,147.0,Gurobi Status: 9
F4,P4_1,1,0,400000,979,298541.0,299520.0,299520.0,Scheduled - Deadline Met,Yes,Yes,3600.128096103668,60.002134935061136,9,147.0,Gurobi Status: 9
F4,P4_2,8,400000,800000,979,495680.0,496659.0,96659.0,Scheduled - Deadline Met,Yes,Yes,3600.128096103668,60.002134935061136,9,147.0,Gurobi Status: 9
F4,P4_3,1,800000,1200000,979,1168328.0,1169307.0,369307.0,Scheduled - Deadline Met,Yes,Yes,3600.128096103668,60.002134935061136,9,147.0,Gurobi Status: 9
F4,P4_4,1,1200000,1600000,979,1392760.0,1393739.0,193739.0,Scheduled - Deadline Met,Yes,Yes,3600.128096103668,60.002134935061136,9,147.0,Gurobi Status: 9
F4,P4_5,8,1600000,2000000,979,,,,Optional Packets- Not Scheduled,No,N/A,3600.128096103668,60.002134935061136,9,147.0,Gurobi Status: 9
F4,P4_6,1,2000000,2400000,979,2118066.0,2119045.0,119045.0,Scheduled - Deadline Met,Yes,Yes,3600.128096103668,60.002134935061136,9,147.0,Gurobi Status: 9
F40,P40_1,6,0,400000,9653,146784.0,156437.0,156437.0,Scheduled - Deadline Met,Yes,Yes,3600.128096103668,60.002134935061136,9,147.0,Gurobi Status: 9
F40,P40_2,8,400000,800000,9653,,,,Optional Packets- Not Scheduled,No,N/A,3600.128096103668,60.002134935061136,9,147.0,Gurobi Status: 9
F40,P40_3,6,800000,1200000,9653,929829.0,939482.0,139482.0,Scheduled - Deadline Met,Yes,Yes,3600.128096103668,60.002134935061136,9,147.0,Gurobi Status: 9
F40,P40_4,8,1200000,1600000,9653,,,,Optional Packets- Not Scheduled,No,N/A,3600.128096103668,60.002134935061136,9,147.0,Gurobi Status: 9
F40,P40_5,6,1600000,2000000,9653,1681113.0,1690766.0,90766.0,Scheduled - Deadline Met,Yes,Yes,3600.128096103668,60.002134935061136,9,147.0,Gurobi Status: 9
F40,P40_6,8,2000000,2400000,9653,,,,Optional Packets- Not Scheduled,No,N/A,3600.128096103668,60.002134935061136,9,147.0,Gurobi Status: 9
F41,P41_1,8,0,100000,8845,,,,Optional Packets- Not Scheduled,No,N/A,3600.128096103668,60.002134935061136,9,147.0,Gurobi Status: 9
F41,P41_2,2,100000,200000,8845,129119.0,137964.0,37964.0,Scheduled - Deadline Met,Yes,Yes,3600.128096103668,60.002134935061136,9,147.0,Gurobi Status: 9
F41,P41_3,8,200000,300000,8845,,,,Optional Packets- Not Scheduled,No,N/A,3600.128096103668,60.002134935061136,9,147.0,Gurobi Status: 9
F41,P41_4,2,300000,400000,8845,356449.0,365294.0,65294.0,Scheduled - Deadline Met,Yes,Yes,3600.128096103668,60.002134935061136,9,147.0,Gurobi Status: 9
F41,P41_5,8,400000,500000,8845,,,,Optional Packets- Not Scheduled,No,N/A,3600.128096103668,60.002134935061136,9,147.0,Gurobi Status: 9
F41,P41_6,2,500000,600000,8845,542802.0,551647.0,51647.0,Scheduled - Deadline Met,Yes,Yes,3600.128096103668,60.002134935061136,9,147.0,Gurobi Status: 9
F41,P41_7,8,600000,700000,8845,,,,Optional Packets- Not Scheduled,No,N/A,3600.128096103668,60.002134935061136,9,147.0,Gurobi Status: 9
F41,P41_8,2,700000,800000,8845,759281.0,768126.0,68126.0,Scheduled - Deadline Met,Yes,Yes,3600.128096103668,60.002134935061136,9,147.0,Gurobi Status: 9
F41,P41_9,8,800000,900000,8845,,,,Optional Packets- Not Scheduled,No,N/A,3600.128096103668,60.002134935061136,9,147.0,Gurobi Status: 9
F41,P41_10,2,900000,1000000,8845,949308.0,958153.0,58153.0,Scheduled - Deadline Met,Yes,Yes,3600.128096103668,60.002134935061136,9,147.0,Gurobi Status: 9
F41,P41_11,8,1000000,1100000,8845,,,,Optional Packets- Not Scheduled,No,N/A,3600.128096103668,60.002134935061136,9,147.0,Gurobi Status: 9
F41,P41_12,2,1100000,1200000,8845,1132963.0,1141808.0,41808.0,Scheduled - Deadline Met,Yes,Yes,3600.128096103668,60.002134935061136,9,147.0,Gurobi Status: 9
F41,P41_13,8,1200000,1300000,8845,,,,Optional Packets- Not Scheduled,No,N/A,3600.128096103668,60.002134935061136,9,147.0,Gurobi Status: 9
F41,P41_14,2,1300000,1400000,8845,1327614.0,1336459.0,36459.0,Scheduled - Deadline Met,Yes,Yes,3600.128096103668,60.002134935061136,9,147.0,Gurobi Status: 9
F41,P41_15,8,1400000,1500000,8845,,,,Optional Packets- Not Scheduled,No,N/A,3600.128096103668,60.002134935061136,9,147.0,Gurobi Status: 9
F41,P41_16,2,1500000,1600000,8845,1522196.0,1531041.0,31041.0,Scheduled - Deadline Met,Yes,Yes,3600.128096103668,60.002134935061136,9,147.0,Gurobi Status: 9
F41,P41_17,8,1600000,1700000,8845,,,,Optional Packets- Not Scheduled,No,N/A,3600.128096103668,60.002134935061136,9,147.0,Gurobi Status: 9
F41,P41_18,2,1700000,1800000,8845,1719437.0,1728282.0,28282.0,Scheduled - Deadline Met,Yes,Yes,3600.128096103668,60.002134935061136,9,147.0,Gurobi Status: 9
F41,P41_19,8,1800000,1900000,8845,1854712.0,1863557.0,63557.0,Scheduled - Deadline Met,Yes,Yes,3600.128096103668,60.002134935061136,9,147.0,Gurobi Status: 9
F41,P41_20,2,1900000,2000000,8845,1915307.0,1924152.0,24152.0,Scheduled - Deadline Met,Yes,Yes,3600.128096103668,60.002134935061136,9,147.0,Gurobi Status: 9
F41,P41_21,8,2000000,2100000,8845,,,,Optional Packets- Not Scheduled,No,N/A,3600.128096103668,60.002134935061136,9,147.0,Gurobi Status: 9
F41,P41_22,2,2100000,2200000,8845,2150096.0,2158941.0,58941.0,Scheduled - Deadline Met,Yes,Yes,3600.128096103668,60.002134935061136,9,147.0,Gurobi Status: 9
F41,P41_23,8,2200000,2300000,8845,,,,Optional Packets- Not Scheduled,No,N/A,3600.128096103668,60.002134935061136,9,147.0,Gurobi Status: 9
F41,P41_24,2,2300000,2400000,8845,2305997.0,2314842.0,14842.0,Scheduled - Deadline Met,Yes,Yes,3600.128096103668,60.002134935061136,9,147.0,Gurobi Status: 9
F42,P42_1,3,0,400000,11714,156533.0,168247.0,168247.0,Scheduled - Deadline Met,Yes,Yes,3600.128096103668,60.002134935061136,9,147.0,Gurobi Status: 9
F42,P42_2,8,400000,800000,11714,,,,Optional Packets- Not Scheduled,No,N/A,3600.128096103668,60.002134935061136,9,147.0,Gurobi Status: 9
F42,P42_3,3,800000,1200000,11714,918019.0,929733.0,129733.0,Scheduled - Deadline Met,Yes,Yes,3600.128096103668,60.002134935061136,9,147.0,Gurobi Status: 9
F42,P42_4,8,1200000,1600000,11714,,,,Optional Packets- Not Scheduled,No,N/A,3600.128096103668,60.002134935061136,9,147.0,Gurobi Status: 9
F42,P42_5,3,1600000,2000000,11714,1690862.0,1702576.0,102576.0,Scheduled - Deadline Met,Yes,Yes,3600.128096103668,60.002134935061136,9,147.0,Gurobi Status: 9
F42,P42_6,8,2000000,2400000,11714,,,,Optional Packets- Not Scheduled,No,N/A,3600.128096103668,60.002134935061136,9,147.0,Gurobi Status: 9
F43,P43_1,8,0,50000,1807,,,,Optional Packets- Not Scheduled,No,N/A,3600.128096103668,60.002134935061136,9,147.0,Gurobi Status: 9
F43,P43_2,2,50000,100000,1807,72866.0,74673.0,24673.0,Scheduled - Deadline Met,Yes,Yes,3600.128096103668,60.002134935061136,9,147.0,Gurobi Status: 9
F43,P43_3,8,100000,150000,1807,,,,Optional Packets- Not Scheduled,No,N/A,3600.128096103668,60.002134935061136,9,147.0,Gurobi Status: 9
F43,P43_4,2,150000,200000,1807,186339.0,188146.0,38146.0,Scheduled - Deadline Met,Yes,Yes,3600.128096103668,60.002134935061136,9,147.0,Gurobi Status: 9
F43,P43_5,8,200000,250000,1807,212973.0,214780.0,14780.0,Scheduled - Deadline Met,Yes,Yes,3600.128096103668,60.002134935061136,9,147.0,Gurobi Status: 9
F43,P43_6,2,250000,300000,1807,293577.0,295384.0,45384.0,Scheduled - Deadline Met,Yes,Yes,3600.128096103668,60.002134935061136,9,147.0,Gurobi Status: 9
F43,P43_7,8,300000,350000,1807,338415.0,340222.0,40222.0,Scheduled - Deadline Met,Yes,Yes,3600.128096103668,60.002134935061136,9,147.0,Gurobi Status: 9
F43,P43_8,2,350000,400000,1807,382054.0,383861.0,33861.0,Scheduled - Deadline Met,Yes,Yes,3600.128096103668,60.002134935061136,9,147.0,Gurobi Status: 9
F43,P43_9,8,400000,450000,1807,,,,Optional Packets- Not Scheduled,No,N/A,3600.128096103668,60.002134935061136,9,147.0,Gurobi Status: 9
F43,P43_10,2,450000,500000,1807,486575.0,488382.0,38382.0,Scheduled - Deadline Met,Yes,Yes,3600.128096103668,60.002134935061136,9,147.0,Gurobi Status: 9
F43,P43_11,8,500000,550000,1807,527170.0,528977.0,28977.0,Scheduled - Deadline Met,Yes,Yes,3600.128096103668,60.002134935061136,9,147.0,Gurobi Status: 9
F43,P43_12,2,550000,600000,1807,582784.0,584591.0,34591.0,Scheduled - Deadline Met,Yes,Yes,3600.128096103668,60.002134935061136,9,147.0,Gurobi Status: 9
F43,P43_13,8,600000,650000,1807,647031.0,648838.0,48838.0,Scheduled - Deadline Met,Yes,Yes,3600.128096103668,60.002134935061136,9,147.0,Gurobi Status: 9
F43,P43_14,2,650000,700000,1807,696988.0,698795.0,48795.0,Scheduled - Deadline Met,Yes,Yes,3600.128096103668,60.002134935061136,9,147.0,Gurobi Status: 9
F43,P43_15,8,700000,750000,1807,740761.0,742568.0,42568.0,Scheduled - Deadline Met,Yes,Yes,3600.128096103668,60.002134935061136,9,147.0,Gurobi Status: 9
F43,P43_16,2,750000,800000,1807,796173.0,797980.0,47980.0,Scheduled - Deadline Met,Yes,Yes,3600.128096103668,60.002134935061136,9,147.0,Gurobi Status: 9
F43,P43_17,8,800000,850000,1807,,,,Optional Packets- Not Scheduled,No,N/A,3600.128096103668,60.002134935061136,9,147.0,Gurobi Status: 9
F43,P43_18,2,850000,900000,1807,865728.0,867535.0,17535.0,Scheduled - Deadline Met,Yes,Yes,3600.128096103668,60.002134935061136,9,147.0,Gurobi Status: 9
F43,P43_19,8,900000,950000,1807,,,,Optional Packets- Not Scheduled,No,N/A,3600.128096103668,60.002134935061136,9,147.0,Gurobi Status: 9
F43,P43_20,2,950000,1000000,1807,993825.0,995632.0,45632.0,Scheduled - Deadline Met,Yes,Yes,3600.128096103668,60.002134935061136,9,147.0,Gurobi Status: 9
F43,P43_21,8,1000000,1050000,1807,1027749.0,1029556.0,29556.0,Scheduled - Deadline Met,Yes,Yes,3600.128096103668,60.002134935061136,9,147.0,Gurobi Status: 9
F43,P43_22,2,1050000,1100000,1807,1085280.0,1087087.0,37087.0,Scheduled - Deadline Met,Yes,Yes,3600.128096103668,60.002134935061136,9,147.0,Gurobi Status: 9
F43,P43_23,8,1100000,1150000,1807,1144218.0,1146025.0,46025.0,Scheduled - Deadline Met,Yes,Yes,3600.128096103668,60.002134935061136,9,147.0,Gurobi Status: 9
F43,P43_24,2,1150000,1200000,1807,1189253.0,1191060.0,41060.0,Scheduled - Deadline Met,Yes,Yes,3600.128096103668,60.002134935061136,9,147.0,Gurobi Status: 9
F43,P43_25,8,1200000,1250000,1807,1203253.0,1205060.0,5060.0,Scheduled - Deadline Met,Yes,Yes,3600.128096103668,60.002134935061136,9,147.0,Gurobi Status: 9
F43,P43_26,2,1250000,1300000,1807,1282170.0,1283977.0,33977.0,Scheduled - Deadline Met,Yes,Yes,3600.128096103668,60.002134935061136,9,147.0,Gurobi Status: 9
F43,P43_27,8,1300000,1350000,1807,1302345.0,1304152.0,4152.0,Scheduled - Deadline Met,Yes,Yes,3600.128096103668,60.002134935061136,9,147.0,Gurobi Status: 9
F43,P43_28,2,1350000,1400000,1807,1386691.0,1388498.0,38498.0,Scheduled - Deadline Met,Yes,Yes,3600.128096103668,60.002134935061136,9,147.0,Gurobi Status: 9
F43,P43_29,8,1400000,1450000,1807,,,,Optional Packets- Not Scheduled,No,N/A,3600.128096103668,60.002134935061136,9,147.0,Gurobi Status: 9
F43,P43_30,2,1450000,1500000,1807,1475642.0,1477449.0,27449.0,Scheduled - Deadline Met,Yes,Yes,3600.128096103668,60.002134935061136,9,147.0,Gurobi Status: 9
F43,P43_31,8,1500000,1550000,1807,1533575.0,1535382.0,35382.0,Scheduled - Deadline Met,Yes,Yes,3600.128096103668,60.002134935061136,9,147.0,Gurobi Status: 9
F43,P43_32,2,1550000,1600000,1807,1570249.0,1572056.0,22056.0,Scheduled - Deadline Met,Yes,Yes,3600.128096103668,60.002134935061136,9,147.0,Gurobi Status: 9
F43,P43_33,8,1600000,1650000,1807,,,,Optional Packets- Not Scheduled,No,N/A,3600.128096103668,60.002134935061136,9,147.0,Gurobi Status: 9
F43,P43_34,2,1650000,1700000,1807,1666104.0,1667911.0,17911.0,Scheduled - Deadline Met,Yes,Yes,3600.128096103668,60.002134935061136,9,147.0,Gurobi Status: 9
F43,P43_35,8,1700000,1750000,1807,,,,Optional Packets- Not Scheduled,No,N/A,3600.128096103668,60.002134935061136,9,147.0,Gurobi Status: 9
F43,P43_36,2,1750000,1800000,1807,1793742.0,1795549.0,45549.0,Scheduled - Deadline Met,Yes,Yes,3600.128096103668,60.002134935061136,9,147.0,Gurobi Status: 9
F43,P43_37,8,1800000,1850000,1807,,,,Optional Packets- Not Scheduled,No,N/A,3600.128096103668,60.002134935061136,9,147.0,Gurobi Status: 9
F43,P43_38,2,1850000,1900000,1807,1896988.0,1898795.0,48795.0,Scheduled - Deadline Met,Yes,Yes,3600.128096103668,60.002134935061136,9,147.0,Gurobi Status: 9
F43,P43_39,8,1900000,1950000,1807,1926497.0,1928304.0,28304.0,Scheduled - Deadline Met,Yes,Yes,3600.128096103668,60.002134935061136,9,147.0,Gurobi Status: 9
F43,P43_40,2,1950000,2000000,1807,1971524.0,1973331.0,23331.0,Scheduled - Deadline Met,Yes,Yes,3600.128096103668,60.002134935061136,9,147.0,Gurobi Status: 9
F43,P43_41,8,2000000,2050000,1807,,,,Optional Packets- Not Scheduled,No,N/A,3600.128096103668,60.002134935061136,9,147.0,Gurobi Status: 9
F43,P43_42,2,2050000,2100000,1807,2086218.0,2088025.0,38025.0,Scheduled - Deadline Met,Yes,Yes,3600.128096103668,60.002134935061136,9,147.0,Gurobi Status: 9
F43,P43_43,8,2100000,2150000,1807,,,,Optional Packets- Not Scheduled,No,N/A,3600.128096103668,60.002134935061136,9,147.0,Gurobi Status: 9
F43,P43_44,2,2150000,2200000,1807,2180804.0,2182611.0,32611.0,Scheduled - Deadline Met,Yes,Yes,3600.128096103668,60.002134935061136,9,147.0,Gurobi Status: 9
F43,P43_45,8,2200000,2250000,1807,2241003.0,2242810.0,42810.0,Scheduled - Deadline Met,Yes,Yes,3600.128096103668,60.002134935061136,9,147.0,Gurobi Status: 9
F43,P43_46,2,2250000,2300000,1807,2297018.0,2298825.0,48825.0,Scheduled - Deadline Met,Yes,Yes,3600.128096103668,60.002134935061136,9,147.0,Gurobi Status: 9
F43,P43_47,8,2300000,2350000,1807,2327711.0,2329518.0,29518.0,Scheduled - Deadline Met,Yes,Yes,3600.128096103668,60.002134935061136,9,147.0,Gurobi Status: 9
F43,P43_48,2,2350000,2400000,1807,2360616.0,2362423.0,12423.0,Scheduled - Deadline Met,Yes,Yes,3600.128096103668,60.002134935061136,9,147.0,Gurobi Status: 9
F44,P44_1,7,0,400000,7110,317535.0,324645.0,324645.0,Scheduled - Deadline Met,Yes,Yes,3600.128096103668,60.002134935061136,9,147.0,Gurobi Status: 9
F44,P44_2,8,400000,800000,7110,,,,Optional Packets- Not Scheduled,No,N/A,3600.128096103668,60.002134935061136,9,147.0,Gurobi Status: 9
F44,P44_3,7,800000,1200000,7110,1125757.0,1132867.0,332867.0,Scheduled - Deadline Met,Yes,Yes,3600.128096103668,60.002134935061136,9,147.0,Gurobi Status: 9
F44,P44_4,8,1200000,1600000,7110,,,,Optional Packets- Not Scheduled,No,N/A,3600.128096103668,60.002134935061136,9,147.0,Gurobi Status: 9
F44,P44_5,7,1600000,2000000,7110,1767118.0,1774228.0,174228.0,Scheduled - Deadline Met,Yes,Yes,3600.128096103668,60.002134935061136,9,147.0,Gurobi Status: 9
F44,P44_6,8,2000000,2400000,7110,,,,Optional Packets- Not Scheduled,No,N/A,3600.128096103668,60.002134935061136,9,147.0,Gurobi Status: 9
F45,P45_1,6,0,400000,8915,168343.0,177258.0,177258.0,Scheduled - Deadline Met,Yes,Yes,3600.128096103668,60.002134935061136,9,147.0,Gurobi Status: 9
F45,P45_2,8,400000,800000,8915,,,,Optional Packets- Not Scheduled,No,N/A,3600.128096103668,60.002134935061136,9,147.0,Gurobi Status: 9
F45,P45_3,6,800000,1200000,8915,939578.0,948493.0,148493.0,Scheduled - Deadline Met,Yes,Yes,3600.128096103668,60.002134935061136,9,147.0,Gurobi Status: 9
F45,P45_4,8,1200000,1600000,8915,,,,Optional Packets- Not Scheduled,No,N/A,3600.128096103668,60.002134935061136,9,147.0,Gurobi Status: 9
F45,P45_5,6,1600000,2000000,8915,1702672.0,1711587.0,111587.0,Scheduled - Deadline Met,Yes,Yes,3600.128096103668,60.002134935061136,9,147.0,Gurobi Status: 9
F45,P45_6,8,2000000,2400000,8915,,,,Optional Packets- Not Scheduled,No,N/A,3600.128096103668,60.002134935061136,9,147.0,Gurobi Status: 9
F46,P46_1,1,0,400000,3163,277872.0,281035.0,281035.0,Scheduled - Deadline Met,Yes,Yes,3600.128096103668,60.002134935061136,9,147.0,Gurobi Status: 9
F46,P46_2,8,400000,800000,3163,489587.0,492750.0,92750.0,Scheduled - Deadline Met,Yes,Yes,3600.128096103668,60.002134935061136,9,147.0,Gurobi Status: 9
F46,P46_3,1,800000,1200000,3163,996837.0,1000000.0,200000.0,Scheduled - Deadline Met,Yes,Yes,3600.128096103668,60.002134935061136,9,147.0,Gurobi Status: 9
F46,P46_4,8,1200000,1600000,3163,1291085.0,1294248.0,94248.0,Scheduled - Deadline Met,Yes,Yes,3600.128096103668,60.002134935061136,9,147.0,Gurobi Status: 9
F46,P46_5,1,1600000,2000000,3163,1714025.0,1717188.0,117188.0,Scheduled - Deadline Met,Yes,Yes,3600.128096103668,60.002134935061136,9,147.0,Gurobi Status: 9
F46,P46_6,8,2000000,2400000,3163,2093251.0,2096414.0,96414.0,Scheduled - Deadline Met,Yes,Yes,3600.128096103668,60.002134935061136,9,147.0,Gurobi Status: 9
F47,P47_1,1,0,200000,640,197037.0,197677.0,197677.0,Scheduled - Deadline Met,Yes,Yes,3600.128096103668,60.002134935061136,9,147.0,Gurobi Status: 9
F47,P47_2,8,200000,400000,640,299616.0,300256.0,100256.0,Scheduled - Deadline Met,Yes,Yes,3600.128096103668,60.002134935061136,9,147.0,Gurobi Status: 9
F47,P47_3,1,400000,600000,640,516653.0,517293.0,117293.0,Scheduled - Deadline Met,Yes,Yes,3600.128096103668,60.002134935061136,9,147.0,Gurobi Status: 9
F47,P47_4,8,600000,800000,640,674200.0,674840.0,74840.0,Scheduled - Deadline Met,Yes,Yes,3600.128096103668,60.002134935061136,9,147.0,Gurobi Status: 9
F47,P47_5,1,800000,1000000,640,958249.0,958889.0,158889.0,Scheduled - Deadline Met,Yes,Yes,3600.128096103668,60.002134935061136,9,147.0,Gurobi Status: 9
F47,P47_6,8,1000000,1200000,640,1095700.0,1096340.0,96340.0,Scheduled - Deadline Met,Yes,Yes,3600.128096103668,60.002134935061136,9,147.0,Gurobi Status: 9
F47,P47_7,1,1200000,1400000,640,1317162.0,1317802.0,117802.0,Scheduled - Deadline Met,Yes,Yes,3600.128096103668,60.002134935061136,9,147.0,Gurobi Status: 9
F47,P47_8,8,1400000,1600000,640,1497111.0,1497751.0,97751.0,Scheduled - Deadline Met,Yes,Yes,3600.128096103668,60.002134935061136,9,147.0,Gurobi Status: 9
F47,P47_9,1,1600000,1800000,640,1645822.0,1646462.0,46462.0,Scheduled - Deadline Met,Yes,Yes,3600.128096103668,60.002134935061136,9,147.0,Gurobi Status: 9
F47,P47_10,8,1800000,2000000,640,1876800.0,1877440.0,77440.0,Scheduled - Deadline Met,Yes,Yes,3600.128096103668,60.002134935061136,9,147.0,Gurobi Status: 9
F47,P47_11,1,2000000,2200000,640,2000000.0,2000640.0,640.0,Scheduled - Deadline Met,Yes,Yes,3600.128096103668,60.002134935061136,9,147.0,Gurobi Status: 9
F47,P47_12,8,2200000,2400000,640,2266047.0,2266687.0,66687.0,Scheduled - Deadline Met,Yes,Yes,3600.128096103668,60.002134935061136,9,147.0,Gurobi Status: 9
F48,P48_1,8,0,100000,3755,,,,Optional Packets- Not Scheduled,No,N/A,3600.128096103668,60.002134935061136,9,147.0,Gurobi Status: 9
F48,P48_2,2,100000,200000,3755,138949.0,142704.0,42704.0,Scheduled - Deadline Met,Yes,Yes,3600.128096103668,60.002134935061136,9,147.0,Gurobi Status: 9
F48,P48_3,8,200000,300000,3755,216800.0,220555.0,20555.0,Scheduled - Deadline Met,Yes,Yes,3600.128096103668,60.002134935061136,9,147.0,Gurobi Status: 9
F48,P48_4,2,300000,400000,3755,370710.0,374465.0,74465.0,Scheduled - Deadline Met,Yes,Yes,3600.128096103668,60.002134935061136,9,147.0,Gurobi Status: 9
F48,P48_5,8,400000,500000,3755,,,,Optional Packets- Not Scheduled,No,N/A,3600.128096103668,60.002134935061136,9,147.0,Gurobi Status: 9
F48,P48_6,2,500000,600000,3755,551743.0,555498.0,55498.0,Scheduled - Deadline Met,Yes,Yes,3600.128096103668,60.002134935061136,9,147.0,Gurobi Status: 9
F48,P48_7,8,600000,700000,3755,650043.0,653798.0,53798.0,Scheduled - Deadline Met,Yes,Yes,3600.128096103668,60.002134935061136,9,147.0,Gurobi Status: 9
F48,P48_8,2,700000,800000,3755,768222.0,771977.0,71977.0,Scheduled - Deadline Met,Yes,Yes,3600.128096103668,60.002134935061136,9,147.0,Gurobi Status: 9
F48,P48_9,8,800000,900000,3755,,,,Optional Packets- Not Scheduled,No,N/A,3600.128096103668,60.002134935061136,9,147.0,Gurobi Status: 9
F48,P48_10,2,900000,1000000,3755,966333.0,970088.0,70088.0,Scheduled - Deadline Met,Yes,Yes,3600.128096103668,60.002134935061136,9,147.0,Gurobi Status: 9
F48,P48_11,8,1000000,1100000,3755,1030761.0,1034516.0,34516.0,Scheduled - Deadline Met,Yes,Yes,3600.128096103668,60.002134935061136,9,147.0,Gurobi Status: 9
F48,P48_12,2,1100000,1200000,3755,1172026.0,1175781.0,75781.0,Scheduled - Deadline Met,Yes,Yes,3600.128096103668,60.002134935061136,9,147.0,Gurobi Status: 9
F48,P48_13,8,1200000,1300000,3755,,,,Optional Packets- Not Scheduled,No,N/A,3600.128096103668,60.002134935061136,9,147.0,Gurobi Status: 9
F48,P48_14,2,1300000,1400000,3755,1340258.0,1344013.0,44013.0,Scheduled - Deadline Met,Yes,Yes,3600.128096103668,60.002134935061136,9,147.0,Gurobi Status: 9
F48,P48_15,8,1400000,1500000,3755,,,,Optional Packets- Not Scheduled,No,N/A,3600.128096103668,60.002134935061136,9,147.0,Gurobi Status: 9
F48,P48_16,2,1500000,1600000,3755,1548392.0,1552147.0,52147.0,Scheduled - Deadline Met,Yes,Yes,3600.128096103668,60.002134935061136,9,147.0,Gurobi Status: 9
F48,P48_17,8,1600000,1700000,3755,,,,Optional Packets- Not Scheduled,No,N/A,3600.128096103668,60.002134935061136,9,147.0,Gurobi Status: 9
F48,P48_18,2,1700000,1800000,3755,1742626.0,1746381.0,46381.0,Scheduled - Deadline Met,Yes,Yes,3600.128096103668,60.002134935061136,9,147.0,Gurobi Status: 9
F48,P48_19,8,1800000,1900000,3755,1863653.0,1867408.0,67408.0,Scheduled - Deadline Met,Yes,Yes,3600.128096103668,60.002134935061136,9,147.0,Gurobi Status: 9
F48,P48_20,2,1900000,2000000,3755,1943343.0,1947098.0,47098.0,Scheduled - Deadline Met,Yes,Yes,3600.128096103668,60.002134935061136,9,147.0,Gurobi Status: 9
F48,P48_21,8,2000000,2100000,3755,,,,Optional Packets- Not Scheduled,No,N/A,3600.128096103668,60.002134935061136,9,147.0,Gurobi Status: 9
F48,P48_22,2,2100000,2200000,3755,2159037.0,2162792.0,62792.0,Scheduled - Deadline Met,Yes,Yes,3600.128096103668,60.002134935061136,9,147.0,Gurobi Status: 9
F48,P48_23,8,2200000,2300000,3755,2244015.0,2247770.0,47770.0,Scheduled - Deadline Met,Yes,Yes,3600.128096103668,60.002134935061136,9,147.0,Gurobi Status: 9
F48,P48_24,2,2300000,2400000,3755,2343343.0,2347098.0,47098.0,Scheduled - Deadline Met,Yes,Yes,3600.128096103668,60.002134935061136,9,147.0,Gurobi Status: 9
F5,P5_1,2,0,50000,2218,815.0,3033.0,3033.0,Scheduled - Deadline Met,Yes,Yes,3600.128096103668,60.002134935061136,9,147.0,Gurobi Status: 9
F5,P5_2,8,50000,100000,2218,96967.0,99185.0,49185.0,Scheduled - Deadline Met,Yes,Yes,3600.128096103668,60.002134935061136,9,147.0,Gurobi Status: 9
F5,P5_3,2,100000,150000,2218,117725.0,119943.0,19943.0,Scheduled - Deadline Met,Yes,Yes,3600.128096103668,60.002134935061136,9,147.0,Gurobi Status: 9
F5,P5_4,2,150000,200000,2218,177258.0,179476.0,29476.0,Scheduled - Deadline Met,Yes,Yes,3600.128096103668,60.002134935061136,9,147.0,Gurobi Status: 9
F5,P5_5,8,200000,250000,2218,,,,Optional Packets- Not Scheduled,No,N/A,3600.128096103668,60.002134935061136,9,147.0,Gurobi Status: 9
F5,P5_6,2,250000,300000,2218,289947.0,292165.0,42165.0,Scheduled - Deadline Met,Yes,Yes,3600.128096103668,60.002134935061136,9,147.0,Gurobi Status: 9
F5,P5_7,2,300000,350000,2218,312157.0,314375.0,14375.0,Scheduled - Deadline Met,Yes,Yes,3600.128096103668,60.002134935061136,9,147.0,Gurobi Status: 9
F5,P5_8,8,350000,400000,2218,385066.0,387284.0,37284.0,Scheduled - Deadline Met,Yes,Yes,3600.128096103668,60.002134935061136,9,147.0,Gurobi Status: 9
F5,P5_9,2,400000,450000,2218,403370.0,405588.0,5588.0,Scheduled - Deadline Met,Yes,Yes,3600.128096103668,60.002134935061136,9,147.0,Gurobi Status: 9
F5,P5_10,2,450000,500000,2218,482012.0,484230.0,34230.0,Scheduled - Deadline Met,Yes,Yes,3600.128096103668,60.002134935061136,9,147.0,Gurobi Status: 9
F5,P5_11,8,500000,550000,2218,500096.0,502314.0,2314.0,Scheduled - Deadline Met,Yes,Yes,3600.128096103668,60.002134935061136,9,147.0,Gurobi Status: 9
F5,P5_12,2,550000,600000,2218,565202.0,567420.0,17420.0,Scheduled - Deadline Met,Yes,Yes,3600.128096103668,60.002134935061136,9,147.0,Gurobi Status: 9
F5,P5_13,2,600000,650000,2218,600000.0,602218.0,2218.0,Scheduled - Deadline Met,Yes,Yes,3600.128096103668,60.002134935061136,9,147.0,Gurobi Status: 9
F5,P5_14,8,650000,700000,2218,674936.0,677154.0,27154.0,Scheduled - Deadline Met,Yes,Yes,3600.128096103668,60.002134935061136,9,147.0,Gurobi Status: 9
F5,P5_15,2,700000,750000,2218,709208.0,711426.0,11426.0,Scheduled - Deadline Met,Yes,Yes,3600.128096103668,60.002134935061136,9,147.0,Gurobi Status: 9
F5,P5_16,2,750000,800000,2218,777367.0,779585.0,29585.0,Scheduled - Deadline Met,Yes,Yes,3600.128096103668,60.002134935061136,9,147.0,Gurobi Status: 9
F5,P5_17,8,800000,850000,2218,,,,Optional Packets- Not Scheduled,No,N/A,3600.128096103668,60.002134935061136,9,147.0,Gurobi Status: 9
F5,P5_18,2,850000,900000,2218,862236.0,864454.0,14454.0,Scheduled - Deadline Met,Yes,Yes,3600.128096103668,60.002134935061136,9,147.0,Gurobi Status: 9
F5,P5_19,2,900000,950000,2218,901747.0,903965.0,3965.0,Scheduled - Deadline Met,Yes,Yes,3600.128096103668,60.002134935061136,9,147.0,Gurobi Status: 9
F5,P5_20,8,950000,1000000,2218,976642.0,978860.0,28860.0,Scheduled - Deadline Met,Yes,Yes,3600.128096103668,60.002134935061136,9,147.0,Gurobi Status: 9
F5,P5_21,2,1000000,1050000,2218,1003253.0,1005471.0,5471.0,Scheduled - Deadline Met,Yes,Yes,3600.128096103668,60.002134935061136,9,147.0,Gurobi Status: 9
F5,P5_22,2,1050000,1100000,2218,1079902.0,1082120.0,32120.0,Scheduled - Deadline Met,Yes,Yes,3600.128096103668,60.002134935061136,9,147.0,Gurobi Status: 9
F5,P5_23,8,1100000,1150000,2218,1141904.0,1144122.0,44122.0,Scheduled - Deadline Met,Yes,Yes,3600.128096103668,60.002134935061136,9,147.0,Gurobi Status: 9
F5,P5_24,2,1150000,1200000,2218,1186036.0,1188254.0,38254.0,Scheduled - Deadline Met,Yes,Yes,3600.128096103668,60.002134935061136,9,147.0,Gurobi Status: 9
F5,P5_25,2,1200000,1250000,2218,1233971.0,1236189.0,36189.0,Scheduled - Deadline Met,Yes,Yes,3600.128096103668,60.002134935061136,9,147.0,Gurobi Status: 9
F5,P5_26,8,1250000,1300000,2218,1296967.0,1299185.0,49185.0,Scheduled - Deadline Met,Yes,Yes,3600.128096103668,60.002134935061136,9,147.0,Gurobi Status: 9
F5,P5_27,2,1300000,1350000,2218,1325300.0,1327518.0,27518.0,Scheduled - Deadline Met,Yes,Yes,3600.128096103668,60.002134935061136,9,147.0,Gurobi Status: 9
F5,P5_28,2,1350000,1400000,2218,1376502.0,1378720.0,28720.0,Scheduled - Deadline Met,Yes,Yes,3600.128096103668,60.002134935061136,9,147.0,Gurobi Status: 9
F5,P5_29,8,1400000,1450000,2218,,,,Optional Packets- Not Scheduled,No,N/A,3600.128096103668,60.002134935061136,9,147.0,Gurobi Status: 9
F5,P5_30,2,1450000,1500000,2218,1470207.0,1472425.0,22425.0,Scheduled - Deadline Met,Yes,Yes,3600.128096103668,60.002134935061136,9,147.0,Gurobi Status: 9
F5,P5_31,2,1500000,1550000,2218,1512716.0,1514934.0,14934.0,Scheduled - Deadline Met,Yes,Yes,3600.128096103668,60.002134935061136,9,147.0,Gurobi Status: 9
F5,P5_32,8,1550000,1600000,2218,1572152.0,1574370.0,24370.0,Scheduled - Deadline Met,Yes,Yes,3600.128096103668,60.002134935061136,9,147.0,Gurobi Status: 9
F5,P5_33,2,1600000,1650000,2218,1602438.0,1604656.0,4656.0,Scheduled - Deadline Met,Yes,Yes,3600.128096103668,60.002134935061136,9,147.0,Gurobi Status: 9
F5,P5_34,2,1650000,1700000,2218,1652461.0,1654679.0,4679.0,Scheduled - Deadline Met,Yes,Yes,3600.128096103668,60.002134935061136,9,147.0,Gurobi Status: 9
F5,P5_35,8,1700000,1750000,2218,,,,Optional Packets- Not Scheduled,No,N/A,3600.128096103668,60.002134935061136,9,147.0,Gurobi Status: 9
F5,P5_36,2,1750000,1800000,2218,1791428.0,1793646.0,43646.0,Scheduled - Deadline Met,Yes,Yes,3600.128096103668,60.002134935061136,9,147.0,Gurobi Status: 9
F5,P5_37,2,1800000,1850000,2218,1800000.0,1802218.0,2218.0,Scheduled - Deadline Met,Yes,Yes,3600.128096103668,60.002134935061136,9,147.0,Gurobi Status: 9
F5,P5_38,8,1850000,1900000,2218,1877536.0,1879754.0,29754.0,Scheduled - Deadline Met,Yes,Yes,3600.128096103668,60.002134935061136,9,147.0,Gurobi Status: 9
F5,P5_39,2,1900000,1950000,2218,1902534.0,1904752.0,4752.0,Scheduled - Deadline Met,Yes,Yes,3600.128096103668,60.002134935061136,9,147.0,Gurobi Status: 9
F5,P5_40,2,1950000,2000000,2218,1950815.0,1953033.0,3033.0,Scheduled - Deadline Met,Yes,Yes,3600.128096103668,60.002134935061136,9,147.0,Gurobi Status: 9
F5,P5_41,8,2000000,2050000,2218,,,,Optional Packets- Not Scheduled,No,N/A,3600.128096103668,60.002134935061136,9,147.0,Gurobi Status: 9
F5,P5_42,2,2050000,2100000,2218,2083904.0,2086122.0,36122.0,Scheduled - Deadline Met,Yes,Yes,3600.128096103668,60.002134935061136,9,147.0,Gurobi Status: 9
F5,P5_43,2,2100000,2150000,2218,2121668.0,2123886.0,23886.0,Scheduled - Deadline Met,Yes,Yes,3600.128096103668,60.002134935061136,9,147.0,Gurobi Status: 9
F5,P5_44,8,2150000,2200000,2218,2185066.0,2187284.0,37284.0,Scheduled - Deadline Met,Yes,Yes,3600.128096103668,60.002134935061136,9,147.0,Gurobi Status: 9
F5,P5_45,2,2200000,2250000,2218,2203253.0,2205471.0,5471.0,Scheduled - Deadline Met,Yes,Yes,3600.128096103668,60.002134935061136,9,147.0,Gurobi Status: 9
F5,P5_46,2,2250000,2300000,2218,2292455.0,2294673.0,44673.0,Scheduled - Deadline Met,Yes,Yes,3600.128096103668,60.002134935061136,9,147.0,Gurobi Status: 9
F5,P5_47,8,2300000,2350000,2218,2325397.0,2327615.0,27615.0,Scheduled - Deadline Met,Yes,Yes,3600.128096103668,60.002134935061136,9,147.0,Gurobi Status: 9
F5,P5_48,2,2350000,2400000,2218,2358302.0,2360520.0,10520.0,Scheduled - Deadline Met,Yes,Yes,3600.128096103668,60.002134935061136,9,147.0,Gurobi Status: 9
F6,P6_1,3,0,200000,1178,142800.0,143978.0,143978.0,Scheduled - Deadline Met,Yes,Yes,3600.128096103668,60.002134935061136,9,147.0,Gurobi Status: 9
F6,P6_2,3,200000,400000,1178,334703.0,335881.0,135881.0,Scheduled - Deadline Met,Yes,Yes,3600.128096103668,60.002134935061136,9,147.0,Gurobi Status: 9
F6,P6_3,8,400000,600000,1178,,,,Optional Packets- Not Scheduled,No,N/A,3600.128096103668,60.002134935061136,9,147.0,Gurobi Status: 9
F6,P6_4,3,600000,800000,1178,774879.0,776057.0,176057.0,Scheduled - Deadline Met,Yes,Yes,3600.128096103668,60.002134935061136,9,147.0,Gurobi Status: 9
F6,P6_5,3,800000,1000000,1178,864550.0,865728.0,65728.0,Scheduled - Deadline Met,Yes,Yes,3600.128096103668,60.002134935061136,9,147.0,Gurobi Status: 9
F6,P6_6,8,1000000,1200000,1178,1093193.0,1094371.0,94371.0,Scheduled - Deadline Met,Yes,Yes,3600.128096103668,60.002134935061136,9,147.0,Gurobi Status: 9
F6,P6_7,3,1200000,1400000,1178,1232697.0,1233875.0,33875.0,Scheduled - Deadline Met,Yes,Yes,3600.128096103668,60.002134935061136,9,147.0,Gurobi Status: 9
F6,P6_8,3,1400000,1600000,1178,1428515.0,1429693.0,29693.0,Scheduled - Deadline Met,Yes,Yes,3600.128096103668,60.002134935061136,9,147.0,Gurobi Status: 9
F6,P6_9,8,1600000,1800000,1178,,,,Optional Packets- Not Scheduled,No,N/A,3600.128096103668,60.002134935061136,9,147.0,Gurobi Status: 9
F6,P6_10,3,1800000,2000000,1178,1830006.0,1831184.0,31184.0,Scheduled - Deadline Met,Yes,Yes,3600.128096103668,60.002134935061136,9,147.0,Gurobi Status: 9
F6,P6_11,3,2000000,2200000,1178,2001969.0,2003147.0,3147.0,Scheduled - Deadline Met,Yes,Yes,3600.128096103668,60.002134935061136,9,147.0,Gurobi Status: 9
F6,P6_12,8,2200000,2400000,1178,2263540.0,2264718.0,64718.0,Scheduled - Deadline Met,Yes,Yes,3600.128096103668,60.002134935061136,9,147.0,Gurobi Status: 9
F7,P7_1,3,0,400000,8795,188146.0,196941.0,196941.0,Scheduled - Deadline Met,Yes,Yes,3600.128096103668,60.002134935061136,9,147.0,Gurobi Status: 9
F7,P7_2,3,400000,800000,8795,436785.0,445580.0,45580.0,Scheduled - Deadline Met,Yes,Yes,3600.128096103668,60.002134935061136,9,147.0,Gurobi Status: 9
F7,P7_3,8,800000,1200000,8795,,,,Optional Packets- Not Scheduled,No,N/A,3600.128096103668,60.002134935061136,9,147.0,Gurobi Status: 9
F7,P7_4,3,1200000,1600000,8795,1344109.0,1352904.0,152904.0,Scheduled - Deadline Met,Yes,Yes,3600.128096103668,60.002134935061136,9,147.0,Gurobi Status: 9
F7,P7_5,3,1600000,2000000,8795,1733831.0,1742626.0,142626.0,Scheduled - Deadline Met,Yes,Yes,3600.128096103668,60.002134935061136,9,147.0,Gurobi Status: 9
F7,P7_6,8,2000000,2400000,8795,,,,Optional Packets- Not Scheduled,No,N/A,3600.128096103668,60.002134935061136,9,147.0,Gurobi Status: 9
F8,P8_1,8,0,200000,10914,,,,Optional Packets- Not Scheduled,No,N/A,3600.128096103668,60.002134935061136,9,147.0,Gurobi Status: 9
F8,P8_2,2,200000,400000,10914,250377.0,261291.0,61291.0,Scheduled - Deadline Met,Yes,Yes,3600.128096103668,60.002134935061136,9,147.0,Gurobi Status: 9
F8,P8_3,2,400000,600000,10914,405684.0,416598.0,16598.0,Scheduled - Deadline Met,Yes,Yes,3600.128096103668,60.002134935061136,9,147.0,Gurobi Status: 9
F8,P8_4,8,600000,800000,10914,661617.0,672531.0,72531.0,Scheduled - Deadline Met,Yes,Yes,3600.128096103668,60.002134935061136,9,147.0,Gurobi Status: 9
F8,P8_5,2,800000,1000000,10914,804687.0,815601.0,15601.0,Scheduled - Deadline Met,Yes,Yes,3600.128096103668,60.002134935061136,9,147.0,Gurobi Status: 9
F8,P8_6,2,1000000,1200000,10914,1005567.0,1016481.0,16481.0,Scheduled - Deadline Met,Yes,Yes,3600.128096103668,60.002134935061136,9,147.0,Gurobi Status: 9
F8,P8_7,8,1200000,1400000,10914,1208470.0,1219384.0,19384.0,Scheduled - Deadline Met,Yes,Yes,3600.128096103668,60.002134935061136,9,147.0,Gurobi Status: 9
F8,P8_8,2,1400000,1600000,10914,1404687.0,1415601.0,15601.0,Scheduled - Deadline Met,Yes,Yes,3600.128096103668,60.002134935061136,9,147.0,Gurobi Status: 9
F8,P8_9,2,1600000,1800000,10914,1605567.0,1616481.0,16481.0,Scheduled - Deadline Met,Yes,Yes,3600.128096103668,60.002134935061136,9,147.0,Gurobi Status: 9
F8,P8_10,8,1800000,2000000,10914,,,,Optional Packets- Not Scheduled,No,N/A,3600.128096103668,60.002134935061136,9,147.0,Gurobi Status: 9
F8,P8_11,2,2000000,2200000,10914,2025462.0,2036376.0,36376.0,Scheduled - Deadline Met,Yes,Yes,3600.128096103668,60.002134935061136,9,147.0,Gurobi Status: 9
F8,P8_12,2,2200000,2400000,10914,2205567.0,2216481.0,16481.0,Scheduled - Deadline Met,Yes,Yes,3600.128096103668,60.002134935061136,9,147.0,Gurobi Status: 9
F9,P9_1,2,0,200000,8163,42468.0,50631.0,50631.0,Scheduled - Deadline Met,Yes,Yes,3600.128096103668,60.002134935061136,9,147.0,Gurobi Status: 9
F9,P9_2,8,200000,400000,8163,,,,Optional Packets- Not Scheduled,No,N/A,3600.128096103668,60.002134935061136,9,147.0,Gurobi Status: 9
F9,P9_3,2,400000,600000,8163,445676.0,453839.0,53839.0,Scheduled - Deadline Met,Yes,Yes,3600.128096103668,60.002134935061136,9,147.0,Gurobi Status: 9
F9,P9_4,2,600000,800000,8163,624338.0,632501.0,32501.0,Scheduled - Deadline Met,Yes,Yes,3600.128096103668,60.002134935061136,9,147.0,Gurobi Status: 9
F9,P9_5,8,800000,1000000,8163,,,,Optional Packets- Not Scheduled,No,N/A,3600.128096103668,60.002134935061136,9,147.0,Gurobi Status: 9
F9,P9_6,2,1000000,1200000,8163,1070327.0,1078490.0,78490.0,Scheduled - Deadline Met,Yes,Yes,3600.128096103668,60.002134935061136,9,147.0,Gurobi Status: 9
F9,P9_7,2,1200000,1400000,8163,1252119.0,1260282.0,60282.0,Scheduled - Deadline Met,Yes,Yes,3600.128096103668,60.002134935061136,9,147.0,Gurobi Status: 9
F9,P9_8,8,1400000,1600000,8163,1487279.0,1495442.0,95442.0,Scheduled - Deadline Met,Yes,Yes,3600.128096103668,60.002134935061136,9,147.0,Gurobi Status: 9
F9,P9_9,2,1600000,1800000,8163,1635990.0,1644153.0,44153.0,Scheduled - Deadline Met,Yes,Yes,3600.128096103668,60.002134935061136,9,147.0,Gurobi Status: 9
F9,P9_10,2,1800000,2000000,8163,1832513.0,1840676.0,40676.0,Scheduled - Deadline Met,Yes,Yes,3600.128096103668,60.002134935061136,9,147.0,Gurobi Status: 9
F9,P9_11,8,2000000,2200000,8163,,,,Optional Packets- Not Scheduled,No,N/A,3600.128096103668,60.002134935061136,9,147.0,Gurobi Status: 9
F9,P9_12,2,2200000,2400000,8163,2283477.0,2291640.0,91640.0,Scheduled - Deadline Met,Yes,Yes,3600.128096103668,60.002134935061136,9,147.0,Gurobi Status: 9
