Flow,Packet,Class,Arrival,Deadline,Execution Time,Gate Open,Gate Close,Response Time,Status,Scheduled,Deadline Met,Solver_Execution_Time_Seconds,Solver_Execution_Time_Minutes,Solver_Status,Objective_Value,Stopping_Reason
F1,P1_1,8,0,400000,1970,92517.0,94487.0,94487.0,Scheduled - Deadline Met,Yes,Yes,3600.2214527130127,60.00369087855021,9,170.0,Gurobi Status: 9
F1,P1_2,6,400000,800000,1970,538510.0,540480.0,140480.0,Scheduled - Deadline Met,Yes,Yes,3600.2214527130127,60.00369087855021,9,170.0,Gurobi Status: 9
F1,P1_3,6,800000,1200000,1970,806280.0,808250.0,8250.0,Scheduled - Deadline Met,Yes,Yes,3600.2214527130127,60.00369087855021,9,170.0,Gurobi Status: 9
F1,P1_4,8,1200000,1600000,1970,1294652.0,1296622.0,96622.0,Scheduled - Deadline Met,Yes,Yes,3600.2214527130127,60.00369087855021,9,170.0,Gurobi Status: 9
F1,P1_5,6,1600000,2000000,1970,1729331.0,1731301.0,131301.0,Scheduled - Deadline Met,Yes,Yes,3600.2214527130127,60.00369087855021,9,170.0,Gurobi Status: 9
F1,P1_6,6,2000000,2400000,1970,2074783.0,2076753.0,76753.0,Scheduled - Deadline Met,Yes,Yes,3600.2214527130127,60.00369087855021,9,170.0,Gurobi Status: 9
F10,P10_1,1,0,200000,6047,22258.0,28305.0,28305.0,Scheduled - Deadline Met,Yes,Yes,3600.2214527130127,60.00369087855021,9,170.0,Gurobi Status: 9
F10,P10_2,1,200000,400000,6047,276390.0,282437.0,82437.0,Scheduled - Deadline Met,Yes,Yes,3600.2214527130127,60.00369087855021,9,170.0,Gurobi Status: 9
F10,P10_3,8,400000,600000,6047,,,,Optional Packets- Not Scheduled,No,N/A,3600.2214527130127,60.00369087855021,9,170.0,Gurobi Status: 9
F10,P10_4,1,600000,800000,6047,641842.0,647889.0,47889.0,Scheduled - Deadline Met,Yes,Yes,3600.2214527130127,60.00369087855021,9,170.0,Gurobi Status: 9
F10,P10_5,1,800000,1000000,6047,817913.0,823960.0,23960.0,Scheduled - Deadline Met,Yes,Yes,3600.2214527130127,60.00369087855021,9,170.0,Gurobi Status: 9
F10,P10_6,8,1000000,1200000,6047,1083952.0,1089999.0,89999.0,Scheduled - Deadline Met,Yes,Yes,3600.2214527130127,60.00369087855021,9,170.0,Gurobi Status: 9
F10,P10_7,1,1200000,1400000,6047,1262388.0,1268435.0,68435.0,Scheduled - Deadline Met,Yes,Yes,3600.2214527130127,60.00369087855021,9,170.0,Gurobi Status: 9
F10,P10_8,1,1400000,1600000,6047,1400000.0,1406047.0,6047.0,Scheduled - Deadline Met,Yes,Yes,3600.2214527130127,60.00369087855021,9,170.0,Gurobi Status: 9
F10,P10_9,8,1600000,1800000,6047,,,,Optional Packets- Not Scheduled,No,N/A,3600.2214527130127,60.00369087855021,9,170.0,Gurobi Status: 9
F10,P10_10,1,1800000,2000000,6047,1802517.0,1808564.0,8564.0,Scheduled - Deadline Met,Yes,Yes,3600.2214527130127,60.00369087855021,9,170.0,Gurobi Status: 9
F10,P10_11,1,2000000,2200000,6047,2007656.0,2013703.0,13703.0,Scheduled - Deadline Met,Yes,Yes,3600.2214527130127,60.00369087855021,9,170.0,Gurobi Status: 9
F10,P10_12,8,2200000,2400000,6047,2275008.0,2281055.0,81055.0,Scheduled - Deadline Met,Yes,Yes,3600.2214527130127,60.00369087855021,9,170.0,Gurobi Status: 9
F11,P11_1,5,0,50000,2421,0.0,2421.0,2421.0,Scheduled - Deadline Met,Yes,Yes,3600.2214527130127,60.00369087855021,9,170.0,Gurobi Status: 9
F11,P11_2,8,50000,100000,2421,97579.0,100000.0,50000.0,Scheduled - Deadline Met,Yes,Yes,3600.2214527130127,60.00369087855021,9,170.0,Gurobi Status: 9
F11,P11_3,5,100000,150000,2421,143687.0,146108.0,46108.0,Scheduled - Deadline Met,Yes,Yes,3600.2214527130127,60.00369087855021,9,170.0,Gurobi Status: 9
F11,P11_4,5,150000,200000,2421,169733.0,172154.0,22154.0,Scheduled - Deadline Met,Yes,Yes,3600.2214527130127,60.00369087855021,9,170.0,Gurobi Status: 9
F11,P11_5,8,200000,250000,2421,207667.0,210088.0,10088.0,Scheduled - Deadline Met,Yes,Yes,3600.2214527130127,60.00369087855021,9,170.0,Gurobi Status: 9
F11,P11_6,5,250000,300000,2421,296630.0,299051.0,49051.0,Scheduled - Deadline Met,Yes,Yes,3600.2214527130127,60.00369087855021,9,170.0,Gurobi Status: 9
F11,P11_7,5,300000,350000,2421,340028.0,342449.0,42449.0,Scheduled - Deadline Met,Yes,Yes,3600.2214527130127,60.00369087855021,9,170.0,Gurobi Status: 9
F11,P11_8,8,350000,400000,2421,374320.0,376741.0,26741.0,Scheduled - Deadline Met,Yes,Yes,3600.2214527130127,60.00369087855021,9,170.0,Gurobi Status: 9
F11,P11_9,5,400000,450000,2421,403031.0,405452.0,5452.0,Scheduled - Deadline Met,Yes,Yes,3600.2214527130127,60.00369087855021,9,170.0,Gurobi Status: 9
F11,P11_10,5,450000,500000,2421,461600.0,464021.0,14021.0,Scheduled - Deadline Met,Yes,Yes,3600.2214527130127,60.00369087855021,9,170.0,Gurobi Status: 9
F11,P11_11,8,500000,550000,2421,506281.0,508702.0,8702.0,Scheduled - Deadline Met,Yes,Yes,3600.2214527130127,60.00369087855021,9,170.0,Gurobi Status: 9
F11,P11_12,5,550000,600000,2421,578899.0,581320.0,31320.0,Scheduled - Deadline Met,Yes,Yes,3600.2214527130127,60.00369087855021,9,170.0,Gurobi Status: 9
F11,P11_13,5,600000,650000,2421,608817.0,611238.0,11238.0,Scheduled - Deadline Met,Yes,Yes,3600.2214527130127,60.00369087855021,9,170.0,Gurobi Status: 9
F11,P11_14,8,650000,700000,2421,697549.0,699970.0,49970.0,Scheduled - Deadline Met,Yes,Yes,3600.2214527130127,60.00369087855021,9,170.0,Gurobi Status: 9
F11,P11_15,5,700000,750000,2421,739714.0,742135.0,42135.0,Scheduled - Deadline Met,Yes,Yes,3600.2214527130127,60.00369087855021,9,170.0,Gurobi Status: 9
F11,P11_16,5,750000,800000,2421,786984.0,789405.0,39405.0,Scheduled - Deadline Met,Yes,Yes,3600.2214527130127,60.00369087855021,9,170.0,Gurobi Status: 9
F11,P11_17,8,800000,850000,2421,,,,Optional Packets- Not Scheduled,No,N/A,3600.2214527130127,60.00369087855021,9,170.0,Gurobi Status: 9
F11,P11_18,5,850000,900000,2421,874874.0,877295.0,27295.0,Scheduled - Deadline Met,Yes,Yes,3600.2214527130127,60.00369087855021,9,170.0,Gurobi Status: 9
F11,P11_19,5,900000,950000,2421,947214.0,949635.0,49635.0,Scheduled - Deadline Met,Yes,Yes,3600.2214527130127,60.00369087855021,9,170.0,Gurobi Status: 9
F11,P11_20,8,950000,1000000,2421,,,,Optional Packets- Not Scheduled,No,N/A,3600.2214527130127,60.00369087855021,9,170.0,Gurobi Status: 9
F11,P11_21,5,1000000,1050000,2421,1011677.0,1014098.0,14098.0,Scheduled - Deadline Met,Yes,Yes,3600.2214527130127,60.00369087855021,9,170.0,Gurobi Status: 9
F11,P11_22,5,1050000,1100000,2421,1079037.0,1081458.0,31458.0,Scheduled - Deadline Met,Yes,Yes,3600.2214527130127,60.00369087855021,9,170.0,Gurobi Status: 9
F11,P11_23,8,1100000,1150000,2421,1144001.0,1146422.0,46422.0,Scheduled - Deadline Met,Yes,Yes,3600.2214527130127,60.00369087855021,9,170.0,Gurobi Status: 9
F11,P11_24,5,1150000,1200000,2421,1175663.0,1178084.0,28084.0,Scheduled - Deadline Met,Yes,Yes,3600.2214527130127,60.00369087855021,9,170.0,Gurobi Status: 9
F11,P11_25,5,1200000,1250000,2421,1200000.0,1202421.0,2421.0,Scheduled - Deadline Met,Yes,Yes,3600.2214527130127,60.00369087855021,9,170.0,Gurobi Status: 9
F11,P11_26,8,1250000,1300000,2421,1297579.0,1300000.0,50000.0,Scheduled - Deadline Met,Yes,Yes,3600.2214527130127,60.00369087855021,9,170.0,Gurobi Status: 9
F11,P11_27,5,1300000,1350000,2421,1330804.0,1333225.0,33225.0,Scheduled - Deadline Met,Yes,Yes,3600.2214527130127,60.00369087855021,9,170.0,Gurobi Status: 9
F11,P11_28,5,1350000,1400000,2421,1373967.0,1376388.0,26388.0,Scheduled - Deadline Met,Yes,Yes,3600.2214527130127,60.00369087855021,9,170.0,Gurobi Status: 9
F11,P11_29,8,1400000,1450000,2421,1413810.0,1416231.0,16231.0,Scheduled - Deadline Met,Yes,Yes,3600.2214527130127,60.00369087855021,9,170.0,Gurobi Status: 9
F11,P11_30,5,1450000,1500000,2421,1489272.0,1491693.0,41693.0,Scheduled - Deadline Met,Yes,Yes,3600.2214527130127,60.00369087855021,9,170.0,Gurobi Status: 9
F11,P11_31,5,1500000,1550000,2421,1547579.0,1550000.0,50000.0,Scheduled - Deadline Met,Yes,Yes,3600.2214527130127,60.00369087855021,9,170.0,Gurobi Status: 9
F11,P11_32,8,1550000,1600000,2421,1579263.0,1581684.0,31684.0,Scheduled - Deadline Met,Yes,Yes,3600.2214527130127,60.00369087855021,9,170.0,Gurobi Status: 9
F11,P11_33,5,1600000,1650000,2421,1604769.0,1607190.0,7190.0,Scheduled - Deadline Met,Yes,Yes,3600.2214527130127,60.00369087855021,9,170.0,Gurobi Status: 9
F11,P11_34,5,1650000,1700000,2421,1681452.0,1683873.0,33873.0,Scheduled - Deadline Met,Yes,Yes,3600.2214527130127,60.00369087855021,9,170.0,Gurobi Status: 9
F11,P11_35,8,1700000,1750000,2421,1738765.0,1741186.0,41186.0,Scheduled - Deadline Met,Yes,Yes,3600.2214527130127,60.00369087855021,9,170.0,Gurobi Status: 9
F11,P11_36,5,1750000,1800000,2421,1788996.0,1791417.0,41417.0,Scheduled - Deadline Met,Yes,Yes,3600.2214527130127,60.00369087855021,9,170.0,Gurobi Status: 9
F11,P11_37,5,1800000,1850000,2421,1800000.0,1802421.0,2421.0,Scheduled - Deadline Met,Yes,Yes,3600.2214527130127,60.00369087855021,9,170.0,Gurobi Status: 9
F11,P11_38,8,1850000,1900000,2421,1897579.0,1900000.0,50000.0,Scheduled - Deadline Met,Yes,Yes,3600.2214527130127,60.00369087855021,9,170.0,Gurobi Status: 9
F11,P11_39,5,1900000,1950000,2421,1925391.0,1927812.0,27812.0,Scheduled - Deadline Met,Yes,Yes,3600.2214527130127,60.00369087855021,9,170.0,Gurobi Status: 9
F11,P11_40,5,1950000,2000000,2421,1961009.0,1963430.0,13430.0,Scheduled - Deadline Met,Yes,Yes,3600.2214527130127,60.00369087855021,9,170.0,Gurobi Status: 9
F11,P11_41,8,2000000,2050000,2421,,,,Optional Packets- Not Scheduled,No,N/A,3600.2214527130127,60.00369087855021,9,170.0,Gurobi Status: 9
F11,P11_42,5,2050000,2100000,2421,2076753.0,2079174.0,29174.0,Scheduled - Deadline Met,Yes,Yes,3600.2214527130127,60.00369087855021,9,170.0,Gurobi Status: 9
F11,P11_43,5,2100000,2150000,2421,2111765.0,2114186.0,14186.0,Scheduled - Deadline Met,Yes,Yes,3600.2214527130127,60.00369087855021,9,170.0,Gurobi Status: 9
F11,P11_44,8,2150000,2200000,2421,2150096.0,2152517.0,2517.0,Scheduled - Deadline Met,Yes,Yes,3600.2214527130127,60.00369087855021,9,170.0,Gurobi Status: 9
F11,P11_45,5,2200000,2250000,2421,2212264.0,2214685.0,14685.0,Scheduled - Deadline Met,Yes,Yes,3600.2214527130127,60.00369087855021,9,170.0,Gurobi Status: 9
F11,P11_46,5,2250000,2300000,2421,2256650.0,2259071.0,9071.0,Scheduled - Deadline Met,Yes,Yes,3600.2214527130127,60.00369087855021,9,170.0,Gurobi Status: 9
F11,P11_47,8,2300000,2350000,2421,2312930.0,2315351.0,15351.0,Scheduled - Deadline Met,Yes,Yes,3600.2214527130127,60.00369087855021,9,170.0,Gurobi Status: 9
F11,P11_48,5,2350000,2400000,2421,2358847.0,2361268.0,11268.0,Scheduled - Deadline Met,Yes,Yes,3600.2214527130127,60.00369087855021,9,170.0,Gurobi Status: 9
F12,P12_1,1,0,400000,1674,34351.0,36025.0,36025.0,Scheduled - Deadline Met,Yes,Yes,3600.2214527130127,60.00369087855021,9,170.0,Gurobi Status: 9
F12,P12_2,1,400000,800000,1674,459926.0,461600.0,61600.0,Scheduled - Deadline Met,Yes,Yes,3600.2214527130127,60.00369087855021,9,170.0,Gurobi Status: 9
F12,P12_3,8,800000,1200000,1674,921635.0,923309.0,123309.0,Scheduled - Deadline Met,Yes,Yes,3600.2214527130127,60.00369087855021,9,170.0,Gurobi Status: 9
F12,P12_4,1,1200000,1600000,1674,1278074.0,1279748.0,79748.0,Scheduled - Deadline Met,Yes,Yes,3600.2214527130127,60.00369087855021,9,170.0,Gurobi Status: 9
F12,P12_5,1,1600000,2000000,1674,1617255.0,1618929.0,18929.0,Scheduled - Deadline Met,Yes,Yes,3600.2214527130127,60.00369087855021,9,170.0,Gurobi Status: 9
F12,P12_6,8,2000000,2400000,1674,2136385.0,2138059.0,138059.0,Scheduled - Deadline Met,Yes,Yes,3600.2214527130127,60.00369087855021,9,170.0,Gurobi Status: 9
F13,P13_1,2,0,400000,8379,157285.0,165664.0,165664.0,Scheduled - Deadline Met,Yes,Yes,3600.2214527130127,60.00369087855021,9,170.0,Gurobi Status: 9
F13,P13_2,2,400000,800000,8379,564283.0,572662.0,172662.0,Scheduled - Deadline Met,Yes,Yes,3600.2214527130127,60.00369087855021,9,170.0,Gurobi Status: 9
F13,P13_3,8,800000,1200000,8379,,,,Optional Packets- Not Scheduled,No,N/A,3600.2214527130127,60.00369087855021,9,170.0,Gurobi Status: 9
F13,P13_4,2,1200000,1600000,8379,1333321.0,1341700.0,141700.0,Scheduled - Deadline Met,Yes,Yes,3600.2214527130127,60.00369087855021,9,170.0,Gurobi Status: 9
F13,P13_5,2,1600000,2000000,8379,1645775.0,1654154.0,54154.0,Scheduled - Deadline Met,Yes,Yes,3600.2214527130127,60.00369087855021,9,170.0,Gurobi Status: 9
F13,P13_6,8,2000000,2400000,8379,,,,Optional Packets- Not Scheduled,No,N/A,3600.2214527130127,60.00369087855021,9,170.0,Gurobi Status: 9
F14,P14_1,5,0,400000,2366,141225.0,143591.0,143591.0,Scheduled - Deadline Met,Yes,Yes,3600.2214527130127,60.00369087855021,9,170.0,Gurobi Status: 9
F14,P14_2,8,400000,800000,2366,495248.0,497614.0,97614.0,Scheduled - Deadline Met,Yes,Yes,3600.2214527130127,60.00369087855021,9,170.0,Gurobi Status: 9
F14,P14_3,5,800000,1200000,2366,872412.0,874778.0,74778.0,Scheduled - Deadline Met,Yes,Yes,3600.2214527130127,60.00369087855021,9,170.0,Gurobi Status: 9
F14,P14_4,5,1200000,1600000,2366,1325517.0,1327883.0,127883.0,Scheduled - Deadline Met,Yes,Yes,3600.2214527130127,60.00369087855021,9,170.0,Gurobi Status: 9
F14,P14_5,8,1600000,2000000,2366,1693113.0,1695479.0,95479.0,Scheduled - Deadline Met,Yes,Yes,3600.2214527130127,60.00369087855021,9,170.0,Gurobi Status: 9
F14,P14_6,5,2000000,2400000,2366,2031940.0,2034306.0,34306.0,Scheduled - Deadline Met,Yes,Yes,3600.2214527130127,60.00369087855021,9,170.0,Gurobi Status: 9
F15,P15_1,3,0,200000,7074,15088.0,22162.0,22162.0,Scheduled - Deadline Met,Yes,Yes,3600.2214527130127,60.00369087855021,9,170.0,Gurobi Status: 9
F15,P15_2,3,200000,400000,7074,244725.0,251799.0,51799.0,Scheduled - Deadline Met,Yes,Yes,3600.2214527130127,60.00369087855021,9,170.0,Gurobi Status: 9
F15,P15_3,8,400000,600000,7074,,,,Optional Packets- Not Scheduled,No,N/A,3600.2214527130127,60.00369087855021,9,170.0,Gurobi Status: 9
F15,P15_4,3,600000,800000,7074,611334.0,618408.0,18408.0,Scheduled - Deadline Met,Yes,Yes,3600.2214527130127,60.00369087855021,9,170.0,Gurobi Status: 9
F15,P15_5,3,800000,1000000,7074,824056.0,831130.0,31130.0,Scheduled - Deadline Met,Yes,Yes,3600.2214527130127,60.00369087855021,9,170.0,Gurobi Status: 9
F15,P15_6,8,1000000,1200000,7074,,,,Optional Packets- Not Scheduled,No,N/A,3600.2214527130127,60.00369087855021,9,170.0,Gurobi Status: 9
F15,P15_7,3,1200000,1400000,7074,1255218.0,1262292.0,62292.0,Scheduled - Deadline Met,Yes,Yes,3600.2214527130127,60.00369087855021,9,170.0,Gurobi Status: 9
F15,P15_8,3,1400000,1600000,7074,1429638.0,1436712.0,36712.0,Scheduled - Deadline Met,Yes,Yes,3600.2214527130127,60.00369087855021,9,170.0,Gurobi Status: 9
F15,P15_9,8,1600000,1800000,7074,,,,Optional Packets- Not Scheduled,No,N/A,3600.2214527130127,60.00369087855021,9,170.0,Gurobi Status: 9
F15,P15_10,3,1800000,2000000,7074,1834353.0,1841427.0,41427.0,Scheduled - Deadline Met,Yes,Yes,3600.2214527130127,60.00369087855021,9,170.0,Gurobi Status: 9
F15,P15_11,3,2000000,2200000,7074,2023221.0,2030295.0,30295.0,Scheduled - Deadline Met,Yes,Yes,3600.2214527130127,60.00369087855021,9,170.0,Gurobi Status: 9
F15,P15_12,8,2200000,2400000,7074,,,,Optional Packets- Not Scheduled,No,N/A,3600.2214527130127,60.00369087855021,9,170.0,Gurobi Status: 9
F16,P16_1,2,0,200000,9343,129643.0,138986.0,138986.0,Scheduled - Deadline Met,Yes,Yes,3600.2214527130127,60.00369087855021,9,170.0,Gurobi Status: 9
F16,P16_2,2,200000,400000,9343,300525.0,309868.0,109868.0,Scheduled - Deadline Met,Yes,Yes,3600.2214527130127,60.00369087855021,9,170.0,Gurobi Status: 9
F16,P16_3,8,400000,600000,9343,,,,Optional Packets- Not Scheduled,No,N/A,3600.2214527130127,60.00369087855021,9,170.0,Gurobi Status: 9
F16,P16_4,2,600000,800000,9343,719864.0,729207.0,129207.0,Scheduled - Deadline Met,Yes,Yes,3600.2214527130127,60.00369087855021,9,170.0,Gurobi Status: 9
F16,P16_5,2,800000,1000000,9343,842987.0,852330.0,52330.0,Scheduled - Deadline Met,Yes,Yes,3600.2214527130127,60.00369087855021,9,170.0,Gurobi Status: 9
F16,P16_6,8,1000000,1200000,9343,,,,Optional Packets- Not Scheduled,No,N/A,3600.2214527130127,60.00369087855021,9,170.0,Gurobi Status: 9
F16,P16_7,2,1200000,1400000,9343,1210451.0,1219794.0,19794.0,Scheduled - Deadline Met,Yes,Yes,3600.2214527130127,60.00369087855021,9,170.0,Gurobi Status: 9
F16,P16_8,2,1400000,1600000,9343,1467131.0,1476474.0,76474.0,Scheduled - Deadline Met,Yes,Yes,3600.2214527130127,60.00369087855021,9,170.0,Gurobi Status: 9
F16,P16_9,8,1600000,1800000,9343,,,,Optional Packets- Not Scheduled,No,N/A,3600.2214527130127,60.00369087855021,9,170.0,Gurobi Status: 9
F16,P16_10,2,1800000,2000000,9343,1841523.0,1850866.0,50866.0,Scheduled - Deadline Met,Yes,Yes,3600.2214527130127,60.00369087855021,9,170.0,Gurobi Status: 9
F16,P16_11,2,2000000,2200000,9343,2079174.0,2088517.0,88517.0,Scheduled - Deadline Met,Yes,Yes,3600.2214527130127,60.00369087855021,9,170.0,Gurobi Status: 9
F16,P16_12,8,2200000,2400000,9343,,,,Optional Packets- Not Scheduled,No,N/A,3600.2214527130127,60.00369087855021,9,170.0,Gurobi Status: 9
F17,P17_1,8,0,400000,2314,90107.0,92421.0,92421.0,Scheduled - Deadline Met,Yes,Yes,3600.2214527130127,60.00369087855021,9,170.0,Gurobi Status: 9
F17,P17_2,3,400000,800000,2314,446729.0,449043.0,49043.0,Scheduled - Deadline Met,Yes,Yes,3600.2214527130127,60.00369087855021,9,170.0,Gurobi Status: 9
F17,P17_3,3,800000,1200000,2314,855127.0,857441.0,57441.0,Scheduled - Deadline Met,Yes,Yes,3600.2214527130127,60.00369087855021,9,170.0,Gurobi Status: 9
F17,P17_4,8,1200000,1600000,2314,1292242.0,1294556.0,94556.0,Scheduled - Deadline Met,Yes,Yes,3600.2214527130127,60.00369087855021,9,170.0,Gurobi Status: 9
F17,P17_5,3,1600000,2000000,2314,1654250.0,1656564.0,56564.0,Scheduled - Deadline Met,Yes,Yes,3600.2214527130127,60.00369087855021,9,170.0,Gurobi Status: 9
F17,P17_6,3,2000000,2400000,2314,2043299.0,2045613.0,45613.0,Scheduled - Deadline Met,Yes,Yes,3600.2214527130127,60.00369087855021,9,170.0,Gurobi Status: 9
F18,P18_1,8,0,50000,1386,,,,Optional Packets- Not Scheduled,No,N/A,3600.2214527130127,60.00369087855021,9,170.0,Gurobi Status: 9
F18,P18_2,6,50000,100000,1386,75894.0,77280.0,27280.0,Scheduled - Deadline Met,Yes,Yes,3600.2214527130127,60.00369087855021,9,170.0,Gurobi Status: 9
F18,P18_3,6,100000,150000,1386,111770.0,113156.0,13156.0,Scheduled - Deadline Met,Yes,Yes,3600.2214527130127,60.00369087855021,9,170.0,Gurobi Status: 9
F18,P18_4,8,150000,200000,1386,180853.0,182239.0,32239.0,Scheduled - Deadline Met,Yes,Yes,3600.2214527130127,60.00369087855021,9,170.0,Gurobi Status: 9
F18,P18_5,6,200000,250000,1386,200000.0,201386.0,1386.0,Scheduled - Deadline Met,Yes,Yes,3600.2214527130127,60.00369087855021,9,170.0,Gurobi Status: 9
F18,P18_6,6,250000,300000,1386,260105.0,261491.0,11491.0,Scheduled - Deadline Met,Yes,Yes,3600.2214527130127,60.00369087855021,9,170.0,Gurobi Status: 9
F18,P18_7,8,300000,350000,1386,327633.0,329019.0,29019.0,Scheduled - Deadline Met,Yes,Yes,3600.2214527130127,60.00369087855021,9,170.0,Gurobi Status: 9
F18,P18_8,6,350000,400000,1386,395985.0,397371.0,47371.0,Scheduled - Deadline Met,Yes,Yes,3600.2214527130127,60.00369087855021,9,170.0,Gurobi Status: 9
F18,P18_9,6,400000,450000,1386,400000.0,401386.0,1386.0,Scheduled - Deadline Met,Yes,Yes,3600.2214527130127,60.00369087855021,9,170.0,Gurobi Status: 9
F18,P18_10,8,450000,500000,1386,498614.0,500000.0,50000.0,Scheduled - Deadline Met,Yes,Yes,3600.2214527130127,60.00369087855021,9,170.0,Gurobi Status: 9
F18,P18_11,6,500000,550000,1386,543700.0,545086.0,45086.0,Scheduled - Deadline Met,Yes,Yes,3600.2214527130127,60.00369087855021,9,170.0,Gurobi Status: 9
F18,P18_12,6,550000,600000,1386,582865.0,584251.0,34251.0,Scheduled - Deadline Met,Yes,Yes,3600.2214527130127,60.00369087855021,9,170.0,Gurobi Status: 9
F18,P18_13,8,600000,650000,1386,627087.0,628473.0,28473.0,Scheduled - Deadline Met,Yes,Yes,3600.2214527130127,60.00369087855021,9,170.0,Gurobi Status: 9
F18,P18_14,6,650000,700000,1386,682262.0,683648.0,33648.0,Scheduled - Deadline Met,Yes,Yes,3600.2214527130127,60.00369087855021,9,170.0,Gurobi Status: 9
F18,P18_15,6,700000,750000,1386,718382.0,719768.0,19768.0,Scheduled - Deadline Met,Yes,Yes,3600.2214527130127,60.00369087855021,9,170.0,Gurobi Status: 9
F18,P18_16,8,750000,800000,1386,765770.0,767156.0,17156.0,Scheduled - Deadline Met,Yes,Yes,3600.2214527130127,60.00369087855021,9,170.0,Gurobi Status: 9
F18,P18_17,6,800000,850000,1386,800000.0,801386.0,1386.0,Scheduled - Deadline Met,Yes,Yes,3600.2214527130127,60.00369087855021,9,170.0,Gurobi Status: 9
F18,P18_18,6,850000,900000,1386,880969.0,882355.0,32355.0,Scheduled - Deadline Met,Yes,Yes,3600.2214527130127,60.00369087855021,9,170.0,Gurobi Status: 9
F18,P18_19,8,900000,950000,1386,934819.0,936205.0,36205.0,Scheduled - Deadline Met,Yes,Yes,3600.2214527130127,60.00369087855021,9,170.0,Gurobi Status: 9
F18,P18_20,6,950000,1000000,1386,967059.0,968445.0,18445.0,Scheduled - Deadline Met,Yes,Yes,3600.2214527130127,60.00369087855021,9,170.0,Gurobi Status: 9
F18,P18_21,6,1000000,1050000,1386,1000000.0,1001386.0,1386.0,Scheduled - Deadline Met,Yes,Yes,3600.2214527130127,60.00369087855021,9,170.0,Gurobi Status: 9
F18,P18_22,8,1050000,1100000,1386,1095427.0,1096813.0,46813.0,Scheduled - Deadline Met,Yes,Yes,3600.2214527130127,60.00369087855021,9,170.0,Gurobi Status: 9
F18,P18_23,6,1100000,1150000,1386,1121852.0,1123238.0,23238.0,Scheduled - Deadline Met,Yes,Yes,3600.2214527130127,60.00369087855021,9,170.0,Gurobi Status: 9
F18,P18_24,6,1150000,1200000,1386,1178180.0,1179566.0,29566.0,Scheduled - Deadline Met,Yes,Yes,3600.2214527130127,60.00369087855021,9,170.0,Gurobi Status: 9
F18,P18_25,8,1200000,1250000,1386,,,,Optional Packets- Not Scheduled,No,N/A,3600.2214527130127,60.00369087855021,9,170.0,Gurobi Status: 9
F18,P18_26,6,1250000,1300000,1386,1281024.0,1282410.0,32410.0,Scheduled - Deadline Met,Yes,Yes,3600.2214527130127,60.00369087855021,9,170.0,Gurobi Status: 9
F18,P18_27,6,1300000,1350000,1386,1329322.0,1330708.0,30708.0,Scheduled - Deadline Met,Yes,Yes,3600.2214527130127,60.00369087855021,9,170.0,Gurobi Status: 9
F18,P18_28,8,1350000,1400000,1386,1386483.0,1387869.0,37869.0,Scheduled - Deadline Met,Yes,Yes,3600.2214527130127,60.00369087855021,9,170.0,Gurobi Status: 9
F18,P18_29,6,1400000,1450000,1386,1406143.0,1407529.0,7529.0,Scheduled - Deadline Met,Yes,Yes,3600.2214527130127,60.00369087855021,9,170.0,Gurobi Status: 9
F18,P18_30,6,1450000,1500000,1386,1496216.0,1497602.0,47602.0,Scheduled - Deadline Met,Yes,Yes,3600.2214527130127,60.00369087855021,9,170.0,Gurobi Status: 9
F18,P18_31,8,1500000,1550000,1386,1533735.0,1535121.0,35121.0,Scheduled - Deadline Met,Yes,Yes,3600.2214527130127,60.00369087855021,9,170.0,Gurobi Status: 9
F18,P18_32,6,1550000,1600000,1386,1559997.0,1561383.0,11383.0,Scheduled - Deadline Met,Yes,Yes,3600.2214527130127,60.00369087855021,9,170.0,Gurobi Status: 9
F18,P18_33,6,1600000,1650000,1386,1624644.0,1626030.0,26030.0,Scheduled - Deadline Met,Yes,Yes,3600.2214527130127,60.00369087855021,9,170.0,Gurobi Status: 9
F18,P18_34,8,1650000,1700000,1386,1698614.0,1700000.0,50000.0,Scheduled - Deadline Met,Yes,Yes,3600.2214527130127,60.00369087855021,9,170.0,Gurobi Status: 9
F18,P18_35,6,1700000,1750000,1386,1737283.0,1738669.0,38669.0,Scheduled - Deadline Met,Yes,Yes,3600.2214527130127,60.00369087855021,9,170.0,Gurobi Status: 9
F18,P18_36,6,1750000,1800000,1386,1786334.0,1787720.0,37720.0,Scheduled - Deadline Met,Yes,Yes,3600.2214527130127,60.00369087855021,9,170.0,Gurobi Status: 9
F18,P18_37,8,1800000,1850000,1386,,,,Optional Packets- Not Scheduled,No,N/A,3600.2214527130127,60.00369087855021,9,170.0,Gurobi Status: 9
F18,P18_38,6,1850000,1900000,1386,1891141.0,1892527.0,42527.0,Scheduled - Deadline Met,Yes,Yes,3600.2214527130127,60.00369087855021,9,170.0,Gurobi Status: 9
F18,P18_39,6,1900000,1950000,1386,1909829.0,1911215.0,11215.0,Scheduled - Deadline Met,Yes,Yes,3600.2214527130127,60.00369087855021,9,170.0,Gurobi Status: 9
F18,P18_40,8,1950000,2000000,1386,1972109.0,1973495.0,23495.0,Scheduled - Deadline Met,Yes,Yes,3600.2214527130127,60.00369087855021,9,170.0,Gurobi Status: 9
F18,P18_41,6,2000000,2050000,1386,2039764.0,2041150.0,41150.0,Scheduled - Deadline Met,Yes,Yes,3600.2214527130127,60.00369087855021,9,170.0,Gurobi Status: 9
F18,P18_42,6,2050000,2100000,1386,2096027.0,2097413.0,47413.0,Scheduled - Deadline Met,Yes,Yes,3600.2214527130127,60.00369087855021,9,170.0,Gurobi Status: 9
F18,P18_43,8,2100000,2150000,1386,2147434.0,2148820.0,48820.0,Scheduled - Deadline Met,Yes,Yes,3600.2214527130127,60.00369087855021,9,170.0,Gurobi Status: 9
F18,P18_44,6,2150000,2200000,1386,2181409.0,2182795.0,32795.0,Scheduled - Deadline Met,Yes,Yes,3600.2214527130127,60.00369087855021,9,170.0,Gurobi Status: 9
F18,P18_45,6,2200000,2250000,1386,2218001.0,2219387.0,19387.0,Scheduled - Deadline Met,Yes,Yes,3600.2214527130127,60.00369087855021,9,170.0,Gurobi Status: 9
F18,P18_46,8,2250000,2300000,1386,2286483.0,2287869.0,37869.0,Scheduled - Deadline Met,Yes,Yes,3600.2214527130127,60.00369087855021,9,170.0,Gurobi Status: 9
F18,P18_47,6,2300000,2350000,1386,2301449.0,2302835.0,2835.0,Scheduled - Deadline Met,Yes,Yes,3600.2214527130127,60.00369087855021,9,170.0,Gurobi Status: 9
F18,P18_48,6,2350000,2400000,1386,2350000.0,2351386.0,1386.0,Scheduled - Deadline Met,Yes,Yes,3600.2214527130127,60.00369087855021,9,170.0,Gurobi Status: 9
F19,P19_1,8,0,400000,9829,,,,Optional Packets- Not Scheduled,No,N/A,3600.2214527130127,60.00369087855021,9,170.0,Gurobi Status: 9
F19,P19_2,2,400000,800000,9829,545987.0,555816.0,155816.0,Scheduled - Deadline Met,Yes,Yes,3600.2214527130127,60.00369087855021,9,170.0,Gurobi Status: 9
F19,P19_3,2,800000,1200000,9829,885575.0,895404.0,95404.0,Scheduled - Deadline Met,Yes,Yes,3600.2214527130127,60.00369087855021,9,170.0,Gurobi Status: 9
F19,P19_4,8,1200000,1600000,9829,,,,Optional Packets- Not Scheduled,No,N/A,3600.2214527130127,60.00369087855021,9,170.0,Gurobi Status: 9
F19,P19_5,2,1600000,2000000,9829,1626126.0,1635955.0,35955.0,Scheduled - Deadline Met,Yes,Yes,3600.2214527130127,60.00369087855021,9,170.0,Gurobi Status: 9
F19,P19_6,2,2000000,2400000,9829,2101936.0,2111765.0,111765.0,Scheduled - Deadline Met,Yes,Yes,3600.2214527130127,60.00369087855021,9,170.0,Gurobi Status: 9
F2,P2_1,6,0,400000,808,36121.0,36929.0,36929.0,Scheduled - Deadline Met,Yes,Yes,3600.2214527130127,60.00369087855021,9,170.0,Gurobi Status: 9
F2,P2_2,8,400000,800000,808,497710.0,498518.0,98518.0,Scheduled - Deadline Met,Yes,Yes,3600.2214527130127,60.00369087855021,9,170.0,Gurobi Status: 9
F2,P2_3,6,800000,1200000,808,816108.0,816916.0,16916.0,Scheduled - Deadline Met,Yes,Yes,3600.2214527130127,60.00369087855021,9,170.0,Gurobi Status: 9
F2,P2_4,6,1200000,1600000,808,1223720.0,1224528.0,24528.0,Scheduled - Deadline Met,Yes,Yes,3600.2214527130127,60.00369087855021,9,170.0,Gurobi Status: 9
F2,P2_5,8,1600000,2000000,808,1697014.0,1697822.0,97822.0,Scheduled - Deadline Met,Yes,Yes,3600.2214527130127,60.00369087855021,9,170.0,Gurobi Status: 9
F2,P2_6,6,2000000,2400000,808,2090819.0,2091627.0,91627.0,Scheduled - Deadline Met,Yes,Yes,3600.2214527130127,60.00369087855021,9,170.0,Gurobi Status: 9
F20,P20_1,8,0,200000,1453,58410.0,59863.0,59863.0,Scheduled - Deadline Met,Yes,Yes,3600.2214527130127,60.00369087855021,9,170.0,Gurobi Status: 9
F20,P20_2,1,200000,400000,1453,288282.0,289735.0,89735.0,Scheduled - Deadline Met,Yes,Yes,3600.2214527130127,60.00369087855021,9,170.0,Gurobi Status: 9
F20,P20_3,1,400000,600000,1453,401482.0,402935.0,2935.0,Scheduled - Deadline Met,Yes,Yes,3600.2214527130127,60.00369087855021,9,170.0,Gurobi Status: 9
F20,P20_4,8,600000,800000,1453,692593.0,694046.0,94046.0,Scheduled - Deadline Met,Yes,Yes,3600.2214527130127,60.00369087855021,9,170.0,Gurobi Status: 9
F20,P20_5,1,800000,1000000,1453,852426.0,853879.0,53879.0,Scheduled - Deadline Met,Yes,Yes,3600.2214527130127,60.00369087855021,9,170.0,Gurobi Status: 9
F20,P20_6,1,1000000,1200000,1453,1035971.0,1037424.0,37424.0,Scheduled - Deadline Met,Yes,Yes,3600.2214527130127,60.00369087855021,9,170.0,Gurobi Status: 9
F20,P20_7,8,1200000,1400000,1453,,,,Optional Packets- Not Scheduled,No,N/A,3600.2214527130127,60.00369087855021,9,170.0,Gurobi Status: 9
F20,P20_8,1,1400000,1600000,1453,1462850.0,1464303.0,64303.0,Scheduled - Deadline Met,Yes,Yes,3600.2214527130127,60.00369087855021,9,170.0,Gurobi Status: 9
F20,P20_9,1,1600000,1800000,1453,1600000.0,1601453.0,1453.0,Scheduled - Deadline Met,Yes,Yes,3600.2214527130127,60.00369087855021,9,170.0,Gurobi Status: 9
F20,P20_10,8,1800000,2000000,1453,1892623.0,1894076.0,94076.0,Scheduled - Deadline Met,Yes,Yes,3600.2214527130127,60.00369087855021,9,170.0,Gurobi Status: 9
F20,P20_11,1,2000000,2200000,1453,2030391.0,2031844.0,31844.0,Scheduled - Deadline Met,Yes,Yes,3600.2214527130127,60.00369087855021,9,170.0,Gurobi Status: 9
F20,P20_12,1,2200000,2400000,1453,2222215.0,2223668.0,23668.0,Scheduled - Deadline Met,Yes,Yes,3600.2214527130127,60.00369087855021,9,170.0,Gurobi Status: 9
F21,P21_1,8,0,400000,765,96022.0,96787.0,96787.0,Scheduled - Deadline Met,Yes,Yes,3600.2214527130127,60.00369087855021,9,170.0,Gurobi Status: 9
F21,P21_2,3,400000,800000,765,449139.0,449904.0,49904.0,Scheduled - Deadline Met,Yes,Yes,3600.2214527130127,60.00369087855021,9,170.0,Gurobi Status: 9
F21,P21_3,3,800000,1200000,765,857537.0,858302.0,58302.0,Scheduled - Deadline Met,Yes,Yes,3600.2214527130127,60.00369087855021,9,170.0,Gurobi Status: 9
F21,P21_4,8,1200000,1600000,765,1296718.0,1297483.0,97483.0,Scheduled - Deadline Met,Yes,Yes,3600.2214527130127,60.00369087855021,9,170.0,Gurobi Status: 9
F21,P21_5,3,1600000,2000000,765,1659704.0,1660469.0,60469.0,Scheduled - Deadline Met,Yes,Yes,3600.2214527130127,60.00369087855021,9,170.0,Gurobi Status: 9
F21,P21_6,3,2000000,2400000,765,2045709.0,2046474.0,46474.0,Scheduled - Deadline Met,Yes,Yes,3600.2214527130127,60.00369087855021,9,170.0,Gurobi Status: 9
F22,P22_1,4,0,400000,4331,342449.0,346780.0,346780.0,Scheduled - Deadline Met,Yes,Yes,3600.2214527130127,60.00369087855021,9,170.0,Gurobi Status: 9
F22,P22_2,8,400000,800000,4331,488211.0,492542.0,92542.0,Scheduled - Deadline Met,Yes,Yes,3600.2214527130127,60.00369087855021,9,170.0,Gurobi Status: 9
F22,P22_3,4,800000,1200000,4331,987182.0,991513.0,191513.0,Scheduled - Deadline Met,Yes,Yes,3600.2214527130127,60.00369087855021,9,170.0,Gurobi Status: 9
F22,P22_4,4,1200000,1600000,4331,1355843.0,1360174.0,160174.0,Scheduled - Deadline Met,Yes,Yes,3600.2214527130127,60.00369087855021,9,170.0,Gurobi Status: 9
F22,P22_5,8,1600000,2000000,4331,1684856.0,1689187.0,89187.0,Scheduled - Deadline Met,Yes,Yes,3600.2214527130127,60.00369087855021,9,170.0,Gurobi Status: 9
F22,P22_6,4,2000000,2400000,4331,2097509.0,2101840.0,101840.0,Scheduled - Deadline Met,Yes,Yes,3600.2214527130127,60.00369087855021,9,170.0,Gurobi Status: 9
F23,P23_1,8,0,200000,5523,,,,Optional Packets- Not Scheduled,No,N/A,3600.2214527130127,60.00369087855021,9,170.0,Gurobi Status: 9
F23,P23_2,5,200000,400000,5523,289831.0,295354.0,95354.0,Scheduled - Deadline Met,Yes,Yes,3600.2214527130127,60.00369087855021,9,170.0,Gurobi Status: 9
F23,P23_3,5,400000,600000,5523,415517.0,421040.0,21040.0,Scheduled - Deadline Met,Yes,Yes,3600.2214527130127,60.00369087855021,9,170.0,Gurobi Status: 9
F23,P23_4,8,600000,800000,5523,,,,Optional Packets- Not Scheduled,No,N/A,3600.2214527130127,60.00369087855021,9,170.0,Gurobi Status: 9
F23,P23_5,5,800000,1000000,5523,808346.0,813869.0,13869.0,Scheduled - Deadline Met,Yes,Yes,3600.2214527130127,60.00369087855021,9,170.0,Gurobi Status: 9
F23,P23_6,5,1000000,1200000,5523,1065440.0,1070963.0,70963.0,Scheduled - Deadline Met,Yes,Yes,3600.2214527130127,60.00369087855021,9,170.0,Gurobi Status: 9
F23,P23_7,8,1200000,1400000,5523,,,,Optional Packets- Not Scheduled,No,N/A,3600.2214527130127,60.00369087855021,9,170.0,Gurobi Status: 9
F23,P23_8,5,1400000,1600000,5523,1445185.0,1450708.0,50708.0,Scheduled - Deadline Met,Yes,Yes,3600.2214527130127,60.00369087855021,9,170.0,Gurobi Status: 9
F23,P23_9,5,1600000,1800000,5523,1619025.0,1624548.0,24548.0,Scheduled - Deadline Met,Yes,Yes,3600.2214527130127,60.00369087855021,9,170.0,Gurobi Status: 9
F23,P23_10,8,1800000,2000000,5523,,,,Optional Packets- Not Scheduled,No,N/A,3600.2214527130127,60.00369087855021,9,170.0,Gurobi Status: 9
F23,P23_11,5,2000000,2200000,5523,2000000.0,2005523.0,5523.0,Scheduled - Deadline Met,Yes,Yes,3600.2214527130127,60.00369087855021,9,170.0,Gurobi Status: 9
F23,P23_12,5,2200000,2400000,5523,2249046.0,2254569.0,54569.0,Scheduled - Deadline Met,Yes,Yes,3600.2214527130127,60.00369087855021,9,170.0,Gurobi Status: 9
F24,P24_1,6,0,200000,3658,2517.0,6175.0,6175.0,Scheduled - Deadline Met,Yes,Yes,3600.2214527130127,60.00369087855021,9,170.0,Gurobi Status: 9
F24,P24_2,8,200000,400000,3658,309964.0,313622.0,113622.0,Scheduled - Deadline Met,Yes,Yes,3600.2214527130127,60.00369087855021,9,170.0,Gurobi Status: 9
F24,P24_3,6,400000,600000,3658,530926.0,534584.0,134584.0,Scheduled - Deadline Met,Yes,Yes,3600.2214527130127,60.00369087855021,9,170.0,Gurobi Status: 9
F24,P24_4,6,600000,800000,3658,675510.0,679168.0,79168.0,Scheduled - Deadline Met,Yes,Yes,3600.2214527130127,60.00369087855021,9,170.0,Gurobi Status: 9
F24,P24_5,8,800000,1000000,3658,,,,Optional Packets- Not Scheduled,No,N/A,3600.2214527130127,60.00369087855021,9,170.0,Gurobi Status: 9
F24,P24_6,6,1000000,1200000,3658,1111165.0,1114823.0,114823.0,Scheduled - Deadline Met,Yes,Yes,3600.2214527130127,60.00369087855021,9,170.0,Gurobi Status: 9
F24,P24_7,6,1200000,1400000,3658,1202517.0,1206175.0,6175.0,Scheduled - Deadline Met,Yes,Yes,3600.2214527130127,60.00369087855021,9,170.0,Gurobi Status: 9
F24,P24_8,8,1400000,1600000,3658,1516066.0,1519724.0,119724.0,Scheduled - Deadline Met,Yes,Yes,3600.2214527130127,60.00369087855021,9,170.0,Gurobi Status: 9
F24,P24_9,6,1600000,1800000,3658,1716014.0,1719672.0,119672.0,Scheduled - Deadline Met,Yes,Yes,3600.2214527130127,60.00369087855021,9,170.0,Gurobi Status: 9
F24,P24_10,6,1800000,2000000,3658,1830599.0,1834257.0,34257.0,Scheduled - Deadline Met,Yes,Yes,3600.2214527130127,60.00369087855021,9,170.0,Gurobi Status: 9
F24,P24_11,8,2000000,2200000,3658,,,,Optional Packets- Not Scheduled,No,N/A,3600.2214527130127,60.00369087855021,9,170.0,Gurobi Status: 9
F24,P24_12,6,2200000,2400000,3658,2259167.0,2262825.0,62825.0,Scheduled - Deadline Met,Yes,Yes,3600.2214527130127,60.00369087855021,9,170.0,Gurobi Status: 9
F25,P25_1,8,0,200000,8281,,,,Optional Packets- Not Scheduled,No,N/A,3600.2214527130127,60.00369087855021,9,170.0,Gurobi Status: 9
F25,P25_2,5,200000,400000,8281,267676.0,275957.0,75957.0,Scheduled - Deadline Met,Yes,Yes,3600.2214527130127,60.00369087855021,9,170.0,Gurobi Status: 9
F25,P25_3,8,400000,600000,8281,,,,Optional Packets- Not Scheduled,No,N/A,3600.2214527130127,60.00369087855021,9,170.0,Gurobi Status: 9
F25,P25_4,5,600000,800000,8281,729303.0,737584.0,137584.0,Scheduled - Deadline Met,Yes,Yes,3600.2214527130127,60.00369087855021,9,170.0,Gurobi Status: 9
F25,P25_5,8,800000,1000000,8281,,,,Optional Packets- Not Scheduled,No,N/A,3600.2214527130127,60.00369087855021,9,170.0,Gurobi Status: 9
F25,P25_6,5,1000000,1200000,8281,1014194.0,1022475.0,22475.0,Scheduled - Deadline Met,Yes,Yes,3600.2214527130127,60.00369087855021,9,170.0,Gurobi Status: 9
F25,P25_7,8,1200000,1400000,8281,,,,Optional Packets- Not Scheduled,No,N/A,3600.2214527130127,60.00369087855021,9,170.0,Gurobi Status: 9
F25,P25_8,5,1400000,1600000,8281,1436808.0,1445089.0,45089.0,Scheduled - Deadline Met,Yes,Yes,3600.2214527130127,60.00369087855021,9,170.0,Gurobi Status: 9
F25,P25_9,8,1600000,1800000,8281,,,,Optional Packets- Not Scheduled,No,N/A,3600.2214527130127,60.00369087855021,9,170.0,Gurobi Status: 9
F25,P25_10,5,1800000,2000000,8281,1854409.0,1862690.0,62690.0,Scheduled - Deadline Met,Yes,Yes,3600.2214527130127,60.00369087855021,9,170.0,Gurobi Status: 9
F25,P25_11,8,2000000,2200000,8281,,,,Optional Packets- Not Scheduled,No,N/A,3600.2214527130127,60.00369087855021,9,170.0,Gurobi Status: 9
F25,P25_12,5,2200000,2400000,8281,2227547.0,2235828.0,35828.0,Scheduled - Deadline Met,Yes,Yes,3600.2214527130127,60.00369087855021,9,170.0,Gurobi Status: 9
F26,P26_1,5,0,400000,7925,121622.0,129547.0,129547.0,Scheduled - Deadline Met,Yes,Yes,3600.2214527130127,60.00369087855021,9,170.0,Gurobi Status: 9
F26,P26_2,8,400000,800000,7925,469591.0,477516.0,77516.0,Scheduled - Deadline Met,Yes,Yes,3600.2214527130127,60.00369087855021,9,170.0,Gurobi Status: 9
F26,P26_3,5,800000,1200000,7925,858398.0,866323.0,66323.0,Scheduled - Deadline Met,Yes,Yes,3600.2214527130127,60.00369087855021,9,170.0,Gurobi Status: 9
F26,P26_4,8,1200000,1600000,7925,,,,Optional Packets- Not Scheduled,No,N/A,3600.2214527130127,60.00369087855021,9,170.0,Gurobi Status: 9
F26,P26_5,5,1600000,2000000,7925,1671129.0,1679054.0,79054.0,Scheduled - Deadline Met,Yes,Yes,3600.2214527130127,60.00369087855021,9,170.0,Gurobi Status: 9
F26,P26_6,8,2000000,2400000,7925,,,,Optional Packets- Not Scheduled,No,N/A,3600.2214527130127,60.00369087855021,9,170.0,Gurobi Status: 9
F27,P27_1,8,0,100000,1353,,,,Optional Packets- Not Scheduled,No,N/A,3600.2214527130127,60.00369087855021,9,170.0,Gurobi Status: 9
F27,P27_2,1,100000,200000,1353,113252.0,114605.0,14605.0,Scheduled - Deadline Met,Yes,Yes,3600.2214527130127,60.00369087855021,9,170.0,Gurobi Status: 9
F27,P27_3,8,200000,300000,1353,,,,Optional Packets- Not Scheduled,No,N/A,3600.2214527130127,60.00369087855021,9,170.0,Gurobi Status: 9
F27,P27_4,1,300000,400000,1353,397467.0,398820.0,98820.0,Scheduled - Deadline Met,Yes,Yes,3600.2214527130127,60.00369087855021,9,170.0,Gurobi Status: 9
F27,P27_5,8,400000,500000,1353,427585.0,428938.0,28938.0,Scheduled - Deadline Met,Yes,Yes,3600.2214527130127,60.00369087855021,9,170.0,Gurobi Status: 9
F27,P27_6,1,500000,600000,1353,581416.0,582769.0,82769.0,Scheduled - Deadline Met,Yes,Yes,3600.2214527130127,60.00369087855021,9,170.0,Gurobi Status: 9
F27,P27_7,8,600000,700000,1353,683744.0,685097.0,85097.0,Scheduled - Deadline Met,Yes,Yes,3600.2214527130127,60.00369087855021,9,170.0,Gurobi Status: 9
F27,P27_8,1,700000,800000,1353,753144.0,754497.0,54497.0,Scheduled - Deadline Met,Yes,Yes,3600.2214527130127,60.00369087855021,9,170.0,Gurobi Status: 9
F27,P27_9,8,800000,900000,1353,,,,Optional Packets- Not Scheduled,No,N/A,3600.2214527130127,60.00369087855021,9,170.0,Gurobi Status: 9
F27,P27_10,1,900000,1000000,1353,949731.0,951084.0,51084.0,Scheduled - Deadline Met,Yes,Yes,3600.2214527130127,60.00369087855021,9,170.0,Gurobi Status: 9
F27,P27_11,8,1000000,1100000,1353,1054258.0,1055611.0,55611.0,Scheduled - Deadline Met,Yes,Yes,3600.2214527130127,60.00369087855021,9,170.0,Gurobi Status: 9
F27,P27_12,1,1100000,1200000,1353,1117279.0,1118632.0,18632.0,Scheduled - Deadline Met,Yes,Yes,3600.2214527130127,60.00369087855021,9,170.0,Gurobi Status: 9
F27,P27_13,8,1200000,1300000,1353,1235219.0,1236572.0,36572.0,Scheduled - Deadline Met,Yes,Yes,3600.2214527130127,60.00369087855021,9,170.0,Gurobi Status: 9
F27,P27_14,1,1300000,1400000,1353,1354490.0,1355843.0,55843.0,Scheduled - Deadline Met,Yes,Yes,3600.2214527130127,60.00369087855021,9,170.0,Gurobi Status: 9
F27,P27_15,8,1400000,1500000,1353,,,,Optional Packets- Not Scheduled,No,N/A,3600.2214527130127,60.00369087855021,9,170.0,Gurobi Status: 9
F27,P27_16,1,1500000,1600000,1353,1546130.0,1547483.0,47483.0,Scheduled - Deadline Met,Yes,Yes,3600.2214527130127,60.00369087855021,9,170.0,Gurobi Status: 9
F27,P27_17,8,1600000,1700000,1353,,,,Optional Packets- Not Scheduled,No,N/A,3600.2214527130127,60.00369087855021,9,170.0,Gurobi Status: 9
F27,P27_18,1,1700000,1800000,1353,1735834.0,1737187.0,37187.0,Scheduled - Deadline Met,Yes,Yes,3600.2214527130127,60.00369087855021,9,170.0,Gurobi Status: 9
F27,P27_19,8,1800000,1900000,1353,,,,Optional Packets- Not Scheduled,No,N/A,3600.2214527130127,60.00369087855021,9,170.0,Gurobi Status: 9
F27,P27_20,1,1900000,2000000,1353,1911311.0,1912664.0,12664.0,Scheduled - Deadline Met,Yes,Yes,3600.2214527130127,60.00369087855021,9,170.0,Gurobi Status: 9
F27,P27_21,8,2000000,2100000,1353,2057512.0,2058865.0,58865.0,Scheduled - Deadline Met,Yes,Yes,3600.2214527130127,60.00369087855021,9,170.0,Gurobi Status: 9
F27,P27_22,1,2100000,2200000,1353,2171763.0,2173116.0,73116.0,Scheduled - Deadline Met,Yes,Yes,3600.2214527130127,60.00369087855021,9,170.0,Gurobi Status: 9
F27,P27_23,8,2200000,2300000,1353,,,,Optional Packets- Not Scheduled,No,N/A,3600.2214527130127,60.00369087855021,9,170.0,Gurobi Status: 9
F27,P27_24,1,2300000,2400000,1353,2300000.0,2301353.0,1353.0,Scheduled - Deadline Met,Yes,Yes,3600.2214527130127,60.00369087855021,9,170.0,Gurobi Status: 9
F28,P28_1,8,0,200000,8503,,,,Optional Packets- Not Scheduled,No,N/A,3600.2214527130127,60.00369087855021,9,170.0,Gurobi Status: 9
F28,P28_2,6,200000,400000,8503,236126.0,244629.0,44629.0,Scheduled - Deadline Met,Yes,Yes,3600.2214527130127,60.00369087855021,9,170.0,Gurobi Status: 9
F28,P28_3,8,400000,600000,8503,,,,Optional Packets- Not Scheduled,No,N/A,3600.2214527130127,60.00369087855021,9,170.0,Gurobi Status: 9
F28,P28_4,6,600000,800000,8503,651768.0,660271.0,60271.0,Scheduled - Deadline Met,Yes,Yes,3600.2214527130127,60.00369087855021,9,170.0,Gurobi Status: 9
F28,P28_5,8,800000,1000000,8503,,,,Optional Packets- Not Scheduled,No,N/A,3600.2214527130127,60.00369087855021,9,170.0,Gurobi Status: 9
F28,P28_6,6,1000000,1200000,8503,1023925.0,1032428.0,32428.0,Scheduled - Deadline Met,Yes,Yes,3600.2214527130127,60.00369087855021,9,170.0,Gurobi Status: 9
F28,P28_7,8,1200000,1400000,8503,,,,Optional Packets- Not Scheduled,No,N/A,3600.2214527130127,60.00369087855021,9,170.0,Gurobi Status: 9
F28,P28_8,6,1400000,1600000,8503,1450804.0,1459307.0,59307.0,Scheduled - Deadline Met,Yes,Yes,3600.2214527130127,60.00369087855021,9,170.0,Gurobi Status: 9
F28,P28_9,8,1600000,1800000,8503,,,,Optional Packets- Not Scheduled,No,N/A,3600.2214527130127,60.00369087855021,9,170.0,Gurobi Status: 9
F28,P28_10,6,1800000,2000000,8503,1808660.0,1817163.0,17163.0,Scheduled - Deadline Met,Yes,Yes,3600.2214527130127,60.00369087855021,9,170.0,Gurobi Status: 9
F28,P28_11,8,2000000,2200000,8503,,,,Optional Packets- Not Scheduled,No,N/A,3600.2214527130127,60.00369087855021,9,170.0,Gurobi Status: 9
F28,P28_12,6,2200000,2400000,8503,2235924.0,2244427.0,44427.0,Scheduled - Deadline Met,Yes,Yes,3600.2214527130127,60.00369087855021,9,170.0,Gurobi Status: 9
F29,P29_1,7,0,200000,2047,139082.0,141129.0,141129.0,Scheduled - Deadline Met,Yes,Yes,3600.2214527130127,60.00369087855021,9,170.0,Gurobi Status: 9
F29,P29_2,8,200000,400000,2047,313718.0,315765.0,115765.0,Scheduled - Deadline Met,Yes,Yes,3600.2214527130127,60.00369087855021,9,170.0,Gurobi Status: 9
F29,P29_3,7,400000,600000,2047,466070.0,468117.0,68117.0,Scheduled - Deadline Met,Yes,Yes,3600.2214527130127,60.00369087855021,9,170.0,Gurobi Status: 9
F29,P29_4,8,600000,800000,2047,688413.0,690460.0,90460.0,Scheduled - Deadline Met,Yes,Yes,3600.2214527130127,60.00369087855021,9,170.0,Gurobi Status: 9
F29,P29_5,7,800000,1000000,2047,813965.0,816012.0,16012.0,Scheduled - Deadline Met,Yes,Yes,3600.2214527130127,60.00369087855021,9,170.0,Gurobi Status: 9
F29,P29_6,8,1000000,1200000,2047,1090095.0,1092142.0,92142.0,Scheduled - Deadline Met,Yes,Yes,3600.2214527130127,60.00369087855021,9,170.0,Gurobi Status: 9
F29,P29_7,7,1200000,1400000,2047,1208308.0,1210355.0,10355.0,Scheduled - Deadline Met,Yes,Yes,3600.2214527130127,60.00369087855021,9,170.0,Gurobi Status: 9
F29,P29_8,8,1400000,1600000,2047,1519820.0,1521867.0,121867.0,Scheduled - Deadline Met,Yes,Yes,3600.2214527130127,60.00369087855021,9,170.0,Gurobi Status: 9
F29,P29_9,7,1600000,1800000,2047,1656660.0,1658707.0,58707.0,Scheduled - Deadline Met,Yes,Yes,3600.2214527130127,60.00369087855021,9,170.0,Gurobi Status: 9
F29,P29_10,8,1800000,2000000,2047,,,,Optional Packets- Not Scheduled,No,N/A,3600.2214527130127,60.00369087855021,9,170.0,Gurobi Status: 9
F29,P29_11,7,2000000,2200000,2047,2021078.0,2023125.0,23125.0,Scheduled - Deadline Met,Yes,Yes,3600.2214527130127,60.00369087855021,9,170.0,Gurobi Status: 9
F29,P29_12,8,2200000,2400000,2047,2281151.0,2283198.0,83198.0,Scheduled - Deadline Met,Yes,Yes,3600.2214527130127,60.00369087855021,9,170.0,Gurobi Status: 9
F3,P3_1,8,0,200000,805,61337.0,62142.0,62142.0,Scheduled - Deadline Met,Yes,Yes,3600.2214527130127,60.00369087855021,9,170.0,Gurobi Status: 9
F3,P3_2,7,200000,400000,805,350096.0,350901.0,150901.0,Scheduled - Deadline Met,Yes,Yes,3600.2214527130127,60.00369087855021,9,170.0,Gurobi Status: 9
F3,P3_3,7,400000,600000,805,545086.0,545891.0,145891.0,Scheduled - Deadline Met,Yes,Yes,3600.2214527130127,60.00369087855021,9,170.0,Gurobi Status: 9
F3,P3_4,8,600000,800000,805,696648.0,697453.0,97453.0,Scheduled - Deadline Met,Yes,Yes,3600.2214527130127,60.00369087855021,9,170.0,Gurobi Status: 9
F3,P3_5,7,800000,1000000,805,817012.0,817817.0,17817.0,Scheduled - Deadline Met,Yes,Yes,3600.2214527130127,60.00369087855021,9,170.0,Gurobi Status: 9
F3,P3_6,7,1000000,1200000,805,1078232.0,1079037.0,79037.0,Scheduled - Deadline Met,Yes,Yes,3600.2214527130127,60.00369087855021,9,170.0,Gurobi Status: 9
F3,P3_7,8,1200000,1400000,805,1283884.0,1284689.0,84689.0,Scheduled - Deadline Met,Yes,Yes,3600.2214527130127,60.00369087855021,9,170.0,Gurobi Status: 9
F3,P3_8,7,1400000,1600000,805,1500000.0,1500805.0,100805.0,Scheduled - Deadline Met,Yes,Yes,3600.2214527130127,60.00369087855021,9,170.0,Gurobi Status: 9
F3,P3_9,7,1600000,1800000,805,1658803.0,1659608.0,59608.0,Scheduled - Deadline Met,Yes,Yes,3600.2214527130127,60.00369087855021,9,170.0,Gurobi Status: 9
F3,P3_10,8,1800000,2000000,805,1896678.0,1897483.0,97483.0,Scheduled - Deadline Met,Yes,Yes,3600.2214527130127,60.00369087855021,9,170.0,Gurobi Status: 9
F3,P3_11,7,2000000,2200000,805,2042398.0,2043203.0,43203.0,Scheduled - Deadline Met,Yes,Yes,3600.2214527130127,60.00369087855021,9,170.0,Gurobi Status: 9
F3,P3_12,7,2200000,2400000,805,2254665.0,2255470.0,55470.0,Scheduled - Deadline Met,Yes,Yes,3600.2214527130127,60.00369087855021,9,170.0,Gurobi Status: 9
F30,P30_1,8,0,400000,1343,94583.0,95926.0,95926.0,Scheduled - Deadline Met,Yes,Yes,3600.2214527130127,60.00369087855021,9,170.0,Gurobi Status: 9
F30,P30_2,5,400000,800000,1343,458487.0,459830.0,59830.0,Scheduled - Deadline Met,Yes,Yes,3600.2214527130127,60.00369087855021,9,170.0,Gurobi Status: 9
F30,P30_3,8,800000,1200000,1343,923405.0,924748.0,124748.0,Scheduled - Deadline Met,Yes,Yes,3600.2214527130127,60.00369087855021,9,170.0,Gurobi Status: 9
F30,P30_4,5,1200000,1600000,1343,1327979.0,1329322.0,129322.0,Scheduled - Deadline Met,Yes,Yes,3600.2214527130127,60.00369087855021,9,170.0,Gurobi Status: 9
F30,P30_5,8,1600000,2000000,1343,1695575.0,1696918.0,96918.0,Scheduled - Deadline Met,Yes,Yes,3600.2214527130127,60.00369087855021,9,170.0,Gurobi Status: 9
F30,P30_6,5,2000000,2400000,1343,2038325.0,2039668.0,39668.0,Scheduled - Deadline Met,Yes,Yes,3600.2214527130127,60.00369087855021,9,170.0,Gurobi Status: 9
F31,P31_1,8,0,400000,3734,86277.0,90011.0,90011.0,Scheduled - Deadline Met,Yes,Yes,3600.2214527130127,60.00369087855021,9,170.0,Gurobi Status: 9
F31,P31_2,6,400000,800000,3734,534680.0,538414.0,138414.0,Scheduled - Deadline Met,Yes,Yes,3600.2214527130127,60.00369087855021,9,170.0,Gurobi Status: 9
F31,P31_3,8,800000,1200000,3734,917805.0,921539.0,121539.0,Scheduled - Deadline Met,Yes,Yes,3600.2214527130127,60.00369087855021,9,170.0,Gurobi Status: 9
F31,P31_4,6,1200000,1600000,3734,1219890.0,1223624.0,23624.0,Scheduled - Deadline Met,Yes,Yes,3600.2214527130127,60.00369087855021,9,170.0,Gurobi Status: 9
F31,P31_5,8,1600000,2000000,3734,1689283.0,1693017.0,93017.0,Scheduled - Deadline Met,Yes,Yes,3600.2214527130127,60.00369087855021,9,170.0,Gurobi Status: 9
F31,P31_6,6,2000000,2400000,3734,2046570.0,2050304.0,50304.0,Scheduled - Deadline Met,Yes,Yes,3600.2214527130127,60.00369087855021,9,170.0,Gurobi Status: 9
F32,P32_1,8,0,50000,2302,,,,Optional Packets- Not Scheduled,No,N/A,3600.2214527130127,60.00369087855021,9,170.0,Gurobi Status: 9
F32,P32_2,3,50000,100000,2302,83561.0,85863.0,35863.0,Scheduled - Deadline Met,Yes,Yes,3600.2214527130127,60.00369087855021,9,170.0,Gurobi Status: 9
F32,P32_3,8,100000,150000,2302,,,,Optional Packets- Not Scheduled,No,N/A,3600.2214527130127,60.00369087855021,9,170.0,Gurobi Status: 9
F32,P32_4,3,150000,200000,2302,193248.0,195550.0,45550.0,Scheduled - Deadline Met,Yes,Yes,3600.2214527130127,60.00369087855021,9,170.0,Gurobi Status: 9
F32,P32_5,8,200000,250000,2302,210184.0,212486.0,12486.0,Scheduled - Deadline Met,Yes,Yes,3600.2214527130127,60.00369087855021,9,170.0,Gurobi Status: 9
F32,P32_6,3,250000,300000,2302,282437.0,284739.0,34739.0,Scheduled - Deadline Met,Yes,Yes,3600.2214527130127,60.00369087855021,9,170.0,Gurobi Status: 9
F32,P32_7,8,300000,350000,2302,325235.0,327537.0,27537.0,Scheduled - Deadline Met,Yes,Yes,3600.2214527130127,60.00369087855021,9,170.0,Gurobi Status: 9
F32,P32_8,3,350000,400000,2302,386570.0,388872.0,38872.0,Scheduled - Deadline Met,Yes,Yes,3600.2214527130127,60.00369087855021,9,170.0,Gurobi Status: 9
F32,P32_9,8,400000,450000,2302,,,,Optional Packets- Not Scheduled,No,N/A,3600.2214527130127,60.00369087855021,9,170.0,Gurobi Status: 9
F32,P32_10,3,450000,500000,2302,456185.0,458487.0,8487.0,Scheduled - Deadline Met,Yes,Yes,3600.2214527130127,60.00369087855021,9,170.0,Gurobi Status: 9
F32,P32_11,8,500000,550000,2302,508798.0,511100.0,11100.0,Scheduled - Deadline Met,Yes,Yes,3600.2214527130127,60.00369087855021,9,170.0,Gurobi Status: 9
F32,P32_12,3,550000,600000,2302,596518.0,598820.0,48820.0,Scheduled - Deadline Met,Yes,Yes,3600.2214527130127,60.00369087855021,9,170.0,Gurobi Status: 9
F32,P32_13,8,600000,650000,2302,624689.0,626991.0,26991.0,Scheduled - Deadline Met,Yes,Yes,3600.2214527130127,60.00369087855021,9,170.0,Gurobi Status: 9
F32,P32_14,3,650000,700000,2302,679864.0,682166.0,32166.0,Scheduled - Deadline Met,Yes,Yes,3600.2214527130127,60.00369087855021,9,170.0,Gurobi Status: 9
F32,P32_15,8,700000,750000,2302,706251.0,708553.0,8553.0,Scheduled - Deadline Met,Yes,Yes,3600.2214527130127,60.00369087855021,9,170.0,Gurobi Status: 9
F32,P32_16,3,750000,800000,2302,796518.0,798820.0,48820.0,Scheduled - Deadline Met,Yes,Yes,3600.2214527130127,60.00369087855021,9,170.0,Gurobi Status: 9
F32,P32_17,8,800000,850000,2302,,,,Optional Packets- Not Scheduled,No,N/A,3600.2214527130127,60.00369087855021,9,170.0,Gurobi Status: 9
F32,P32_18,3,850000,900000,2302,877391.0,879693.0,29693.0,Scheduled - Deadline Met,Yes,Yes,3600.2214527130127,60.00369087855021,9,170.0,Gurobi Status: 9
F32,P32_19,8,900000,950000,2302,932421.0,934723.0,34723.0,Scheduled - Deadline Met,Yes,Yes,3600.2214527130127,60.00369087855021,9,170.0,Gurobi Status: 9
F32,P32_20,3,950000,1000000,2302,997698.0,1000000.0,50000.0,Scheduled - Deadline Met,Yes,Yes,3600.2214527130127,60.00369087855021,9,170.0,Gurobi Status: 9
F32,P32_21,8,1000000,1050000,2302,1041303.0,1043605.0,43605.0,Scheduled - Deadline Met,Yes,Yes,3600.2214527130127,60.00369087855021,9,170.0,Gurobi Status: 9
F32,P32_22,3,1050000,1100000,2302,1081554.0,1083856.0,33856.0,Scheduled - Deadline Met,Yes,Yes,3600.2214527130127,60.00369087855021,9,170.0,Gurobi Status: 9
F32,P32_23,8,1100000,1150000,2302,1146518.0,1148820.0,48820.0,Scheduled - Deadline Met,Yes,Yes,3600.2214527130127,60.00369087855021,9,170.0,Gurobi Status: 9
F32,P32_24,3,1150000,1200000,2302,1187027.0,1189329.0,39329.0,Scheduled - Deadline Met,Yes,Yes,3600.2214527130127,60.00369087855021,9,170.0,Gurobi Status: 9
F32,P32_25,8,1200000,1250000,2302,1224624.0,1226926.0,26926.0,Scheduled - Deadline Met,Yes,Yes,3600.2214527130127,60.00369087855021,9,170.0,Gurobi Status: 9
F32,P32_26,3,1250000,1300000,2302,1274620.0,1276922.0,26922.0,Scheduled - Deadline Met,Yes,Yes,3600.2214527130127,60.00369087855021,9,170.0,Gurobi Status: 9
F32,P32_27,8,1300000,1350000,2302,1306281.0,1308583.0,8583.0,Scheduled - Deadline Met,Yes,Yes,3600.2214527130127,60.00369087855021,9,170.0,Gurobi Status: 9
F32,P32_28,3,1350000,1400000,2302,1397698.0,1400000.0,50000.0,Scheduled - Deadline Met,Yes,Yes,3600.2214527130127,60.00369087855021,9,170.0,Gurobi Status: 9
F32,P32_29,8,1400000,1450000,2302,1416327.0,1418629.0,18629.0,Scheduled - Deadline Met,Yes,Yes,3600.2214527130127,60.00369087855021,9,170.0,Gurobi Status: 9
F32,P32_30,3,1450000,1500000,2302,1497698.0,1500000.0,50000.0,Scheduled - Deadline Met,Yes,Yes,3600.2214527130127,60.00369087855021,9,170.0,Gurobi Status: 9
F32,P32_31,8,1500000,1550000,2302,1531337.0,1533639.0,33639.0,Scheduled - Deadline Met,Yes,Yes,3600.2214527130127,60.00369087855021,9,170.0,Gurobi Status: 9
F32,P32_32,3,1550000,1600000,2302,1597698.0,1600000.0,50000.0,Scheduled - Deadline Met,Yes,Yes,3600.2214527130127,60.00369087855021,9,170.0,Gurobi Status: 9
F32,P32_33,8,1600000,1650000,2302,,,,Optional Packets- Not Scheduled,No,N/A,3600.2214527130127,60.00369087855021,9,170.0,Gurobi Status: 9
F32,P32_34,3,1650000,1700000,2302,1679054.0,1681356.0,31356.0,Scheduled - Deadline Met,Yes,Yes,3600.2214527130127,60.00369087855021,9,170.0,Gurobi Status: 9
F32,P32_35,8,1700000,1750000,2302,1741282.0,1743584.0,43584.0,Scheduled - Deadline Met,Yes,Yes,3600.2214527130127,60.00369087855021,9,170.0,Gurobi Status: 9
F32,P32_36,3,1750000,1800000,2302,1797698.0,1800000.0,50000.0,Scheduled - Deadline Met,Yes,Yes,3600.2214527130127,60.00369087855021,9,170.0,Gurobi Status: 9
F32,P32_37,8,1800000,1850000,2302,,,,Optional Packets- Not Scheduled,No,N/A,3600.2214527130127,60.00369087855021,9,170.0,Gurobi Status: 9
F32,P32_38,3,1850000,1900000,2302,1888743.0,1891045.0,41045.0,Scheduled - Deadline Met,Yes,Yes,3600.2214527130127,60.00369087855021,9,170.0,Gurobi Status: 9
F32,P32_39,8,1900000,1950000,2302,1946518.0,1948820.0,48820.0,Scheduled - Deadline Met,Yes,Yes,3600.2214527130127,60.00369087855021,9,170.0,Gurobi Status: 9
F32,P32_40,3,1950000,2000000,2302,1969711.0,1972013.0,22013.0,Scheduled - Deadline Met,Yes,Yes,3600.2214527130127,60.00369087855021,9,170.0,Gurobi Status: 9
F32,P32_41,8,2000000,2050000,2302,,,,Optional Packets- Not Scheduled,No,N/A,3600.2214527130127,60.00369087855021,9,170.0,Gurobi Status: 9
F32,P32_42,3,2050000,2100000,2302,2088517.0,2090819.0,40819.0,Scheduled - Deadline Met,Yes,Yes,3600.2214527130127,60.00369087855021,9,170.0,Gurobi Status: 9
F32,P32_43,8,2100000,2150000,2302,2145036.0,2147338.0,47338.0,Scheduled - Deadline Met,Yes,Yes,3600.2214527130127,60.00369087855021,9,170.0,Gurobi Status: 9
F32,P32_44,3,2150000,2200000,2302,2197698.0,2200000.0,50000.0,Scheduled - Deadline Met,Yes,Yes,3600.2214527130127,60.00369087855021,9,170.0,Gurobi Status: 9
F32,P32_45,8,2200000,2250000,2302,,,,Optional Packets- Not Scheduled,No,N/A,3600.2214527130127,60.00369087855021,9,170.0,Gurobi Status: 9
F32,P32_46,3,2250000,2300000,2302,2297698.0,2300000.0,50000.0,Scheduled - Deadline Met,Yes,Yes,3600.2214527130127,60.00369087855021,9,170.0,Gurobi Status: 9
F32,P32_47,8,2300000,2350000,2302,2318495.0,2320797.0,20797.0,Scheduled - Deadline Met,Yes,Yes,3600.2214527130127,60.00369087855021,9,170.0,Gurobi Status: 9
F32,P32_48,3,2350000,2400000,2302,2397602.0,2399904.0,49904.0,Scheduled - Deadline Met,Yes,Yes,3600.2214527130127,60.00369087855021,9,170.0,Gurobi Status: 9
F33,P33_1,8,0,200000,4427,,,,Optional Packets- Not Scheduled,No,N/A,3600.2214527130127,60.00369087855021,9,170.0,Gurobi Status: 9
F33,P33_2,6,200000,400000,4427,251895.0,256322.0,56322.0,Scheduled - Deadline Met,Yes,Yes,3600.2214527130127,60.00369087855021,9,170.0,Gurobi Status: 9
F33,P33_3,8,400000,600000,4427,,,,Optional Packets- Not Scheduled,No,N/A,3600.2214527130127,60.00369087855021,9,170.0,Gurobi Status: 9
F33,P33_4,6,600000,800000,4427,670987.0,675414.0,75414.0,Scheduled - Deadline Met,Yes,Yes,3600.2214527130127,60.00369087855021,9,170.0,Gurobi Status: 9
F33,P33_5,8,800000,1000000,4427,897860.0,902287.0,102287.0,Scheduled - Deadline Met,Yes,Yes,3600.2214527130127,60.00369087855021,9,170.0,Gurobi Status: 9
F33,P33_6,6,1000000,1200000,4427,1106642.0,1111069.0,111069.0,Scheduled - Deadline Met,Yes,Yes,3600.2214527130127,60.00369087855021,9,170.0,Gurobi Status: 9
F33,P33_7,8,1200000,1400000,4427,,,,Optional Packets- Not Scheduled,No,N/A,3600.2214527130127,60.00369087855021,9,170.0,Gurobi Status: 9
F33,P33_8,6,1400000,1600000,4427,1491693.0,1496120.0,96120.0,Scheduled - Deadline Met,Yes,Yes,3600.2214527130127,60.00369087855021,9,170.0,Gurobi Status: 9
F33,P33_9,8,1600000,1800000,4427,,,,Optional Packets- Not Scheduled,No,N/A,3600.2214527130127,60.00369087855021,9,170.0,Gurobi Status: 9
F33,P33_10,6,1800000,2000000,4427,1817259.0,1821686.0,21686.0,Scheduled - Deadline Met,Yes,Yes,3600.2214527130127,60.00369087855021,9,170.0,Gurobi Status: 9
F33,P33_11,8,2000000,2200000,4427,,,,Optional Packets- Not Scheduled,No,N/A,3600.2214527130127,60.00369087855021,9,170.0,Gurobi Status: 9
F33,P33_12,6,2200000,2400000,4427,2244523.0,2248950.0,48950.0,Scheduled - Deadline Met,Yes,Yes,3600.2214527130127,60.00369087855021,9,170.0,Gurobi Status: 9
F34,P34_1,8,0,100000,3718,,,,Optional Packets- Not Scheduled,No,N/A,3600.2214527130127,60.00369087855021,9,170.0,Gurobi Status: 9
F34,P34_2,2,100000,200000,3718,195646.0,199364.0,99364.0,Scheduled - Deadline Met,Yes,Yes,3600.2214527130127,60.00369087855021,9,170.0,Gurobi Status: 9
F34,P34_3,8,200000,300000,3718,222579.0,226297.0,26297.0,Scheduled - Deadline Met,Yes,Yes,3600.2214527130127,60.00369087855021,9,170.0,Gurobi Status: 9
F34,P34_4,2,300000,400000,3718,370506.0,374224.0,74224.0,Scheduled - Deadline Met,Yes,Yes,3600.2214527130127,60.00369087855021,9,170.0,Gurobi Status: 9
F34,P34_5,8,400000,500000,3718,,,,Optional Packets- Not Scheduled,No,N/A,3600.2214527130127,60.00369087855021,9,170.0,Gurobi Status: 9
F34,P34_6,2,500000,600000,3718,592704.0,596422.0,96422.0,Scheduled - Deadline Met,Yes,Yes,3600.2214527130127,60.00369087855021,9,170.0,Gurobi Status: 9
F34,P34_7,8,600000,700000,3718,,,,Optional Packets- Not Scheduled,No,N/A,3600.2214527130127,60.00369087855021,9,170.0,Gurobi Status: 9
F34,P34_8,2,700000,800000,3718,783170.0,786888.0,86888.0,Scheduled - Deadline Met,Yes,Yes,3600.2214527130127,60.00369087855021,9,170.0,Gurobi Status: 9
F34,P34_9,8,800000,900000,3718,,,,Optional Packets- Not Scheduled,No,N/A,3600.2214527130127,60.00369087855021,9,170.0,Gurobi Status: 9
F34,P34_10,2,900000,1000000,3718,956228.0,959946.0,59946.0,Scheduled - Deadline Met,Yes,Yes,3600.2214527130127,60.00369087855021,9,170.0,Gurobi Status: 9
F34,P34_11,8,1000000,1100000,3718,,,,Optional Packets- Not Scheduled,No,N/A,3600.2214527130127,60.00369087855021,9,170.0,Gurobi Status: 9
F34,P34_12,2,1100000,1200000,3718,1134002.0,1137720.0,37720.0,Scheduled - Deadline Met,Yes,Yes,3600.2214527130127,60.00369087855021,9,170.0,Gurobi Status: 9
F34,P34_13,8,1200000,1300000,3718,,,,Optional Packets- Not Scheduled,No,N/A,3600.2214527130127,60.00369087855021,9,170.0,Gurobi Status: 9
F34,P34_14,2,1300000,1400000,3718,1376484.0,1380202.0,80202.0,Scheduled - Deadline Met,Yes,Yes,3600.2214527130127,60.00369087855021,9,170.0,Gurobi Status: 9
F34,P34_15,8,1400000,1500000,3718,,,,Optional Packets- Not Scheduled,No,N/A,3600.2214527130127,60.00369087855021,9,170.0,Gurobi Status: 9
F34,P34_16,2,1500000,1600000,3718,1511138.0,1514856.0,14856.0,Scheduled - Deadline Met,Yes,Yes,3600.2214527130127,60.00369087855021,9,170.0,Gurobi Status: 9
F34,P34_17,8,1600000,1700000,3718,,,,Optional Packets- Not Scheduled,No,N/A,3600.2214527130127,60.00369087855021,9,170.0,Gurobi Status: 9
F34,P34_18,2,1700000,1800000,3718,1754593.0,1758311.0,58311.0,Scheduled - Deadline Met,Yes,Yes,3600.2214527130127,60.00369087855021,9,170.0,Gurobi Status: 9
F34,P34_19,8,1800000,1900000,3718,,,,Optional Packets- Not Scheduled,No,N/A,3600.2214527130127,60.00369087855021,9,170.0,Gurobi Status: 9
F34,P34_20,2,1900000,2000000,3718,1912760.0,1916478.0,16478.0,Scheduled - Deadline Met,Yes,Yes,3600.2214527130127,60.00369087855021,9,170.0,Gurobi Status: 9
F34,P34_21,8,2000000,2100000,3718,2051338.0,2055056.0,55056.0,Scheduled - Deadline Met,Yes,Yes,3600.2214527130127,60.00369087855021,9,170.0,Gurobi Status: 9
F34,P34_22,2,2100000,2200000,3718,2182891.0,2186609.0,86609.0,Scheduled - Deadline Met,Yes,Yes,3600.2214527130127,60.00369087855021,9,170.0,Gurobi Status: 9
F34,P34_23,8,2200000,2300000,3718,,,,Optional Packets- Not Scheduled,No,N/A,3600.2214527130127,60.00369087855021,9,170.0,Gurobi Status: 9
F34,P34_24,2,2300000,2400000,3718,2302931.0,2306649.0,6649.0,Scheduled - Deadline Met,Yes,Yes,3600.2214527130127,60.00369087855021,9,170.0,Gurobi Status: 9
F35,P35_1,8,0,200000,1282,59959.0,61241.0,61241.0,Scheduled - Deadline Met,Yes,Yes,3600.2214527130127,60.00369087855021,9,170.0,Gurobi Status: 9
F35,P35_2,7,200000,400000,1282,299147.0,300429.0,100429.0,Scheduled - Deadline Met,Yes,Yes,3600.2214527130127,60.00369087855021,9,170.0,Gurobi Status: 9
F35,P35_3,8,400000,600000,1282,468213.0,469495.0,69495.0,Scheduled - Deadline Met,Yes,Yes,3600.2214527130127,60.00369087855021,9,170.0,Gurobi Status: 9
F35,P35_4,7,600000,800000,1282,737680.0,738962.0,138962.0,Scheduled - Deadline Met,Yes,Yes,3600.2214527130127,60.00369087855021,9,170.0,Gurobi Status: 9
F35,P35_5,8,800000,1000000,1282,906433.0,907715.0,107715.0,Scheduled - Deadline Met,Yes,Yes,3600.2214527130127,60.00369087855021,9,170.0,Gurobi Status: 9
F35,P35_6,7,1000000,1200000,1282,1010299.0,1011581.0,11581.0,Scheduled - Deadline Met,Yes,Yes,3600.2214527130127,60.00369087855021,9,170.0,Gurobi Status: 9
F35,P35_7,8,1200000,1400000,1282,1282506.0,1283788.0,83788.0,Scheduled - Deadline Met,Yes,Yes,3600.2214527130127,60.00369087855021,9,170.0,Gurobi Status: 9
F35,P35_8,7,1400000,1600000,1282,1464399.0,1465681.0,65681.0,Scheduled - Deadline Met,Yes,Yes,3600.2214527130127,60.00369087855021,9,170.0,Gurobi Status: 9
F35,P35_9,8,1600000,1800000,1282,,,,Optional Packets- Not Scheduled,No,N/A,3600.2214527130127,60.00369087855021,9,170.0,Gurobi Status: 9
F35,P35_10,7,1800000,2000000,1282,1862786.0,1864068.0,64068.0,Scheduled - Deadline Met,Yes,Yes,3600.2214527130127,60.00369087855021,9,170.0,Gurobi Status: 9
F35,P35_11,8,2000000,2200000,1282,2117729.0,2119011.0,119011.0,Scheduled - Deadline Met,Yes,Yes,3600.2214527130127,60.00369087855021,9,170.0,Gurobi Status: 9
F35,P35_12,7,2200000,2400000,1282,2220837.0,2222119.0,22119.0,Scheduled - Deadline Met,Yes,Yes,3600.2214527130127,60.00369087855021,9,170.0,Gurobi Status: 9
F36,P36_1,3,0,400000,5705,37025.0,42730.0,42730.0,Scheduled - Deadline Met,Yes,Yes,3600.2214527130127,60.00369087855021,9,170.0,Gurobi Status: 9
F36,P36_2,8,400000,800000,5705,477612.0,483317.0,83317.0,Scheduled - Deadline Met,Yes,Yes,3600.2214527130127,60.00369087855021,9,170.0,Gurobi Status: 9
F36,P36_3,3,800000,1200000,5705,833263.0,838968.0,38968.0,Scheduled - Deadline Met,Yes,Yes,3600.2214527130127,60.00369087855021,9,170.0,Gurobi Status: 9
F36,P36_4,8,1200000,1600000,5705,,,,Optional Packets- Not Scheduled,No,N/A,3600.2214527130127,60.00369087855021,9,170.0,Gurobi Status: 9
F36,P36_5,3,1600000,2000000,5705,1636051.0,1641756.0,41756.0,Scheduled - Deadline Met,Yes,Yes,3600.2214527130127,60.00369087855021,9,170.0,Gurobi Status: 9
F36,P36_6,8,2000000,2400000,5705,2119107.0,2124812.0,124812.0,Scheduled - Deadline Met,Yes,Yes,3600.2214527130127,60.00369087855021,9,170.0,Gurobi Status: 9
F37,P37_1,5,0,200000,1941,109829.0,111770.0,111770.0,Scheduled - Deadline Met,Yes,Yes,3600.2214527130127,60.00369087855021,9,170.0,Gurobi Status: 9
F37,P37_2,8,200000,400000,1941,315861.0,317802.0,117802.0,Scheduled - Deadline Met,Yes,Yes,3600.2214527130127,60.00369087855021,9,170.0,Gurobi Status: 9
F37,P37_3,5,400000,600000,1941,438767.0,440708.0,40708.0,Scheduled - Deadline Met,Yes,Yes,3600.2214527130127,60.00369087855021,9,170.0,Gurobi Status: 9
F37,P37_4,8,600000,800000,1941,690556.0,692497.0,92497.0,Scheduled - Deadline Met,Yes,Yes,3600.2214527130127,60.00369087855021,9,170.0,Gurobi Status: 9
F37,P37_5,5,800000,1000000,1941,831226.0,833167.0,33167.0,Scheduled - Deadline Met,Yes,Yes,3600.2214527130127,60.00369087855021,9,170.0,Gurobi Status: 9
F37,P37_6,8,1000000,1200000,1941,1092238.0,1094179.0,94179.0,Scheduled - Deadline Met,Yes,Yes,3600.2214527130127,60.00369087855021,9,170.0,Gurobi Status: 9
F37,P37_7,5,1200000,1400000,1941,1206271.0,1208212.0,8212.0,Scheduled - Deadline Met,Yes,Yes,3600.2214527130127,60.00369087855021,9,170.0,Gurobi Status: 9
F37,P37_8,8,1400000,1600000,1941,1521963.0,1523904.0,123904.0,Scheduled - Deadline Met,Yes,Yes,3600.2214527130127,60.00369087855021,9,170.0,Gurobi Status: 9
F37,P37_9,5,1600000,1800000,1941,1669092.0,1671033.0,71033.0,Scheduled - Deadline Met,Yes,Yes,3600.2214527130127,60.00369087855021,9,170.0,Gurobi Status: 9
F37,P37_10,8,1800000,2000000,1941,,,,Optional Packets- Not Scheduled,No,N/A,3600.2214527130127,60.00369087855021,9,170.0,Gurobi Status: 9
F37,P37_11,5,2000000,2200000,1941,2005619.0,2007560.0,7560.0,Scheduled - Deadline Met,Yes,Yes,3600.2214527130127,60.00369087855021,9,170.0,Gurobi Status: 9
F37,P37_12,8,2200000,2400000,1941,2283294.0,2285235.0,85235.0,Scheduled - Deadline Met,Yes,Yes,3600.2214527130127,60.00369087855021,9,170.0,Gurobi Status: 9
F38,P38_1,8,0,100000,2264,,,,Optional Packets- Not Scheduled,No,N/A,3600.2214527130127,60.00369087855021,9,170.0,Gurobi Status: 9
F38,P38_2,3,100000,200000,2264,155021.0,157285.0,57285.0,Scheduled - Deadline Met,Yes,Yes,3600.2214527130127,60.00369087855021,9,170.0,Gurobi Status: 9
F38,P38_3,8,200000,300000,2264,,,,Optional Packets- Not Scheduled,No,N/A,3600.2214527130127,60.00369087855021,9,170.0,Gurobi Status: 9
F38,P38_4,3,300000,400000,2264,361961.0,364225.0,64225.0,Scheduled - Deadline Met,Yes,Yes,3600.2214527130127,60.00369087855021,9,170.0,Gurobi Status: 9
F38,P38_5,8,400000,500000,2264,425225.0,427489.0,27489.0,Scheduled - Deadline Met,Yes,Yes,3600.2214527130127,60.00369087855021,9,170.0,Gurobi Status: 9
F38,P38_6,3,500000,600000,2264,572662.0,574926.0,74926.0,Scheduled - Deadline Met,Yes,Yes,3600.2214527130127,60.00369087855021,9,170.0,Gurobi Status: 9
F38,P38_7,8,600000,700000,2264,629749.0,632013.0,32013.0,Scheduled - Deadline Met,Yes,Yes,3600.2214527130127,60.00369087855021,9,170.0,Gurobi Status: 9
F38,P38_8,3,700000,800000,2264,763410.0,765674.0,65674.0,Scheduled - Deadline Met,Yes,Yes,3600.2214527130127,60.00369087855021,9,170.0,Gurobi Status: 9
F38,P38_9,8,800000,900000,2264,895500.0,897764.0,97764.0,Scheduled - Deadline Met,Yes,Yes,3600.2214527130127,60.00369087855021,9,170.0,Gurobi Status: 9
F38,P38_10,3,900000,1000000,2264,984822.0,987086.0,87086.0,Scheduled - Deadline Met,Yes,Yes,3600.2214527130127,60.00369087855021,9,170.0,Gurobi Status: 9
F38,P38_11,8,1000000,1100000,2264,1051898.0,1054162.0,54162.0,Scheduled - Deadline Met,Yes,Yes,3600.2214527130127,60.00369087855021,9,170.0,Gurobi Status: 9
F38,P38_12,3,1100000,1200000,2264,1114919.0,1117183.0,17183.0,Scheduled - Deadline Met,Yes,Yes,3600.2214527130127,60.00369087855021,9,170.0,Gurobi Status: 9
F38,P38_13,8,1200000,1300000,2264,,,,Optional Packets- Not Scheduled,No,N/A,3600.2214527130127,60.00369087855021,9,170.0,Gurobi Status: 9
F38,P38_14,3,1300000,1400000,2264,1371607.0,1373871.0,73871.0,Scheduled - Deadline Met,Yes,Yes,3600.2214527130127,60.00369087855021,9,170.0,Gurobi Status: 9
F38,P38_15,8,1400000,1500000,2264,,,,Optional Packets- Not Scheduled,No,N/A,3600.2214527130127,60.00369087855021,9,170.0,Gurobi Status: 9
F38,P38_16,3,1500000,1600000,2264,1561479.0,1563743.0,63743.0,Scheduled - Deadline Met,Yes,Yes,3600.2214527130127,60.00369087855021,9,170.0,Gurobi Status: 9
F38,P38_17,8,1600000,1700000,2264,,,,Optional Packets- Not Scheduled,No,N/A,3600.2214527130127,60.00369087855021,9,170.0,Gurobi Status: 9
F38,P38_18,3,1700000,1800000,2264,1758407.0,1760671.0,60671.0,Scheduled - Deadline Met,Yes,Yes,3600.2214527130127,60.00369087855021,9,170.0,Gurobi Status: 9
F38,P38_19,8,1800000,1900000,2264,,,,Optional Packets- Not Scheduled,No,N/A,3600.2214527130127,60.00369087855021,9,170.0,Gurobi Status: 9
F38,P38_20,3,1900000,2000000,2264,1927908.0,1930172.0,30172.0,Scheduled - Deadline Met,Yes,Yes,3600.2214527130127,60.00369087855021,9,170.0,Gurobi Status: 9
F38,P38_21,8,2000000,2100000,2264,2055152.0,2057416.0,57416.0,Scheduled - Deadline Met,Yes,Yes,3600.2214527130127,60.00369087855021,9,170.0,Gurobi Status: 9
F38,P38_22,3,2100000,2200000,2264,2189153.0,2191417.0,91417.0,Scheduled - Deadline Met,Yes,Yes,3600.2214527130127,60.00369087855021,9,170.0,Gurobi Status: 9
F38,P38_23,8,2200000,2300000,2264,,,,Optional Packets- Not Scheduled,No,N/A,3600.2214527130127,60.00369087855021,9,170.0,Gurobi Status: 9
F38,P38_24,3,2300000,2400000,2264,2347640.0,2349904.0,49904.0,Scheduled - Deadline Met,Yes,Yes,3600.2214527130127,60.00369087855021,9,170.0,Gurobi Status: 9
F39,P39_1,1,0,200000,1056,28401.0,29457.0,29457.0,Scheduled - Deadline Met,Yes,Yes,3600.2214527130127,60.00369087855021,9,170.0,Gurobi Status: 9
F39,P39_2,8,200000,400000,1056,317898.0,318954.0,118954.0,Scheduled - Deadline Met,Yes,Yes,3600.2214527130127,60.00369087855021,9,170.0,Gurobi Status: 9
F39,P39_3,1,400000,600000,1056,414365.0,415421.0,15421.0,Scheduled - Deadline Met,Yes,Yes,3600.2214527130127,60.00369087855021,9,170.0,Gurobi Status: 9
F39,P39_4,8,600000,800000,1056,695496.0,696552.0,96552.0,Scheduled - Deadline Met,Yes,Yes,3600.2214527130127,60.00369087855021,9,170.0,Gurobi Status: 9
F39,P39_5,1,800000,1000000,1056,853975.0,855031.0,55031.0,Scheduled - Deadline Met,Yes,Yes,3600.2214527130127,60.00369087855021,9,170.0,Gurobi Status: 9
F39,P39_6,8,1000000,1200000,1056,1094275.0,1095331.0,95331.0,Scheduled - Deadline Met,Yes,Yes,3600.2214527130127,60.00369087855021,9,170.0,Gurobi Status: 9
F39,P39_7,1,1200000,1400000,1056,1276922.0,1277978.0,77978.0,Scheduled - Deadline Met,Yes,Yes,3600.2214527130127,60.00369087855021,9,170.0,Gurobi Status: 9
F39,P39_8,8,1400000,1600000,1056,1524000.0,1525056.0,125056.0,Scheduled - Deadline Met,Yes,Yes,3600.2214527130127,60.00369087855021,9,170.0,Gurobi Status: 9
F39,P39_9,1,1600000,1800000,1056,1607286.0,1608342.0,8342.0,Scheduled - Deadline Met,Yes,Yes,3600.2214527130127,60.00369087855021,9,170.0,Gurobi Status: 9
F39,P39_10,8,1800000,2000000,1056,1895526.0,1896582.0,96582.0,Scheduled - Deadline Met,Yes,Yes,3600.2214527130127,60.00369087855021,9,170.0,Gurobi Status: 9
F39,P39_11,1,2000000,2200000,1056,2041246.0,2042302.0,42302.0,Scheduled - Deadline Met,Yes,Yes,3600.2214527130127,60.00369087855021,9,170.0,Gurobi Status: 9
F39,P39_12,8,2200000,2400000,1056,2285331.0,2286387.0,86387.0,Scheduled - Deadline Met,Yes,Yes,3600.2214527130127,60.00369087855021,9,170.0,Gurobi Status: 9
F4,P4_1,8,0,200000,3124,,,,Optional Packets- Not Scheduled,No,N/A,3600.2214527130127,60.00369087855021,9,170.0,Gurobi Status: 9
F4,P4_2,2,200000,400000,3124,346876.0,350000.0,150000.0,Scheduled - Deadline Met,Yes,Yes,3600.2214527130127,60.00369087855021,9,170.0,Gurobi Status: 9
F4,P4_3,2,400000,600000,3124,540576.0,543700.0,143700.0,Scheduled - Deadline Met,Yes,Yes,3600.2214527130127,60.00369087855021,9,170.0,Gurobi Status: 9
F4,P4_4,8,600000,800000,3124,685193.0,688317.0,88317.0,Scheduled - Deadline Met,Yes,Yes,3600.2214527130127,60.00369087855021,9,170.0,Gurobi Status: 9
F4,P4_5,2,800000,1000000,3124,882355.0,885479.0,85479.0,Scheduled - Deadline Met,Yes,Yes,3600.2214527130127,60.00369087855021,9,170.0,Gurobi Status: 9
F4,P4_6,2,1000000,1200000,3124,1118728.0,1121852.0,121852.0,Scheduled - Deadline Met,Yes,Yes,3600.2214527130127,60.00369087855021,9,170.0,Gurobi Status: 9
F4,P4_7,8,1200000,1400000,3124,,,,Optional Packets- Not Scheduled,No,N/A,3600.2214527130127,60.00369087855021,9,170.0,Gurobi Status: 9
F4,P4_8,2,1400000,1600000,3124,1500901.0,1504025.0,104025.0,Scheduled - Deadline Met,Yes,Yes,3600.2214527130127,60.00369087855021,9,170.0,Gurobi Status: 9
F4,P4_9,2,1600000,1800000,3124,1601549.0,1604673.0,4673.0,Scheduled - Deadline Met,Yes,Yes,3600.2214527130127,60.00369087855021,9,170.0,Gurobi Status: 9
F4,P4_10,8,1800000,2000000,3124,1864738.0,1867862.0,67862.0,Scheduled - Deadline Met,Yes,Yes,3600.2214527130127,60.00369087855021,9,170.0,Gurobi Status: 9
F4,P4_11,2,2000000,2200000,3124,2091723.0,2094847.0,94847.0,Scheduled - Deadline Met,Yes,Yes,3600.2214527130127,60.00369087855021,9,170.0,Gurobi Status: 9
F4,P4_12,2,2200000,2400000,3124,2214781.0,2217905.0,17905.0,Scheduled - Deadline Met,Yes,Yes,3600.2214527130127,60.00369087855021,9,170.0,Gurobi Status: 9
F40,P40_1,8,0,50000,1084,,,,Optional Packets- Not Scheduled,No,N/A,3600.2214527130127,60.00369087855021,9,170.0,Gurobi Status: 9
F40,P40_2,1,50000,100000,1084,50000.0,51084.0,1084.0,Scheduled - Deadline Met,Yes,Yes,3600.2214527130127,60.00369087855021,9,170.0,Gurobi Status: 9
F40,P40_3,8,100000,150000,1084,,,,Optional Packets- Not Scheduled,No,N/A,3600.2214527130127,60.00369087855021,9,170.0,Gurobi Status: 9
F40,P40_4,1,150000,200000,1084,192068.0,193152.0,43152.0,Scheduled - Deadline Met,Yes,Yes,3600.2214527130127,60.00369087855021,9,170.0,Gurobi Status: 9
F40,P40_5,8,200000,250000,1084,212582.0,213666.0,13666.0,Scheduled - Deadline Met,Yes,Yes,3600.2214527130127,60.00369087855021,9,170.0,Gurobi Status: 9
F40,P40_6,1,250000,300000,1084,295450.0,296534.0,46534.0,Scheduled - Deadline Met,Yes,Yes,3600.2214527130127,60.00369087855021,9,170.0,Gurobi Status: 9
F40,P40_7,8,300000,350000,1084,329115.0,330199.0,30199.0,Scheduled - Deadline Met,Yes,Yes,3600.2214527130127,60.00369087855021,9,170.0,Gurobi Status: 9
F40,P40_8,1,350000,400000,1084,398916.0,400000.0,50000.0,Scheduled - Deadline Met,Yes,Yes,3600.2214527130127,60.00369087855021,9,170.0,Gurobi Status: 9
F40,P40_9,8,400000,450000,1084,,,,Optional Packets- Not Scheduled,No,N/A,3600.2214527130127,60.00369087855021,9,170.0,Gurobi Status: 9
F40,P40_10,1,450000,500000,1084,464986.0,466070.0,16070.0,Scheduled - Deadline Met,Yes,Yes,3600.2214527130127,60.00369087855021,9,170.0,Gurobi Status: 9
F40,P40_11,8,500000,550000,1084,511196.0,512280.0,12280.0,Scheduled - Deadline Met,Yes,Yes,3600.2214527130127,60.00369087855021,9,170.0,Gurobi Status: 9
F40,P40_12,1,550000,600000,1084,598916.0,600000.0,50000.0,Scheduled - Deadline Met,Yes,Yes,3600.2214527130127,60.00369087855021,9,170.0,Gurobi Status: 9
F40,P40_13,8,600000,650000,1084,628569.0,629653.0,29653.0,Scheduled - Deadline Met,Yes,Yes,3600.2214527130127,60.00369087855021,9,170.0,Gurobi Status: 9
F40,P40_14,1,650000,700000,1084,669807.0,670891.0,20891.0,Scheduled - Deadline Met,Yes,Yes,3600.2214527130127,60.00369087855021,9,170.0,Gurobi Status: 9
F40,P40_15,8,700000,750000,1084,742231.0,743315.0,43315.0,Scheduled - Deadline Met,Yes,Yes,3600.2214527130127,60.00369087855021,9,170.0,Gurobi Status: 9
F40,P40_16,1,750000,800000,1084,798916.0,800000.0,50000.0,Scheduled - Deadline Met,Yes,Yes,3600.2214527130127,60.00369087855021,9,170.0,Gurobi Status: 9
F40,P40_17,8,800000,850000,1084,,,,Optional Packets- Not Scheduled,No,N/A,3600.2214527130127,60.00369087855021,9,170.0,Gurobi Status: 9
F40,P40_18,1,850000,900000,1084,879789.0,880873.0,30873.0,Scheduled - Deadline Met,Yes,Yes,3600.2214527130127,60.00369087855021,9,170.0,Gurobi Status: 9
F40,P40_19,8,900000,950000,1084,936301.0,937385.0,37385.0,Scheduled - Deadline Met,Yes,Yes,3600.2214527130127,60.00369087855021,9,170.0,Gurobi Status: 9
F40,P40_20,1,950000,1000000,1084,951180.0,952264.0,2264.0,Scheduled - Deadline Met,Yes,Yes,3600.2214527130127,60.00369087855021,9,170.0,Gurobi Status: 9
F40,P40_21,8,1000000,1050000,1084,1043701.0,1044785.0,44785.0,Scheduled - Deadline Met,Yes,Yes,3600.2214527130127,60.00369087855021,9,170.0,Gurobi Status: 9
F40,P40_22,1,1050000,1100000,1084,1070963.0,1072047.0,22047.0,Scheduled - Deadline Met,Yes,Yes,3600.2214527130127,60.00369087855021,9,170.0,Gurobi Status: 9
F40,P40_23,8,1100000,1150000,1084,1148916.0,1150000.0,50000.0,Scheduled - Deadline Met,Yes,Yes,3600.2214527130127,60.00369087855021,9,170.0,Gurobi Status: 9
F40,P40_24,1,1150000,1200000,1084,1179662.0,1180746.0,30746.0,Scheduled - Deadline Met,Yes,Yes,3600.2214527130127,60.00369087855021,9,170.0,Gurobi Status: 9
F40,P40_25,8,1200000,1250000,1084,1227022.0,1228106.0,28106.0,Scheduled - Deadline Met,Yes,Yes,3600.2214527130127,60.00369087855021,9,170.0,Gurobi Status: 9
F40,P40_26,1,1250000,1300000,1084,1279844.0,1280928.0,30928.0,Scheduled - Deadline Met,Yes,Yes,3600.2214527130127,60.00369087855021,9,170.0,Gurobi Status: 9
F40,P40_27,8,1300000,1350000,1084,1308679.0,1309763.0,9763.0,Scheduled - Deadline Met,Yes,Yes,3600.2214527130127,60.00369087855021,9,170.0,Gurobi Status: 9
F40,P40_28,1,1350000,1400000,1084,1369923.0,1371007.0,21007.0,Scheduled - Deadline Met,Yes,Yes,3600.2214527130127,60.00369087855021,9,170.0,Gurobi Status: 9
F40,P40_29,8,1400000,1450000,1084,1418725.0,1419809.0,19809.0,Scheduled - Deadline Met,Yes,Yes,3600.2214527130127,60.00369087855021,9,170.0,Gurobi Status: 9
F40,P40_30,1,1450000,1500000,1084,1476474.0,1477558.0,27558.0,Scheduled - Deadline Met,Yes,Yes,3600.2214527130127,60.00369087855021,9,170.0,Gurobi Status: 9
F40,P40_31,8,1500000,1550000,1084,1535217.0,1536301.0,36301.0,Scheduled - Deadline Met,Yes,Yes,3600.2214527130127,60.00369087855021,9,170.0,Gurobi Status: 9
F40,P40_32,1,1550000,1600000,1084,1550000.0,1551084.0,1084.0,Scheduled - Deadline Met,Yes,Yes,3600.2214527130127,60.00369087855021,9,170.0,Gurobi Status: 9
F40,P40_33,8,1600000,1650000,1084,,,,Optional Packets- Not Scheduled,No,N/A,3600.2214527130127,60.00369087855021,9,170.0,Gurobi Status: 9
F40,P40_34,1,1650000,1700000,1084,1661823.0,1662907.0,12907.0,Scheduled - Deadline Met,Yes,Yes,3600.2214527130127,60.00369087855021,9,170.0,Gurobi Status: 9
F40,P40_35,8,1700000,1750000,1084,1743680.0,1744764.0,44764.0,Scheduled - Deadline Met,Yes,Yes,3600.2214527130127,60.00369087855021,9,170.0,Gurobi Status: 9
F40,P40_36,1,1750000,1800000,1084,1787816.0,1788900.0,38900.0,Scheduled - Deadline Met,Yes,Yes,3600.2214527130127,60.00369087855021,9,170.0,Gurobi Status: 9
F40,P40_37,8,1800000,1850000,1084,,,,Optional Packets- Not Scheduled,No,N/A,3600.2214527130127,60.00369087855021,9,170.0,Gurobi Status: 9
F40,P40_38,1,1850000,1900000,1084,1881378.0,1882462.0,32462.0,Scheduled - Deadline Met,Yes,Yes,3600.2214527130127,60.00369087855021,9,170.0,Gurobi Status: 9
F40,P40_39,8,1900000,1950000,1084,1948916.0,1950000.0,50000.0,Scheduled - Deadline Met,Yes,Yes,3600.2214527130127,60.00369087855021,9,170.0,Gurobi Status: 9
F40,P40_40,1,1950000,2000000,1084,1959829.0,1960913.0,10913.0,Scheduled - Deadline Met,Yes,Yes,3600.2214527130127,60.00369087855021,9,170.0,Gurobi Status: 9
F40,P40_41,8,2000000,2050000,1084,,,,Optional Packets- Not Scheduled,No,N/A,3600.2214527130127,60.00369087855021,9,170.0,Gurobi Status: 9
F40,P40_42,1,2050000,2100000,1084,2094847.0,2095931.0,45931.0,Scheduled - Deadline Met,Yes,Yes,3600.2214527130127,60.00369087855021,9,170.0,Gurobi Status: 9
F40,P40_43,8,2100000,2150000,1084,2148916.0,2150000.0,50000.0,Scheduled - Deadline Met,Yes,Yes,3600.2214527130127,60.00369087855021,9,170.0,Gurobi Status: 9
F40,P40_44,1,2150000,2200000,1084,2173212.0,2174296.0,24296.0,Scheduled - Deadline Met,Yes,Yes,3600.2214527130127,60.00369087855021,9,170.0,Gurobi Status: 9
F40,P40_45,8,2200000,2250000,1084,,,,Optional Packets- Not Scheduled,No,N/A,3600.2214527130127,60.00369087855021,9,170.0,Gurobi Status: 9
F40,P40_46,1,2250000,2300000,1084,2255470.0,2256554.0,6554.0,Scheduled - Deadline Met,Yes,Yes,3600.2214527130127,60.00369087855021,9,170.0,Gurobi Status: 9
F40,P40_47,8,2300000,2350000,1084,2320893.0,2321977.0,21977.0,Scheduled - Deadline Met,Yes,Yes,3600.2214527130127,60.00369087855021,9,170.0,Gurobi Status: 9
F40,P40_48,1,2350000,2400000,1084,2351482.0,2352566.0,2566.0,Scheduled - Deadline Met,Yes,Yes,3600.2214527130127,60.00369087855021,9,170.0,Gurobi Status: 9
F41,P41_1,2,0,400000,2514,172154.0,174668.0,174668.0,Scheduled - Deadline Met,Yes,Yes,3600.2214527130127,60.00369087855021,9,170.0,Gurobi Status: 9
F41,P41_2,8,400000,800000,2514,492638.0,495152.0,95152.0,Scheduled - Deadline Met,Yes,Yes,3600.2214527130127,60.00369087855021,9,170.0,Gurobi Status: 9
F41,P41_3,2,800000,1200000,2514,952264.0,954778.0,154778.0,Scheduled - Deadline Met,Yes,Yes,3600.2214527130127,60.00369087855021,9,170.0,Gurobi Status: 9
F41,P41_4,8,1200000,1600000,2514,1289632.0,1292146.0,92146.0,Scheduled - Deadline Met,Yes,Yes,3600.2214527130127,60.00369087855021,9,170.0,Gurobi Status: 9
F41,P41_5,2,1600000,2000000,2514,1731397.0,1733911.0,133911.0,Scheduled - Deadline Met,Yes,Yes,3600.2214527130127,60.00369087855021,9,170.0,Gurobi Status: 9
F41,P41_6,8,2000000,2400000,2514,2133775.0,2136289.0,136289.0,Scheduled - Deadline Met,Yes,Yes,3600.2214527130127,60.00369087855021,9,170.0,Gurobi Status: 9
F42,P42_1,8,0,400000,600,96883.0,97483.0,97483.0,Scheduled - Deadline Met,Yes,Yes,3600.2214527130127,60.00369087855021,9,170.0,Gurobi Status: 9
F42,P42_2,2,400000,800000,600,584251.0,584851.0,184851.0,Scheduled - Deadline Met,Yes,Yes,3600.2214527130127,60.00369087855021,9,170.0,Gurobi Status: 9
F42,P42_3,8,800000,1200000,600,925540.0,926140.0,126140.0,Scheduled - Deadline Met,Yes,Yes,3600.2214527130127,60.00369087855021,9,170.0,Gurobi Status: 9
F42,P42_4,2,1200000,1600000,600,1360270.0,1360870.0,160870.0,Scheduled - Deadline Met,Yes,Yes,3600.2214527130127,60.00369087855021,9,170.0,Gurobi Status: 9
F42,P42_5,8,1600000,2000000,600,1697918.0,1698518.0,98518.0,Scheduled - Deadline Met,Yes,Yes,3600.2214527130127,60.00369087855021,9,170.0,Gurobi Status: 9
F42,P42_6,2,2000000,2400000,600,2162346.0,2162946.0,162946.0,Scheduled - Deadline Met,Yes,Yes,3600.2214527130127,60.00369087855021,9,170.0,Gurobi Status: 9
F43,P43_1,8,0,100000,6921,,,,Optional Packets- Not Scheduled,No,N/A,3600.2214527130127,60.00369087855021,9,170.0,Gurobi Status: 9
F43,P43_2,6,100000,200000,6921,114701.0,121622.0,21622.0,Scheduled - Deadline Met,Yes,Yes,3600.2214527130127,60.00369087855021,9,170.0,Gurobi Status: 9
F43,P43_3,8,200000,300000,6921,,,,Optional Packets- Not Scheduled,No,N/A,3600.2214527130127,60.00369087855021,9,170.0,Gurobi Status: 9
F43,P43_4,6,300000,400000,6921,388968.0,395889.0,95889.0,Scheduled - Deadline Met,Yes,Yes,3600.2214527130127,60.00369087855021,9,170.0,Gurobi Status: 9
F43,P43_5,8,400000,500000,6921,,,,Optional Packets- Not Scheduled,No,N/A,3600.2214527130127,60.00369087855021,9,170.0,Gurobi Status: 9
F43,P43_6,6,500000,600000,6921,557266.0,564187.0,64187.0,Scheduled - Deadline Met,Yes,Yes,3600.2214527130127,60.00369087855021,9,170.0,Gurobi Status: 9
F43,P43_7,8,600000,700000,6921,,,,Optional Packets- Not Scheduled,No,N/A,3600.2214527130127,60.00369087855021,9,170.0,Gurobi Status: 9
F43,P43_8,6,700000,800000,6921,789501.0,796422.0,96422.0,Scheduled - Deadline Met,Yes,Yes,3600.2214527130127,60.00369087855021,9,170.0,Gurobi Status: 9
F43,P43_9,8,800000,900000,6921,,,,Optional Packets- Not Scheduled,No,N/A,3600.2214527130127,60.00369087855021,9,170.0,Gurobi Status: 9
F43,P43_10,6,900000,1000000,6921,960042.0,966963.0,66963.0,Scheduled - Deadline Met,Yes,Yes,3600.2214527130127,60.00369087855021,9,170.0,Gurobi Status: 9
F43,P43_11,8,1000000,1100000,6921,1044881.0,1051802.0,51802.0,Scheduled - Deadline Met,Yes,Yes,3600.2214527130127,60.00369087855021,9,170.0,Gurobi Status: 9
F43,P43_12,6,1100000,1200000,6921,1168646.0,1175567.0,75567.0,Scheduled - Deadline Met,Yes,Yes,3600.2214527130127,60.00369087855021,9,170.0,Gurobi Status: 9
F43,P43_13,8,1200000,1300000,6921,1228202.0,1235123.0,35123.0,Scheduled - Deadline Met,Yes,Yes,3600.2214527130127,60.00369087855021,9,170.0,Gurobi Status: 9
F43,P43_14,6,1300000,1400000,6921,1360870.0,1367791.0,67791.0,Scheduled - Deadline Met,Yes,Yes,3600.2214527130127,60.00369087855021,9,170.0,Gurobi Status: 9
F43,P43_15,8,1400000,1500000,6921,,,,Optional Packets- Not Scheduled,No,N/A,3600.2214527130127,60.00369087855021,9,170.0,Gurobi Status: 9
F43,P43_16,6,1500000,1600000,6921,1504121.0,1511042.0,11042.0,Scheduled - Deadline Met,Yes,Yes,3600.2214527130127,60.00369087855021,9,170.0,Gurobi Status: 9
F43,P43_17,8,1600000,1700000,6921,,,,Optional Packets- Not Scheduled,No,N/A,3600.2214527130127,60.00369087855021,9,170.0,Gurobi Status: 9
F43,P43_18,6,1700000,1800000,6921,1779317.0,1786238.0,86238.0,Scheduled - Deadline Met,Yes,Yes,3600.2214527130127,60.00369087855021,9,170.0,Gurobi Status: 9
F43,P43_19,8,1800000,1900000,6921,,,,Optional Packets- Not Scheduled,No,N/A,3600.2214527130127,60.00369087855021,9,170.0,Gurobi Status: 9
F43,P43_20,6,1900000,2000000,6921,1930268.0,1937189.0,37189.0,Scheduled - Deadline Met,Yes,Yes,3600.2214527130127,60.00369087855021,9,170.0,Gurobi Status: 9
F43,P43_21,8,2000000,2100000,6921,,,,Optional Packets- Not Scheduled,No,N/A,3600.2214527130127,60.00369087855021,9,170.0,Gurobi Status: 9
F43,P43_22,6,2100000,2200000,6921,2174392.0,2181313.0,81313.0,Scheduled - Deadline Met,Yes,Yes,3600.2214527130127,60.00369087855021,9,170.0,Gurobi Status: 9
F43,P43_23,8,2200000,2300000,6921,,,,Optional Packets- Not Scheduled,No,N/A,3600.2214527130127,60.00369087855021,9,170.0,Gurobi Status: 9
F43,P43_24,6,2300000,2400000,6921,2340623.0,2347544.0,47544.0,Scheduled - Deadline Met,Yes,Yes,3600.2214527130127,60.00369087855021,9,170.0,Gurobi Status: 9
F44,P44_1,8,0,200000,3351,54963.0,58314.0,58314.0,Scheduled - Deadline Met,Yes,Yes,3600.2214527130127,60.00369087855021,9,170.0,Gurobi Status: 9
F44,P44_2,1,200000,400000,3351,284739.0,288090.0,88090.0,Scheduled - Deadline Met,Yes,Yes,3600.2214527130127,60.00369087855021,9,170.0,Gurobi Status: 9
F44,P44_3,8,400000,600000,3351,,,,Optional Packets- Not Scheduled,No,N/A,3600.2214527130127,60.00369087855021,9,170.0,Gurobi Status: 9
F44,P44_4,1,600000,800000,3351,666360.0,669711.0,69711.0,Scheduled - Deadline Met,Yes,Yes,3600.2214527130127,60.00369087855021,9,170.0,Gurobi Status: 9
F44,P44_5,8,800000,1000000,3351,902986.0,906337.0,106337.0,Scheduled - Deadline Met,Yes,Yes,3600.2214527130127,60.00369087855021,9,170.0,Gurobi Status: 9
F44,P44_6,1,1000000,1200000,3351,1032524.0,1035875.0,35875.0,Scheduled - Deadline Met,Yes,Yes,3600.2214527130127,60.00369087855021,9,170.0,Gurobi Status: 9
F44,P44_7,8,1200000,1400000,3351,,,,Optional Packets- Not Scheduled,No,N/A,3600.2214527130127,60.00369087855021,9,170.0,Gurobi Status: 9
F44,P44_8,1,1400000,1600000,3351,1459403.0,1462754.0,62754.0,Scheduled - Deadline Met,Yes,Yes,3600.2214527130127,60.00369087855021,9,170.0,Gurobi Status: 9
F44,P44_9,8,1600000,1800000,3351,,,,Optional Packets- Not Scheduled,No,N/A,3600.2214527130127,60.00369087855021,9,170.0,Gurobi Status: 9
F44,P44_10,1,1800000,2000000,3351,1850962.0,1854313.0,54313.0,Scheduled - Deadline Met,Yes,Yes,3600.2214527130127,60.00369087855021,9,170.0,Gurobi Status: 9
F44,P44_11,8,2000000,2200000,3351,2114282.0,2117633.0,117633.0,Scheduled - Deadline Met,Yes,Yes,3600.2214527130127,60.00369087855021,9,170.0,Gurobi Status: 9
F44,P44_12,1,2200000,2400000,3351,2200000.0,2203351.0,3351.0,Scheduled - Deadline Met,Yes,Yes,3600.2214527130127,60.00369087855021,9,170.0,Gurobi Status: 9
F45,P45_1,8,0,200000,3687,51180.0,54867.0,54867.0,Scheduled - Deadline Met,Yes,Yes,3600.2214527130127,60.00369087855021,9,170.0,Gurobi Status: 9
F45,P45_2,3,200000,400000,3687,256418.0,260105.0,60105.0,Scheduled - Deadline Met,Yes,Yes,3600.2214527130127,60.00369087855021,9,170.0,Gurobi Status: 9
F45,P45_3,8,400000,600000,3687,,,,Optional Packets- Not Scheduled,No,N/A,3600.2214527130127,60.00369087855021,9,170.0,Gurobi Status: 9
F45,P45_4,3,600000,800000,3687,647985.0,651672.0,51672.0,Scheduled - Deadline Met,Yes,Yes,3600.2214527130127,60.00369087855021,9,170.0,Gurobi Status: 9
F45,P45_5,8,800000,1000000,3687,,,,Optional Packets- Not Scheduled,No,N/A,3600.2214527130127,60.00369087855021,9,170.0,Gurobi Status: 9
F45,P45_6,3,1000000,1200000,3687,1037520.0,1041207.0,41207.0,Scheduled - Deadline Met,Yes,Yes,3600.2214527130127,60.00369087855021,9,170.0,Gurobi Status: 9
F45,P45_7,8,1200000,1400000,3687,,,,Optional Packets- Not Scheduled,No,N/A,3600.2214527130127,60.00369087855021,9,170.0,Gurobi Status: 9
F45,P45_8,3,1400000,1600000,3687,1479304.0,1482991.0,82991.0,Scheduled - Deadline Met,Yes,Yes,3600.2214527130127,60.00369087855021,9,170.0,Gurobi Status: 9
F45,P45_9,8,1600000,1800000,3687,,,,Optional Packets- Not Scheduled,No,N/A,3600.2214527130127,60.00369087855021,9,170.0,Gurobi Status: 9
F45,P45_10,3,1800000,2000000,3687,1877691.0,1881378.0,81378.0,Scheduled - Deadline Met,Yes,Yes,3600.2214527130127,60.00369087855021,9,170.0,Gurobi Status: 9
F45,P45_11,8,2000000,2200000,3687,,,,Optional Packets- Not Scheduled,No,N/A,3600.2214527130127,60.00369087855021,9,170.0,Gurobi Status: 9
F45,P45_12,3,2200000,2400000,3687,2223764.0,2227451.0,27451.0,Scheduled - Deadline Met,Yes,Yes,3600.2214527130127,60.00369087855021,9,170.0,Gurobi Status: 9
F46,P46_1,8,0,50000,6089,,,,Optional Packets- Not Scheduled,No,N/A,3600.2214527130127,60.00369087855021,9,170.0,Gurobi Status: 9
F46,P46_2,3,50000,100000,6089,77376.0,83465.0,33465.0,Scheduled - Deadline Met,Yes,Yes,3600.2214527130127,60.00369087855021,9,170.0,Gurobi Status: 9
F46,P46_3,8,100000,150000,6089,,,,Optional Packets- Not Scheduled,No,N/A,3600.2214527130127,60.00369087855021,9,170.0,Gurobi Status: 9
F46,P46_4,3,150000,200000,6089,174668.0,180757.0,30757.0,Scheduled - Deadline Met,Yes,Yes,3600.2214527130127,60.00369087855021,9,170.0,Gurobi Status: 9
F46,P46_5,8,200000,250000,6089,201482.0,207571.0,7571.0,Scheduled - Deadline Met,Yes,Yes,3600.2214527130127,60.00369087855021,9,170.0,Gurobi Status: 9
F46,P46_6,3,250000,300000,6089,261587.0,267676.0,17676.0,Scheduled - Deadline Met,Yes,Yes,3600.2214527130127,60.00369087855021,9,170.0,Gurobi Status: 9
F46,P46_7,8,300000,350000,6089,319050.0,325139.0,25139.0,Scheduled - Deadline Met,Yes,Yes,3600.2214527130127,60.00369087855021,9,170.0,Gurobi Status: 9
F46,P46_8,3,350000,400000,6089,364321.0,370410.0,20410.0,Scheduled - Deadline Met,Yes,Yes,3600.2214527130127,60.00369087855021,9,170.0,Gurobi Status: 9
F46,P46_9,8,400000,450000,6089,,,,Optional Packets- Not Scheduled,No,N/A,3600.2214527130127,60.00369087855021,9,170.0,Gurobi Status: 9
F46,P46_10,3,450000,500000,6089,450000.0,456089.0,6089.0,Scheduled - Deadline Met,Yes,Yes,3600.2214527130127,60.00369087855021,9,170.0,Gurobi Status: 9
F46,P46_11,8,500000,550000,6089,500096.0,506185.0,6185.0,Scheduled - Deadline Met,Yes,Yes,3600.2214527130127,60.00369087855021,9,170.0,Gurobi Status: 9
F46,P46_12,3,550000,600000,6089,584851.0,590940.0,40940.0,Scheduled - Deadline Met,Yes,Yes,3600.2214527130127,60.00369087855021,9,170.0,Gurobi Status: 9
F46,P46_13,8,600000,650000,6089,618504.0,624593.0,24593.0,Scheduled - Deadline Met,Yes,Yes,3600.2214527130127,60.00369087855021,9,170.0,Gurobi Status: 9
F46,P46_14,3,650000,700000,6089,660271.0,666360.0,16360.0,Scheduled - Deadline Met,Yes,Yes,3600.2214527130127,60.00369087855021,9,170.0,Gurobi Status: 9
F46,P46_15,8,700000,750000,6089,700066.0,706155.0,6155.0,Scheduled - Deadline Met,Yes,Yes,3600.2214527130127,60.00369087855021,9,170.0,Gurobi Status: 9
F46,P46_16,3,750000,800000,6089,776985.0,783074.0,33074.0,Scheduled - Deadline Met,Yes,Yes,3600.2214527130127,60.00369087855021,9,170.0,Gurobi Status: 9
F46,P46_17,8,800000,850000,6089,,,,Optional Packets- Not Scheduled,No,N/A,3600.2214527130127,60.00369087855021,9,170.0,Gurobi Status: 9
F46,P46_18,3,850000,900000,6089,866323.0,872412.0,22412.0,Scheduled - Deadline Met,Yes,Yes,3600.2214527130127,60.00369087855021,9,170.0,Gurobi Status: 9
F46,P46_19,8,900000,950000,6089,926236.0,932325.0,32325.0,Scheduled - Deadline Met,Yes,Yes,3600.2214527130127,60.00369087855021,9,170.0,Gurobi Status: 9
F46,P46_20,3,950000,1000000,6089,991513.0,997602.0,47602.0,Scheduled - Deadline Met,Yes,Yes,3600.2214527130127,60.00369087855021,9,170.0,Gurobi Status: 9
F46,P46_21,8,1000000,1050000,6089,,,,Optional Packets- Not Scheduled,No,N/A,3600.2214527130127,60.00369087855021,9,170.0,Gurobi Status: 9
F46,P46_22,3,1050000,1100000,6089,1072143.0,1078232.0,28232.0,Scheduled - Deadline Met,Yes,Yes,3600.2214527130127,60.00369087855021,9,170.0,Gurobi Status: 9
F46,P46_23,8,1100000,1150000,6089,1137816.0,1143905.0,43905.0,Scheduled - Deadline Met,Yes,Yes,3600.2214527130127,60.00369087855021,9,170.0,Gurobi Status: 9
F46,P46_24,3,1150000,1200000,6089,1180842.0,1186931.0,36931.0,Scheduled - Deadline Met,Yes,Yes,3600.2214527130127,60.00369087855021,9,170.0,Gurobi Status: 9
F46,P46_25,8,1200000,1250000,6089,,,,Optional Packets- Not Scheduled,No,N/A,3600.2214527130127,60.00369087855021,9,170.0,Gurobi Status: 9
F46,P46_26,3,1250000,1300000,6089,1268435.0,1274524.0,24524.0,Scheduled - Deadline Met,Yes,Yes,3600.2214527130127,60.00369087855021,9,170.0,Gurobi Status: 9
F46,P46_27,8,1300000,1350000,6089,1300096.0,1306185.0,6185.0,Scheduled - Deadline Met,Yes,Yes,3600.2214527130127,60.00369087855021,9,170.0,Gurobi Status: 9
F46,P46_28,3,1350000,1400000,6089,1380298.0,1386387.0,36387.0,Scheduled - Deadline Met,Yes,Yes,3600.2214527130127,60.00369087855021,9,170.0,Gurobi Status: 9
F46,P46_29,8,1400000,1450000,6089,1407625.0,1413714.0,13714.0,Scheduled - Deadline Met,Yes,Yes,3600.2214527130127,60.00369087855021,9,170.0,Gurobi Status: 9
F46,P46_30,3,1450000,1500000,6089,1483087.0,1489176.0,39176.0,Scheduled - Deadline Met,Yes,Yes,3600.2214527130127,60.00369087855021,9,170.0,Gurobi Status: 9
F46,P46_31,8,1500000,1550000,6089,1525152.0,1531241.0,31241.0,Scheduled - Deadline Met,Yes,Yes,3600.2214527130127,60.00369087855021,9,170.0,Gurobi Status: 9
F46,P46_32,3,1550000,1600000,6089,1591513.0,1597602.0,47602.0,Scheduled - Deadline Met,Yes,Yes,3600.2214527130127,60.00369087855021,9,170.0,Gurobi Status: 9
F46,P46_33,8,1600000,1650000,6089,,,,Optional Packets- Not Scheduled,No,N/A,3600.2214527130127,60.00369087855021,9,170.0,Gurobi Status: 9
F46,P46_34,3,1650000,1700000,6089,1663003.0,1669092.0,19092.0,Scheduled - Deadline Met,Yes,Yes,3600.2214527130127,60.00369087855021,9,170.0,Gurobi Status: 9
F46,P46_35,8,1700000,1750000,6089,1700096.0,1706185.0,6185.0,Scheduled - Deadline Met,Yes,Yes,3600.2214527130127,60.00369087855021,9,170.0,Gurobi Status: 9
F46,P46_36,3,1750000,1800000,6089,1791513.0,1797602.0,47602.0,Scheduled - Deadline Met,Yes,Yes,3600.2214527130127,60.00369087855021,9,170.0,Gurobi Status: 9
F46,P46_37,8,1800000,1850000,6089,,,,Optional Packets- Not Scheduled,No,N/A,3600.2214527130127,60.00369087855021,9,170.0,Gurobi Status: 9
F46,P46_38,3,1850000,1900000,6089,1882558.0,1888647.0,38647.0,Scheduled - Deadline Met,Yes,Yes,3600.2214527130127,60.00369087855021,9,170.0,Gurobi Status: 9
F46,P46_39,8,1900000,1950000,6089,1940333.0,1946422.0,46422.0,Scheduled - Deadline Met,Yes,Yes,3600.2214527130127,60.00369087855021,9,170.0,Gurobi Status: 9
F46,P46_40,3,1950000,2000000,6089,1963526.0,1969615.0,19615.0,Scheduled - Deadline Met,Yes,Yes,3600.2214527130127,60.00369087855021,9,170.0,Gurobi Status: 9
F46,P46_41,8,2000000,2050000,6089,,,,Optional Packets- Not Scheduled,No,N/A,3600.2214527130127,60.00369087855021,9,170.0,Gurobi Status: 9
F46,P46_42,3,2050000,2100000,6089,2068694.0,2074783.0,24783.0,Scheduled - Deadline Met,Yes,Yes,3600.2214527130127,60.00369087855021,9,170.0,Gurobi Status: 9
F46,P46_43,8,2100000,2150000,6089,2138851.0,2144940.0,44940.0,Scheduled - Deadline Met,Yes,Yes,3600.2214527130127,60.00369087855021,9,170.0,Gurobi Status: 9
F46,P46_44,3,2150000,2200000,6089,2191513.0,2197602.0,47602.0,Scheduled - Deadline Met,Yes,Yes,3600.2214527130127,60.00369087855021,9,170.0,Gurobi Status: 9
F46,P46_45,8,2200000,2250000,6089,,,,Optional Packets- Not Scheduled,No,N/A,3600.2214527130127,60.00369087855021,9,170.0,Gurobi Status: 9
F46,P46_46,3,2250000,2300000,6089,2262825.0,2268914.0,18914.0,Scheduled - Deadline Met,Yes,Yes,3600.2214527130127,60.00369087855021,9,170.0,Gurobi Status: 9
F46,P46_47,8,2300000,2350000,6089,2306745.0,2312834.0,12834.0,Scheduled - Deadline Met,Yes,Yes,3600.2214527130127,60.00369087855021,9,170.0,Gurobi Status: 9
F46,P46_48,3,2350000,2400000,6089,2352662.0,2358751.0,8751.0,Scheduled - Deadline Met,Yes,Yes,3600.2214527130127,60.00369087855021,9,170.0,Gurobi Status: 9
F47,P47_1,8,0,400000,5829,,,,Optional Packets- Not Scheduled,No,N/A,3600.2214527130127,60.00369087855021,9,170.0,Gurobi Status: 9
F47,P47_2,5,400000,800000,5829,440804.0,446633.0,46633.0,Scheduled - Deadline Met,Yes,Yes,3600.2214527130127,60.00369087855021,9,170.0,Gurobi Status: 9
F47,P47_3,8,800000,1200000,5829,907811.0,913640.0,113640.0,Scheduled - Deadline Met,Yes,Yes,3600.2214527130127,60.00369087855021,9,170.0,Gurobi Status: 9
F47,P47_4,5,1200000,1600000,5829,1319592.0,1325421.0,125421.0,Scheduled - Deadline Met,Yes,Yes,3600.2214527130127,60.00369087855021,9,170.0,Gurobi Status: 9
F47,P47_5,8,1600000,2000000,5829,,,,Optional Packets- Not Scheduled,No,N/A,3600.2214527130127,60.00369087855021,9,170.0,Gurobi Status: 9
F47,P47_6,5,2000000,2400000,5829,2013799.0,2019628.0,19628.0,Scheduled - Deadline Met,Yes,Yes,3600.2214527130127,60.00369087855021,9,170.0,Gurobi Status: 9
F48,P48_1,6,0,400000,4702,29553.0,34255.0,34255.0,Scheduled - Deadline Met,Yes,Yes,3600.2214527130127,60.00369087855021,9,170.0,Gurobi Status: 9
F48,P48_2,8,400000,800000,4702,483413.0,488115.0,88115.0,Scheduled - Deadline Met,Yes,Yes,3600.2214527130127,60.00369087855021,9,170.0,Gurobi Status: 9
F48,P48_3,6,800000,1200000,4702,801482.0,806184.0,6184.0,Scheduled - Deadline Met,Yes,Yes,3600.2214527130127,60.00369087855021,9,170.0,Gurobi Status: 9
F48,P48_4,8,1200000,1600000,4702,1284785.0,1289487.0,89487.0,Scheduled - Deadline Met,Yes,Yes,3600.2214527130127,60.00369087855021,9,170.0,Gurobi Status: 9
F48,P48_5,6,1600000,2000000,4702,1719768.0,1724470.0,124470.0,Scheduled - Deadline Met,Yes,Yes,3600.2214527130127,60.00369087855021,9,170.0,Gurobi Status: 9
F48,P48_6,8,2000000,2400000,4702,2124908.0,2129610.0,129610.0,Scheduled - Deadline Met,Yes,Yes,3600.2214527130127,60.00369087855021,9,170.0,Gurobi Status: 9
F5,P5_1,8,0,200000,1258,,,,Optional Packets- Not Scheduled,No,N/A,3600.2214527130127,60.00369087855021,9,170.0,Gurobi Status: 9
F5,P5_2,4,200000,400000,1258,360607.0,361865.0,161865.0,Scheduled - Deadline Met,Yes,Yes,3600.2214527130127,60.00369087855021,9,170.0,Gurobi Status: 9
F5,P5_3,4,400000,600000,1258,555912.0,557170.0,157170.0,Scheduled - Deadline Met,Yes,Yes,3600.2214527130127,60.00369087855021,9,170.0,Gurobi Status: 9
F5,P5_4,8,600000,800000,1258,694142.0,695400.0,95400.0,Scheduled - Deadline Met,Yes,Yes,3600.2214527130127,60.00369087855021,9,170.0,Gurobi Status: 9
F5,P5_5,4,800000,1000000,1258,954874.0,956132.0,156132.0,Scheduled - Deadline Met,Yes,Yes,3600.2214527130127,60.00369087855021,9,170.0,Gurobi Status: 9
F5,P5_6,4,1000000,1200000,1258,1022571.0,1023829.0,23829.0,Scheduled - Deadline Met,Yes,Yes,3600.2214527130127,60.00369087855021,9,170.0,Gurobi Status: 9
F5,P5_7,8,1200000,1400000,1258,,,,Optional Packets- Not Scheduled,No,N/A,3600.2214527130127,60.00369087855021,9,170.0,Gurobi Status: 9
F5,P5_8,4,1400000,1600000,1258,1465777.0,1467035.0,67035.0,Scheduled - Deadline Met,Yes,Yes,3600.2214527130127,60.00369087855021,9,170.0,Gurobi Status: 9
F5,P5_9,4,1600000,1800000,1258,1660565.0,1661823.0,61823.0,Scheduled - Deadline Met,Yes,Yes,3600.2214527130127,60.00369087855021,9,170.0,Gurobi Status: 9
F5,P5_10,8,1800000,2000000,1258,1894172.0,1895430.0,95430.0,Scheduled - Deadline Met,Yes,Yes,3600.2214527130127,60.00369087855021,9,170.0,Gurobi Status: 9
F5,P5_11,4,2000000,2200000,1258,2019724.0,2020982.0,20982.0,Scheduled - Deadline Met,Yes,Yes,3600.2214527130127,60.00369087855021,9,170.0,Gurobi Status: 9
F5,P5_12,4,2200000,2400000,1258,2219483.0,2220741.0,20741.0,Scheduled - Deadline Met,Yes,Yes,3600.2214527130127,60.00369087855021,9,170.0,Gurobi Status: 9
F6,P6_1,2,0,400000,3973,165760.0,169733.0,169733.0,Scheduled - Deadline Met,Yes,Yes,3600.2214527130127,60.00369087855021,9,170.0,Gurobi Status: 9
F6,P6_2,2,400000,800000,3973,574926.0,578899.0,178899.0,Scheduled - Deadline Met,Yes,Yes,3600.2214527130127,60.00369087855021,9,170.0,Gurobi Status: 9
F6,P6_3,8,800000,1200000,3973,913736.0,917709.0,117709.0,Scheduled - Deadline Met,Yes,Yes,3600.2214527130127,60.00369087855021,9,170.0,Gurobi Status: 9
F6,P6_4,2,1200000,1600000,3973,1350517.0,1354490.0,154490.0,Scheduled - Deadline Met,Yes,Yes,3600.2214527130127,60.00369087855021,9,170.0,Gurobi Status: 9
F6,P6_5,2,1600000,2000000,3973,1724566.0,1728539.0,128539.0,Scheduled - Deadline Met,Yes,Yes,3600.2214527130127,60.00369087855021,9,170.0,Gurobi Status: 9
F6,P6_6,8,2000000,2400000,3973,2129706.0,2133679.0,133679.0,Scheduled - Deadline Met,Yes,Yes,3600.2214527130127,60.00369087855021,9,170.0,Gurobi Status: 9
F7,P7_1,8,0,400000,3827,62238.0,66065.0,66065.0,Scheduled - Deadline Met,Yes,Yes,3600.2214527130127,60.00369087855021,9,170.0,Gurobi Status: 9
F7,P7_2,3,400000,800000,3827,421302.0,425129.0,25129.0,Scheduled - Deadline Met,Yes,Yes,3600.2214527130127,60.00369087855021,9,170.0,Gurobi Status: 9
F7,P7_3,3,800000,1200000,3827,839064.0,842891.0,42891.0,Scheduled - Deadline Met,Yes,Yes,3600.2214527130127,60.00369087855021,9,170.0,Gurobi Status: 9
F7,P7_4,8,1200000,1600000,3827,,,,Optional Packets- Not Scheduled,No,N/A,3600.2214527130127,60.00369087855021,9,170.0,Gurobi Status: 9
F7,P7_5,3,1600000,2000000,3827,1641852.0,1645679.0,45679.0,Scheduled - Deadline Met,Yes,Yes,3600.2214527130127,60.00369087855021,9,170.0,Gurobi Status: 9
F7,P7_6,3,2000000,2400000,3827,2034402.0,2038229.0,38229.0,Scheduled - Deadline Met,Yes,Yes,3600.2214527130127,60.00369087855021,9,170.0,Gurobi Status: 9
F8,P8_1,4,0,400000,600,359911.0,360511.0,360511.0,Scheduled - Deadline Met,Yes,Yes,3600.2214527130127,60.00369087855021,9,170.0,Gurobi Status: 9
F8,P8_2,4,400000,800000,600,679264.0,679864.0,279864.0,Scheduled - Deadline Met,Yes,Yes,3600.2214527130127,60.00369087855021,9,170.0,Gurobi Status: 9
F8,P8_3,8,800000,1200000,600,924844.0,925444.0,125444.0,Scheduled - Deadline Met,Yes,Yes,3600.2214527130127,60.00369087855021,9,170.0,Gurobi Status: 9
F8,P8_4,4,1200000,1600000,600,1371007.0,1371607.0,171607.0,Scheduled - Deadline Met,Yes,Yes,3600.2214527130127,60.00369087855021,9,170.0,Gurobi Status: 9
F8,P8_5,4,1600000,2000000,600,1728635.0,1729235.0,129235.0,Scheduled - Deadline Met,Yes,Yes,3600.2214527130127,60.00369087855021,9,170.0,Gurobi Status: 9
F8,P8_6,8,2000000,2400000,600,2138155.0,2138755.0,138755.0,Scheduled - Deadline Met,Yes,Yes,3600.2214527130127,60.00369087855021,9,170.0,Gurobi Status: 9
F9,P9_1,3,0,100000,8721,6271.0,14992.0,14992.0,Scheduled - Deadline Met,Yes,Yes,3600.2214527130127,60.00369087855021,9,170.0,Gurobi Status: 9
F9,P9_2,3,100000,200000,8721,146204.0,154925.0,54925.0,Scheduled - Deadline Met,Yes,Yes,3600.2214527130127,60.00369087855021,9,170.0,Gurobi Status: 9
F9,P9_3,8,200000,300000,8721,213762.0,222483.0,22483.0,Scheduled - Deadline Met,Yes,Yes,3600.2214527130127,60.00369087855021,9,170.0,Gurobi Status: 9
F9,P9_4,3,300000,400000,8721,351094.0,359815.0,59815.0,Scheduled - Deadline Met,Yes,Yes,3600.2214527130127,60.00369087855021,9,170.0,Gurobi Status: 9
F9,P9_5,3,400000,500000,8721,405548.0,414269.0,14269.0,Scheduled - Deadline Met,Yes,Yes,3600.2214527130127,60.00369087855021,9,170.0,Gurobi Status: 9
F9,P9_6,8,500000,600000,8721,512376.0,521097.0,21097.0,Scheduled - Deadline Met,Yes,Yes,3600.2214527130127,60.00369087855021,9,170.0,Gurobi Status: 9
F9,P9_7,3,600000,700000,8721,600000.0,608721.0,8721.0,Scheduled - Deadline Met,Yes,Yes,3600.2214527130127,60.00369087855021,9,170.0,Gurobi Status: 9
F9,P9_8,3,700000,800000,8721,754593.0,763314.0,63314.0,Scheduled - Deadline Met,Yes,Yes,3600.2214527130127,60.00369087855021,9,170.0,Gurobi Status: 9
F9,P9_9,8,800000,900000,8721,,,,Optional Packets- Not Scheduled,No,N/A,3600.2214527130127,60.00369087855021,9,170.0,Gurobi Status: 9
F9,P9_10,3,900000,1000000,8721,968541.0,977262.0,77262.0,Scheduled - Deadline Met,Yes,Yes,3600.2214527130127,60.00369087855021,9,170.0,Gurobi Status: 9
F9,P9_11,3,1000000,1100000,8721,1001482.0,1010203.0,10203.0,Scheduled - Deadline Met,Yes,Yes,3600.2214527130127,60.00369087855021,9,170.0,Gurobi Status: 9
F9,P9_12,8,1100000,1200000,8721,1150096.0,1158817.0,58817.0,Scheduled - Deadline Met,Yes,Yes,3600.2214527130127,60.00369087855021,9,170.0,Gurobi Status: 9
F9,P9_13,3,1200000,1300000,8721,1246401.0,1255122.0,55122.0,Scheduled - Deadline Met,Yes,Yes,3600.2214527130127,60.00369087855021,9,170.0,Gurobi Status: 9
F9,P9_14,3,1300000,1400000,8721,1341700.0,1350421.0,50421.0,Scheduled - Deadline Met,Yes,Yes,3600.2214527130127,60.00369087855021,9,170.0,Gurobi Status: 9
F9,P9_15,8,1400000,1500000,8721,,,,Optional Packets- Not Scheduled,No,N/A,3600.2214527130127,60.00369087855021,9,170.0,Gurobi Status: 9
F9,P9_16,3,1500000,1600000,8721,1551180.0,1559901.0,59901.0,Scheduled - Deadline Met,Yes,Yes,3600.2214527130127,60.00369087855021,9,170.0,Gurobi Status: 9
F9,P9_17,3,1600000,1700000,8721,1608438.0,1617159.0,17159.0,Scheduled - Deadline Met,Yes,Yes,3600.2214527130127,60.00369087855021,9,170.0,Gurobi Status: 9
F9,P9_18,8,1700000,1800000,8721,1760767.0,1769488.0,69488.0,Scheduled - Deadline Met,Yes,Yes,3600.2214527130127,60.00369087855021,9,170.0,Gurobi Status: 9
F9,P9_19,3,1800000,1900000,8721,1821782.0,1830503.0,30503.0,Scheduled - Deadline Met,Yes,Yes,3600.2214527130127,60.00369087855021,9,170.0,Gurobi Status: 9
F9,P9_20,3,1900000,2000000,8721,1916574.0,1925295.0,25295.0,Scheduled - Deadline Met,Yes,Yes,3600.2214527130127,60.00369087855021,9,170.0,Gurobi Status: 9
F9,P9_21,8,2000000,2100000,8721,,,,Optional Packets- Not Scheduled,No,N/A,3600.2214527130127,60.00369087855021,9,170.0,Gurobi Status: 9
F9,P9_22,3,2100000,2200000,8721,2162946.0,2171667.0,71667.0,Scheduled - Deadline Met,Yes,Yes,3600.2214527130127,60.00369087855021,9,170.0,Gurobi Status: 9
F9,P9_23,3,2200000,2300000,8721,2203447.0,2212168.0,12168.0,Scheduled - Deadline Met,Yes,Yes,3600.2214527130127,60.00369087855021,9,170.0,Gurobi Status: 9
F9,P9_24,8,2300000,2400000,8721,2322073.0,2330794.0,30794.0,Scheduled - Deadline Met,Yes,Yes,3600.2214527130127,60.00369087855021,9,170.0,Gurobi Status: 9
