Flow,Packet,Class,Arrival,Deadline,Execution Time,Gate Open,Gate Close,Response Time,Status,Scheduled,Deadline Met,Solver_Execution_Time_Seconds,Solver_Execution_Time_Minutes,Solver_Status,Objective_Value,Stopping_Reason
F1,P1_1,8,0,400000,1970,92517.0,94487.0,94487.0,Scheduled - Deadline Met,Yes,Yes,3600.204780817032,60.0034130136172,9,8494.0,Gurobi Status: 9
F1,P1_2,6,400000,800000,1970,525939.0,527909.0,127909.0,Scheduled - Deadline Met,Yes,Yes,3600.204780817032,60.0034130136172,9,8494.0,Gurobi Status: 9
F1,P1_3,6,800000,1200000,1970,876224.0,878194.0,78194.0,Scheduled - Deadline Met,Yes,Yes,3600.204780817032,60.0034130136172,9,8494.0,Gurobi Status: 9
F1,P1_4,8,1200000,1600000,1970,1294652.0,1296622.0,96622.0,Scheduled - Deadline Met,Yes,Yes,3600.204780817032,60.0034130136172,9,8494.0,Gurobi Status: 9
F1,P1_5,6,1600000,2000000,1970,1643489.0,1645459.0,45459.0,Scheduled - Deadline Met,Yes,Yes,3600.204780817032,60.0034130136172,9,8494.0,Gurobi Status: 9
F1,P1_6,6,2000000,2400000,1970,2037230.0,2039200.0,39200.0,Scheduled - Deadline Met,Yes,Yes,3600.204780817032,60.0034130136172,9,8494.0,Gurobi Status: 9
F10,P10_1,1,0,200000,6047,35117.0,41164.0,41164.0,Scheduled - Deadline Met,Yes,Yes,3600.204780817032,60.0034130136172,9,8494.0,Gurobi Status: 9
F10,P10_2,1,200000,400000,6047,265149.0,271196.0,71196.0,Scheduled - Deadline Met,Yes,Yes,3600.204780817032,60.0034130136172,9,8494.0,Gurobi Status: 9
F10,P10_3,8,400000,600000,6047,448477.0,454524.0,54524.0,Scheduled - Deadline Met,Yes,Yes,3600.204780817032,60.0034130136172,9,8494.0,Gurobi Status: 9
F10,P10_4,1,600000,800000,6047,602517.0,608564.0,8564.0,Scheduled - Deadline Met,Yes,Yes,3600.204780817032,60.0034130136172,9,8494.0,Gurobi Status: 9
F10,P10_5,1,800000,1000000,6047,816609.0,822656.0,22656.0,Scheduled - Deadline Met,Yes,Yes,3600.204780817032,60.0034130136172,9,8494.0,Gurobi Status: 9
F10,P10_6,8,1000000,1200000,6047,1087139.0,1093186.0,93186.0,Scheduled - Deadline Met,Yes,Yes,3600.204780817032,60.0034130136172,9,8494.0,Gurobi Status: 9
F10,P10_7,1,1200000,1400000,6047,1215088.0,1221135.0,21135.0,Scheduled - Deadline Met,Yes,Yes,3600.204780817032,60.0034130136172,9,8494.0,Gurobi Status: 9
F10,P10_8,1,1400000,1600000,6047,1408548.0,1414595.0,14595.0,Scheduled - Deadline Met,Yes,Yes,3600.204780817032,60.0034130136172,9,8494.0,Gurobi Status: 9
F10,P10_9,8,1600000,1800000,6047,,,,Optional Packets- Not Scheduled,No,N/A,3600.204780817032,60.0034130136172,9,8494.0,Gurobi Status: 9
F10,P10_10,1,1800000,2000000,6047,1802517.0,1808564.0,8564.0,Scheduled - Deadline Met,Yes,Yes,3600.204780817032,60.0034130136172,9,8494.0,Gurobi Status: 9
F10,P10_11,1,2000000,2200000,6047,2024261.0,2030308.0,30308.0,Scheduled - Deadline Met,Yes,Yes,3600.204780817032,60.0034130136172,9,8494.0,Gurobi Status: 9
F10,P10_12,8,2200000,2400000,6047,2287139.0,2293186.0,93186.0,Scheduled - Deadline Met,Yes,Yes,3600.204780817032,60.0034130136172,9,8494.0,Gurobi Status: 9
F11,P11_1,5,0,50000,2421,0.0,2421.0,2421.0,Scheduled - Deadline Met,Yes,Yes,3600.204780817032,60.0034130136172,9,8494.0,Gurobi Status: 9
F11,P11_2,8,50000,100000,2421,97579.0,100000.0,50000.0,Scheduled - Deadline Met,Yes,Yes,3600.204780817032,60.0034130136172,9,8494.0,Gurobi Status: 9
F11,P11_3,5,100000,150000,2421,136898.0,139319.0,39319.0,Scheduled - Deadline Met,Yes,Yes,3600.204780817032,60.0034130136172,9,8494.0,Gurobi Status: 9
F11,P11_4,5,150000,200000,2421,170690.0,173111.0,23111.0,Scheduled - Deadline Met,Yes,Yes,3600.204780817032,60.0034130136172,9,8494.0,Gurobi Status: 9
F11,P11_5,8,200000,250000,2421,229098.0,231519.0,31519.0,Scheduled - Deadline Met,Yes,Yes,3600.204780817032,60.0034130136172,9,8494.0,Gurobi Status: 9
F11,P11_6,5,250000,300000,2421,287816.0,290237.0,40237.0,Scheduled - Deadline Met,Yes,Yes,3600.204780817032,60.0034130136172,9,8494.0,Gurobi Status: 9
F11,P11_7,5,300000,350000,2421,320557.0,322978.0,22978.0,Scheduled - Deadline Met,Yes,Yes,3600.204780817032,60.0034130136172,9,8494.0,Gurobi Status: 9
F11,P11_8,8,350000,400000,2421,378592.0,381013.0,31013.0,Scheduled - Deadline Met,Yes,Yes,3600.204780817032,60.0034130136172,9,8494.0,Gurobi Status: 9
F11,P11_9,5,400000,450000,2421,410960.0,413381.0,13381.0,Scheduled - Deadline Met,Yes,Yes,3600.204780817032,60.0034130136172,9,8494.0,Gurobi Status: 9
F11,P11_10,5,450000,500000,2421,484391.0,486812.0,36812.0,Scheduled - Deadline Met,Yes,Yes,3600.204780817032,60.0034130136172,9,8494.0,Gurobi Status: 9
F11,P11_11,8,500000,550000,2421,506281.0,508702.0,8702.0,Scheduled - Deadline Met,Yes,Yes,3600.204780817032,60.0034130136172,9,8494.0,Gurobi Status: 9
F11,P11_12,5,550000,600000,2421,566032.0,568453.0,18453.0,Scheduled - Deadline Met,Yes,Yes,3600.204780817032,60.0034130136172,9,8494.0,Gurobi Status: 9
F11,P11_13,5,600000,650000,2421,600000.0,602421.0,2421.0,Scheduled - Deadline Met,Yes,Yes,3600.204780817032,60.0034130136172,9,8494.0,Gurobi Status: 9
F11,P11_14,8,650000,700000,2421,697579.0,700000.0,50000.0,Scheduled - Deadline Met,Yes,Yes,3600.204780817032,60.0034130136172,9,8494.0,Gurobi Status: 9
F11,P11_15,5,700000,750000,2421,740235.0,742656.0,42656.0,Scheduled - Deadline Met,Yes,Yes,3600.204780817032,60.0034130136172,9,8494.0,Gurobi Status: 9
F11,P11_16,5,750000,800000,2421,760405.0,762826.0,12826.0,Scheduled - Deadline Met,Yes,Yes,3600.204780817032,60.0034130136172,9,8494.0,Gurobi Status: 9
F11,P11_17,8,800000,850000,2421,,,,Optional Packets- Not Scheduled,No,N/A,3600.204780817032,60.0034130136172,9,8494.0,Gurobi Status: 9
F11,P11_18,5,850000,900000,2421,896161.0,898582.0,48582.0,Scheduled - Deadline Met,Yes,Yes,3600.204780817032,60.0034130136172,9,8494.0,Gurobi Status: 9
F11,P11_19,5,900000,950000,2421,902913.0,905334.0,5334.0,Scheduled - Deadline Met,Yes,Yes,3600.204780817032,60.0034130136172,9,8494.0,Gurobi Status: 9
F11,P11_20,8,950000,1000000,2421,950096.0,952517.0,2517.0,Scheduled - Deadline Met,Yes,Yes,3600.204780817032,60.0034130136172,9,8494.0,Gurobi Status: 9
F11,P11_21,5,1000000,1050000,2421,1014996.0,1017417.0,17417.0,Scheduled - Deadline Met,Yes,Yes,3600.204780817032,60.0034130136172,9,8494.0,Gurobi Status: 9
F11,P11_22,5,1050000,1100000,2421,1064166.0,1066587.0,16587.0,Scheduled - Deadline Met,Yes,Yes,3600.204780817032,60.0034130136172,9,8494.0,Gurobi Status: 9
F11,P11_23,8,1100000,1150000,2421,1132432.0,1134853.0,34853.0,Scheduled - Deadline Met,Yes,Yes,3600.204780817032,60.0034130136172,9,8494.0,Gurobi Status: 9
F11,P11_24,5,1150000,1200000,2421,1186334.0,1188755.0,38755.0,Scheduled - Deadline Met,Yes,Yes,3600.204780817032,60.0034130136172,9,8494.0,Gurobi Status: 9
F11,P11_25,5,1200000,1250000,2421,1200000.0,1202421.0,2421.0,Scheduled - Deadline Met,Yes,Yes,3600.204780817032,60.0034130136172,9,8494.0,Gurobi Status: 9
F11,P11_26,8,1250000,1300000,2421,1297579.0,1300000.0,50000.0,Scheduled - Deadline Met,Yes,Yes,3600.204780817032,60.0034130136172,9,8494.0,Gurobi Status: 9
F11,P11_27,5,1300000,1350000,2421,1329245.0,1331666.0,31666.0,Scheduled - Deadline Met,Yes,Yes,3600.204780817032,60.0034130136172,9,8494.0,Gurobi Status: 9
F11,P11_28,5,1350000,1400000,2421,1388996.0,1391417.0,41417.0,Scheduled - Deadline Met,Yes,Yes,3600.204780817032,60.0034130136172,9,8494.0,Gurobi Status: 9
F11,P11_29,8,1400000,1450000,2421,1417527.0,1419948.0,19948.0,Scheduled - Deadline Met,Yes,Yes,3600.204780817032,60.0034130136172,9,8494.0,Gurobi Status: 9
F11,P11_30,5,1450000,1500000,2421,1477518.0,1479939.0,29939.0,Scheduled - Deadline Met,Yes,Yes,3600.204780817032,60.0034130136172,9,8494.0,Gurobi Status: 9
F11,P11_31,5,1500000,1550000,2421,1531312.0,1533733.0,33733.0,Scheduled - Deadline Met,Yes,Yes,3600.204780817032,60.0034130136172,9,8494.0,Gurobi Status: 9
F11,P11_32,8,1550000,1600000,2421,1550000.0,1552421.0,2421.0,Scheduled - Deadline Met,Yes,Yes,3600.204780817032,60.0034130136172,9,8494.0,Gurobi Status: 9
F11,P11_33,5,1600000,1650000,2421,1609450.0,1611871.0,11871.0,Scheduled - Deadline Met,Yes,Yes,3600.204780817032,60.0034130136172,9,8494.0,Gurobi Status: 9
F11,P11_34,5,1650000,1700000,2421,1672349.0,1674770.0,24770.0,Scheduled - Deadline Met,Yes,Yes,3600.204780817032,60.0034130136172,9,8494.0,Gurobi Status: 9
F11,P11_35,8,1700000,1750000,2421,1706281.0,1708702.0,8702.0,Scheduled - Deadline Met,Yes,Yes,3600.204780817032,60.0034130136172,9,8494.0,Gurobi Status: 9
F11,P11_36,5,1750000,1800000,2421,1773769.0,1776190.0,26190.0,Scheduled - Deadline Met,Yes,Yes,3600.204780817032,60.0034130136172,9,8494.0,Gurobi Status: 9
F11,P11_37,5,1800000,1850000,2421,1800000.0,1802421.0,2421.0,Scheduled - Deadline Met,Yes,Yes,3600.204780817032,60.0034130136172,9,8494.0,Gurobi Status: 9
F11,P11_38,8,1850000,1900000,2421,1897579.0,1900000.0,50000.0,Scheduled - Deadline Met,Yes,Yes,3600.204780817032,60.0034130136172,9,8494.0,Gurobi Status: 9
F11,P11_39,5,1900000,1950000,2421,1909829.0,1912250.0,12250.0,Scheduled - Deadline Met,Yes,Yes,3600.204780817032,60.0034130136172,9,8494.0,Gurobi Status: 9
F11,P11_40,5,1950000,2000000,2421,1970668.0,1973089.0,23089.0,Scheduled - Deadline Met,Yes,Yes,3600.204780817032,60.0034130136172,9,8494.0,Gurobi Status: 9
F11,P11_41,8,2000000,2050000,2421,,,,Optional Packets- Not Scheduled,No,N/A,3600.204780817032,60.0034130136172,9,8494.0,Gurobi Status: 9
F11,P11_42,5,2050000,2100000,2421,2088322.0,2090743.0,40743.0,Scheduled - Deadline Met,Yes,Yes,3600.204780817032,60.0034130136172,9,8494.0,Gurobi Status: 9
F11,P11_43,5,2100000,2150000,2421,2127189.0,2129610.0,29610.0,Scheduled - Deadline Met,Yes,Yes,3600.204780817032,60.0034130136172,9,8494.0,Gurobi Status: 9
F11,P11_44,8,2150000,2200000,2421,2150096.0,2152517.0,2517.0,Scheduled - Deadline Met,Yes,Yes,3600.204780817032,60.0034130136172,9,8494.0,Gurobi Status: 9
F11,P11_45,5,2200000,2250000,2421,2203761.0,2206182.0,6182.0,Scheduled - Deadline Met,Yes,Yes,3600.204780817032,60.0034130136172,9,8494.0,Gurobi Status: 9
F11,P11_46,5,2250000,2300000,2421,2256426.0,2258847.0,8847.0,Scheduled - Deadline Met,Yes,Yes,3600.204780817032,60.0034130136172,9,8494.0,Gurobi Status: 9
F11,P11_47,8,2300000,2350000,2421,2306281.0,2308702.0,8702.0,Scheduled - Deadline Met,Yes,Yes,3600.204780817032,60.0034130136172,9,8494.0,Gurobi Status: 9
F11,P11_48,5,2350000,2400000,2421,2371308.0,2373729.0,23729.0,Scheduled - Deadline Met,Yes,Yes,3600.204780817032,60.0034130136172,9,8494.0,Gurobi Status: 9
F12,P12_1,1,0,400000,1674,55383.0,57057.0,57057.0,Scheduled - Deadline Met,Yes,Yes,3600.204780817032,60.0034130136172,9,8494.0,Gurobi Status: 9
F12,P12_2,1,400000,800000,1674,426889.0,428563.0,28563.0,Scheduled - Deadline Met,Yes,Yes,3600.204780817032,60.0034130136172,9,8494.0,Gurobi Status: 9
F12,P12_3,8,800000,1200000,1674,934250.0,935924.0,135924.0,Scheduled - Deadline Met,Yes,Yes,3600.204780817032,60.0034130136172,9,8494.0,Gurobi Status: 9
F12,P12_4,1,1200000,1600000,1674,1242894.0,1244568.0,44568.0,Scheduled - Deadline Met,Yes,Yes,3600.204780817032,60.0034130136172,9,8494.0,Gurobi Status: 9
F12,P12_5,1,1600000,2000000,1674,1607680.0,1609354.0,9354.0,Scheduled - Deadline Met,Yes,Yes,3600.204780817032,60.0034130136172,9,8494.0,Gurobi Status: 9
F12,P12_6,8,2000000,2400000,1674,2136385.0,2138059.0,138059.0,Scheduled - Deadline Met,Yes,Yes,3600.204780817032,60.0034130136172,9,8494.0,Gurobi Status: 9
F13,P13_1,2,0,400000,8379,159951.0,168330.0,168330.0,Scheduled - Deadline Met,Yes,Yes,3600.204780817032,60.0034130136172,9,8494.0,Gurobi Status: 9
F13,P13_2,2,400000,800000,8379,550046.0,558425.0,158425.0,Scheduled - Deadline Met,Yes,Yes,3600.204780817032,60.0034130136172,9,8494.0,Gurobi Status: 9
F13,P13_3,8,800000,1200000,8379,917876.0,926255.0,126255.0,Scheduled - Deadline Met,Yes,Yes,3600.204780817032,60.0034130136172,9,8494.0,Gurobi Status: 9
F13,P13_4,2,1200000,1600000,8379,1331762.0,1340141.0,140141.0,Scheduled - Deadline Met,Yes,Yes,3600.204780817032,60.0034130136172,9,8494.0,Gurobi Status: 9
F13,P13_5,2,1600000,2000000,8379,1765390.0,1773769.0,173769.0,Scheduled - Deadline Met,Yes,Yes,3600.204780817032,60.0034130136172,9,8494.0,Gurobi Status: 9
F13,P13_6,8,2000000,2400000,8379,2103201.0,2111580.0,111580.0,Scheduled - Deadline Met,Yes,Yes,3600.204780817032,60.0034130136172,9,8494.0,Gurobi Status: 9
F14,P14_1,5,0,400000,2366,134436.0,136802.0,136802.0,Scheduled - Deadline Met,Yes,Yes,3600.204780817032,60.0034130136172,9,8494.0,Gurobi Status: 9
F14,P14_2,8,400000,800000,2366,495248.0,497614.0,97614.0,Scheduled - Deadline Met,Yes,Yes,3600.204780817032,60.0034130136172,9,8494.0,Gurobi Status: 9
F14,P14_3,5,800000,1200000,2366,880182.0,882548.0,82548.0,Scheduled - Deadline Met,Yes,Yes,3600.204780817032,60.0034130136172,9,8494.0,Gurobi Status: 9
F14,P14_4,5,1200000,1600000,2366,1309829.0,1312195.0,112195.0,Scheduled - Deadline Met,Yes,Yes,3600.204780817032,60.0034130136172,9,8494.0,Gurobi Status: 9
F14,P14_5,8,1600000,2000000,2366,1693113.0,1695479.0,95479.0,Scheduled - Deadline Met,Yes,Yes,3600.204780817032,60.0034130136172,9,8494.0,Gurobi Status: 9
F14,P14_6,5,2000000,2400000,2366,2058673.0,2061039.0,61039.0,Scheduled - Deadline Met,Yes,Yes,3600.204780817032,60.0034130136172,9,8494.0,Gurobi Status: 9
F15,P15_1,3,0,200000,7074,41260.0,48334.0,48334.0,Scheduled - Deadline Met,Yes,Yes,3600.204780817032,60.0034130136172,9,8494.0,Gurobi Status: 9
F15,P15_2,3,200000,400000,7074,213551.0,220625.0,20625.0,Scheduled - Deadline Met,Yes,Yes,3600.204780817032,60.0034130136172,9,8494.0,Gurobi Status: 9
F15,P15_3,8,400000,600000,7074,441307.0,448381.0,48381.0,Scheduled - Deadline Met,Yes,Yes,3600.204780817032,60.0034130136172,9,8494.0,Gurobi Status: 9
F15,P15_4,3,600000,800000,7074,649225.0,656299.0,56299.0,Scheduled - Deadline Met,Yes,Yes,3600.204780817032,60.0034130136172,9,8494.0,Gurobi Status: 9
F15,P15_5,3,800000,1000000,7074,800000.0,807074.0,7074.0,Scheduled - Deadline Met,Yes,Yes,3600.204780817032,60.0034130136172,9,8494.0,Gurobi Status: 9
F15,P15_6,8,1000000,1200000,7074,1079969.0,1087043.0,87043.0,Scheduled - Deadline Met,Yes,Yes,3600.204780817032,60.0034130136172,9,8494.0,Gurobi Status: 9
F15,P15_7,3,1200000,1400000,7074,1234820.0,1241894.0,41894.0,Scheduled - Deadline Met,Yes,Yes,3600.204780817032,60.0034130136172,9,8494.0,Gurobi Status: 9
F15,P15_8,3,1400000,1600000,7074,1401378.0,1408452.0,8452.0,Scheduled - Deadline Met,Yes,Yes,3600.204780817032,60.0034130136172,9,8494.0,Gurobi Status: 9
F15,P15_9,8,1600000,1800000,7074,,,,Optional Packets- Not Scheduled,No,N/A,3600.204780817032,60.0034130136172,9,8494.0,Gurobi Status: 9
F15,P15_10,3,1800000,2000000,7074,1826916.0,1833990.0,33990.0,Scheduled - Deadline Met,Yes,Yes,3600.204780817032,60.0034130136172,9,8494.0,Gurobi Status: 9
F15,P15_11,3,2000000,2200000,7074,2011118.0,2018192.0,18192.0,Scheduled - Deadline Met,Yes,Yes,3600.204780817032,60.0034130136172,9,8494.0,Gurobi Status: 9
F15,P15_12,8,2200000,2400000,7074,2279969.0,2287043.0,87043.0,Scheduled - Deadline Met,Yes,Yes,3600.204780817032,60.0034130136172,9,8494.0,Gurobi Status: 9
F16,P16_1,2,0,200000,9343,148232.0,157575.0,157575.0,Scheduled - Deadline Met,Yes,Yes,3600.204780817032,60.0034130136172,9,8494.0,Gurobi Status: 9
F16,P16_2,2,200000,400000,9343,300000.0,309343.0,109343.0,Scheduled - Deadline Met,Yes,Yes,3600.204780817032,60.0034130136172,9,8494.0,Gurobi Status: 9
F16,P16_3,8,400000,600000,9343,,,,Optional Packets- Not Scheduled,No,N/A,3600.204780817032,60.0034130136172,9,8494.0,Gurobi Status: 9
F16,P16_4,2,600000,800000,9343,720970.0,730313.0,130313.0,Scheduled - Deadline Met,Yes,Yes,3600.204780817032,60.0034130136172,9,8494.0,Gurobi Status: 9
F16,P16_5,2,800000,1000000,9343,807170.0,816513.0,16513.0,Scheduled - Deadline Met,Yes,Yes,3600.204780817032,60.0034130136172,9,8494.0,Gurobi Status: 9
F16,P16_6,8,1000000,1200000,9343,1070530.0,1079873.0,79873.0,Scheduled - Deadline Met,Yes,Yes,3600.204780817032,60.0034130136172,9,8494.0,Gurobi Status: 9
F16,P16_7,2,1200000,1400000,9343,1313730.0,1323073.0,123073.0,Scheduled - Deadline Met,Yes,Yes,3600.204780817032,60.0034130136172,9,8494.0,Gurobi Status: 9
F16,P16_8,2,1400000,1600000,9343,1481421.0,1490764.0,90764.0,Scheduled - Deadline Met,Yes,Yes,3600.204780817032,60.0034130136172,9,8494.0,Gurobi Status: 9
F16,P16_9,8,1600000,1800000,9343,,,,Optional Packets- Not Scheduled,No,N/A,3600.204780817032,60.0034130136172,9,8494.0,Gurobi Status: 9
F16,P16_10,2,1800000,2000000,9343,1817477.0,1826820.0,26820.0,Scheduled - Deadline Met,Yes,Yes,3600.204780817032,60.0034130136172,9,8494.0,Gurobi Status: 9
F16,P16_11,2,2000000,2200000,9343,2044768.0,2054111.0,54111.0,Scheduled - Deadline Met,Yes,Yes,3600.204780817032,60.0034130136172,9,8494.0,Gurobi Status: 9
F16,P16_12,8,2200000,2400000,9343,,,,Optional Packets- Not Scheduled,No,N/A,3600.204780817032,60.0034130136172,9,8494.0,Gurobi Status: 9
F17,P17_1,8,0,400000,2314,90107.0,92421.0,92421.0,Scheduled - Deadline Met,Yes,Yes,3600.204780817032,60.0034130136172,9,8494.0,Gurobi Status: 9
F17,P17_2,3,400000,800000,2314,433278.0,435592.0,35592.0,Scheduled - Deadline Met,Yes,Yes,3600.204780817032,60.0034130136172,9,8494.0,Gurobi Status: 9
F17,P17_3,3,800000,1200000,2314,850825.0,853139.0,53139.0,Scheduled - Deadline Met,Yes,Yes,3600.204780817032,60.0034130136172,9,8494.0,Gurobi Status: 9
F17,P17_4,8,1200000,1600000,2314,1292242.0,1294556.0,94556.0,Scheduled - Deadline Met,Yes,Yes,3600.204780817032,60.0034130136172,9,8494.0,Gurobi Status: 9
F17,P17_5,3,1600000,2000000,2314,1653884.0,1656198.0,56198.0,Scheduled - Deadline Met,Yes,Yes,3600.204780817032,60.0034130136172,9,8494.0,Gurobi Status: 9
F17,P17_6,3,2000000,2400000,2314,2056263.0,2058577.0,58577.0,Scheduled - Deadline Met,Yes,Yes,3600.204780817032,60.0034130136172,9,8494.0,Gurobi Status: 9
F18,P18_1,8,0,50000,1386,6271.0,7657.0,7657.0,Scheduled - Deadline Met,Yes,Yes,3600.204780817032,60.0034130136172,9,8494.0,Gurobi Status: 9
F18,P18_2,6,50000,100000,1386,58057.0,59443.0,9443.0,Scheduled - Deadline Met,Yes,Yes,3600.204780817032,60.0034130136172,9,8494.0,Gurobi Status: 9
F18,P18_3,6,100000,150000,1386,133050.0,134436.0,34436.0,Scheduled - Deadline Met,Yes,Yes,3600.204780817032,60.0034130136172,9,8494.0,Gurobi Status: 9
F18,P18_4,8,150000,200000,1386,,,,Optional Packets- Not Scheduled,No,N/A,3600.204780817032,60.0034130136172,9,8494.0,Gurobi Status: 9
F18,P18_5,6,200000,250000,1386,201378.0,202764.0,2764.0,Scheduled - Deadline Met,Yes,Yes,3600.204780817032,60.0034130136172,9,8494.0,Gurobi Status: 9
F18,P18_6,6,250000,300000,1386,275815.0,277201.0,27201.0,Scheduled - Deadline Met,Yes,Yes,3600.204780817032,60.0034130136172,9,8494.0,Gurobi Status: 9
F18,P18_7,8,300000,350000,1386,347434.0,348820.0,48820.0,Scheduled - Deadline Met,Yes,Yes,3600.204780817032,60.0034130136172,9,8494.0,Gurobi Status: 9
F18,P18_8,6,350000,400000,1386,375930.0,377316.0,27316.0,Scheduled - Deadline Met,Yes,Yes,3600.204780817032,60.0034130136172,9,8494.0,Gurobi Status: 9
F18,P18_9,6,400000,450000,1386,413477.0,414863.0,14863.0,Scheduled - Deadline Met,Yes,Yes,3600.204780817032,60.0034130136172,9,8494.0,Gurobi Status: 9
F18,P18_10,8,450000,500000,1386,498614.0,500000.0,50000.0,Scheduled - Deadline Met,Yes,Yes,3600.204780817032,60.0034130136172,9,8494.0,Gurobi Status: 9
F18,P18_11,6,500000,550000,1386,539283.0,540669.0,40669.0,Scheduled - Deadline Met,Yes,Yes,3600.204780817032,60.0034130136172,9,8494.0,Gurobi Status: 9
F18,P18_12,6,550000,600000,1386,564550.0,565936.0,15936.0,Scheduled - Deadline Met,Yes,Yes,3600.204780817032,60.0034130136172,9,8494.0,Gurobi Status: 9
F18,P18_13,8,600000,650000,1386,633016.0,634402.0,34402.0,Scheduled - Deadline Met,Yes,Yes,3600.204780817032,60.0034130136172,9,8494.0,Gurobi Status: 9
F18,P18_14,6,650000,700000,1386,678122.0,679508.0,29508.0,Scheduled - Deadline Met,Yes,Yes,3600.204780817032,60.0034130136172,9,8494.0,Gurobi Status: 9
F18,P18_15,6,700000,750000,1386,742752.0,744138.0,44138.0,Scheduled - Deadline Met,Yes,Yes,3600.204780817032,60.0034130136172,9,8494.0,Gurobi Status: 9
F18,P18_16,8,750000,800000,1386,773185.0,774571.0,24571.0,Scheduled - Deadline Met,Yes,Yes,3600.204780817032,60.0034130136172,9,8494.0,Gurobi Status: 9
F18,P18_17,6,800000,850000,1386,832245.0,833631.0,33631.0,Scheduled - Deadline Met,Yes,Yes,3600.204780817032,60.0034130136172,9,8494.0,Gurobi Status: 9
F18,P18_18,6,850000,900000,1386,894679.0,896065.0,46065.0,Scheduled - Deadline Met,Yes,Yes,3600.204780817032,60.0034130136172,9,8494.0,Gurobi Status: 9
F18,P18_19,8,900000,950000,1386,947434.0,948820.0,48820.0,Scheduled - Deadline Met,Yes,Yes,3600.204780817032,60.0034130136172,9,8494.0,Gurobi Status: 9
F18,P18_20,6,950000,1000000,1386,991719.0,993105.0,43105.0,Scheduled - Deadline Met,Yes,Yes,3600.204780817032,60.0034130136172,9,8494.0,Gurobi Status: 9
F18,P18_21,6,1000000,1050000,1386,1020733.0,1022119.0,22119.0,Scheduled - Deadline Met,Yes,Yes,3600.204780817032,60.0034130136172,9,8494.0,Gurobi Status: 9
F18,P18_22,8,1050000,1100000,1386,1098614.0,1100000.0,50000.0,Scheduled - Deadline Met,Yes,Yes,3600.204780817032,60.0034130136172,9,8494.0,Gurobi Status: 9
F18,P18_23,6,1100000,1150000,1386,1130950.0,1132336.0,32336.0,Scheduled - Deadline Met,Yes,Yes,3600.204780817032,60.0034130136172,9,8494.0,Gurobi Status: 9
F18,P18_24,6,1150000,1200000,1386,1190031.0,1191417.0,41417.0,Scheduled - Deadline Met,Yes,Yes,3600.204780817032,60.0034130136172,9,8494.0,Gurobi Status: 9
F18,P18_25,8,1200000,1250000,1386,1245360.0,1246746.0,46746.0,Scheduled - Deadline Met,Yes,Yes,3600.204780817032,60.0034130136172,9,8494.0,Gurobi Status: 9
F18,P18_26,6,1250000,1300000,1386,1266543.0,1267929.0,17929.0,Scheduled - Deadline Met,Yes,Yes,3600.204780817032,60.0034130136172,9,8494.0,Gurobi Status: 9
F18,P18_27,6,1300000,1350000,1386,1326314.0,1327700.0,27700.0,Scheduled - Deadline Met,Yes,Yes,3600.204780817032,60.0034130136172,9,8494.0,Gurobi Status: 9
F18,P18_28,8,1350000,1400000,1386,1350000.0,1351386.0,1386.0,Scheduled - Deadline Met,Yes,Yes,3600.204780817032,60.0034130136172,9,8494.0,Gurobi Status: 9
F18,P18_29,6,1400000,1450000,1386,1416045.0,1417431.0,17431.0,Scheduled - Deadline Met,Yes,Yes,3600.204780817032,60.0034130136172,9,8494.0,Gurobi Status: 9
F18,P18_30,6,1450000,1500000,1386,1480035.0,1481421.0,31421.0,Scheduled - Deadline Met,Yes,Yes,3600.204780817032,60.0034130136172,9,8494.0,Gurobi Status: 9
F18,P18_31,8,1500000,1550000,1386,1547338.0,1548724.0,48724.0,Scheduled - Deadline Met,Yes,Yes,3600.204780817032,60.0034130136172,9,8494.0,Gurobi Status: 9
F18,P18_32,6,1550000,1600000,1386,1570447.0,1571833.0,21833.0,Scheduled - Deadline Met,Yes,Yes,3600.204780817032,60.0034130136172,9,8494.0,Gurobi Status: 9
F18,P18_33,6,1600000,1650000,1386,1600000.0,1601386.0,1386.0,Scheduled - Deadline Met,Yes,Yes,3600.204780817032,60.0034130136172,9,8494.0,Gurobi Status: 9
F18,P18_34,8,1650000,1700000,1386,1698614.0,1700000.0,50000.0,Scheduled - Deadline Met,Yes,Yes,3600.204780817032,60.0034130136172,9,8494.0,Gurobi Status: 9
F18,P18_35,6,1700000,1750000,1386,1718531.0,1719917.0,19917.0,Scheduled - Deadline Met,Yes,Yes,3600.204780817032,60.0034130136172,9,8494.0,Gurobi Status: 9
F18,P18_36,6,1750000,1800000,1386,1782523.0,1783909.0,33909.0,Scheduled - Deadline Met,Yes,Yes,3600.204780817032,60.0034130136172,9,8494.0,Gurobi Status: 9
F18,P18_37,8,1800000,1850000,1386,,,,Optional Packets- Not Scheduled,No,N/A,3600.204780817032,60.0034130136172,9,8494.0,Gurobi Status: 9
F18,P18_38,6,1850000,1900000,1386,1858096.0,1859482.0,9482.0,Scheduled - Deadline Met,Yes,Yes,3600.204780817032,60.0034130136172,9,8494.0,Gurobi Status: 9
F18,P18_39,6,1900000,1950000,1386,1913532.0,1914918.0,14918.0,Scheduled - Deadline Met,Yes,Yes,3600.204780817032,60.0034130136172,9,8494.0,Gurobi Status: 9
F18,P18_40,8,1950000,2000000,1386,1988785.0,1990171.0,40171.0,Scheduled - Deadline Met,Yes,Yes,3600.204780817032,60.0034130136172,9,8494.0,Gurobi Status: 9
F18,P18_41,6,2000000,2050000,1386,2000000.0,2001386.0,1386.0,Scheduled - Deadline Met,Yes,Yes,3600.204780817032,60.0034130136172,9,8494.0,Gurobi Status: 9
F18,P18_42,6,2050000,2100000,1386,2065883.0,2067269.0,17269.0,Scheduled - Deadline Met,Yes,Yes,3600.204780817032,60.0034130136172,9,8494.0,Gurobi Status: 9
F18,P18_43,8,2100000,2150000,1386,2147434.0,2148820.0,48820.0,Scheduled - Deadline Met,Yes,Yes,3600.204780817032,60.0034130136172,9,8494.0,Gurobi Status: 9
F18,P18_44,6,2150000,2200000,1386,2198614.0,2200000.0,50000.0,Scheduled - Deadline Met,Yes,Yes,3600.204780817032,60.0034130136172,9,8494.0,Gurobi Status: 9
F18,P18_45,6,2200000,2250000,1386,2201378.0,2202764.0,2764.0,Scheduled - Deadline Met,Yes,Yes,3600.204780817032,60.0034130136172,9,8494.0,Gurobi Status: 9
F18,P18_46,8,2250000,2300000,1386,2298614.0,2300000.0,50000.0,Scheduled - Deadline Met,Yes,Yes,3600.204780817032,60.0034130136172,9,8494.0,Gurobi Status: 9
F18,P18_47,6,2300000,2350000,1386,2320929.0,2322315.0,22315.0,Scheduled - Deadline Met,Yes,Yes,3600.204780817032,60.0034130136172,9,8494.0,Gurobi Status: 9
F18,P18_48,6,2350000,2400000,1386,2369826.0,2371212.0,21212.0,Scheduled - Deadline Met,Yes,Yes,3600.204780817032,60.0034130136172,9,8494.0,Gurobi Status: 9
F19,P19_1,8,0,400000,9829,,,,Optional Packets- Not Scheduled,No,N/A,3600.204780817032,60.0034130136172,9,8494.0,Gurobi Status: 9
F19,P19_2,2,400000,800000,9829,528005.0,537834.0,137834.0,Scheduled - Deadline Met,Yes,Yes,3600.204780817032,60.0034130136172,9,8494.0,Gurobi Status: 9
F19,P19_3,2,800000,1200000,9829,884850.0,894679.0,94679.0,Scheduled - Deadline Met,Yes,Yes,3600.204780817032,60.0034130136172,9,8494.0,Gurobi Status: 9
F19,P19_4,8,1200000,1600000,9829,,,,Optional Packets- Not Scheduled,No,N/A,3600.204780817032,60.0034130136172,9,8494.0,Gurobi Status: 9
F19,P19_5,2,1600000,2000000,9829,1719917.0,1729746.0,129746.0,Scheduled - Deadline Met,Yes,Yes,3600.204780817032,60.0034130136172,9,8494.0,Gurobi Status: 9
F19,P19_6,2,2000000,2400000,9829,2075399.0,2085228.0,85228.0,Scheduled - Deadline Met,Yes,Yes,3600.204780817032,60.0034130136172,9,8494.0,Gurobi Status: 9
F2,P2_1,6,0,400000,808,57153.0,57961.0,57961.0,Scheduled - Deadline Met,Yes,Yes,3600.204780817032,60.0034130136172,9,8494.0,Gurobi Status: 9
F2,P2_2,8,400000,800000,808,497710.0,498518.0,98518.0,Scheduled - Deadline Met,Yes,Yes,3600.204780817032,60.0034130136172,9,8494.0,Gurobi Status: 9
F2,P2_3,6,800000,1200000,808,879278.0,880086.0,80086.0,Scheduled - Deadline Met,Yes,Yes,3600.204780817032,60.0034130136172,9,8494.0,Gurobi Status: 9
F2,P2_4,6,1200000,1600000,808,1241990.0,1242798.0,42798.0,Scheduled - Deadline Met,Yes,Yes,3600.204780817032,60.0034130136172,9,8494.0,Gurobi Status: 9
F2,P2_5,8,1600000,2000000,808,1697014.0,1697822.0,97822.0,Scheduled - Deadline Met,Yes,Yes,3600.204780817032,60.0034130136172,9,8494.0,Gurobi Status: 9
F2,P2_6,6,2000000,2400000,808,2055359.0,2056167.0,56167.0,Scheduled - Deadline Met,Yes,Yes,3600.204780817032,60.0034130136172,9,8494.0,Gurobi Status: 9
F20,P20_1,8,0,200000,1453,62797.0,64250.0,64250.0,Scheduled - Deadline Met,Yes,Yes,3600.204780817032,60.0034130136172,9,8494.0,Gurobi Status: 9
F20,P20_2,1,200000,400000,1453,286363.0,287816.0,87816.0,Scheduled - Deadline Met,Yes,Yes,3600.204780817032,60.0034130136172,9,8494.0,Gurobi Status: 9
F20,P20_3,1,400000,600000,1453,414959.0,416412.0,16412.0,Scheduled - Deadline Met,Yes,Yes,3600.204780817032,60.0034130136172,9,8494.0,Gurobi Status: 9
F20,P20_4,8,600000,800000,1453,692623.0,694076.0,94076.0,Scheduled - Deadline Met,Yes,Yes,3600.204780817032,60.0034130136172,9,8494.0,Gurobi Status: 9
F20,P20_5,1,800000,1000000,1453,822752.0,824205.0,24205.0,Scheduled - Deadline Met,Yes,Yes,3600.204780817032,60.0034130136172,9,8494.0,Gurobi Status: 9
F20,P20_6,1,1000000,1200000,1453,1043875.0,1045328.0,45328.0,Scheduled - Deadline Met,Yes,Yes,3600.204780817032,60.0034130136172,9,8494.0,Gurobi Status: 9
F20,P20_7,8,1200000,1400000,1453,1252691.0,1254144.0,54144.0,Scheduled - Deadline Met,Yes,Yes,3600.204780817032,60.0034130136172,9,8494.0,Gurobi Status: 9
F20,P20_8,1,1400000,1600000,1453,1468604.0,1470057.0,70057.0,Scheduled - Deadline Met,Yes,Yes,3600.204780817032,60.0034130136172,9,8494.0,Gurobi Status: 9
F20,P20_9,1,1600000,1800000,1453,1601482.0,1602935.0,2935.0,Scheduled - Deadline Met,Yes,Yes,3600.204780817032,60.0034130136172,9,8494.0,Gurobi Status: 9
F20,P20_10,8,1800000,2000000,1453,1892623.0,1894076.0,94076.0,Scheduled - Deadline Met,Yes,Yes,3600.204780817032,60.0034130136172,9,8494.0,Gurobi Status: 9
F20,P20_11,1,2000000,2200000,1453,2039296.0,2040749.0,40749.0,Scheduled - Deadline Met,Yes,Yes,3600.204780817032,60.0034130136172,9,8494.0,Gurobi Status: 9
F20,P20_12,1,2200000,2400000,1453,2239390.0,2240843.0,40843.0,Scheduled - Deadline Met,Yes,Yes,3600.204780817032,60.0034130136172,9,8494.0,Gurobi Status: 9
F21,P21_1,8,0,400000,765,96022.0,96787.0,96787.0,Scheduled - Deadline Met,Yes,Yes,3600.204780817032,60.0034130136172,9,8494.0,Gurobi Status: 9
F21,P21_2,3,400000,800000,765,470173.0,470938.0,70938.0,Scheduled - Deadline Met,Yes,Yes,3600.204780817032,60.0034130136172,9,8494.0,Gurobi Status: 9
F21,P21_3,3,800000,1200000,765,861253.0,862018.0,62018.0,Scheduled - Deadline Met,Yes,Yes,3600.204780817032,60.0034130136172,9,8494.0,Gurobi Status: 9
F21,P21_4,8,1200000,1600000,765,1296718.0,1297483.0,97483.0,Scheduled - Deadline Met,Yes,Yes,3600.204780817032,60.0034130136172,9,8494.0,Gurobi Status: 9
F21,P21_5,3,1600000,2000000,765,1665303.0,1666068.0,66068.0,Scheduled - Deadline Met,Yes,Yes,3600.204780817032,60.0034130136172,9,8494.0,Gurobi Status: 9
F21,P21_6,3,2000000,2400000,765,2067269.0,2068034.0,68034.0,Scheduled - Deadline Met,Yes,Yes,3600.204780817032,60.0034130136172,9,8494.0,Gurobi Status: 9
F22,P22_1,4,0,400000,4331,322978.0,327309.0,327309.0,Scheduled - Deadline Met,Yes,Yes,3600.204780817032,60.0034130136172,9,8494.0,Gurobi Status: 9
F22,P22_2,8,400000,800000,4331,490821.0,495152.0,95152.0,Scheduled - Deadline Met,Yes,Yes,3600.204780817032,60.0034130136172,9,8494.0,Gurobi Status: 9
F22,P22_3,4,800000,1200000,4331,898582.0,902913.0,102913.0,Scheduled - Deadline Met,Yes,Yes,3600.204780817032,60.0034130136172,9,8494.0,Gurobi Status: 9
F22,P22_4,4,1200000,1600000,4331,1223374.0,1227705.0,27705.0,Scheduled - Deadline Met,Yes,Yes,3600.204780817032,60.0034130136172,9,8494.0,Gurobi Status: 9
F22,P22_5,8,1600000,2000000,4331,1684856.0,1689187.0,89187.0,Scheduled - Deadline Met,Yes,Yes,3600.204780817032,60.0034130136172,9,8494.0,Gurobi Status: 9
F22,P22_6,4,2000000,2400000,4331,2121409.0,2125740.0,125740.0,Scheduled - Deadline Met,Yes,Yes,3600.204780817032,60.0034130136172,9,8494.0,Gurobi Status: 9
F23,P23_1,8,0,200000,5523,,,,Optional Packets- Not Scheduled,No,N/A,3600.204780817032,60.0034130136172,9,8494.0,Gurobi Status: 9
F23,P23_2,5,200000,400000,5523,280744.0,286267.0,86267.0,Scheduled - Deadline Met,Yes,Yes,3600.204780817032,60.0034130136172,9,8494.0,Gurobi Status: 9
F23,P23_3,5,400000,600000,5523,435688.0,441211.0,41211.0,Scheduled - Deadline Met,Yes,Yes,3600.204780817032,60.0034130136172,9,8494.0,Gurobi Status: 9
F23,P23_4,8,600000,800000,5523,679604.0,685127.0,85127.0,Scheduled - Deadline Met,Yes,Yes,3600.204780817032,60.0034130136172,9,8494.0,Gurobi Status: 9
F23,P23_5,5,800000,1000000,5523,843169.0,848692.0,48692.0,Scheduled - Deadline Met,Yes,Yes,3600.204780817032,60.0034130136172,9,8494.0,Gurobi Status: 9
F23,P23_6,5,1000000,1200000,5523,1045424.0,1050947.0,50947.0,Scheduled - Deadline Met,Yes,Yes,3600.204780817032,60.0034130136172,9,8494.0,Gurobi Status: 9
F23,P23_7,8,1200000,1400000,5523,,,,Optional Packets- Not Scheduled,No,N/A,3600.204780817032,60.0034130136172,9,8494.0,Gurobi Status: 9
F23,P23_8,5,1400000,1600000,5523,1445179.0,1450702.0,50702.0,Scheduled - Deadline Met,Yes,Yes,3600.204780817032,60.0034130136172,9,8494.0,Gurobi Status: 9
F23,P23_9,5,1600000,1800000,5523,1630032.0,1635555.0,35555.0,Scheduled - Deadline Met,Yes,Yes,3600.204780817032,60.0034130136172,9,8494.0,Gurobi Status: 9
F23,P23_10,8,1800000,2000000,5523,1879604.0,1885127.0,85127.0,Scheduled - Deadline Met,Yes,Yes,3600.204780817032,60.0034130136172,9,8494.0,Gurobi Status: 9
F23,P23_11,5,2000000,2200000,5523,2002836.0,2008359.0,8359.0,Scheduled - Deadline Met,Yes,Yes,3600.204780817032,60.0034130136172,9,8494.0,Gurobi Status: 9
F23,P23_12,5,2200000,2400000,5523,2241417.0,2246940.0,46940.0,Scheduled - Deadline Met,Yes,Yes,3600.204780817032,60.0034130136172,9,8494.0,Gurobi Status: 9
F24,P24_1,6,0,200000,3658,2517.0,6175.0,6175.0,Scheduled - Deadline Met,Yes,Yes,3600.204780817032,60.0034130136172,9,8494.0,Gurobi Status: 9
F24,P24_2,8,200000,400000,3658,329765.0,333423.0,133423.0,Scheduled - Deadline Met,Yes,Yes,3600.204780817032,60.0034130136172,9,8494.0,Gurobi Status: 9
F24,P24_3,6,400000,600000,3658,421781.0,425439.0,25439.0,Scheduled - Deadline Met,Yes,Yes,3600.204780817032,60.0034130136172,9,8494.0,Gurobi Status: 9
F24,P24_4,6,600000,800000,3658,664701.0,668359.0,68359.0,Scheduled - Deadline Met,Yes,Yes,3600.204780817032,60.0034130136172,9,8494.0,Gurobi Status: 9
F24,P24_5,8,800000,1000000,3658,909297.0,912955.0,112955.0,Scheduled - Deadline Met,Yes,Yes,3600.204780817032,60.0034130136172,9,8494.0,Gurobi Status: 9
F24,P24_6,6,1000000,1200000,3658,1109829.0,1113487.0,113487.0,Scheduled - Deadline Met,Yes,Yes,3600.204780817032,60.0034130136172,9,8494.0,Gurobi Status: 9
F24,P24_7,6,1200000,1400000,3658,1211334.0,1214992.0,14992.0,Scheduled - Deadline Met,Yes,Yes,3600.204780817032,60.0034130136172,9,8494.0,Gurobi Status: 9
F24,P24_8,8,1400000,1600000,3658,1500096.0,1503754.0,103754.0,Scheduled - Deadline Met,Yes,Yes,3600.204780817032,60.0034130136172,9,8494.0,Gurobi Status: 9
F24,P24_9,6,1600000,1800000,3658,1611967.0,1615625.0,15625.0,Scheduled - Deadline Met,Yes,Yes,3600.204780817032,60.0034130136172,9,8494.0,Gurobi Status: 9
F24,P24_10,6,1800000,2000000,3658,1850991.0,1854649.0,54649.0,Scheduled - Deadline Met,Yes,Yes,3600.204780817032,60.0034130136172,9,8494.0,Gurobi Status: 9
F24,P24_11,8,2000000,2200000,3658,2094622.0,2098280.0,98280.0,Scheduled - Deadline Met,Yes,Yes,3600.204780817032,60.0034130136172,9,8494.0,Gurobi Status: 9
F24,P24_12,6,2200000,2400000,3658,2268592.0,2272250.0,72250.0,Scheduled - Deadline Met,Yes,Yes,3600.204780817032,60.0034130136172,9,8494.0,Gurobi Status: 9
F25,P25_1,8,0,200000,8281,,,,Optional Packets- Not Scheduled,No,N/A,3600.204780817032,60.0034130136172,9,8494.0,Gurobi Status: 9
F25,P25_2,5,200000,400000,8281,220721.0,229002.0,29002.0,Scheduled - Deadline Met,Yes,Yes,3600.204780817032,60.0034130136172,9,8494.0,Gurobi Status: 9
F25,P25_3,8,400000,600000,8281,,,,Optional Packets- Not Scheduled,No,N/A,3600.204780817032,60.0034130136172,9,8494.0,Gurobi Status: 9
F25,P25_4,5,600000,800000,8281,730409.0,738690.0,138690.0,Scheduled - Deadline Met,Yes,Yes,3600.204780817032,60.0034130136172,9,8494.0,Gurobi Status: 9
F25,P25_5,8,800000,1000000,8281,,,,Optional Packets- Not Scheduled,No,N/A,3600.204780817032,60.0034130136172,9,8494.0,Gurobi Status: 9
F25,P25_6,5,1000000,1200000,8281,1023116.0,1031397.0,31397.0,Scheduled - Deadline Met,Yes,Yes,3600.204780817032,60.0034130136172,9,8494.0,Gurobi Status: 9
F25,P25_7,8,1200000,1400000,8281,,,,Optional Packets- Not Scheduled,No,N/A,3600.204780817032,60.0034130136172,9,8494.0,Gurobi Status: 9
F25,P25_8,5,1400000,1600000,8281,1436802.0,1445083.0,45083.0,Scheduled - Deadline Met,Yes,Yes,3600.204780817032,60.0034130136172,9,8494.0,Gurobi Status: 9
F25,P25_9,8,1600000,1800000,8281,,,,Optional Packets- Not Scheduled,No,N/A,3600.204780817032,60.0034130136172,9,8494.0,Gurobi Status: 9
F25,P25_10,5,1800000,2000000,8281,1859482.0,1867763.0,67763.0,Scheduled - Deadline Met,Yes,Yes,3600.204780817032,60.0034130136172,9,8494.0,Gurobi Status: 9
F25,P25_11,8,2000000,2200000,8281,,,,Optional Packets- Not Scheduled,No,N/A,3600.204780817032,60.0034130136172,9,8494.0,Gurobi Status: 9
F25,P25_12,5,2200000,2400000,8281,2218324.0,2226605.0,26605.0,Scheduled - Deadline Met,Yes,Yes,3600.204780817032,60.0034130136172,9,8494.0,Gurobi Status: 9
F26,P26_1,5,0,400000,7925,122982.0,130907.0,130907.0,Scheduled - Deadline Met,Yes,Yes,3600.204780817032,60.0034130136172,9,8494.0,Gurobi Status: 9
F26,P26_2,8,400000,800000,7925,,,,Optional Packets- Not Scheduled,No,N/A,3600.204780817032,60.0034130136172,9,8494.0,Gurobi Status: 9
F26,P26_3,5,800000,1200000,7925,862114.0,870039.0,70039.0,Scheduled - Deadline Met,Yes,Yes,3600.204780817032,60.0034130136172,9,8494.0,Gurobi Status: 9
F26,P26_4,8,1200000,1600000,7925,,,,Optional Packets- Not Scheduled,No,N/A,3600.204780817032,60.0034130136172,9,8494.0,Gurobi Status: 9
F26,P26_5,5,1600000,2000000,7925,1656294.0,1664219.0,64219.0,Scheduled - Deadline Met,Yes,Yes,3600.204780817032,60.0034130136172,9,8494.0,Gurobi Status: 9
F26,P26_6,8,2000000,2400000,7925,,,,Optional Packets- Not Scheduled,No,N/A,3600.204780817032,60.0034130136172,9,8494.0,Gurobi Status: 9
F27,P27_1,8,0,100000,1353,10113.0,11466.0,11466.0,Scheduled - Deadline Met,Yes,Yes,3600.204780817032,60.0034130136172,9,8494.0,Gurobi Status: 9
F27,P27_2,1,100000,200000,1353,121629.0,122982.0,22982.0,Scheduled - Deadline Met,Yes,Yes,3600.204780817032,60.0034130136172,9,8494.0,Gurobi Status: 9
F27,P27_3,8,200000,300000,1353,250184.0,251537.0,51537.0,Scheduled - Deadline Met,Yes,Yes,3600.204780817032,60.0034130136172,9,8494.0,Gurobi Status: 9
F27,P27_4,1,300000,400000,1353,318256.0,319609.0,19609.0,Scheduled - Deadline Met,Yes,Yes,3600.204780817032,60.0034130136172,9,8494.0,Gurobi Status: 9
F27,P27_5,8,400000,500000,1353,,,,Optional Packets- Not Scheduled,No,N/A,3600.204780817032,60.0034130136172,9,8494.0,Gurobi Status: 9
F27,P27_6,1,500000,600000,1353,537834.0,539187.0,39187.0,Scheduled - Deadline Met,Yes,Yes,3600.204780817032,60.0034130136172,9,8494.0,Gurobi Status: 9
F27,P27_7,8,600000,700000,1353,,,,Optional Packets- Not Scheduled,No,N/A,3600.204780817032,60.0034130136172,9,8494.0,Gurobi Status: 9
F27,P27_8,1,700000,800000,1353,738786.0,740139.0,40139.0,Scheduled - Deadline Met,Yes,Yes,3600.204780817032,60.0034130136172,9,8494.0,Gurobi Status: 9
F27,P27_9,8,800000,900000,1353,,,,Optional Packets- Not Scheduled,No,N/A,3600.204780817032,60.0034130136172,9,8494.0,Gurobi Status: 9
F27,P27_10,1,900000,1000000,1353,907848.0,909201.0,9201.0,Scheduled - Deadline Met,Yes,Yes,3600.204780817032,60.0034130136172,9,8494.0,Gurobi Status: 9
F27,P27_11,8,1000000,1100000,1353,1069081.0,1070434.0,70434.0,Scheduled - Deadline Met,Yes,Yes,3600.204780817032,60.0034130136172,9,8494.0,Gurobi Status: 9
F27,P27_12,1,1100000,1200000,1353,1113583.0,1114936.0,14936.0,Scheduled - Deadline Met,Yes,Yes,3600.204780817032,60.0034130136172,9,8494.0,Gurobi Status: 9
F27,P27_13,8,1200000,1300000,1353,1248022.0,1249375.0,49375.0,Scheduled - Deadline Met,Yes,Yes,3600.204780817032,60.0034130136172,9,8494.0,Gurobi Status: 9
F27,P27_14,1,1300000,1400000,1353,1327796.0,1329149.0,29149.0,Scheduled - Deadline Met,Yes,Yes,3600.204780817032,60.0034130136172,9,8494.0,Gurobi Status: 9
F27,P27_15,8,1400000,1500000,1353,1498647.0,1500000.0,100000.0,Scheduled - Deadline Met,Yes,Yes,3600.204780817032,60.0034130136172,9,8494.0,Gurobi Status: 9
F27,P27_16,1,1500000,1600000,1353,1545889.0,1547242.0,47242.0,Scheduled - Deadline Met,Yes,Yes,3600.204780817032,60.0034130136172,9,8494.0,Gurobi Status: 9
F27,P27_17,8,1600000,1700000,1353,1679624.0,1680977.0,80977.0,Scheduled - Deadline Met,Yes,Yes,3600.204780817032,60.0034130136172,9,8494.0,Gurobi Status: 9
F27,P27_18,1,1700000,1800000,1353,1729746.0,1731099.0,31099.0,Scheduled - Deadline Met,Yes,Yes,3600.204780817032,60.0034130136172,9,8494.0,Gurobi Status: 9
F27,P27_19,8,1800000,1900000,1353,1878155.0,1879508.0,79508.0,Scheduled - Deadline Met,Yes,Yes,3600.204780817032,60.0034130136172,9,8494.0,Gurobi Status: 9
F27,P27_20,1,1900000,2000000,1353,1956862.0,1958215.0,58215.0,Scheduled - Deadline Met,Yes,Yes,3600.204780817032,60.0034130136172,9,8494.0,Gurobi Status: 9
F27,P27_21,8,2000000,2100000,1353,,,,Optional Packets- Not Scheduled,No,N/A,3600.204780817032,60.0034130136172,9,8494.0,Gurobi Status: 9
F27,P27_22,1,2100000,2200000,1353,2125740.0,2127093.0,27093.0,Scheduled - Deadline Met,Yes,Yes,3600.204780817032,60.0034130136172,9,8494.0,Gurobi Status: 9
F27,P27_23,8,2200000,2300000,1353,2278520.0,2279873.0,79873.0,Scheduled - Deadline Met,Yes,Yes,3600.204780817032,60.0034130136172,9,8494.0,Gurobi Status: 9
F27,P27_24,1,2300000,2400000,1353,2347467.0,2348820.0,48820.0,Scheduled - Deadline Met,Yes,Yes,3600.204780817032,60.0034130136172,9,8494.0,Gurobi Status: 9
F28,P28_1,8,0,200000,8503,,,,Optional Packets- Not Scheduled,No,N/A,3600.204780817032,60.0034130136172,9,8494.0,Gurobi Status: 9
F28,P28_2,6,200000,400000,8503,202860.0,211363.0,11363.0,Scheduled - Deadline Met,Yes,Yes,3600.204780817032,60.0034130136172,9,8494.0,Gurobi Status: 9
F28,P28_3,8,400000,600000,8503,,,,Optional Packets- Not Scheduled,No,N/A,3600.204780817032,60.0034130136172,9,8494.0,Gurobi Status: 9
F28,P28_4,6,600000,800000,8503,608660.0,617163.0,17163.0,Scheduled - Deadline Met,Yes,Yes,3600.204780817032,60.0034130136172,9,8494.0,Gurobi Status: 9
F28,P28_5,8,800000,1000000,8503,,,,Optional Packets- Not Scheduled,No,N/A,3600.204780817032,60.0034130136172,9,8494.0,Gurobi Status: 9
F28,P28_6,6,1000000,1200000,8503,1031493.0,1039996.0,39996.0,Scheduled - Deadline Met,Yes,Yes,3600.204780817032,60.0034130136172,9,8494.0,Gurobi Status: 9
F28,P28_7,8,1200000,1400000,8503,,,,Optional Packets- Not Scheduled,No,N/A,3600.204780817032,60.0034130136172,9,8494.0,Gurobi Status: 9
F28,P28_8,6,1400000,1600000,8503,1451699.0,1460202.0,60202.0,Scheduled - Deadline Met,Yes,Yes,3600.204780817032,60.0034130136172,9,8494.0,Gurobi Status: 9
F28,P28_9,8,1600000,1800000,8503,,,,Optional Packets- Not Scheduled,No,N/A,3600.204780817032,60.0034130136172,9,8494.0,Gurobi Status: 9
F28,P28_10,6,1800000,2000000,8503,1834086.0,1842589.0,42589.0,Scheduled - Deadline Met,Yes,Yes,3600.204780817032,60.0034130136172,9,8494.0,Gurobi Status: 9
F28,P28_11,8,2000000,2200000,8503,,,,Optional Packets- Not Scheduled,No,N/A,3600.204780817032,60.0034130136172,9,8494.0,Gurobi Status: 9
F28,P28_12,6,2200000,2400000,8503,2209725.0,2218228.0,18228.0,Scheduled - Deadline Met,Yes,Yes,3600.204780817032,60.0034130136172,9,8494.0,Gurobi Status: 9
F29,P29_1,7,0,200000,2047,131003.0,133050.0,133050.0,Scheduled - Deadline Met,Yes,Yes,3600.204780817032,60.0034130136172,9,8494.0,Gurobi Status: 9
F29,P29_2,8,200000,400000,2047,333519.0,335566.0,135566.0,Scheduled - Deadline Met,Yes,Yes,3600.204780817032,60.0034130136172,9,8494.0,Gurobi Status: 9
F29,P29_3,7,400000,600000,2047,400000.0,402047.0,2047.0,Scheduled - Deadline Met,Yes,Yes,3600.204780817032,60.0034130136172,9,8494.0,Gurobi Status: 9
F29,P29_4,8,600000,800000,2047,688443.0,690490.0,90490.0,Scheduled - Deadline Met,Yes,Yes,3600.204780817032,60.0034130136172,9,8494.0,Gurobi Status: 9
F29,P29_5,7,800000,1000000,2047,824301.0,826348.0,26348.0,Scheduled - Deadline Met,Yes,Yes,3600.204780817032,60.0034130136172,9,8494.0,Gurobi Status: 9
F29,P29_6,8,1000000,1200000,2047,1093282.0,1095329.0,95329.0,Scheduled - Deadline Met,Yes,Yes,3600.204780817032,60.0034130136172,9,8494.0,Gurobi Status: 9
F29,P29_7,7,1200000,1400000,2047,1221231.0,1223278.0,23278.0,Scheduled - Deadline Met,Yes,Yes,3600.204780817032,60.0034130136172,9,8494.0,Gurobi Status: 9
F29,P29_8,8,1400000,1600000,2047,1503850.0,1505897.0,105897.0,Scheduled - Deadline Met,Yes,Yes,3600.204780817032,60.0034130136172,9,8494.0,Gurobi Status: 9
F29,P29_9,7,1600000,1800000,2047,1605537.0,1607584.0,7584.0,Scheduled - Deadline Met,Yes,Yes,3600.204780817032,60.0034130136172,9,8494.0,Gurobi Status: 9
F29,P29_10,8,1800000,2000000,2047,1888443.0,1890490.0,90490.0,Scheduled - Deadline Met,Yes,Yes,3600.204780817032,60.0034130136172,9,8494.0,Gurobi Status: 9
F29,P29_11,7,2000000,2200000,2047,2022118.0,2024165.0,24165.0,Scheduled - Deadline Met,Yes,Yes,3600.204780817032,60.0034130136172,9,8494.0,Gurobi Status: 9
F29,P29_12,8,2200000,2400000,2047,2293282.0,2295329.0,95329.0,Scheduled - Deadline Met,Yes,Yes,3600.204780817032,60.0034130136172,9,8494.0,Gurobi Status: 9
F3,P3_1,8,0,200000,805,65700.0,66505.0,66505.0,Scheduled - Deadline Met,Yes,Yes,3600.204780817032,60.0034130136172,9,8494.0,Gurobi Status: 9
F3,P3_2,7,200000,400000,805,211459.0,212264.0,12264.0,Scheduled - Deadline Met,Yes,Yes,3600.204780817032,60.0034130136172,9,8494.0,Gurobi Status: 9
F3,P3_3,7,400000,600000,805,416508.0,417313.0,17313.0,Scheduled - Deadline Met,Yes,Yes,3600.204780817032,60.0034130136172,9,8494.0,Gurobi Status: 9
F3,P3_4,8,600000,800000,805,696678.0,697483.0,97483.0,Scheduled - Deadline Met,Yes,Yes,3600.204780817032,60.0034130136172,9,8494.0,Gurobi Status: 9
F3,P3_5,7,800000,1000000,805,838802.0,839607.0,39607.0,Scheduled - Deadline Met,Yes,Yes,3600.204780817032,60.0034130136172,9,8494.0,Gurobi Status: 9
F3,P3_6,7,1000000,1200000,805,1022215.0,1023020.0,23020.0,Scheduled - Deadline Met,Yes,Yes,3600.204780817032,60.0034130136172,9,8494.0,Gurobi Status: 9
F3,P3_7,8,1200000,1400000,805,1255594.0,1256399.0,56399.0,Scheduled - Deadline Met,Yes,Yes,3600.204780817032,60.0034130136172,9,8494.0,Gurobi Status: 9
F3,P3_8,7,1400000,1600000,805,1450798.0,1451603.0,51603.0,Scheduled - Deadline Met,Yes,Yes,3600.204780817032,60.0034130136172,9,8494.0,Gurobi Status: 9
F3,P3_9,7,1600000,1800000,805,1731195.0,1732000.0,132000.0,Scheduled - Deadline Met,Yes,Yes,3600.204780817032,60.0034130136172,9,8494.0,Gurobi Status: 9
F3,P3_10,8,1800000,2000000,805,1896678.0,1897483.0,97483.0,Scheduled - Deadline Met,Yes,Yes,3600.204780817032,60.0034130136172,9,8494.0,Gurobi Status: 9
F3,P3_11,7,2000000,2200000,805,2030404.0,2031209.0,31209.0,Scheduled - Deadline Met,Yes,Yes,3600.204780817032,60.0034130136172,9,8494.0,Gurobi Status: 9
F3,P3_12,7,2200000,2400000,805,2202860.0,2203665.0,3665.0,Scheduled - Deadline Met,Yes,Yes,3600.204780817032,60.0034130136172,9,8494.0,Gurobi Status: 9
F30,P30_1,8,0,400000,1343,94583.0,95926.0,95926.0,Scheduled - Deadline Met,Yes,Yes,3600.204780817032,60.0034130136172,9,8494.0,Gurobi Status: 9
F30,P30_2,5,400000,800000,1343,482952.0,484295.0,84295.0,Scheduled - Deadline Met,Yes,Yes,3600.204780817032,60.0034130136172,9,8494.0,Gurobi Status: 9
F30,P30_3,8,800000,1200000,1343,936020.0,937363.0,137363.0,Scheduled - Deadline Met,Yes,Yes,3600.204780817032,60.0034130136172,9,8494.0,Gurobi Status: 9
F30,P30_4,5,1200000,1600000,1343,1312291.0,1313634.0,113634.0,Scheduled - Deadline Met,Yes,Yes,3600.204780817032,60.0034130136172,9,8494.0,Gurobi Status: 9
F30,P30_5,8,1600000,2000000,1343,1695575.0,1696918.0,96918.0,Scheduled - Deadline Met,Yes,Yes,3600.204780817032,60.0034130136172,9,8494.0,Gurobi Status: 9
F30,P30_6,5,2000000,2400000,1343,2061135.0,2062478.0,62478.0,Scheduled - Deadline Met,Yes,Yes,3600.204780817032,60.0034130136172,9,8494.0,Gurobi Status: 9
F31,P31_1,8,0,400000,3734,,,,Optional Packets- Not Scheduled,No,N/A,3600.204780817032,60.0034130136172,9,8494.0,Gurobi Status: 9
F31,P31_2,6,400000,800000,3734,522109.0,525843.0,125843.0,Scheduled - Deadline Met,Yes,Yes,3600.204780817032,60.0034130136172,9,8494.0,Gurobi Status: 9
F31,P31_3,8,800000,1200000,3734,930420.0,934154.0,134154.0,Scheduled - Deadline Met,Yes,Yes,3600.204780817032,60.0034130136172,9,8494.0,Gurobi Status: 9
F31,P31_4,6,1200000,1600000,3734,1227801.0,1231535.0,31535.0,Scheduled - Deadline Met,Yes,Yes,3600.204780817032,60.0034130136172,9,8494.0,Gurobi Status: 9
F31,P31_5,8,1600000,2000000,3734,1689283.0,1693017.0,93017.0,Scheduled - Deadline Met,Yes,Yes,3600.204780817032,60.0034130136172,9,8494.0,Gurobi Status: 9
F31,P31_6,6,2000000,2400000,3734,2018288.0,2022022.0,22022.0,Scheduled - Deadline Met,Yes,Yes,3600.204780817032,60.0034130136172,9,8494.0,Gurobi Status: 9
F32,P32_1,8,0,50000,2302,,,,Optional Packets- Not Scheduled,No,N/A,3600.204780817032,60.0034130136172,9,8494.0,Gurobi Status: 9
F32,P32_2,3,50000,100000,2302,83786.0,86088.0,36088.0,Scheduled - Deadline Met,Yes,Yes,3600.204780817032,60.0034130136172,9,8494.0,Gurobi Status: 9
F32,P32_3,8,100000,150000,2302,106281.0,108583.0,8583.0,Scheduled - Deadline Met,Yes,Yes,3600.204780817032,60.0034130136172,9,8494.0,Gurobi Status: 9
F32,P32_4,3,150000,200000,2302,186867.0,189169.0,39169.0,Scheduled - Deadline Met,Yes,Yes,3600.204780817032,60.0034130136172,9,8494.0,Gurobi Status: 9
F32,P32_5,8,200000,250000,2302,231615.0,233917.0,33917.0,Scheduled - Deadline Met,Yes,Yes,3600.204780817032,60.0034130136172,9,8494.0,Gurobi Status: 9
F32,P32_6,3,250000,300000,2302,297698.0,300000.0,50000.0,Scheduled - Deadline Met,Yes,Yes,3600.204780817032,60.0034130136172,9,8494.0,Gurobi Status: 9
F32,P32_7,8,300000,350000,2302,345036.0,347338.0,47338.0,Scheduled - Deadline Met,Yes,Yes,3600.204780817032,60.0034130136172,9,8494.0,Gurobi Status: 9
F32,P32_8,3,350000,400000,2302,397698.0,400000.0,50000.0,Scheduled - Deadline Met,Yes,Yes,3600.204780817032,60.0034130136172,9,8494.0,Gurobi Status: 9
F32,P32_9,8,400000,450000,2302,,,,Optional Packets- Not Scheduled,No,N/A,3600.204780817032,60.0034130136172,9,8494.0,Gurobi Status: 9
F32,P32_10,3,450000,500000,2302,488088.0,490390.0,40390.0,Scheduled - Deadline Met,Yes,Yes,3600.204780817032,60.0034130136172,9,8494.0,Gurobi Status: 9
F32,P32_11,8,500000,550000,2302,508798.0,511100.0,11100.0,Scheduled - Deadline Met,Yes,Yes,3600.204780817032,60.0034130136172,9,8494.0,Gurobi Status: 9
F32,P32_12,3,550000,600000,2302,597698.0,600000.0,50000.0,Scheduled - Deadline Met,Yes,Yes,3600.204780817032,60.0034130136172,9,8494.0,Gurobi Status: 9
F32,P32_13,8,600000,650000,2302,630618.0,632920.0,32920.0,Scheduled - Deadline Met,Yes,Yes,3600.204780817032,60.0034130136172,9,8494.0,Gurobi Status: 9
F32,P32_14,3,650000,700000,2302,675724.0,678026.0,28026.0,Scheduled - Deadline Met,Yes,Yes,3600.204780817032,60.0034130136172,9,8494.0,Gurobi Status: 9
F32,P32_15,8,700000,750000,2302,706281.0,708583.0,8583.0,Scheduled - Deadline Met,Yes,Yes,3600.204780817032,60.0034130136172,9,8494.0,Gurobi Status: 9
F32,P32_16,3,750000,800000,2302,797602.0,799904.0,49904.0,Scheduled - Deadline Met,Yes,Yes,3600.204780817032,60.0034130136172,9,8494.0,Gurobi Status: 9
F32,P32_17,8,800000,850000,2302,,,,Optional Packets- Not Scheduled,No,N/A,3600.204780817032,60.0034130136172,9,8494.0,Gurobi Status: 9
F32,P32_18,3,850000,900000,2302,882548.0,884850.0,34850.0,Scheduled - Deadline Met,Yes,Yes,3600.204780817032,60.0034130136172,9,8494.0,Gurobi Status: 9
F32,P32_19,8,900000,950000,2302,945036.0,947338.0,47338.0,Scheduled - Deadline Met,Yes,Yes,3600.204780817032,60.0034130136172,9,8494.0,Gurobi Status: 9
F32,P32_20,3,950000,1000000,2302,997602.0,999904.0,49904.0,Scheduled - Deadline Met,Yes,Yes,3600.204780817032,60.0034130136172,9,8494.0,Gurobi Status: 9
F32,P32_21,8,1000000,1050000,2302,,,,Optional Packets- Not Scheduled,No,N/A,3600.204780817032,60.0034130136172,9,8494.0,Gurobi Status: 9
F32,P32_22,3,1050000,1100000,2302,1066683.0,1068985.0,18985.0,Scheduled - Deadline Met,Yes,Yes,3600.204780817032,60.0034130136172,9,8494.0,Gurobi Status: 9
F32,P32_23,8,1100000,1150000,2302,1134949.0,1137251.0,37251.0,Scheduled - Deadline Met,Yes,Yes,3600.204780817032,60.0034130136172,9,8494.0,Gurobi Status: 9
F32,P32_24,3,1150000,1200000,2302,1197698.0,1200000.0,50000.0,Scheduled - Deadline Met,Yes,Yes,3600.204780817032,60.0034130136172,9,8494.0,Gurobi Status: 9
F32,P32_25,8,1200000,1250000,2302,,,,Optional Packets- Not Scheduled,No,N/A,3600.204780817032,60.0034130136172,9,8494.0,Gurobi Status: 9
F32,P32_26,3,1250000,1300000,2302,1279943.0,1282245.0,32245.0,Scheduled - Deadline Met,Yes,Yes,3600.204780817032,60.0034130136172,9,8494.0,Gurobi Status: 9
F32,P32_27,8,1300000,1350000,2302,1346422.0,1348724.0,48724.0,Scheduled - Deadline Met,Yes,Yes,3600.204780817032,60.0034130136172,9,8494.0,Gurobi Status: 9
F32,P32_28,3,1350000,1400000,2302,1397698.0,1400000.0,50000.0,Scheduled - Deadline Met,Yes,Yes,3600.204780817032,60.0034130136172,9,8494.0,Gurobi Status: 9
F32,P32_29,8,1400000,1450000,2302,1420044.0,1422346.0,22346.0,Scheduled - Deadline Met,Yes,Yes,3600.204780817032,60.0034130136172,9,8494.0,Gurobi Status: 9
F32,P32_30,3,1450000,1500000,2302,1490764.0,1493066.0,43066.0,Scheduled - Deadline Met,Yes,Yes,3600.204780817032,60.0034130136172,9,8494.0,Gurobi Status: 9
F32,P32_31,8,1500000,1550000,2302,1515367.0,1517669.0,17669.0,Scheduled - Deadline Met,Yes,Yes,3600.204780817032,60.0034130136172,9,8494.0,Gurobi Status: 9
F32,P32_32,3,1550000,1600000,2302,1597698.0,1600000.0,50000.0,Scheduled - Deadline Met,Yes,Yes,3600.204780817032,60.0034130136172,9,8494.0,Gurobi Status: 9
F32,P32_33,8,1600000,1650000,2302,,,,Optional Packets- Not Scheduled,No,N/A,3600.204780817032,60.0034130136172,9,8494.0,Gurobi Status: 9
F32,P32_34,3,1650000,1700000,2302,1674866.0,1677168.0,27168.0,Scheduled - Deadline Met,Yes,Yes,3600.204780817032,60.0034130136172,9,8494.0,Gurobi Status: 9
F32,P32_35,8,1700000,1750000,2302,1739113.0,1741415.0,41415.0,Scheduled - Deadline Met,Yes,Yes,3600.204780817032,60.0034130136172,9,8494.0,Gurobi Status: 9
F32,P32_36,3,1750000,1800000,2302,1797698.0,1800000.0,50000.0,Scheduled - Deadline Met,Yes,Yes,3600.204780817032,60.0034130136172,9,8494.0,Gurobi Status: 9
F32,P32_37,8,1800000,1850000,2302,,,,Optional Packets- Not Scheduled,No,N/A,3600.204780817032,60.0034130136172,9,8494.0,Gurobi Status: 9
F32,P32_38,3,1850000,1900000,2302,1875757.0,1878059.0,28059.0,Scheduled - Deadline Met,Yes,Yes,3600.204780817032,60.0034130136172,9,8494.0,Gurobi Status: 9
F32,P32_39,8,1900000,1950000,2302,1921199.0,1923501.0,23501.0,Scheduled - Deadline Met,Yes,Yes,3600.204780817032,60.0034130136172,9,8494.0,Gurobi Status: 9
F32,P32_40,3,1950000,2000000,2302,1986387.0,1988689.0,38689.0,Scheduled - Deadline Met,Yes,Yes,3600.204780817032,60.0034130136172,9,8494.0,Gurobi Status: 9
F32,P32_41,8,2000000,2050000,2302,,,,Optional Packets- Not Scheduled,No,N/A,3600.204780817032,60.0034130136172,9,8494.0,Gurobi Status: 9
F32,P32_42,3,2050000,2100000,2302,2085924.0,2088226.0,38226.0,Scheduled - Deadline Met,Yes,Yes,3600.204780817032,60.0034130136172,9,8494.0,Gurobi Status: 9
F32,P32_43,8,2100000,2150000,2302,2145036.0,2147338.0,47338.0,Scheduled - Deadline Met,Yes,Yes,3600.204780817032,60.0034130136172,9,8494.0,Gurobi Status: 9
F32,P32_44,3,2150000,2200000,2302,2191719.0,2194021.0,44021.0,Scheduled - Deadline Met,Yes,Yes,3600.204780817032,60.0034130136172,9,8494.0,Gurobi Status: 9
F32,P32_45,8,2200000,2250000,2302,,,,Optional Packets- Not Scheduled,No,N/A,3600.204780817032,60.0034130136172,9,8494.0,Gurobi Status: 9
F32,P32_46,3,2250000,2300000,2302,2266290.0,2268592.0,18592.0,Scheduled - Deadline Met,Yes,Yes,3600.204780817032,60.0034130136172,9,8494.0,Gurobi Status: 9
F32,P32_47,8,2300000,2350000,2302,2308798.0,2311100.0,11100.0,Scheduled - Deadline Met,Yes,Yes,3600.204780817032,60.0034130136172,9,8494.0,Gurobi Status: 9
F32,P32_48,3,2350000,2400000,2302,2397698.0,2400000.0,50000.0,Scheduled - Deadline Met,Yes,Yes,3600.204780817032,60.0034130136172,9,8494.0,Gurobi Status: 9
F33,P33_1,8,0,200000,4427,,,,Optional Packets- Not Scheduled,No,N/A,3600.204780817032,60.0034130136172,9,8494.0,Gurobi Status: 9
F33,P33_2,6,200000,400000,4427,271292.0,275719.0,75719.0,Scheduled - Deadline Met,Yes,Yes,3600.204780817032,60.0034130136172,9,8494.0,Gurobi Status: 9
F33,P33_3,8,400000,600000,4427,,,,Optional Packets- Not Scheduled,No,N/A,3600.204780817032,60.0034130136172,9,8494.0,Gurobi Status: 9
F33,P33_4,6,600000,800000,4427,656395.0,660822.0,60822.0,Scheduled - Deadline Met,Yes,Yes,3600.204780817032,60.0034130136172,9,8494.0,Gurobi Status: 9
F33,P33_5,8,800000,1000000,4427,,,,Optional Packets- Not Scheduled,No,N/A,3600.204780817032,60.0034130136172,9,8494.0,Gurobi Status: 9
F33,P33_6,6,1000000,1200000,4427,1058559.0,1062986.0,62986.0,Scheduled - Deadline Met,Yes,Yes,3600.204780817032,60.0034130136172,9,8494.0,Gurobi Status: 9
F33,P33_7,8,1200000,1400000,4427,,,,Optional Packets- Not Scheduled,No,N/A,3600.204780817032,60.0034130136172,9,8494.0,Gurobi Status: 9
F33,P33_8,6,1400000,1600000,4427,1464081.0,1468508.0,68508.0,Scheduled - Deadline Met,Yes,Yes,3600.204780817032,60.0034130136172,9,8494.0,Gurobi Status: 9
F33,P33_9,8,1600000,1800000,4427,,,,Optional Packets- Not Scheduled,No,N/A,3600.204780817032,60.0034130136172,9,8494.0,Gurobi Status: 9
F33,P33_10,6,1800000,2000000,4427,1846468.0,1850895.0,50895.0,Scheduled - Deadline Met,Yes,Yes,3600.204780817032,60.0034130136172,9,8494.0,Gurobi Status: 9
F33,P33_11,8,2000000,2200000,4427,,,,Optional Packets- Not Scheduled,No,N/A,3600.204780817032,60.0034130136172,9,8494.0,Gurobi Status: 9
F33,P33_12,6,2200000,2400000,4427,2250819.0,2255246.0,55246.0,Scheduled - Deadline Met,Yes,Yes,3600.204780817032,60.0034130136172,9,8494.0,Gurobi Status: 9
F34,P34_1,8,0,100000,3718,,,,Optional Packets- Not Scheduled,No,N/A,3600.204780817032,60.0034130136172,9,8494.0,Gurobi Status: 9
F34,P34_2,2,100000,200000,3718,196282.0,200000.0,100000.0,Scheduled - Deadline Met,Yes,Yes,3600.204780817032,60.0034130136172,9,8494.0,Gurobi Status: 9
F34,P34_3,8,200000,300000,3718,244010.0,247728.0,47728.0,Scheduled - Deadline Met,Yes,Yes,3600.204780817032,60.0034130136172,9,8494.0,Gurobi Status: 9
F34,P34_4,2,300000,400000,3718,365099.0,368817.0,68817.0,Scheduled - Deadline Met,Yes,Yes,3600.204780817032,60.0034130136172,9,8494.0,Gurobi Status: 9
F34,P34_5,8,400000,500000,3718,,,,Optional Packets- Not Scheduled,No,N/A,3600.204780817032,60.0034130136172,9,8494.0,Gurobi Status: 9
F34,P34_6,2,500000,600000,3718,569149.0,572867.0,72867.0,Scheduled - Deadline Met,Yes,Yes,3600.204780817032,60.0034130136172,9,8494.0,Gurobi Status: 9
F34,P34_7,8,600000,700000,3718,635678.0,639396.0,39396.0,Scheduled - Deadline Met,Yes,Yes,3600.204780817032,60.0034130136172,9,8494.0,Gurobi Status: 9
F34,P34_8,2,700000,800000,3718,756591.0,760309.0,60309.0,Scheduled - Deadline Met,Yes,Yes,3600.204780817032,60.0034130136172,9,8494.0,Gurobi Status: 9
F34,P34_9,8,800000,900000,3718,,,,Optional Packets- Not Scheduled,No,N/A,3600.204780817032,60.0034130136172,9,8494.0,Gurobi Status: 9
F34,P34_10,2,900000,1000000,3718,973523.0,977241.0,77241.0,Scheduled - Deadline Met,Yes,Yes,3600.204780817032,60.0034130136172,9,8494.0,Gurobi Status: 9
F34,P34_11,8,1000000,1100000,3718,,,,Optional Packets- Not Scheduled,No,N/A,3600.204780817032,60.0034130136172,9,8494.0,Gurobi Status: 9
F34,P34_12,2,1100000,1200000,3718,1150620.0,1154338.0,54338.0,Scheduled - Deadline Met,Yes,Yes,3600.204780817032,60.0034130136172,9,8494.0,Gurobi Status: 9
F34,P34_13,8,1200000,1300000,3718,,,,Optional Packets- Not Scheduled,No,N/A,3600.204780817032,60.0034130136172,9,8494.0,Gurobi Status: 9
F34,P34_14,2,1300000,1400000,3718,1378165.0,1381883.0,81883.0,Scheduled - Deadline Met,Yes,Yes,3600.204780817032,60.0034130136172,9,8494.0,Gurobi Status: 9
F34,P34_15,8,1400000,1500000,3718,,,,Optional Packets- Not Scheduled,No,N/A,3600.204780817032,60.0034130136172,9,8494.0,Gurobi Status: 9
F34,P34_16,2,1500000,1600000,3718,1527498.0,1531216.0,31216.0,Scheduled - Deadline Met,Yes,Yes,3600.204780817032,60.0034130136172,9,8494.0,Gurobi Status: 9
F34,P34_17,8,1600000,1700000,3718,,,,Optional Packets- Not Scheduled,No,N/A,3600.204780817032,60.0034130136172,9,8494.0,Gurobi Status: 9
F34,P34_18,2,1700000,1800000,3718,1792704.0,1796422.0,96422.0,Scheduled - Deadline Met,Yes,Yes,3600.204780817032,60.0034130136172,9,8494.0,Gurobi Status: 9
F34,P34_19,8,1800000,1900000,3718,,,,Optional Packets- Not Scheduled,No,N/A,3600.204780817032,60.0034130136172,9,8494.0,Gurobi Status: 9
F34,P34_20,2,1900000,2000000,3718,1933330.0,1937048.0,37048.0,Scheduled - Deadline Met,Yes,Yes,3600.204780817032,60.0034130136172,9,8494.0,Gurobi Status: 9
F34,P34_21,8,2000000,2100000,3718,,,,Optional Packets- Not Scheduled,No,N/A,3600.204780817032,60.0034130136172,9,8494.0,Gurobi Status: 9
F34,P34_22,2,2100000,2200000,3718,2180540.0,2184258.0,84258.0,Scheduled - Deadline Met,Yes,Yes,3600.204780817032,60.0034130136172,9,8494.0,Gurobi Status: 9
F34,P34_23,8,2200000,2300000,3718,2272346.0,2276064.0,76064.0,Scheduled - Deadline Met,Yes,Yes,3600.204780817032,60.0034130136172,9,8494.0,Gurobi Status: 9
F34,P34_24,2,2300000,2400000,3718,2343653.0,2347371.0,47371.0,Scheduled - Deadline Met,Yes,Yes,3600.204780817032,60.0034130136172,9,8494.0,Gurobi Status: 9
F35,P35_1,8,0,200000,1282,,,,Optional Packets- Not Scheduled,No,N/A,3600.204780817032,60.0034130136172,9,8494.0,Gurobi Status: 9
F35,P35_2,7,200000,400000,1282,200000.0,201282.0,1282.0,Scheduled - Deadline Met,Yes,Yes,3600.204780817032,60.0034130136172,9,8494.0,Gurobi Status: 9
F35,P35_3,8,400000,600000,1282,,,,Optional Packets- Not Scheduled,No,N/A,3600.204780817032,60.0034130136172,9,8494.0,Gurobi Status: 9
F35,P35_4,7,600000,800000,1282,719592.0,720874.0,120874.0,Scheduled - Deadline Met,Yes,Yes,3600.204780817032,60.0034130136172,9,8494.0,Gurobi Status: 9
F35,P35_5,8,800000,1000000,1282,916498.0,917780.0,117780.0,Scheduled - Deadline Met,Yes,Yes,3600.204780817032,60.0034130136172,9,8494.0,Gurobi Status: 9
F35,P35_6,7,1000000,1200000,1282,1010171.0,1011453.0,11453.0,Scheduled - Deadline Met,Yes,Yes,3600.204780817032,60.0034130136172,9,8494.0,Gurobi Status: 9
F35,P35_7,8,1200000,1400000,1282,,,,Optional Packets- Not Scheduled,No,N/A,3600.204780817032,60.0034130136172,9,8494.0,Gurobi Status: 9
F35,P35_8,7,1400000,1600000,1282,1400000.0,1401282.0,1282.0,Scheduled - Deadline Met,Yes,Yes,3600.204780817032,60.0034130136172,9,8494.0,Gurobi Status: 9
F35,P35_9,8,1600000,1800000,1282,,,,Optional Packets- Not Scheduled,No,N/A,3600.204780817032,60.0034130136172,9,8494.0,Gurobi Status: 9
F35,P35_10,7,1800000,2000000,1282,1912250.0,1913532.0,113532.0,Scheduled - Deadline Met,Yes,Yes,3600.204780817032,60.0034130136172,9,8494.0,Gurobi Status: 9
F35,P35_11,8,2000000,2200000,1282,2101823.0,2103105.0,103105.0,Scheduled - Deadline Met,Yes,Yes,3600.204780817032,60.0034130136172,9,8494.0,Gurobi Status: 9
F35,P35_12,7,2200000,2400000,1282,2200000.0,2201282.0,1282.0,Scheduled - Deadline Met,Yes,Yes,3600.204780817032,60.0034130136172,9,8494.0,Gurobi Status: 9
F36,P36_1,3,0,400000,5705,49582.0,55287.0,55287.0,Scheduled - Deadline Met,Yes,Yes,3600.204780817032,60.0034130136172,9,8494.0,Gurobi Status: 9
F36,P36_2,8,400000,800000,5705,,,,Optional Packets- Not Scheduled,No,N/A,3600.204780817032,60.0034130136172,9,8494.0,Gurobi Status: 9
F36,P36_3,3,800000,1200000,5705,826444.0,832149.0,32149.0,Scheduled - Deadline Met,Yes,Yes,3600.204780817032,60.0034130136172,9,8494.0,Gurobi Status: 9
F36,P36_4,8,1200000,1600000,5705,,,,Optional Packets- Not Scheduled,No,N/A,3600.204780817032,60.0034130136172,9,8494.0,Gurobi Status: 9
F36,P36_5,3,1600000,2000000,5705,1635651.0,1641356.0,41356.0,Scheduled - Deadline Met,Yes,Yes,3600.204780817032,60.0034130136172,9,8494.0,Gurobi Status: 9
F36,P36_6,8,2000000,2400000,5705,,,,Optional Packets- Not Scheduled,No,N/A,3600.204780817032,60.0034130136172,9,8494.0,Gurobi Status: 9
F37,P37_1,5,0,200000,1941,119592.0,121533.0,121533.0,Scheduled - Deadline Met,Yes,Yes,3600.204780817032,60.0034130136172,9,8494.0,Gurobi Status: 9
F37,P37_2,8,200000,400000,1941,335662.0,337603.0,137603.0,Scheduled - Deadline Met,Yes,Yes,3600.204780817032,60.0034130136172,9,8494.0,Gurobi Status: 9
F37,P37_3,5,400000,600000,1941,468136.0,470077.0,70077.0,Scheduled - Deadline Met,Yes,Yes,3600.204780817032,60.0034130136172,9,8494.0,Gurobi Status: 9
F37,P37_4,8,600000,800000,1941,690586.0,692527.0,92527.0,Scheduled - Deadline Met,Yes,Yes,3600.204780817032,60.0034130136172,9,8494.0,Gurobi Status: 9
F37,P37_5,5,800000,1000000,1941,848788.0,850729.0,50729.0,Scheduled - Deadline Met,Yes,Yes,3600.204780817032,60.0034130136172,9,8494.0,Gurobi Status: 9
F37,P37_6,8,1000000,1200000,1941,1095425.0,1097366.0,97366.0,Scheduled - Deadline Met,Yes,Yes,3600.204780817032,60.0034130136172,9,8494.0,Gurobi Status: 9
F37,P37_7,5,1200000,1400000,1941,1232783.0,1234724.0,34724.0,Scheduled - Deadline Met,Yes,Yes,3600.204780817032,60.0034130136172,9,8494.0,Gurobi Status: 9
F37,P37_8,8,1400000,1600000,1941,1505993.0,1507934.0,107934.0,Scheduled - Deadline Met,Yes,Yes,3600.204780817032,60.0034130136172,9,8494.0,Gurobi Status: 9
F37,P37_9,5,1600000,1800000,1941,1641452.0,1643393.0,43393.0,Scheduled - Deadline Met,Yes,Yes,3600.204780817032,60.0034130136172,9,8494.0,Gurobi Status: 9
F37,P37_10,8,1800000,2000000,1941,1890586.0,1892527.0,92527.0,Scheduled - Deadline Met,Yes,Yes,3600.204780817032,60.0034130136172,9,8494.0,Gurobi Status: 9
F37,P37_11,5,2000000,2200000,1941,2009081.0,2011022.0,11022.0,Scheduled - Deadline Met,Yes,Yes,3600.204780817032,60.0034130136172,9,8494.0,Gurobi Status: 9
F37,P37_12,8,2200000,2400000,1941,2295425.0,2297366.0,97366.0,Scheduled - Deadline Met,Yes,Yes,3600.204780817032,60.0034130136172,9,8494.0,Gurobi Status: 9
F38,P38_1,8,0,100000,2264,7753.0,10017.0,10017.0,Scheduled - Deadline Met,Yes,Yes,3600.204780817032,60.0034130136172,9,8494.0,Gurobi Status: 9
F38,P38_2,3,100000,200000,2264,168330.0,170594.0,70594.0,Scheduled - Deadline Met,Yes,Yes,3600.204780817032,60.0034130136172,9,8494.0,Gurobi Status: 9
F38,P38_3,8,200000,300000,2264,247824.0,250088.0,50088.0,Scheduled - Deadline Met,Yes,Yes,3600.204780817032,60.0034130136172,9,8494.0,Gurobi Status: 9
F38,P38_4,3,300000,400000,2264,327405.0,329669.0,29669.0,Scheduled - Deadline Met,Yes,Yes,3600.204780817032,60.0034130136172,9,8494.0,Gurobi Status: 9
F38,P38_5,8,400000,500000,2264,,,,Optional Packets- Not Scheduled,No,N/A,3600.204780817032,60.0034130136172,9,8494.0,Gurobi Status: 9
F38,P38_6,3,500000,600000,2264,540765.0,543029.0,43029.0,Scheduled - Deadline Met,Yes,Yes,3600.204780817032,60.0034130136172,9,8494.0,Gurobi Status: 9
F38,P38_7,8,600000,700000,2264,,,,Optional Packets- Not Scheduled,No,N/A,3600.204780817032,60.0034130136172,9,8494.0,Gurobi Status: 9
F38,P38_8,3,700000,800000,2264,753051.0,755315.0,55315.0,Scheduled - Deadline Met,Yes,Yes,3600.204780817032,60.0034130136172,9,8494.0,Gurobi Status: 9
F38,P38_9,8,800000,900000,2264,,,,Optional Packets- Not Scheduled,No,N/A,3600.204780817032,60.0034130136172,9,8494.0,Gurobi Status: 9
F38,P38_10,3,900000,1000000,2264,971163.0,973427.0,73427.0,Scheduled - Deadline Met,Yes,Yes,3600.204780817032,60.0034130136172,9,8494.0,Gurobi Status: 9
F38,P38_11,8,1000000,1100000,2264,,,,Optional Packets- Not Scheduled,No,N/A,3600.204780817032,60.0034130136172,9,8494.0,Gurobi Status: 9
F38,P38_12,3,1100000,1200000,2264,1148260.0,1150524.0,50524.0,Scheduled - Deadline Met,Yes,Yes,3600.204780817032,60.0034130136172,9,8494.0,Gurobi Status: 9
F38,P38_13,8,1200000,1300000,2264,,,,Optional Packets- Not Scheduled,No,N/A,3600.204780817032,60.0034130136172,9,8494.0,Gurobi Status: 9
F38,P38_14,3,1300000,1400000,2264,1374025.0,1376289.0,76289.0,Scheduled - Deadline Met,Yes,Yes,3600.204780817032,60.0034130136172,9,8494.0,Gurobi Status: 9
F38,P38_15,8,1400000,1500000,2264,1496287.0,1498551.0,98551.0,Scheduled - Deadline Met,Yes,Yes,3600.204780817032,60.0034130136172,9,8494.0,Gurobi Status: 9
F38,P38_16,3,1500000,1600000,2264,1543529.0,1545793.0,45793.0,Scheduled - Deadline Met,Yes,Yes,3600.204780817032,60.0034130136172,9,8494.0,Gurobi Status: 9
F38,P38_17,8,1600000,1700000,2264,1677264.0,1679528.0,79528.0,Scheduled - Deadline Met,Yes,Yes,3600.204780817032,60.0034130136172,9,8494.0,Gurobi Status: 9
F38,P38_18,3,1700000,1800000,2264,1776286.0,1778550.0,78550.0,Scheduled - Deadline Met,Yes,Yes,3600.204780817032,60.0034130136172,9,8494.0,Gurobi Status: 9
F38,P38_19,8,1800000,1900000,2264,,,,Optional Packets- Not Scheduled,No,N/A,3600.204780817032,60.0034130136172,9,8494.0,Gurobi Status: 9
F38,P38_20,3,1900000,2000000,2264,1967128.0,1969392.0,69392.0,Scheduled - Deadline Met,Yes,Yes,3600.204780817032,60.0034130136172,9,8494.0,Gurobi Status: 9
F38,P38_21,8,2000000,2100000,2264,,,,Optional Packets- Not Scheduled,No,N/A,3600.204780817032,60.0034130136172,9,8494.0,Gurobi Status: 9
F38,P38_22,3,2100000,2200000,2264,2171163.0,2173427.0,73427.0,Scheduled - Deadline Met,Yes,Yes,3600.204780817032,60.0034130136172,9,8494.0,Gurobi Status: 9
F38,P38_23,8,2200000,2300000,2264,2276160.0,2278424.0,78424.0,Scheduled - Deadline Met,Yes,Yes,3600.204780817032,60.0034130136172,9,8494.0,Gurobi Status: 9
F38,P38_24,3,2300000,2400000,2264,2322411.0,2324675.0,24675.0,Scheduled - Deadline Met,Yes,Yes,3600.204780817032,60.0034130136172,9,8494.0,Gurobi Status: 9
F39,P39_1,1,0,200000,1056,48430.0,49486.0,49486.0,Scheduled - Deadline Met,Yes,Yes,3600.204780817032,60.0034130136172,9,8494.0,Gurobi Status: 9
F39,P39_2,8,200000,400000,1056,337699.0,338755.0,138755.0,Scheduled - Deadline Met,Yes,Yes,3600.204780817032,60.0034130136172,9,8494.0,Gurobi Status: 9
F39,P39_3,1,400000,600000,1056,417409.0,418465.0,18465.0,Scheduled - Deadline Met,Yes,Yes,3600.204780817032,60.0034130136172,9,8494.0,Gurobi Status: 9
F39,P39_4,8,600000,800000,1056,695526.0,696582.0,96582.0,Scheduled - Deadline Met,Yes,Yes,3600.204780817032,60.0034130136172,9,8494.0,Gurobi Status: 9
F39,P39_5,1,800000,1000000,1056,833727.0,834783.0,34783.0,Scheduled - Deadline Met,Yes,Yes,3600.204780817032,60.0034130136172,9,8494.0,Gurobi Status: 9
F39,P39_6,8,1000000,1200000,1056,1097462.0,1098518.0,98518.0,Scheduled - Deadline Met,Yes,Yes,3600.204780817032,60.0034130136172,9,8494.0,Gurobi Status: 9
F39,P39_7,1,1200000,1400000,1056,1231631.0,1232687.0,32687.0,Scheduled - Deadline Met,Yes,Yes,3600.204780817032,60.0034130136172,9,8494.0,Gurobi Status: 9
F39,P39_8,8,1400000,1600000,1056,1508030.0,1509086.0,109086.0,Scheduled - Deadline Met,Yes,Yes,3600.204780817032,60.0034130136172,9,8494.0,Gurobi Status: 9
F39,P39_9,1,1600000,1800000,1056,1603031.0,1604087.0,4087.0,Scheduled - Deadline Met,Yes,Yes,3600.204780817032,60.0034130136172,9,8494.0,Gurobi Status: 9
F39,P39_10,8,1800000,2000000,1056,1895526.0,1896582.0,96582.0,Scheduled - Deadline Met,Yes,Yes,3600.204780817032,60.0034130136172,9,8494.0,Gurobi Status: 9
F39,P39_11,1,2000000,2200000,1056,2054207.0,2055263.0,55263.0,Scheduled - Deadline Met,Yes,Yes,3600.204780817032,60.0034130136172,9,8494.0,Gurobi Status: 9
F39,P39_12,8,2200000,2400000,1056,2297462.0,2298518.0,98518.0,Scheduled - Deadline Met,Yes,Yes,3600.204780817032,60.0034130136172,9,8494.0,Gurobi Status: 9
F4,P4_1,8,0,200000,3124,59577.0,62701.0,62701.0,Scheduled - Deadline Met,Yes,Yes,3600.204780817032,60.0034130136172,9,8494.0,Gurobi Status: 9
F4,P4_2,2,200000,400000,3124,359829.0,362953.0,162953.0,Scheduled - Deadline Met,Yes,Yes,3600.204780817032,60.0034130136172,9,8494.0,Gurobi Status: 9
F4,P4_3,2,400000,600000,3124,418561.0,421685.0,21685.0,Scheduled - Deadline Met,Yes,Yes,3600.204780817032,60.0034130136172,9,8494.0,Gurobi Status: 9
F4,P4_4,8,600000,800000,3124,685223.0,688347.0,88347.0,Scheduled - Deadline Met,Yes,Yes,3600.204780817032,60.0034130136172,9,8494.0,Gurobi Status: 9
F4,P4_5,2,800000,1000000,3124,853235.0,856359.0,56359.0,Scheduled - Deadline Met,Yes,Yes,3600.204780817032,60.0034130136172,9,8494.0,Gurobi Status: 9
F4,P4_6,2,1000000,1200000,3124,1017513.0,1020637.0,20637.0,Scheduled - Deadline Met,Yes,Yes,3600.204780817032,60.0034130136172,9,8494.0,Gurobi Status: 9
F4,P4_7,8,1200000,1400000,3124,1249471.0,1252595.0,52595.0,Scheduled - Deadline Met,Yes,Yes,3600.204780817032,60.0034130136172,9,8494.0,Gurobi Status: 9
F4,P4_8,2,1400000,1600000,3124,1493067.0,1496191.0,96191.0,Scheduled - Deadline Met,Yes,Yes,3600.204780817032,60.0034130136172,9,8494.0,Gurobi Status: 9
F4,P4_9,2,1600000,1800000,3124,1645555.0,1648679.0,48679.0,Scheduled - Deadline Met,Yes,Yes,3600.204780817032,60.0034130136172,9,8494.0,Gurobi Status: 9
F4,P4_10,8,1800000,2000000,3124,1885223.0,1888347.0,88347.0,Scheduled - Deadline Met,Yes,Yes,3600.204780817032,60.0034130136172,9,8494.0,Gurobi Status: 9
F4,P4_11,2,2000000,2200000,3124,2062574.0,2065698.0,65698.0,Scheduled - Deadline Met,Yes,Yes,3600.204780817032,60.0034130136172,9,8494.0,Gurobi Status: 9
F4,P4_12,2,2200000,2400000,3124,2227353.0,2230477.0,30477.0,Scheduled - Deadline Met,Yes,Yes,3600.204780817032,60.0034130136172,9,8494.0,Gurobi Status: 9
F40,P40_1,8,0,50000,1084,,,,Optional Packets- Not Scheduled,No,N/A,3600.204780817032,60.0034130136172,9,8494.0,Gurobi Status: 9
F40,P40_2,1,50000,100000,1084,76334.0,77418.0,27418.0,Scheduled - Deadline Met,Yes,Yes,3600.204780817032,60.0034130136172,9,8494.0,Gurobi Status: 9
F40,P40_3,8,100000,150000,1084,108679.0,109763.0,9763.0,Scheduled - Deadline Met,Yes,Yes,3600.204780817032,60.0034130136172,9,8494.0,Gurobi Status: 9
F40,P40_4,1,150000,200000,1084,173207.0,174291.0,24291.0,Scheduled - Deadline Met,Yes,Yes,3600.204780817032,60.0034130136172,9,8494.0,Gurobi Status: 9
F40,P40_5,8,200000,250000,1084,234013.0,235097.0,35097.0,Scheduled - Deadline Met,Yes,Yes,3600.204780817032,60.0034130136172,9,8494.0,Gurobi Status: 9
F40,P40_6,1,250000,300000,1084,290333.0,291417.0,41417.0,Scheduled - Deadline Met,Yes,Yes,3600.204780817032,60.0034130136172,9,8494.0,Gurobi Status: 9
F40,P40_7,8,300000,350000,1084,348916.0,350000.0,50000.0,Scheduled - Deadline Met,Yes,Yes,3600.204780817032,60.0034130136172,9,8494.0,Gurobi Status: 9
F40,P40_8,1,350000,400000,1084,377412.0,378496.0,28496.0,Scheduled - Deadline Met,Yes,Yes,3600.204780817032,60.0034130136172,9,8494.0,Gurobi Status: 9
F40,P40_9,8,400000,450000,1084,,,,Optional Packets- Not Scheduled,No,N/A,3600.204780817032,60.0034130136172,9,8494.0,Gurobi Status: 9
F40,P40_10,1,450000,500000,1084,486908.0,487992.0,37992.0,Scheduled - Deadline Met,Yes,Yes,3600.204780817032,60.0034130136172,9,8494.0,Gurobi Status: 9
F40,P40_11,8,500000,550000,1084,511196.0,512280.0,12280.0,Scheduled - Deadline Met,Yes,Yes,3600.204780817032,60.0034130136172,9,8494.0,Gurobi Status: 9
F40,P40_12,1,550000,600000,1084,563370.0,564454.0,14454.0,Scheduled - Deadline Met,Yes,Yes,3600.204780817032,60.0034130136172,9,8494.0,Gurobi Status: 9
F40,P40_13,8,600000,650000,1084,634498.0,635582.0,35582.0,Scheduled - Deadline Met,Yes,Yes,3600.204780817032,60.0034130136172,9,8494.0,Gurobi Status: 9
F40,P40_14,1,650000,700000,1084,668359.0,669443.0,19443.0,Scheduled - Deadline Met,Yes,Yes,3600.204780817032,60.0034130136172,9,8494.0,Gurobi Status: 9
F40,P40_15,8,700000,750000,1084,708679.0,709763.0,9763.0,Scheduled - Deadline Met,Yes,Yes,3600.204780817032,60.0034130136172,9,8494.0,Gurobi Status: 9
F40,P40_16,1,750000,800000,1084,755411.0,756495.0,6495.0,Scheduled - Deadline Met,Yes,Yes,3600.204780817032,60.0034130136172,9,8494.0,Gurobi Status: 9
F40,P40_17,8,800000,850000,1084,,,,Optional Packets- Not Scheduled,No,N/A,3600.204780817032,60.0034130136172,9,8494.0,Gurobi Status: 9
F40,P40_18,1,850000,900000,1084,878194.0,879278.0,29278.0,Scheduled - Deadline Met,Yes,Yes,3600.204780817032,60.0034130136172,9,8494.0,Gurobi Status: 9
F40,P40_19,8,900000,950000,1084,948916.0,950000.0,50000.0,Scheduled - Deadline Met,Yes,Yes,3600.204780817032,60.0034130136172,9,8494.0,Gurobi Status: 9
F40,P40_20,1,950000,1000000,1084,977337.0,978421.0,28421.0,Scheduled - Deadline Met,Yes,Yes,3600.204780817032,60.0034130136172,9,8494.0,Gurobi Status: 9
F40,P40_21,8,1000000,1050000,1084,,,,Optional Packets- Not Scheduled,No,N/A,3600.204780817032,60.0034130136172,9,8494.0,Gurobi Status: 9
F40,P40_22,1,1050000,1100000,1084,1062986.0,1064070.0,14070.0,Scheduled - Deadline Met,Yes,Yes,3600.204780817032,60.0034130136172,9,8494.0,Gurobi Status: 9
F40,P40_23,8,1100000,1150000,1084,1137347.0,1138431.0,38431.0,Scheduled - Deadline Met,Yes,Yes,3600.204780817032,60.0034130136172,9,8494.0,Gurobi Status: 9
F40,P40_24,1,1150000,1200000,1084,1188851.0,1189935.0,39935.0,Scheduled - Deadline Met,Yes,Yes,3600.204780817032,60.0034130136172,9,8494.0,Gurobi Status: 9
F40,P40_25,8,1200000,1250000,1084,1246842.0,1247926.0,47926.0,Scheduled - Deadline Met,Yes,Yes,3600.204780817032,60.0034130136172,9,8494.0,Gurobi Status: 9
F40,P40_26,1,1250000,1300000,1084,1282341.0,1283425.0,33425.0,Scheduled - Deadline Met,Yes,Yes,3600.204780817032,60.0034130136172,9,8494.0,Gurobi Status: 9
F40,P40_27,8,1300000,1350000,1084,1348820.0,1349904.0,49904.0,Scheduled - Deadline Met,Yes,Yes,3600.204780817032,60.0034130136172,9,8494.0,Gurobi Status: 9
F40,P40_28,1,1350000,1400000,1084,1376985.0,1378069.0,28069.0,Scheduled - Deadline Met,Yes,Yes,3600.204780817032,60.0034130136172,9,8494.0,Gurobi Status: 9
F40,P40_29,8,1400000,1450000,1084,1422442.0,1423526.0,23526.0,Scheduled - Deadline Met,Yes,Yes,3600.204780817032,60.0034130136172,9,8494.0,Gurobi Status: 9
F40,P40_30,1,1450000,1500000,1084,1470153.0,1471237.0,21237.0,Scheduled - Deadline Met,Yes,Yes,3600.204780817032,60.0034130136172,9,8494.0,Gurobi Status: 9
F40,P40_31,8,1500000,1550000,1084,1548820.0,1549904.0,49904.0,Scheduled - Deadline Met,Yes,Yes,3600.204780817032,60.0034130136172,9,8494.0,Gurobi Status: 9
F40,P40_32,1,1550000,1600000,1084,1562250.0,1563334.0,13334.0,Scheduled - Deadline Met,Yes,Yes,3600.204780817032,60.0034130136172,9,8494.0,Gurobi Status: 9
F40,P40_33,8,1600000,1650000,1084,,,,Optional Packets- Not Scheduled,No,N/A,3600.204780817032,60.0034130136172,9,8494.0,Gurobi Status: 9
F40,P40_34,1,1650000,1700000,1084,1664219.0,1665303.0,15303.0,Scheduled - Deadline Met,Yes,Yes,3600.204780817032,60.0034130136172,9,8494.0,Gurobi Status: 9
F40,P40_35,8,1700000,1750000,1084,1741511.0,1742595.0,42595.0,Scheduled - Deadline Met,Yes,Yes,3600.204780817032,60.0034130136172,9,8494.0,Gurobi Status: 9
F40,P40_36,1,1750000,1800000,1084,1796518.0,1797602.0,47602.0,Scheduled - Deadline Met,Yes,Yes,3600.204780817032,60.0034130136172,9,8494.0,Gurobi Status: 9
F40,P40_37,8,1800000,1850000,1084,,,,Optional Packets- Not Scheduled,No,N/A,3600.204780817032,60.0034130136172,9,8494.0,Gurobi Status: 9
F40,P40_38,1,1850000,1900000,1084,1867763.0,1868847.0,18847.0,Scheduled - Deadline Met,Yes,Yes,3600.204780817032,60.0034130136172,9,8494.0,Gurobi Status: 9
F40,P40_39,8,1900000,1950000,1084,1937144.0,1938228.0,38228.0,Scheduled - Deadline Met,Yes,Yes,3600.204780817032,60.0034130136172,9,8494.0,Gurobi Status: 9
F40,P40_40,1,1950000,2000000,1084,1969488.0,1970572.0,20572.0,Scheduled - Deadline Met,Yes,Yes,3600.204780817032,60.0034130136172,9,8494.0,Gurobi Status: 9
F40,P40_41,8,2000000,2050000,1084,,,,Optional Packets- Not Scheduled,No,N/A,3600.204780817032,60.0034130136172,9,8494.0,Gurobi Status: 9
F40,P40_42,1,2050000,2100000,1084,2074315.0,2075399.0,25399.0,Scheduled - Deadline Met,Yes,Yes,3600.204780817032,60.0034130136172,9,8494.0,Gurobi Status: 9
F40,P40_43,8,2100000,2150000,1084,2148916.0,2150000.0,50000.0,Scheduled - Deadline Met,Yes,Yes,3600.204780817032,60.0034130136172,9,8494.0,Gurobi Status: 9
F40,P40_44,1,2150000,2200000,1084,2184354.0,2185438.0,35438.0,Scheduled - Deadline Met,Yes,Yes,3600.204780817032,60.0034130136172,9,8494.0,Gurobi Status: 9
F40,P40_45,8,2200000,2250000,1084,,,,Optional Packets- Not Scheduled,No,N/A,3600.204780817032,60.0034130136172,9,8494.0,Gurobi Status: 9
F40,P40_46,1,2250000,2300000,1084,2255246.0,2256330.0,6330.0,Scheduled - Deadline Met,Yes,Yes,3600.204780817032,60.0034130136172,9,8494.0,Gurobi Status: 9
F40,P40_47,8,2300000,2350000,1084,2348916.0,2350000.0,50000.0,Scheduled - Deadline Met,Yes,Yes,3600.204780817032,60.0034130136172,9,8494.0,Gurobi Status: 9
F40,P40_48,1,2350000,2400000,1084,2368646.0,2369730.0,19730.0,Scheduled - Deadline Met,Yes,Yes,3600.204780817032,60.0034130136172,9,8494.0,Gurobi Status: 9
F41,P41_1,2,0,400000,2514,184353.0,186867.0,186867.0,Scheduled - Deadline Met,Yes,Yes,3600.204780817032,60.0034130136172,9,8494.0,Gurobi Status: 9
F41,P41_2,8,400000,800000,2514,,,,Optional Packets- Not Scheduled,No,N/A,3600.204780817032,60.0034130136172,9,8494.0,Gurobi Status: 9
F41,P41_3,2,800000,1200000,2514,905334.0,907848.0,107848.0,Scheduled - Deadline Met,Yes,Yes,3600.204780817032,60.0034130136172,9,8494.0,Gurobi Status: 9
F41,P41_4,8,1200000,1600000,2514,,,,Optional Packets- Not Scheduled,No,N/A,3600.204780817032,60.0034130136172,9,8494.0,Gurobi Status: 9
F41,P41_5,2,1600000,2000000,2514,1784005.0,1786519.0,186519.0,Scheduled - Deadline Met,Yes,Yes,3600.204780817032,60.0034130136172,9,8494.0,Gurobi Status: 9
F41,P41_6,8,2000000,2400000,2514,2133775.0,2136289.0,136289.0,Scheduled - Deadline Met,Yes,Yes,3600.204780817032,60.0034130136172,9,8494.0,Gurobi Status: 9
F42,P42_1,8,0,400000,600,96883.0,97483.0,97483.0,Scheduled - Deadline Met,Yes,Yes,3600.204780817032,60.0034130136172,9,8494.0,Gurobi Status: 9
F42,P42_2,2,400000,800000,600,568453.0,569053.0,169053.0,Scheduled - Deadline Met,Yes,Yes,3600.204780817032,60.0034130136172,9,8494.0,Gurobi Status: 9
F42,P42_3,8,800000,1200000,600,938155.0,938755.0,138755.0,Scheduled - Deadline Met,Yes,Yes,3600.204780817032,60.0034130136172,9,8494.0,Gurobi Status: 9
F42,P42_4,2,1200000,1600000,600,1376385.0,1376985.0,176985.0,Scheduled - Deadline Met,Yes,Yes,3600.204780817032,60.0034130136172,9,8494.0,Gurobi Status: 9
F42,P42_5,8,1600000,2000000,600,1697918.0,1698518.0,98518.0,Scheduled - Deadline Met,Yes,Yes,3600.204780817032,60.0034130136172,9,8494.0,Gurobi Status: 9
F42,P42_6,2,2000000,2400000,600,2085324.0,2085924.0,85924.0,Scheduled - Deadline Met,Yes,Yes,3600.204780817032,60.0034130136172,9,8494.0,Gurobi Status: 9
F43,P43_1,8,0,100000,6921,,,,Optional Packets- Not Scheduled,No,N/A,3600.204780817032,60.0034130136172,9,8494.0,Gurobi Status: 9
F43,P43_2,6,100000,200000,6921,189265.0,196186.0,96186.0,Scheduled - Deadline Met,Yes,Yes,3600.204780817032,60.0034130136172,9,8494.0,Gurobi Status: 9
F43,P43_3,8,200000,300000,6921,,,,Optional Packets- Not Scheduled,No,N/A,3600.204780817032,60.0034130136172,9,8494.0,Gurobi Status: 9
F43,P43_4,6,300000,400000,6921,368913.0,375834.0,75834.0,Scheduled - Deadline Met,Yes,Yes,3600.204780817032,60.0034130136172,9,8494.0,Gurobi Status: 9
F43,P43_5,8,400000,500000,6921,,,,Optional Packets- Not Scheduled,No,N/A,3600.204780817032,60.0034130136172,9,8494.0,Gurobi Status: 9
F43,P43_6,6,500000,600000,6921,543125.0,550046.0,50046.0,Scheduled - Deadline Met,Yes,Yes,3600.204780817032,60.0034130136172,9,8494.0,Gurobi Status: 9
F43,P43_7,8,600000,700000,6921,,,,Optional Packets- Not Scheduled,No,N/A,3600.204780817032,60.0034130136172,9,8494.0,Gurobi Status: 9
F43,P43_8,6,700000,800000,6921,784400.0,791321.0,91321.0,Scheduled - Deadline Met,Yes,Yes,3600.204780817032,60.0034130136172,9,8494.0,Gurobi Status: 9
F43,P43_9,8,800000,900000,6921,,,,Optional Packets- Not Scheduled,No,N/A,3600.204780817032,60.0034130136172,9,8494.0,Gurobi Status: 9
F43,P43_10,6,900000,1000000,6921,984702.0,991623.0,91623.0,Scheduled - Deadline Met,Yes,Yes,3600.204780817032,60.0034130136172,9,8494.0,Gurobi Status: 9
F43,P43_11,8,1000000,1100000,6921,,,,Optional Packets- Not Scheduled,No,N/A,3600.204780817032,60.0034130136172,9,8494.0,Gurobi Status: 9
F43,P43_12,6,1100000,1200000,6921,1179317.0,1186238.0,86238.0,Scheduled - Deadline Met,Yes,Yes,3600.204780817032,60.0034130136172,9,8494.0,Gurobi Status: 9
F43,P43_13,8,1200000,1300000,6921,,,,Optional Packets- Not Scheduled,No,N/A,3600.204780817032,60.0034130136172,9,8494.0,Gurobi Status: 9
F43,P43_14,6,1300000,1400000,6921,1381979.0,1388900.0,88900.0,Scheduled - Deadline Met,Yes,Yes,3600.204780817032,60.0034130136172,9,8494.0,Gurobi Status: 9
F43,P43_15,8,1400000,1500000,6921,,,,Optional Packets- Not Scheduled,No,N/A,3600.204780817032,60.0034130136172,9,8494.0,Gurobi Status: 9
F43,P43_16,6,1500000,1600000,6921,1563430.0,1570351.0,70351.0,Scheduled - Deadline Met,Yes,Yes,3600.204780817032,60.0034130136172,9,8494.0,Gurobi Status: 9
F43,P43_17,8,1600000,1700000,6921,,,,Optional Packets- Not Scheduled,No,N/A,3600.204780817032,60.0034130136172,9,8494.0,Gurobi Status: 9
F43,P43_18,6,1700000,1800000,6921,1732096.0,1739017.0,39017.0,Scheduled - Deadline Met,Yes,Yes,3600.204780817032,60.0034130136172,9,8494.0,Gurobi Status: 9
F43,P43_19,8,1800000,1900000,6921,,,,Optional Packets- Not Scheduled,No,N/A,3600.204780817032,60.0034130136172,9,8494.0,Gurobi Status: 9
F43,P43_20,6,1900000,2000000,6921,1973185.0,1980106.0,80106.0,Scheduled - Deadline Met,Yes,Yes,3600.204780817032,60.0034130136172,9,8494.0,Gurobi Status: 9
F43,P43_21,8,2000000,2100000,6921,,,,Optional Packets- Not Scheduled,No,N/A,3600.204780817032,60.0034130136172,9,8494.0,Gurobi Status: 9
F43,P43_22,6,2100000,2200000,6921,2173523.0,2180444.0,80444.0,Scheduled - Deadline Met,Yes,Yes,3600.204780817032,60.0034130136172,9,8494.0,Gurobi Status: 9
F43,P43_23,8,2200000,2300000,6921,,,,Optional Packets- Not Scheduled,No,N/A,3600.204780817032,60.0034130136172,9,8494.0,Gurobi Status: 9
F43,P43_24,6,2300000,2400000,6921,2324771.0,2331692.0,31692.0,Scheduled - Deadline Met,Yes,Yes,3600.204780817032,60.0034130136172,9,8494.0,Gurobi Status: 9
F44,P44_1,8,0,200000,3351,,,,Optional Packets- Not Scheduled,No,N/A,3600.204780817032,60.0034130136172,9,8494.0,Gurobi Status: 9
F44,P44_2,1,200000,400000,3351,277297.0,280648.0,80648.0,Scheduled - Deadline Met,Yes,Yes,3600.204780817032,60.0034130136172,9,8494.0,Gurobi Status: 9
F44,P44_3,8,400000,600000,3351,,,,Optional Packets- Not Scheduled,No,N/A,3600.204780817032,60.0034130136172,9,8494.0,Gurobi Status: 9
F44,P44_4,1,600000,800000,3351,627171.0,630522.0,30522.0,Scheduled - Deadline Met,Yes,Yes,3600.204780817032,60.0034130136172,9,8494.0,Gurobi Status: 9
F44,P44_5,8,800000,1000000,3351,913051.0,916402.0,116402.0,Scheduled - Deadline Met,Yes,Yes,3600.204780817032,60.0034130136172,9,8494.0,Gurobi Status: 9
F44,P44_6,1,1000000,1200000,3351,1011549.0,1014900.0,14900.0,Scheduled - Deadline Met,Yes,Yes,3600.204780817032,60.0034130136172,9,8494.0,Gurobi Status: 9
F44,P44_7,8,1200000,1400000,3351,,,,Optional Packets- Not Scheduled,No,N/A,3600.204780817032,60.0034130136172,9,8494.0,Gurobi Status: 9
F44,P44_8,1,1400000,1600000,3351,1433355.0,1436706.0,36706.0,Scheduled - Deadline Met,Yes,Yes,3600.204780817032,60.0034130136172,9,8494.0,Gurobi Status: 9
F44,P44_9,8,1600000,1800000,3351,,,,Optional Packets- Not Scheduled,No,N/A,3600.204780817032,60.0034130136172,9,8494.0,Gurobi Status: 9
F44,P44_10,1,1800000,2000000,3351,1854745.0,1858096.0,58096.0,Scheduled - Deadline Met,Yes,Yes,3600.204780817032,60.0034130136172,9,8494.0,Gurobi Status: 9
F44,P44_11,8,2000000,2200000,3351,2098376.0,2101727.0,101727.0,Scheduled - Deadline Met,Yes,Yes,3600.204780817032,60.0034130136172,9,8494.0,Gurobi Status: 9
F44,P44_12,1,2200000,2400000,3351,2206278.0,2209629.0,9629.0,Scheduled - Deadline Met,Yes,Yes,3600.204780817032,60.0034130136172,9,8494.0,Gurobi Status: 9
F45,P45_1,8,0,200000,3687,,,,Optional Packets- Not Scheduled,No,N/A,3600.204780817032,60.0034130136172,9,8494.0,Gurobi Status: 9
F45,P45_2,3,200000,400000,3687,261366.0,265053.0,65053.0,Scheduled - Deadline Met,Yes,Yes,3600.204780817032,60.0034130136172,9,8494.0,Gurobi Status: 9
F45,P45_3,8,400000,600000,3687,454620.0,458307.0,58307.0,Scheduled - Deadline Met,Yes,Yes,3600.204780817032,60.0034130136172,9,8494.0,Gurobi Status: 9
F45,P45_4,3,600000,800000,3687,660918.0,664605.0,64605.0,Scheduled - Deadline Met,Yes,Yes,3600.204780817032,60.0034130136172,9,8494.0,Gurobi Status: 9
F45,P45_5,8,800000,1000000,3687,,,,Optional Packets- Not Scheduled,No,N/A,3600.204780817032,60.0034130136172,9,8494.0,Gurobi Status: 9
F45,P45_6,3,1000000,1200000,3687,1040092.0,1043779.0,43779.0,Scheduled - Deadline Met,Yes,Yes,3600.204780817032,60.0034130136172,9,8494.0,Gurobi Status: 9
F45,P45_7,8,1200000,1400000,3687,,,,Optional Packets- Not Scheduled,No,N/A,3600.204780817032,60.0034130136172,9,8494.0,Gurobi Status: 9
F45,P45_8,3,1400000,1600000,3687,1460298.0,1463985.0,63985.0,Scheduled - Deadline Met,Yes,Yes,3600.204780817032,60.0034130136172,9,8494.0,Gurobi Status: 9
F45,P45_9,8,1600000,1800000,3687,1681073.0,1684760.0,84760.0,Scheduled - Deadline Met,Yes,Yes,3600.204780817032,60.0034130136172,9,8494.0,Gurobi Status: 9
F45,P45_10,3,1800000,2000000,3687,1842685.0,1846372.0,46372.0,Scheduled - Deadline Met,Yes,Yes,3600.204780817032,60.0034130136172,9,8494.0,Gurobi Status: 9
F45,P45_11,8,2000000,2200000,3687,2090839.0,2094526.0,94526.0,Scheduled - Deadline Met,Yes,Yes,3600.204780817032,60.0034130136172,9,8494.0,Gurobi Status: 9
F45,P45_12,3,2200000,2400000,3687,2247036.0,2250723.0,50723.0,Scheduled - Deadline Met,Yes,Yes,3600.204780817032,60.0034130136172,9,8494.0,Gurobi Status: 9
F46,P46_1,8,0,50000,6089,,,,Optional Packets- Not Scheduled,No,N/A,3600.204780817032,60.0034130136172,9,8494.0,Gurobi Status: 9
F46,P46_2,3,50000,100000,6089,77514.0,83603.0,33603.0,Scheduled - Deadline Met,Yes,Yes,3600.204780817032,60.0034130136172,9,8494.0,Gurobi Status: 9
F46,P46_3,8,100000,150000,6089,100096.0,106185.0,6185.0,Scheduled - Deadline Met,Yes,Yes,3600.204780817032,60.0034130136172,9,8494.0,Gurobi Status: 9
F46,P46_4,3,150000,200000,6089,178264.0,184353.0,34353.0,Scheduled - Deadline Met,Yes,Yes,3600.204780817032,60.0034130136172,9,8494.0,Gurobi Status: 9
F46,P46_5,8,200000,250000,6089,,,,Optional Packets- Not Scheduled,No,N/A,3600.204780817032,60.0034130136172,9,8494.0,Gurobi Status: 9
F46,P46_6,3,250000,300000,6089,291513.0,297602.0,47602.0,Scheduled - Deadline Met,Yes,Yes,3600.204780817032,60.0034130136172,9,8494.0,Gurobi Status: 9
F46,P46_7,8,300000,350000,6089,338851.0,344940.0,44940.0,Scheduled - Deadline Met,Yes,Yes,3600.204780817032,60.0034130136172,9,8494.0,Gurobi Status: 9
F46,P46_8,3,350000,400000,6089,391513.0,397602.0,47602.0,Scheduled - Deadline Met,Yes,Yes,3600.204780817032,60.0034130136172,9,8494.0,Gurobi Status: 9
F46,P46_9,8,400000,450000,6089,,,,Optional Packets- Not Scheduled,No,N/A,3600.204780817032,60.0034130136172,9,8494.0,Gurobi Status: 9
F46,P46_10,3,450000,500000,6089,476863.0,482952.0,32952.0,Scheduled - Deadline Met,Yes,Yes,3600.204780817032,60.0034130136172,9,8494.0,Gurobi Status: 9
F46,P46_11,8,500000,550000,6089,500096.0,506185.0,6185.0,Scheduled - Deadline Met,Yes,Yes,3600.204780817032,60.0034130136172,9,8494.0,Gurobi Status: 9
F46,P46_12,3,550000,600000,6089,591513.0,597602.0,47602.0,Scheduled - Deadline Met,Yes,Yes,3600.204780817032,60.0034130136172,9,8494.0,Gurobi Status: 9
F46,P46_13,8,600000,650000,6089,,,,Optional Packets- Not Scheduled,No,N/A,3600.204780817032,60.0034130136172,9,8494.0,Gurobi Status: 9
F46,P46_14,3,650000,700000,6089,669539.0,675628.0,25628.0,Scheduled - Deadline Met,Yes,Yes,3600.204780817032,60.0034130136172,9,8494.0,Gurobi Status: 9
F46,P46_15,8,700000,750000,6089,700096.0,706185.0,6185.0,Scheduled - Deadline Met,Yes,Yes,3600.204780817032,60.0034130136172,9,8494.0,Gurobi Status: 9
F46,P46_16,3,750000,800000,6089,791417.0,797506.0,47506.0,Scheduled - Deadline Met,Yes,Yes,3600.204780817032,60.0034130136172,9,8494.0,Gurobi Status: 9
F46,P46_17,8,800000,850000,6089,,,,Optional Packets- Not Scheduled,No,N/A,3600.204780817032,60.0034130136172,9,8494.0,Gurobi Status: 9
F46,P46_18,3,850000,900000,6089,870039.0,876128.0,26128.0,Scheduled - Deadline Met,Yes,Yes,3600.204780817032,60.0034130136172,9,8494.0,Gurobi Status: 9
F46,P46_19,8,900000,950000,6089,938851.0,944940.0,44940.0,Scheduled - Deadline Met,Yes,Yes,3600.204780817032,60.0034130136172,9,8494.0,Gurobi Status: 9
F46,P46_20,3,950000,1000000,6089,978517.0,984606.0,34606.0,Scheduled - Deadline Met,Yes,Yes,3600.204780817032,60.0034130136172,9,8494.0,Gurobi Status: 9
F46,P46_21,8,1000000,1050000,6089,,,,Optional Packets- Not Scheduled,No,N/A,3600.204780817032,60.0034130136172,9,8494.0,Gurobi Status: 9
F46,P46_22,3,1050000,1100000,6089,1050947.0,1057036.0,7036.0,Scheduled - Deadline Met,Yes,Yes,3600.204780817032,60.0034130136172,9,8494.0,Gurobi Status: 9
F46,P46_23,8,1100000,1150000,6089,1115032.0,1121121.0,21121.0,Scheduled - Deadline Met,Yes,Yes,3600.204780817032,60.0034130136172,9,8494.0,Gurobi Status: 9
F46,P46_24,3,1150000,1200000,6089,1191513.0,1197602.0,47602.0,Scheduled - Deadline Met,Yes,Yes,3600.204780817032,60.0034130136172,9,8494.0,Gurobi Status: 9
F46,P46_25,8,1200000,1250000,6089,,,,Optional Packets- Not Scheduled,No,N/A,3600.204780817032,60.0034130136172,9,8494.0,Gurobi Status: 9
F46,P46_26,3,1250000,1300000,6089,1273758.0,1279847.0,29847.0,Scheduled - Deadline Met,Yes,Yes,3600.204780817032,60.0034130136172,9,8494.0,Gurobi Status: 9
F46,P46_27,8,1300000,1350000,6089,1340237.0,1346326.0,46326.0,Scheduled - Deadline Met,Yes,Yes,3600.204780817032,60.0034130136172,9,8494.0,Gurobi Status: 9
F46,P46_28,3,1350000,1400000,6089,1391513.0,1397602.0,47602.0,Scheduled - Deadline Met,Yes,Yes,3600.204780817032,60.0034130136172,9,8494.0,Gurobi Status: 9
F46,P46_29,8,1400000,1450000,6089,,,,Optional Packets- Not Scheduled,No,N/A,3600.204780817032,60.0034130136172,9,8494.0,Gurobi Status: 9
F46,P46_30,3,1450000,1500000,6089,1471333.0,1477422.0,27422.0,Scheduled - Deadline Met,Yes,Yes,3600.204780817032,60.0034130136172,9,8494.0,Gurobi Status: 9
F46,P46_31,8,1500000,1550000,6089,1509182.0,1515271.0,15271.0,Scheduled - Deadline Met,Yes,Yes,3600.204780817032,60.0034130136172,9,8494.0,Gurobi Status: 9
F46,P46_32,3,1550000,1600000,6089,1591513.0,1597602.0,47602.0,Scheduled - Deadline Met,Yes,Yes,3600.204780817032,60.0034130136172,9,8494.0,Gurobi Status: 9
F46,P46_33,8,1600000,1650000,6089,,,,Optional Packets- Not Scheduled,No,N/A,3600.204780817032,60.0034130136172,9,8494.0,Gurobi Status: 9
F46,P46_34,3,1650000,1700000,6089,1666164.0,1672253.0,22253.0,Scheduled - Deadline Met,Yes,Yes,3600.204780817032,60.0034130136172,9,8494.0,Gurobi Status: 9
F46,P46_35,8,1700000,1750000,6089,1700096.0,1706185.0,6185.0,Scheduled - Deadline Met,Yes,Yes,3600.204780817032,60.0034130136172,9,8494.0,Gurobi Status: 9
F46,P46_36,3,1750000,1800000,6089,1786519.0,1792608.0,42608.0,Scheduled - Deadline Met,Yes,Yes,3600.204780817032,60.0034130136172,9,8494.0,Gurobi Status: 9
F46,P46_37,8,1800000,1850000,6089,,,,Optional Packets- Not Scheduled,No,N/A,3600.204780817032,60.0034130136172,9,8494.0,Gurobi Status: 9
F46,P46_38,3,1850000,1900000,6089,1869572.0,1875661.0,25661.0,Scheduled - Deadline Met,Yes,Yes,3600.204780817032,60.0034130136172,9,8494.0,Gurobi Status: 9
F46,P46_39,8,1900000,1950000,6089,1915014.0,1921103.0,21103.0,Scheduled - Deadline Met,Yes,Yes,3600.204780817032,60.0034130136172,9,8494.0,Gurobi Status: 9
F46,P46_40,3,1950000,2000000,6089,1980202.0,1986291.0,36291.0,Scheduled - Deadline Met,Yes,Yes,3600.204780817032,60.0034130136172,9,8494.0,Gurobi Status: 9
F46,P46_41,8,2000000,2050000,6089,,,,Optional Packets- Not Scheduled,No,N/A,3600.204780817032,60.0034130136172,9,8494.0,Gurobi Status: 9
F46,P46_42,3,2050000,2100000,6089,2068130.0,2074219.0,24219.0,Scheduled - Deadline Met,Yes,Yes,3600.204780817032,60.0034130136172,9,8494.0,Gurobi Status: 9
F46,P46_43,8,2100000,2150000,6089,2138851.0,2144940.0,44940.0,Scheduled - Deadline Met,Yes,Yes,3600.204780817032,60.0034130136172,9,8494.0,Gurobi Status: 9
F46,P46_44,3,2150000,2200000,6089,2185534.0,2191623.0,41623.0,Scheduled - Deadline Met,Yes,Yes,3600.204780817032,60.0034130136172,9,8494.0,Gurobi Status: 9
F46,P46_45,8,2200000,2250000,6089,,,,Optional Packets- Not Scheduled,No,N/A,3600.204780817032,60.0034130136172,9,8494.0,Gurobi Status: 9
F46,P46_46,3,2250000,2300000,6089,2258943.0,2265032.0,15032.0,Scheduled - Deadline Met,Yes,Yes,3600.204780817032,60.0034130136172,9,8494.0,Gurobi Status: 9
F46,P46_47,8,2300000,2350000,6089,2300096.0,2306185.0,6185.0,Scheduled - Deadline Met,Yes,Yes,3600.204780817032,60.0034130136172,9,8494.0,Gurobi Status: 9
F46,P46_48,3,2350000,2400000,6089,2391513.0,2397602.0,47602.0,Scheduled - Deadline Met,Yes,Yes,3600.204780817032,60.0034130136172,9,8494.0,Gurobi Status: 9
F47,P47_1,8,0,400000,5829,,,,Optional Packets- Not Scheduled,No,N/A,3600.204780817032,60.0034130136172,9,8494.0,Gurobi Status: 9
F47,P47_2,5,400000,800000,5829,471034.0,476863.0,76863.0,Scheduled - Deadline Met,Yes,Yes,3600.204780817032,60.0034130136172,9,8494.0,Gurobi Status: 9
F47,P47_3,8,800000,1200000,5829,,,,Optional Packets- Not Scheduled,No,N/A,3600.204780817032,60.0034130136172,9,8494.0,Gurobi Status: 9
F47,P47_4,5,1200000,1600000,5829,1267929.0,1273758.0,73758.0,Scheduled - Deadline Met,Yes,Yes,3600.204780817032,60.0034130136172,9,8494.0,Gurobi Status: 9
F47,P47_5,8,1600000,2000000,5829,,,,Optional Packets- Not Scheduled,No,N/A,3600.204780817032,60.0034130136172,9,8494.0,Gurobi Status: 9
F47,P47_6,5,2000000,2400000,5829,2031305.0,2037134.0,37134.0,Scheduled - Deadline Met,Yes,Yes,3600.204780817032,60.0034130136172,9,8494.0,Gurobi Status: 9
F48,P48_1,6,0,400000,4702,21502.0,26204.0,26204.0,Scheduled - Deadline Met,Yes,Yes,3600.204780817032,60.0034130136172,9,8494.0,Gurobi Status: 9
F48,P48_2,8,400000,800000,4702,,,,Optional Packets- Not Scheduled,No,N/A,3600.204780817032,60.0034130136172,9,8494.0,Gurobi Status: 9
F48,P48_3,6,800000,1200000,4702,856455.0,861157.0,61157.0,Scheduled - Deadline Met,Yes,Yes,3600.204780817032,60.0034130136172,9,8494.0,Gurobi Status: 9
F48,P48_4,8,1200000,1600000,4702,1283521.0,1288223.0,88223.0,Scheduled - Deadline Met,Yes,Yes,3600.204780817032,60.0034130136172,9,8494.0,Gurobi Status: 9
F48,P48_5,6,1600000,2000000,4702,1615721.0,1620423.0,20423.0,Scheduled - Deadline Met,Yes,Yes,3600.204780817032,60.0034130136172,9,8494.0,Gurobi Status: 9
F48,P48_6,8,2000000,2400000,4702,,,,Optional Packets- Not Scheduled,No,N/A,3600.204780817032,60.0034130136172,9,8494.0,Gurobi Status: 9
F5,P5_1,8,0,200000,1258,64346.0,65604.0,65604.0,Scheduled - Deadline Met,Yes,Yes,3600.204780817032,60.0034130136172,9,8494.0,Gurobi Status: 9
F5,P5_2,4,200000,400000,1258,363745.0,365003.0,165003.0,Scheduled - Deadline Met,Yes,Yes,3600.204780817032,60.0034130136172,9,8494.0,Gurobi Status: 9
F5,P5_3,4,400000,600000,1258,425535.0,426793.0,26793.0,Scheduled - Deadline Met,Yes,Yes,3600.204780817032,60.0034130136172,9,8494.0,Gurobi Status: 9
F5,P5_4,8,600000,800000,1258,694172.0,695430.0,95430.0,Scheduled - Deadline Met,Yes,Yes,3600.204780817032,60.0034130136172,9,8494.0,Gurobi Status: 9
F5,P5_5,4,800000,1000000,1258,841815.0,843073.0,43073.0,Scheduled - Deadline Met,Yes,Yes,3600.204780817032,60.0034130136172,9,8494.0,Gurobi Status: 9
F5,P5_6,4,1000000,1200000,1258,1008817.0,1010075.0,10075.0,Scheduled - Deadline Met,Yes,Yes,3600.204780817032,60.0034130136172,9,8494.0,Gurobi Status: 9
F5,P5_7,8,1200000,1400000,1258,1254240.0,1255498.0,55498.0,Scheduled - Deadline Met,Yes,Yes,3600.204780817032,60.0034130136172,9,8494.0,Gurobi Status: 9
F5,P5_8,4,1400000,1600000,1258,1414691.0,1415949.0,15949.0,Scheduled - Deadline Met,Yes,Yes,3600.204780817032,60.0034130136172,9,8494.0,Gurobi Status: 9
F5,P5_9,4,1600000,1800000,1258,1604183.0,1605441.0,5441.0,Scheduled - Deadline Met,Yes,Yes,3600.204780817032,60.0034130136172,9,8494.0,Gurobi Status: 9
F5,P5_10,8,1800000,2000000,1258,1894172.0,1895430.0,95430.0,Scheduled - Deadline Met,Yes,Yes,3600.204780817032,60.0034130136172,9,8494.0,Gurobi Status: 9
F5,P5_11,4,2000000,2200000,1258,2001482.0,2002740.0,2740.0,Scheduled - Deadline Met,Yes,Yes,3600.204780817032,60.0034130136172,9,8494.0,Gurobi Status: 9
F5,P5_12,4,2200000,2400000,1258,2265032.0,2266290.0,66290.0,Scheduled - Deadline Met,Yes,Yes,3600.204780817032,60.0034130136172,9,8494.0,Gurobi Status: 9
F6,P6_1,2,0,400000,3973,174291.0,178264.0,178264.0,Scheduled - Deadline Met,Yes,Yes,3600.204780817032,60.0034130136172,9,8494.0,Gurobi Status: 9
F6,P6_2,2,400000,800000,3973,558521.0,562494.0,162494.0,Scheduled - Deadline Met,Yes,Yes,3600.204780817032,60.0034130136172,9,8494.0,Gurobi Status: 9
F6,P6_3,8,800000,1200000,3973,926351.0,930324.0,130324.0,Scheduled - Deadline Met,Yes,Yes,3600.204780817032,60.0034130136172,9,8494.0,Gurobi Status: 9
F6,P6_4,2,1200000,1600000,3973,1370052.0,1374025.0,174025.0,Scheduled - Deadline Met,Yes,Yes,3600.204780817032,60.0034130136172,9,8494.0,Gurobi Status: 9
F6,P6_5,2,1600000,2000000,3973,1778550.0,1782523.0,182523.0,Scheduled - Deadline Met,Yes,Yes,3600.204780817032,60.0034130136172,9,8494.0,Gurobi Status: 9
F6,P6_6,8,2000000,2400000,3973,2129706.0,2133679.0,133679.0,Scheduled - Deadline Met,Yes,Yes,3600.204780817032,60.0034130136172,9,8494.0,Gurobi Status: 9
F7,P7_1,8,0,400000,3827,86184.0,90011.0,90011.0,Scheduled - Deadline Met,Yes,Yes,3600.204780817032,60.0034130136172,9,8494.0,Gurobi Status: 9
F7,P7_2,3,400000,800000,3827,429355.0,433182.0,33182.0,Scheduled - Deadline Met,Yes,Yes,3600.204780817032,60.0034130136172,9,8494.0,Gurobi Status: 9
F7,P7_3,3,800000,1200000,3827,834879.0,838706.0,38706.0,Scheduled - Deadline Met,Yes,Yes,3600.204780817032,60.0034130136172,9,8494.0,Gurobi Status: 9
F7,P7_4,8,1200000,1600000,3827,1288319.0,1292146.0,92146.0,Scheduled - Deadline Met,Yes,Yes,3600.204780817032,60.0034130136172,9,8494.0,Gurobi Status: 9
F7,P7_5,3,1600000,2000000,3827,1648775.0,1652602.0,52602.0,Scheduled - Deadline Met,Yes,Yes,3600.204780817032,60.0034130136172,9,8494.0,Gurobi Status: 9
F7,P7_6,3,2000000,2400000,3827,2040845.0,2044672.0,44672.0,Scheduled - Deadline Met,Yes,Yes,3600.204780817032,60.0034130136172,9,8494.0,Gurobi Status: 9
F8,P8_1,4,0,400000,600,363049.0,363649.0,363649.0,Scheduled - Deadline Met,Yes,Yes,3600.204780817032,60.0034130136172,9,8494.0,Gurobi Status: 9
F8,P8_2,4,400000,800000,600,428659.0,429259.0,29259.0,Scheduled - Deadline Met,Yes,Yes,3600.204780817032,60.0034130136172,9,8494.0,Gurobi Status: 9
F8,P8_3,8,800000,1200000,600,937459.0,938059.0,138059.0,Scheduled - Deadline Met,Yes,Yes,3600.204780817032,60.0034130136172,9,8494.0,Gurobi Status: 9
F8,P8_4,4,1200000,1600000,600,1244664.0,1245264.0,45264.0,Scheduled - Deadline Met,Yes,Yes,3600.204780817032,60.0034130136172,9,8494.0,Gurobi Status: 9
F8,P8_5,4,1600000,2000000,600,1620519.0,1621119.0,21119.0,Scheduled - Deadline Met,Yes,Yes,3600.204780817032,60.0034130136172,9,8494.0,Gurobi Status: 9
F8,P8_6,8,2000000,2400000,600,2138155.0,2138755.0,138755.0,Scheduled - Deadline Met,Yes,Yes,3600.204780817032,60.0034130136172,9,8494.0,Gurobi Status: 9
F9,P9_1,3,0,100000,8721,26300.0,35021.0,35021.0,Scheduled - Deadline Met,Yes,Yes,3600.204780817032,60.0034130136172,9,8494.0,Gurobi Status: 9
F9,P9_2,3,100000,200000,8721,139415.0,148136.0,48136.0,Scheduled - Deadline Met,Yes,Yes,3600.204780817032,60.0034130136172,9,8494.0,Gurobi Status: 9
F9,P9_3,8,200000,300000,8721,235193.0,243914.0,43914.0,Scheduled - Deadline Met,Yes,Yes,3600.204780817032,60.0034130136172,9,8494.0,Gurobi Status: 9
F9,P9_4,3,300000,400000,8721,309439.0,318160.0,18160.0,Scheduled - Deadline Met,Yes,Yes,3600.204780817032,60.0034130136172,9,8494.0,Gurobi Status: 9
F9,P9_5,3,400000,500000,8721,402143.0,410864.0,10864.0,Scheduled - Deadline Met,Yes,Yes,3600.204780817032,60.0034130136172,9,8494.0,Gurobi Status: 9
F9,P9_6,8,500000,600000,8721,572963.0,581684.0,81684.0,Scheduled - Deadline Met,Yes,Yes,3600.204780817032,60.0034130136172,9,8494.0,Gurobi Status: 9
F9,P9_7,3,600000,700000,8721,617259.0,625980.0,25980.0,Scheduled - Deadline Met,Yes,Yes,3600.204780817032,60.0034130136172,9,8494.0,Gurobi Status: 9
F9,P9_8,3,700000,800000,8721,744234.0,752955.0,52955.0,Scheduled - Deadline Met,Yes,Yes,3600.204780817032,60.0034130136172,9,8494.0,Gurobi Status: 9
F9,P9_9,8,800000,900000,8721,,,,Optional Packets- Not Scheduled,No,N/A,3600.204780817032,60.0034130136172,9,8494.0,Gurobi Status: 9
F9,P9_10,3,900000,1000000,8721,962346.0,971067.0,71067.0,Scheduled - Deadline Met,Yes,Yes,3600.204780817032,60.0034130136172,9,8494.0,Gurobi Status: 9
F9,P9_11,3,1000000,1100000,8721,1000000.0,1008721.0,8721.0,Scheduled - Deadline Met,Yes,Yes,3600.204780817032,60.0034130136172,9,8494.0,Gurobi Status: 9
F9,P9_12,8,1100000,1200000,8721,1160767.0,1169488.0,69488.0,Scheduled - Deadline Met,Yes,Yes,3600.204780817032,60.0034130136172,9,8494.0,Gurobi Status: 9
F9,P9_13,3,1200000,1300000,8721,1202517.0,1211238.0,11238.0,Scheduled - Deadline Met,Yes,Yes,3600.204780817032,60.0034130136172,9,8494.0,Gurobi Status: 9
F9,P9_14,3,1300000,1400000,8721,1361215.0,1369936.0,69936.0,Scheduled - Deadline Met,Yes,Yes,3600.204780817032,60.0034130136172,9,8494.0,Gurobi Status: 9
F9,P9_15,8,1400000,1500000,8721,,,,Optional Packets- Not Scheduled,No,N/A,3600.204780817032,60.0034130136172,9,8494.0,Gurobi Status: 9
F9,P9_16,3,1500000,1600000,8721,1533829.0,1542550.0,42550.0,Scheduled - Deadline Met,Yes,Yes,3600.204780817032,60.0034130136172,9,8494.0,Gurobi Status: 9
F9,P9_17,3,1600000,1700000,8721,1621215.0,1629936.0,29936.0,Scheduled - Deadline Met,Yes,Yes,3600.204780817032,60.0034130136172,9,8494.0,Gurobi Status: 9
F9,P9_18,8,1700000,1800000,8721,1742691.0,1751412.0,51412.0,Scheduled - Deadline Met,Yes,Yes,3600.204780817032,60.0034130136172,9,8494.0,Gurobi Status: 9
F9,P9_19,3,1800000,1900000,8721,1808660.0,1817381.0,17381.0,Scheduled - Deadline Met,Yes,Yes,3600.204780817032,60.0034130136172,9,8494.0,Gurobi Status: 9
F9,P9_20,3,1900000,2000000,8721,1958311.0,1967032.0,67032.0,Scheduled - Deadline Met,Yes,Yes,3600.204780817032,60.0034130136172,9,8494.0,Gurobi Status: 9
F9,P9_21,8,2000000,2100000,8721,,,,Optional Packets- Not Scheduled,No,N/A,3600.204780817032,60.0034130136172,9,8494.0,Gurobi Status: 9
F9,P9_22,3,2100000,2200000,8721,2162346.0,2171067.0,71067.0,Scheduled - Deadline Met,Yes,Yes,3600.204780817032,60.0034130136172,9,8494.0,Gurobi Status: 9
F9,P9_23,3,2200000,2300000,8721,2230573.0,2239294.0,39294.0,Scheduled - Deadline Met,Yes,Yes,3600.204780817032,60.0034130136172,9,8494.0,Gurobi Status: 9
F9,P9_24,8,2300000,2400000,8721,2350096.0,2358817.0,58817.0,Scheduled - Deadline Met,Yes,Yes,3600.204780817032,60.0034130136172,9,8494.0,Gurobi Status: 9
