Flow,Packet,Class,Arrival,Deadline,Execution Time,Gate Open,Gate Close,Response Time,Status,Scheduled,Deadline Met,Solver_Execution_Time_Seconds,Solver_Execution_Time_Minutes,Solver_Status,Objective_Value,Stopping_Reason
F1,P1_1,8,0,50000,1851,8873.0,10724.0,10724.0,Scheduled - Deadline Met,Yes,Yes,3600.6997697353363,60.01166282892227,9,10865.0,Gurobi Status: 9
F1,P1_2,7,50000,100000,1851,93461.0,95312.0,45312.0,Scheduled - Deadline Met,Yes,Yes,3600.6997697353363,60.01166282892227,9,10865.0,Gurobi Status: 9
F1,P1_3,7,100000,150000,1851,129538.0,131389.0,31389.0,Scheduled - Deadline Met,Yes,Yes,3600.6997697353363,60.01166282892227,9,10865.0,Gurobi Status: 9
F1,P1_4,8,150000,200000,1851,182228.0,184079.0,34079.0,Scheduled - Deadline Met,Yes,Yes,3600.6997697353363,60.01166282892227,9,10865.0,Gurobi Status: 9
F1,P1_5,7,200000,250000,1851,214066.0,215917.0,15917.0,Scheduled - Deadline Met,Yes,Yes,3600.6997697353363,60.01166282892227,9,10865.0,Gurobi Status: 9
F1,P1_6,7,250000,300000,1851,283440.0,285291.0,35291.0,Scheduled - Deadline Met,Yes,Yes,3600.6997697353363,60.01166282892227,9,10865.0,Gurobi Status: 9
F1,P1_7,8,300000,350000,1851,308925.0,310776.0,10776.0,Scheduled - Deadline Met,Yes,Yes,3600.6997697353363,60.01166282892227,9,10865.0,Gurobi Status: 9
F1,P1_8,7,350000,400000,1851,391964.0,393815.0,43815.0,Scheduled - Deadline Met,Yes,Yes,3600.6997697353363,60.01166282892227,9,10865.0,Gurobi Status: 9
F1,P1_9,7,400000,450000,1851,400000.0,401851.0,1851.0,Scheduled - Deadline Met,Yes,Yes,3600.6997697353363,60.01166282892227,9,10865.0,Gurobi Status: 9
F1,P1_10,8,450000,500000,1851,498149.0,500000.0,50000.0,Scheduled - Deadline Met,Yes,Yes,3600.6997697353363,60.01166282892227,9,10865.0,Gurobi Status: 9
F1,P1_11,7,500000,550000,1851,545501.0,547352.0,47352.0,Scheduled - Deadline Met,Yes,Yes,3600.6997697353363,60.01166282892227,9,10865.0,Gurobi Status: 9
F1,P1_12,7,550000,600000,1851,573009.0,574860.0,24860.0,Scheduled - Deadline Met,Yes,Yes,3600.6997697353363,60.01166282892227,9,10865.0,Gurobi Status: 9
F1,P1_13,8,600000,650000,1851,646702.0,648553.0,48553.0,Scheduled - Deadline Met,Yes,Yes,3600.6997697353363,60.01166282892227,9,10865.0,Gurobi Status: 9
F1,P1_14,7,650000,700000,1851,680109.0,681960.0,31960.0,Scheduled - Deadline Met,Yes,Yes,3600.6997697353363,60.01166282892227,9,10865.0,Gurobi Status: 9
F1,P1_15,7,700000,750000,1851,700000.0,701851.0,1851.0,Scheduled - Deadline Met,Yes,Yes,3600.6997697353363,60.01166282892227,9,10865.0,Gurobi Status: 9
F1,P1_16,8,750000,800000,1851,777571.0,779422.0,29422.0,Scheduled - Deadline Met,Yes,Yes,3600.6997697353363,60.01166282892227,9,10865.0,Gurobi Status: 9
F1,P1_17,7,800000,850000,1851,811196.0,813047.0,13047.0,Scheduled - Deadline Met,Yes,Yes,3600.6997697353363,60.01166282892227,9,10865.0,Gurobi Status: 9
F1,P1_18,7,850000,900000,1851,882570.0,884421.0,34421.0,Scheduled - Deadline Met,Yes,Yes,3600.6997697353363,60.01166282892227,9,10865.0,Gurobi Status: 9
F1,P1_19,8,900000,950000,1851,909021.0,910872.0,10872.0,Scheduled - Deadline Met,Yes,Yes,3600.6997697353363,60.01166282892227,9,10865.0,Gurobi Status: 9
F1,P1_20,7,950000,1000000,1851,977905.0,979756.0,29756.0,Scheduled - Deadline Met,Yes,Yes,3600.6997697353363,60.01166282892227,9,10865.0,Gurobi Status: 9
F1,P1_21,7,1000000,1050000,1851,1007174.0,1009025.0,9025.0,Scheduled - Deadline Met,Yes,Yes,3600.6997697353363,60.01166282892227,9,10865.0,Gurobi Status: 9
F1,P1_22,8,1050000,1100000,1851,1078363.0,1080214.0,30214.0,Scheduled - Deadline Met,Yes,Yes,3600.6997697353363,60.01166282892227,9,10865.0,Gurobi Status: 9
F1,P1_23,7,1100000,1150000,1851,1106475.0,1108326.0,8326.0,Scheduled - Deadline Met,Yes,Yes,3600.6997697353363,60.01166282892227,9,10865.0,Gurobi Status: 9
F1,P1_24,7,1150000,1200000,1851,1182531.0,1184382.0,34382.0,Scheduled - Deadline Met,Yes,Yes,3600.6997697353363,60.01166282892227,9,10865.0,Gurobi Status: 9
F1,P1_25,8,1200000,1250000,1851,,,,Optional Packets- Not Scheduled,No,N/A,3600.6997697353363,60.01166282892227,9,10865.0,Gurobi Status: 9
F1,P1_26,7,1250000,1300000,1851,1283963.0,1285814.0,35814.0,Scheduled - Deadline Met,Yes,Yes,3600.6997697353363,60.01166282892227,9,10865.0,Gurobi Status: 9
F1,P1_27,7,1300000,1350000,1851,1310522.0,1312373.0,12373.0,Scheduled - Deadline Met,Yes,Yes,3600.6997697353363,60.01166282892227,9,10865.0,Gurobi Status: 9
F1,P1_28,8,1350000,1400000,1851,1363364.0,1365215.0,15215.0,Scheduled - Deadline Met,Yes,Yes,3600.6997697353363,60.01166282892227,9,10865.0,Gurobi Status: 9
F1,P1_29,7,1400000,1450000,1851,1402167.0,1404018.0,4018.0,Scheduled - Deadline Met,Yes,Yes,3600.6997697353363,60.01166282892227,9,10865.0,Gurobi Status: 9
F1,P1_30,7,1450000,1500000,1851,1478164.0,1480015.0,30015.0,Scheduled - Deadline Met,Yes,Yes,3600.6997697353363,60.01166282892227,9,10865.0,Gurobi Status: 9
F1,P1_31,8,1500000,1550000,1851,1540027.0,1541878.0,41878.0,Scheduled - Deadline Met,Yes,Yes,3600.6997697353363,60.01166282892227,9,10865.0,Gurobi Status: 9
F1,P1_32,7,1550000,1600000,1851,1598053.0,1599904.0,49904.0,Scheduled - Deadline Met,Yes,Yes,3600.6997697353363,60.01166282892227,9,10865.0,Gurobi Status: 9
F1,P1_33,7,1600000,1650000,1851,1600000.0,1601851.0,1851.0,Scheduled - Deadline Met,Yes,Yes,3600.6997697353363,60.01166282892227,9,10865.0,Gurobi Status: 9
F1,P1_34,8,1650000,1700000,1851,1698149.0,1700000.0,50000.0,Scheduled - Deadline Met,Yes,Yes,3600.6997697353363,60.01166282892227,9,10865.0,Gurobi Status: 9
F1,P1_35,7,1700000,1750000,1851,1731382.0,1733233.0,33233.0,Scheduled - Deadline Met,Yes,Yes,3600.6997697353363,60.01166282892227,9,10865.0,Gurobi Status: 9
F1,P1_36,7,1750000,1800000,1851,1765183.0,1767034.0,17034.0,Scheduled - Deadline Met,Yes,Yes,3600.6997697353363,60.01166282892227,9,10865.0,Gurobi Status: 9
F1,P1_37,8,1800000,1850000,1851,1809021.0,1810872.0,10872.0,Scheduled - Deadline Met,Yes,Yes,3600.6997697353363,60.01166282892227,9,10865.0,Gurobi Status: 9
F1,P1_38,7,1850000,1900000,1851,1874361.0,1876212.0,26212.0,Scheduled - Deadline Met,Yes,Yes,3600.6997697353363,60.01166282892227,9,10865.0,Gurobi Status: 9
F1,P1_39,7,1900000,1950000,1851,1924532.0,1926383.0,26383.0,Scheduled - Deadline Met,Yes,Yes,3600.6997697353363,60.01166282892227,9,10865.0,Gurobi Status: 9
F1,P1_40,8,1950000,2000000,1851,1987825.0,1989676.0,39676.0,Scheduled - Deadline Met,Yes,Yes,3600.6997697353363,60.01166282892227,9,10865.0,Gurobi Status: 9
F1,P1_41,7,2000000,2050000,1851,2000195.0,2002046.0,2046.0,Scheduled - Deadline Met,Yes,Yes,3600.6997697353363,60.01166282892227,9,10865.0,Gurobi Status: 9
F1,P1_42,7,2050000,2100000,1851,2075966.0,2077817.0,27817.0,Scheduled - Deadline Met,Yes,Yes,3600.6997697353363,60.01166282892227,9,10865.0,Gurobi Status: 9
F1,P1_43,8,2100000,2150000,1851,2123661.0,2125512.0,25512.0,Scheduled - Deadline Met,Yes,Yes,3600.6997697353363,60.01166282892227,9,10865.0,Gurobi Status: 9
F1,P1_44,7,2150000,2200000,1851,2166749.0,2168600.0,18600.0,Scheduled - Deadline Met,Yes,Yes,3600.6997697353363,60.01166282892227,9,10865.0,Gurobi Status: 9
F1,P1_45,7,2200000,2250000,1851,2220754.0,2222605.0,22605.0,Scheduled - Deadline Met,Yes,Yes,3600.6997697353363,60.01166282892227,9,10865.0,Gurobi Status: 9
F1,P1_46,8,2250000,2300000,1851,2285737.0,2287588.0,37588.0,Scheduled - Deadline Met,Yes,Yes,3600.6997697353363,60.01166282892227,9,10865.0,Gurobi Status: 9
F1,P1_47,7,2300000,2350000,1851,2319071.0,2320922.0,20922.0,Scheduled - Deadline Met,Yes,Yes,3600.6997697353363,60.01166282892227,9,10865.0,Gurobi Status: 9
F1,P1_48,7,2350000,2400000,1851,2372550.0,2374401.0,24401.0,Scheduled - Deadline Met,Yes,Yes,3600.6997697353363,60.01166282892227,9,10865.0,Gurobi Status: 9
F10,P10_1,5,0,400000,3993,131389.0,135382.0,135382.0,Scheduled - Deadline Met,Yes,Yes,3600.6997697353363,60.01166282892227,9,10865.0,Gurobi Status: 9
F10,P10_2,5,400000,800000,3993,533102.0,537095.0,137095.0,Scheduled - Deadline Met,Yes,Yes,3600.6997697353363,60.01166282892227,9,10865.0,Gurobi Status: 9
F10,P10_3,8,800000,1200000,3993,,,,Optional Packets- Not Scheduled,No,N/A,3600.6997697353363,60.01166282892227,9,10865.0,Gurobi Status: 9
F10,P10_4,5,1200000,1600000,3993,1273354.0,1277347.0,77347.0,Scheduled - Deadline Met,Yes,Yes,3600.6997697353363,60.01166282892227,9,10865.0,Gurobi Status: 9
F10,P10_5,5,1600000,2000000,3993,1739364.0,1743357.0,143357.0,Scheduled - Deadline Met,Yes,Yes,3600.6997697353363,60.01166282892227,9,10865.0,Gurobi Status: 9
F10,P10_6,8,2000000,2400000,3993,,,,Optional Packets- Not Scheduled,No,N/A,3600.6997697353363,60.01166282892227,9,10865.0,Gurobi Status: 9
F11,P11_1,8,0,400000,2487,109296.0,111783.0,111783.0,Scheduled - Deadline Met,Yes,Yes,3600.6997697353363,60.01166282892227,9,10865.0,Gurobi Status: 9
F11,P11_2,4,400000,800000,2487,421295.0,423782.0,23782.0,Scheduled - Deadline Met,Yes,Yes,3600.6997697353363,60.01166282892227,9,10865.0,Gurobi Status: 9
F11,P11_3,4,800000,1200000,2487,813143.0,815630.0,15630.0,Scheduled - Deadline Met,Yes,Yes,3600.6997697353363,60.01166282892227,9,10865.0,Gurobi Status: 9
F11,P11_4,8,1200000,1600000,2487,1337558.0,1340045.0,140045.0,Scheduled - Deadline Met,Yes,Yes,3600.6997697353363,60.01166282892227,9,10865.0,Gurobi Status: 9
F11,P11_5,4,1600000,2000000,2487,1669702.0,1672189.0,72189.0,Scheduled - Deadline Met,Yes,Yes,3600.6997697353363,60.01166282892227,9,10865.0,Gurobi Status: 9
F11,P11_6,4,2000000,2400000,2487,2044706.0,2047193.0,47193.0,Scheduled - Deadline Met,Yes,Yes,3600.6997697353363,60.01166282892227,9,10865.0,Gurobi Status: 9
F12,P12_1,1,0,400000,911,68383.0,69294.0,69294.0,Scheduled - Deadline Met,Yes,Yes,3600.6997697353363,60.01166282892227,9,10865.0,Gurobi Status: 9
F12,P12_2,1,400000,800000,911,474431.0,475342.0,75342.0,Scheduled - Deadline Met,Yes,Yes,3600.6997697353363,60.01166282892227,9,10865.0,Gurobi Status: 9
F12,P12_3,8,800000,1200000,911,894929.0,895840.0,95840.0,Scheduled - Deadline Met,Yes,Yes,3600.6997697353363,60.01166282892227,9,10865.0,Gurobi Status: 9
F12,P12_4,1,1200000,1600000,911,1200000.0,1200911.0,911.0,Scheduled - Deadline Met,Yes,Yes,3600.6997697353363,60.01166282892227,9,10865.0,Gurobi Status: 9
F12,P12_5,1,1600000,2000000,911,1672285.0,1673196.0,73196.0,Scheduled - Deadline Met,Yes,Yes,3600.6997697353363,60.01166282892227,9,10865.0,Gurobi Status: 9
F12,P12_6,8,2000000,2400000,911,2096321.0,2097232.0,97232.0,Scheduled - Deadline Met,Yes,Yes,3600.6997697353363,60.01166282892227,9,10865.0,Gurobi Status: 9
F13,P13_1,4,0,100000,6245,22671.0,28916.0,28916.0,Scheduled - Deadline Met,Yes,Yes,3600.6997697353363,60.01166282892227,9,10865.0,Gurobi Status: 9
F13,P13_2,8,100000,200000,6245,168960.0,175205.0,75205.0,Scheduled - Deadline Met,Yes,Yes,3600.6997697353363,60.01166282892227,9,10865.0,Gurobi Status: 9
F13,P13_3,4,200000,300000,6245,202893.0,209138.0,9138.0,Scheduled - Deadline Met,Yes,Yes,3600.6997697353363,60.01166282892227,9,10865.0,Gurobi Status: 9
F13,P13_4,4,300000,400000,6245,341429.0,347674.0,47674.0,Scheduled - Deadline Met,Yes,Yes,3600.6997697353363,60.01166282892227,9,10865.0,Gurobi Status: 9
F13,P13_5,8,400000,500000,6245,442590.0,448835.0,48835.0,Scheduled - Deadline Met,Yes,Yes,3600.6997697353363,60.01166282892227,9,10865.0,Gurobi Status: 9
F13,P13_6,4,500000,600000,6245,547448.0,553693.0,53693.0,Scheduled - Deadline Met,Yes,Yes,3600.6997697353363,60.01166282892227,9,10865.0,Gurobi Status: 9
F13,P13_7,4,600000,700000,6245,607172.0,613417.0,13417.0,Scheduled - Deadline Met,Yes,Yes,3600.6997697353363,60.01166282892227,9,10865.0,Gurobi Status: 9
F13,P13_8,8,700000,800000,6245,725166.0,731411.0,31411.0,Scheduled - Deadline Met,Yes,Yes,3600.6997697353363,60.01166282892227,9,10865.0,Gurobi Status: 9
F13,P13_9,4,800000,900000,6245,804855.0,811100.0,11100.0,Scheduled - Deadline Met,Yes,Yes,3600.6997697353363,60.01166282892227,9,10865.0,Gurobi Status: 9
F13,P13_10,4,900000,1000000,6245,924765.0,931010.0,31010.0,Scheduled - Deadline Met,Yes,Yes,3600.6997697353363,60.01166282892227,9,10865.0,Gurobi Status: 9
F13,P13_11,8,1000000,1100000,6245,1027291.0,1033536.0,33536.0,Scheduled - Deadline Met,Yes,Yes,3600.6997697353363,60.01166282892227,9,10865.0,Gurobi Status: 9
F13,P13_12,4,1100000,1200000,6245,1108422.0,1114667.0,14667.0,Scheduled - Deadline Met,Yes,Yes,3600.6997697353363,60.01166282892227,9,10865.0,Gurobi Status: 9
F13,P13_13,4,1200000,1300000,6245,1202953.0,1209198.0,9198.0,Scheduled - Deadline Met,Yes,Yes,3600.6997697353363,60.01166282892227,9,10865.0,Gurobi Status: 9
F13,P13_14,8,1300000,1400000,6245,1350096.0,1356341.0,56341.0,Scheduled - Deadline Met,Yes,Yes,3600.6997697353363,60.01166282892227,9,10865.0,Gurobi Status: 9
F13,P13_15,4,1400000,1500000,6245,1413509.0,1419754.0,19754.0,Scheduled - Deadline Met,Yes,Yes,3600.6997697353363,60.01166282892227,9,10865.0,Gurobi Status: 9
F13,P13_16,4,1500000,1600000,6245,1553825.0,1560070.0,60070.0,Scheduled - Deadline Met,Yes,Yes,3600.6997697353363,60.01166282892227,9,10865.0,Gurobi Status: 9
F13,P13_17,8,1600000,1700000,6245,,,,Optional Packets- Not Scheduled,No,N/A,3600.6997697353363,60.01166282892227,9,10865.0,Gurobi Status: 9
F13,P13_18,4,1700000,1800000,6245,1743357.0,1749602.0,49602.0,Scheduled - Deadline Met,Yes,Yes,3600.6997697353363,60.01166282892227,9,10865.0,Gurobi Status: 9
F13,P13_19,4,1800000,1900000,6245,1838647.0,1844892.0,44892.0,Scheduled - Deadline Met,Yes,Yes,3600.6997697353363,60.01166282892227,9,10865.0,Gurobi Status: 9
F13,P13_20,8,1900000,2000000,6245,1943002.0,1949247.0,49247.0,Scheduled - Deadline Met,Yes,Yes,3600.6997697353363,60.01166282892227,9,10865.0,Gurobi Status: 9
F13,P13_21,4,2000000,2100000,6245,2006997.0,2013242.0,13242.0,Scheduled - Deadline Met,Yes,Yes,3600.6997697353363,60.01166282892227,9,10865.0,Gurobi Status: 9
F13,P13_22,4,2100000,2200000,6245,2110519.0,2116764.0,16764.0,Scheduled - Deadline Met,Yes,Yes,3600.6997697353363,60.01166282892227,9,10865.0,Gurobi Status: 9
F13,P13_23,8,2200000,2300000,6245,2228662.0,2234907.0,34907.0,Scheduled - Deadline Met,Yes,Yes,3600.6997697353363,60.01166282892227,9,10865.0,Gurobi Status: 9
F13,P13_24,4,2300000,2400000,6245,2323706.0,2329951.0,29951.0,Scheduled - Deadline Met,Yes,Yes,3600.6997697353363,60.01166282892227,9,10865.0,Gurobi Status: 9
F14,P14_1,5,0,100000,1976,1946.0,3922.0,3922.0,Scheduled - Deadline Met,Yes,Yes,3600.6997697353363,60.01166282892227,9,10865.0,Gurobi Status: 9
F14,P14_2,8,100000,200000,1976,175301.0,177277.0,77277.0,Scheduled - Deadline Met,Yes,Yes,3600.6997697353363,60.01166282892227,9,10865.0,Gurobi Status: 9
F14,P14_3,5,200000,300000,1976,275272.0,277248.0,77248.0,Scheduled - Deadline Met,Yes,Yes,3600.6997697353363,60.01166282892227,9,10865.0,Gurobi Status: 9
F14,P14_4,5,300000,400000,1976,398024.0,400000.0,100000.0,Scheduled - Deadline Met,Yes,Yes,3600.6997697353363,60.01166282892227,9,10865.0,Gurobi Status: 9
F14,P14_5,8,400000,500000,1976,448931.0,450907.0,50907.0,Scheduled - Deadline Met,Yes,Yes,3600.6997697353363,60.01166282892227,9,10865.0,Gurobi Status: 9
F14,P14_6,5,500000,600000,1976,588466.0,590442.0,90442.0,Scheduled - Deadline Met,Yes,Yes,3600.6997697353363,60.01166282892227,9,10865.0,Gurobi Status: 9
F14,P14_7,5,600000,700000,1976,628144.0,630120.0,30120.0,Scheduled - Deadline Met,Yes,Yes,3600.6997697353363,60.01166282892227,9,10865.0,Gurobi Status: 9
F14,P14_8,8,700000,800000,1976,,,,Optional Packets- Not Scheduled,No,N/A,3600.6997697353363,60.01166282892227,9,10865.0,Gurobi Status: 9
F14,P14_9,5,800000,900000,1976,846863.0,848839.0,48839.0,Scheduled - Deadline Met,Yes,Yes,3600.6997697353363,60.01166282892227,9,10865.0,Gurobi Status: 9
F14,P14_10,5,900000,1000000,1976,969771.0,971747.0,71747.0,Scheduled - Deadline Met,Yes,Yes,3600.6997697353363,60.01166282892227,9,10865.0,Gurobi Status: 9
F14,P14_11,8,1000000,1100000,1976,1064199.0,1066175.0,66175.0,Scheduled - Deadline Met,Yes,Yes,3600.6997697353363,60.01166282892227,9,10865.0,Gurobi Status: 9
F14,P14_12,5,1100000,1200000,1976,1191787.0,1193763.0,93763.0,Scheduled - Deadline Met,Yes,Yes,3600.6997697353363,60.01166282892227,9,10865.0,Gurobi Status: 9
F14,P14_13,5,1200000,1300000,1976,1238987.0,1240963.0,40963.0,Scheduled - Deadline Met,Yes,Yes,3600.6997697353363,60.01166282892227,9,10865.0,Gurobi Status: 9
F14,P14_14,8,1300000,1400000,1976,1356437.0,1358413.0,58413.0,Scheduled - Deadline Met,Yes,Yes,3600.6997697353363,60.01166282892227,9,10865.0,Gurobi Status: 9
F14,P14_15,5,1400000,1500000,1976,1455502.0,1457478.0,57478.0,Scheduled - Deadline Met,Yes,Yes,3600.6997697353363,60.01166282892227,9,10865.0,Gurobi Status: 9
F14,P14_16,5,1500000,1600000,1976,1585362.0,1587338.0,87338.0,Scheduled - Deadline Met,Yes,Yes,3600.6997697353363,60.01166282892227,9,10865.0,Gurobi Status: 9
F14,P14_17,8,1600000,1700000,1976,,,,Optional Packets- Not Scheduled,No,N/A,3600.6997697353363,60.01166282892227,9,10865.0,Gurobi Status: 9
F14,P14_18,5,1700000,1800000,1976,1783889.0,1785865.0,85865.0,Scheduled - Deadline Met,Yes,Yes,3600.6997697353363,60.01166282892227,9,10865.0,Gurobi Status: 9
F14,P14_19,5,1800000,1900000,1976,1844988.0,1846964.0,46964.0,Scheduled - Deadline Met,Yes,Yes,3600.6997697353363,60.01166282892227,9,10865.0,Gurobi Status: 9
F14,P14_20,8,1900000,2000000,1976,1949343.0,1951319.0,51319.0,Scheduled - Deadline Met,Yes,Yes,3600.6997697353363,60.01166282892227,9,10865.0,Gurobi Status: 9
F14,P14_21,5,2000000,2100000,1976,2050742.0,2052718.0,52718.0,Scheduled - Deadline Met,Yes,Yes,3600.6997697353363,60.01166282892227,9,10865.0,Gurobi Status: 9
F14,P14_22,5,2100000,2200000,1976,2164677.0,2166653.0,66653.0,Scheduled - Deadline Met,Yes,Yes,3600.6997697353363,60.01166282892227,9,10865.0,Gurobi Status: 9
F14,P14_23,8,2200000,2300000,1976,2271573.0,2273549.0,73549.0,Scheduled - Deadline Met,Yes,Yes,3600.6997697353363,60.01166282892227,9,10865.0,Gurobi Status: 9
F14,P14_24,5,2300000,2400000,1976,2331993.0,2333969.0,33969.0,Scheduled - Deadline Met,Yes,Yes,3600.6997697353363,60.01166282892227,9,10865.0,Gurobi Status: 9
F15,P15_1,3,0,200000,2380,74792.0,77172.0,77172.0,Scheduled - Deadline Met,Yes,Yes,3600.6997697353363,60.01166282892227,9,10865.0,Gurobi Status: 9
F15,P15_2,3,200000,400000,2380,235480.0,237860.0,37860.0,Scheduled - Deadline Met,Yes,Yes,3600.6997697353363,60.01166282892227,9,10865.0,Gurobi Status: 9
F15,P15_3,8,400000,600000,2380,453508.0,455888.0,55888.0,Scheduled - Deadline Met,Yes,Yes,3600.6997697353363,60.01166282892227,9,10865.0,Gurobi Status: 9
F15,P15_4,3,600000,800000,2380,675749.0,678129.0,78129.0,Scheduled - Deadline Met,Yes,Yes,3600.6997697353363,60.01166282892227,9,10865.0,Gurobi Status: 9
F15,P15_5,3,800000,1000000,2380,833772.0,836152.0,36152.0,Scheduled - Deadline Met,Yes,Yes,3600.6997697353363,60.01166282892227,9,10865.0,Gurobi Status: 9
F15,P15_6,8,1000000,1200000,2380,1071032.0,1073412.0,73412.0,Scheduled - Deadline Met,Yes,Yes,3600.6997697353363,60.01166282892227,9,10865.0,Gurobi Status: 9
F15,P15_7,3,1200000,1400000,2380,1262990.0,1265370.0,65370.0,Scheduled - Deadline Met,Yes,Yes,3600.6997697353363,60.01166282892227,9,10865.0,Gurobi Status: 9
F15,P15_8,3,1400000,1600000,2380,1419850.0,1422230.0,22230.0,Scheduled - Deadline Met,Yes,Yes,3600.6997697353363,60.01166282892227,9,10865.0,Gurobi Status: 9
F15,P15_9,8,1600000,1800000,2380,1619794.0,1622174.0,22174.0,Scheduled - Deadline Met,Yes,Yes,3600.6997697353363,60.01166282892227,9,10865.0,Gurobi Status: 9
F15,P15_10,3,1800000,2000000,2380,1866103.0,1868483.0,68483.0,Scheduled - Deadline Met,Yes,Yes,3600.6997697353363,60.01166282892227,9,10865.0,Gurobi Status: 9
F15,P15_11,3,2000000,2200000,2380,2047570.0,2049950.0,49950.0,Scheduled - Deadline Met,Yes,Yes,3600.6997697353363,60.01166282892227,9,10865.0,Gurobi Status: 9
F15,P15_12,8,2200000,2400000,2380,2278406.0,2280786.0,80786.0,Scheduled - Deadline Met,Yes,Yes,3600.6997697353363,60.01166282892227,9,10865.0,Gurobi Status: 9
F16,P16_1,4,0,400000,5885,51816.0,57701.0,57701.0,Scheduled - Deadline Met,Yes,Yes,3600.6997697353363,60.01166282892227,9,10865.0,Gurobi Status: 9
F16,P16_2,4,400000,800000,5885,415314.0,421199.0,21199.0,Scheduled - Deadline Met,Yes,Yes,3600.6997697353363,60.01166282892227,9,10865.0,Gurobi Status: 9
F16,P16_3,8,800000,1200000,5885,884517.0,890402.0,90402.0,Scheduled - Deadline Met,Yes,Yes,3600.6997697353363,60.01166282892227,9,10865.0,Gurobi Status: 9
F16,P16_4,4,1200000,1600000,5885,1250305.0,1256190.0,56190.0,Scheduled - Deadline Met,Yes,Yes,3600.6997697353363,60.01166282892227,9,10865.0,Gurobi Status: 9
F16,P16_5,4,1600000,2000000,5885,1663721.0,1669606.0,69606.0,Scheduled - Deadline Met,Yes,Yes,3600.6997697353363,60.01166282892227,9,10865.0,Gurobi Status: 9
F16,P16_6,8,2000000,2400000,5885,2083543.0,2089428.0,89428.0,Scheduled - Deadline Met,Yes,Yes,3600.6997697353363,60.01166282892227,9,10865.0,Gurobi Status: 9
F17,P17_1,3,0,100000,9774,41946.0,51720.0,51720.0,Scheduled - Deadline Met,Yes,Yes,3600.6997697353363,60.01166282892227,9,10865.0,Gurobi Status: 9
F17,P17_2,3,100000,200000,9774,135382.0,145156.0,45156.0,Scheduled - Deadline Met,Yes,Yes,3600.6997697353363,60.01166282892227,9,10865.0,Gurobi Status: 9
F17,P17_3,8,200000,300000,9774,242082.0,251856.0,51856.0,Scheduled - Deadline Met,Yes,Yes,3600.6997697353363,60.01166282892227,9,10865.0,Gurobi Status: 9
F17,P17_4,3,300000,400000,9774,359199.0,368973.0,68973.0,Scheduled - Deadline Met,Yes,Yes,3600.6997697353363,60.01166282892227,9,10865.0,Gurobi Status: 9
F17,P17_5,3,400000,500000,9774,424867.0,434641.0,34641.0,Scheduled - Deadline Met,Yes,Yes,3600.6997697353363,60.01166282892227,9,10865.0,Gurobi Status: 9
F17,P17_6,8,500000,600000,9774,505594.0,515368.0,15368.0,Scheduled - Deadline Met,Yes,Yes,3600.6997697353363,60.01166282892227,9,10865.0,Gurobi Status: 9
F17,P17_7,3,600000,700000,9774,613513.0,623287.0,23287.0,Scheduled - Deadline Met,Yes,Yes,3600.6997697353363,60.01166282892227,9,10865.0,Gurobi Status: 9
F17,P17_8,3,700000,800000,9774,750706.0,760480.0,60480.0,Scheduled - Deadline Met,Yes,Yes,3600.6997697353363,60.01166282892227,9,10865.0,Gurobi Status: 9
F17,P17_9,8,800000,900000,9774,,,,Optional Packets- Not Scheduled,No,N/A,3600.6997697353363,60.01166282892227,9,10865.0,Gurobi Status: 9
F17,P17_10,3,900000,1000000,9774,941010.0,950784.0,50784.0,Scheduled - Deadline Met,Yes,Yes,3600.6997697353363,60.01166282892227,9,10865.0,Gurobi Status: 9
F17,P17_11,3,1000000,1100000,9774,1009121.0,1018895.0,18895.0,Scheduled - Deadline Met,Yes,Yes,3600.6997697353363,60.01166282892227,9,10865.0,Gurobi Status: 9
F17,P17_12,8,1100000,1200000,9774,1150096.0,1159870.0,59870.0,Scheduled - Deadline Met,Yes,Yes,3600.6997697353363,60.01166282892227,9,10865.0,Gurobi Status: 9
F17,P17_13,3,1200000,1300000,9774,1209294.0,1219068.0,19068.0,Scheduled - Deadline Met,Yes,Yes,3600.6997697353363,60.01166282892227,9,10865.0,Gurobi Status: 9
F17,P17_14,3,1300000,1400000,9774,1321043.0,1330817.0,30817.0,Scheduled - Deadline Met,Yes,Yes,3600.6997697353363,60.01166282892227,9,10865.0,Gurobi Status: 9
F17,P17_15,8,1400000,1500000,9774,1427824.0,1437598.0,37598.0,Scheduled - Deadline Met,Yes,Yes,3600.6997697353363,60.01166282892227,9,10865.0,Gurobi Status: 9
F17,P17_16,3,1500000,1600000,9774,1569245.0,1579019.0,79019.0,Scheduled - Deadline Met,Yes,Yes,3600.6997697353363,60.01166282892227,9,10865.0,Gurobi Status: 9
F17,P17_17,3,1600000,1700000,9774,1641349.0,1651123.0,51123.0,Scheduled - Deadline Met,Yes,Yes,3600.6997697353363,60.01166282892227,9,10865.0,Gurobi Status: 9
F17,P17_18,8,1700000,1800000,9774,1785961.0,1795735.0,95735.0,Scheduled - Deadline Met,Yes,Yes,3600.6997697353363,60.01166282892227,9,10865.0,Gurobi Status: 9
F17,P17_19,3,1800000,1900000,9774,1828147.0,1837921.0,37921.0,Scheduled - Deadline Met,Yes,Yes,3600.6997697353363,60.01166282892227,9,10865.0,Gurobi Status: 9
F17,P17_20,3,1900000,2000000,9774,1961838.0,1971612.0,71612.0,Scheduled - Deadline Met,Yes,Yes,3600.6997697353363,60.01166282892227,9,10865.0,Gurobi Status: 9
F17,P17_21,8,2000000,2100000,9774,,,,Optional Packets- Not Scheduled,No,N/A,3600.6997697353363,60.01166282892227,9,10865.0,Gurobi Status: 9
F17,P17_22,3,2100000,2200000,9774,2141530.0,2151304.0,51304.0,Scheduled - Deadline Met,Yes,Yes,3600.6997697353363,60.01166282892227,9,10865.0,Gurobi Status: 9
F17,P17_23,3,2200000,2300000,9774,2204855.0,2214629.0,14629.0,Scheduled - Deadline Met,Yes,Yes,3600.6997697353363,60.01166282892227,9,10865.0,Gurobi Status: 9
F17,P17_24,8,2300000,2400000,9774,2347992.0,2357766.0,57766.0,Scheduled - Deadline Met,Yes,Yes,3600.6997697353363,60.01166282892227,9,10865.0,Gurobi Status: 9
F18,P18_1,3,0,50000,1850,0.0,1850.0,1850.0,Scheduled - Deadline Met,Yes,Yes,3600.6997697353363,60.01166282892227,9,10865.0,Gurobi Status: 9
F18,P18_2,3,50000,100000,1850,79956.0,81806.0,31806.0,Scheduled - Deadline Met,Yes,Yes,3600.6997697353363,60.01166282892227,9,10865.0,Gurobi Status: 9
F18,P18_3,8,100000,150000,1850,,,,Optional Packets- Not Scheduled,No,N/A,3600.6997697353363,60.01166282892227,9,10865.0,Gurobi Status: 9
F18,P18_4,3,150000,200000,1850,167014.0,168864.0,18864.0,Scheduled - Deadline Met,Yes,Yes,3600.6997697353363,60.01166282892227,9,10865.0,Gurobi Status: 9
F18,P18_5,3,200000,250000,1850,216013.0,217863.0,17863.0,Scheduled - Deadline Met,Yes,Yes,3600.6997697353363,60.01166282892227,9,10865.0,Gurobi Status: 9
F18,P18_6,8,250000,300000,1850,298054.0,299904.0,49904.0,Scheduled - Deadline Met,Yes,Yes,3600.6997697353363,60.01166282892227,9,10865.0,Gurobi Status: 9
F18,P18_7,3,300000,350000,1850,321295.0,323145.0,23145.0,Scheduled - Deadline Met,Yes,Yes,3600.6997697353363,60.01166282892227,9,10865.0,Gurobi Status: 9
F18,P18_8,3,350000,400000,1850,393911.0,395761.0,45761.0,Scheduled - Deadline Met,Yes,Yes,3600.6997697353363,60.01166282892227,9,10865.0,Gurobi Status: 9
F18,P18_9,8,400000,450000,1850,,,,Optional Packets- Not Scheduled,No,N/A,3600.6997697353363,60.01166282892227,9,10865.0,Gurobi Status: 9
F18,P18_10,3,450000,500000,1850,485076.0,486926.0,36926.0,Scheduled - Deadline Met,Yes,Yes,3600.6997697353363,60.01166282892227,9,10865.0,Gurobi Status: 9
F18,P18_11,3,500000,550000,1850,543555.0,545405.0,45405.0,Scheduled - Deadline Met,Yes,Yes,3600.6997697353363,60.01166282892227,9,10865.0,Gurobi Status: 9
F18,P18_12,8,550000,600000,1850,592857.0,594707.0,44707.0,Scheduled - Deadline Met,Yes,Yes,3600.6997697353363,60.01166282892227,9,10865.0,Gurobi Status: 9
F18,P18_13,3,600000,650000,1850,605226.0,607076.0,7076.0,Scheduled - Deadline Met,Yes,Yes,3600.6997697353363,60.01166282892227,9,10865.0,Gurobi Status: 9
F18,P18_14,3,650000,700000,1850,698150.0,700000.0,50000.0,Scheduled - Deadline Met,Yes,Yes,3600.6997697353363,60.01166282892227,9,10865.0,Gurobi Status: 9
F18,P18_15,8,700000,750000,1850,721792.0,723642.0,23642.0,Scheduled - Deadline Met,Yes,Yes,3600.6997697353363,60.01166282892227,9,10865.0,Gurobi Status: 9
F18,P18_16,3,750000,800000,1850,793984.0,795834.0,45834.0,Scheduled - Deadline Met,Yes,Yes,3600.6997697353363,60.01166282892227,9,10865.0,Gurobi Status: 9
F18,P18_17,3,800000,850000,1850,815726.0,817576.0,17576.0,Scheduled - Deadline Met,Yes,Yes,3600.6997697353363,60.01166282892227,9,10865.0,Gurobi Status: 9
F18,P18_18,8,850000,900000,1850,898150.0,900000.0,50000.0,Scheduled - Deadline Met,Yes,Yes,3600.6997697353363,60.01166282892227,9,10865.0,Gurobi Status: 9
F18,P18_19,3,900000,950000,1850,922819.0,924669.0,24669.0,Scheduled - Deadline Met,Yes,Yes,3600.6997697353363,60.01166282892227,9,10865.0,Gurobi Status: 9
F18,P18_20,3,950000,1000000,1850,975959.0,977809.0,27809.0,Scheduled - Deadline Met,Yes,Yes,3600.6997697353363,60.01166282892227,9,10865.0,Gurobi Status: 9
F18,P18_21,8,1000000,1050000,1850,1023814.0,1025664.0,25664.0,Scheduled - Deadline Met,Yes,Yes,3600.6997697353363,60.01166282892227,9,10865.0,Gurobi Status: 9
F18,P18_22,3,1050000,1100000,1850,1055408.0,1057258.0,7258.0,Scheduled - Deadline Met,Yes,Yes,3600.6997697353363,60.01166282892227,9,10865.0,Gurobi Status: 9
F18,P18_23,3,1100000,1150000,1850,1114763.0,1116613.0,16613.0,Scheduled - Deadline Met,Yes,Yes,3600.6997697353363,60.01166282892227,9,10865.0,Gurobi Status: 9
F18,P18_24,8,1150000,1200000,1850,1162285.0,1164135.0,14135.0,Scheduled - Deadline Met,Yes,Yes,3600.6997697353363,60.01166282892227,9,10865.0,Gurobi Status: 9
F18,P18_25,3,1200000,1250000,1850,1201007.0,1202857.0,2857.0,Scheduled - Deadline Met,Yes,Yes,3600.6997697353363,60.01166282892227,9,10865.0,Gurobi Status: 9
F18,P18_26,3,1250000,1300000,1850,1277347.0,1279197.0,29197.0,Scheduled - Deadline Met,Yes,Yes,3600.6997697353363,60.01166282892227,9,10865.0,Gurobi Status: 9
F18,P18_27,8,1300000,1350000,1850,1346722.0,1348572.0,48572.0,Scheduled - Deadline Met,Yes,Yes,3600.6997697353363,60.01166282892227,9,10865.0,Gurobi Status: 9
F18,P18_28,3,1350000,1400000,1850,1397328.0,1399178.0,49178.0,Scheduled - Deadline Met,Yes,Yes,3600.6997697353363,60.01166282892227,9,10865.0,Gurobi Status: 9
F18,P18_29,3,1400000,1450000,1850,1406802.0,1408652.0,8652.0,Scheduled - Deadline Met,Yes,Yes,3600.6997697353363,60.01166282892227,9,10865.0,Gurobi Status: 9
F18,P18_30,8,1450000,1500000,1850,1498150.0,1500000.0,50000.0,Scheduled - Deadline Met,Yes,Yes,3600.6997697353363,60.01166282892227,9,10865.0,Gurobi Status: 9
F18,P18_31,3,1500000,1550000,1850,1526747.0,1528597.0,28597.0,Scheduled - Deadline Met,Yes,Yes,3600.6997697353363,60.01166282892227,9,10865.0,Gurobi Status: 9
F18,P18_32,3,1550000,1600000,1850,1596107.0,1597957.0,47957.0,Scheduled - Deadline Met,Yes,Yes,3600.6997697353363,60.01166282892227,9,10865.0,Gurobi Status: 9
F18,P18_33,8,1600000,1650000,1850,1614655.0,1616505.0,16505.0,Scheduled - Deadline Met,Yes,Yes,3600.6997697353363,60.01166282892227,9,10865.0,Gurobi Status: 9
F18,P18_34,3,1650000,1700000,1850,1678671.0,1680521.0,30521.0,Scheduled - Deadline Met,Yes,Yes,3600.6997697353363,60.01166282892227,9,10865.0,Gurobi Status: 9
F18,P18_35,3,1700000,1750000,1850,1727831.0,1729681.0,29681.0,Scheduled - Deadline Met,Yes,Yes,3600.6997697353363,60.01166282892227,9,10865.0,Gurobi Status: 9
F18,P18_36,8,1750000,1800000,1850,1798150.0,1800000.0,50000.0,Scheduled - Deadline Met,Yes,Yes,3600.6997697353363,60.01166282892227,9,10865.0,Gurobi Status: 9
F18,P18_37,3,1800000,1850000,1850,1822819.0,1824669.0,24669.0,Scheduled - Deadline Met,Yes,Yes,3600.6997697353363,60.01166282892227,9,10865.0,Gurobi Status: 9
F18,P18_38,3,1850000,1900000,1850,1881629.0,1883479.0,33479.0,Scheduled - Deadline Met,Yes,Yes,3600.6997697353363,60.01166282892227,9,10865.0,Gurobi Status: 9
F18,P18_39,8,1900000,1950000,1850,1939628.0,1941478.0,41478.0,Scheduled - Deadline Met,Yes,Yes,3600.6997697353363,60.01166282892227,9,10865.0,Gurobi Status: 9
F18,P18_40,3,1950000,2000000,1850,1976954.0,1978804.0,28804.0,Scheduled - Deadline Met,Yes,Yes,3600.6997697353363,60.01166282892227,9,10865.0,Gurobi Status: 9
F18,P18_41,3,2000000,2050000,1850,2013338.0,2015188.0,15188.0,Scheduled - Deadline Met,Yes,Yes,3600.6997697353363,60.01166282892227,9,10865.0,Gurobi Status: 9
F18,P18_42,8,2050000,2100000,1850,2098150.0,2100000.0,50000.0,Scheduled - Deadline Met,Yes,Yes,3600.6997697353363,60.01166282892227,9,10865.0,Gurobi Status: 9
F18,P18_43,3,2100000,2150000,1850,2116860.0,2118710.0,18710.0,Scheduled - Deadline Met,Yes,Yes,3600.6997697353363,60.01166282892227,9,10865.0,Gurobi Status: 9
F18,P18_44,3,2150000,2200000,1850,2181439.0,2183289.0,33289.0,Scheduled - Deadline Met,Yes,Yes,3600.6997697353363,60.01166282892227,9,10865.0,Gurobi Status: 9
F18,P18_45,8,2200000,2250000,1850,2225288.0,2227138.0,27138.0,Scheduled - Deadline Met,Yes,Yes,3600.6997697353363,60.01166282892227,9,10865.0,Gurobi Status: 9
F18,P18_46,3,2250000,2300000,1850,2264025.0,2265875.0,15875.0,Scheduled - Deadline Met,Yes,Yes,3600.6997697353363,60.01166282892227,9,10865.0,Gurobi Status: 9
F18,P18_47,3,2300000,2350000,1850,2330047.0,2331897.0,31897.0,Scheduled - Deadline Met,Yes,Yes,3600.6997697353363,60.01166282892227,9,10865.0,Gurobi Status: 9
F18,P18_48,8,2350000,2400000,1850,2360181.0,2362031.0,12031.0,Scheduled - Deadline Met,Yes,Yes,3600.6997697353363,60.01166282892227,9,10865.0,Gurobi Status: 9
F19,P19_1,8,0,400000,6581,,,,Optional Packets- Not Scheduled,No,N/A,3600.6997697353363,60.01166282892227,9,10865.0,Gurobi Status: 9
F19,P19_2,3,400000,800000,6581,467754.0,474335.0,74335.0,Scheduled - Deadline Met,Yes,Yes,3600.6997697353363,60.01166282892227,9,10865.0,Gurobi Status: 9
F19,P19_3,3,800000,1200000,6581,858734.0,865315.0,65315.0,Scheduled - Deadline Met,Yes,Yes,3600.6997697353363,60.01166282892227,9,10865.0,Gurobi Status: 9
F19,P19_4,8,1200000,1600000,6581,,,,Optional Packets- Not Scheduled,No,N/A,3600.6997697353363,60.01166282892227,9,10865.0,Gurobi Status: 9
F19,P19_5,3,1600000,2000000,6581,1651219.0,1657800.0,57800.0,Scheduled - Deadline Met,Yes,Yes,3600.6997697353363,60.01166282892227,9,10865.0,Gurobi Status: 9
F19,P19_6,3,2000000,2400000,6581,2066324.0,2072905.0,72905.0,Scheduled - Deadline Met,Yes,Yes,3600.6997697353363,60.01166282892227,9,10865.0,Gurobi Status: 9
F2,P2_1,3,0,200000,4665,57797.0,62462.0,62462.0,Scheduled - Deadline Met,Yes,Yes,3600.6997697353363,60.01166282892227,9,10865.0,Gurobi Status: 9
F2,P2_2,3,200000,400000,4665,217959.0,222624.0,22624.0,Scheduled - Deadline Met,Yes,Yes,3600.6997697353363,60.01166282892227,9,10865.0,Gurobi Status: 9
F2,P2_3,8,400000,600000,4665,,,,Optional Packets- Not Scheduled,No,N/A,3600.6997697353363,60.01166282892227,9,10865.0,Gurobi Status: 9
F2,P2_4,3,600000,800000,4665,623383.0,628048.0,28048.0,Scheduled - Deadline Met,Yes,Yes,3600.6997697353363,60.01166282892227,9,10865.0,Gurobi Status: 9
F2,P2_5,3,800000,1000000,4665,826514.0,831179.0,31179.0,Scheduled - Deadline Met,Yes,Yes,3600.6997697353363,60.01166282892227,9,10865.0,Gurobi Status: 9
F2,P2_6,8,1000000,1200000,4665,1066271.0,1070936.0,70936.0,Scheduled - Deadline Met,Yes,Yes,3600.6997697353363,60.01166282892227,9,10865.0,Gurobi Status: 9
F2,P2_7,3,1200000,1400000,4665,1241059.0,1245724.0,45724.0,Scheduled - Deadline Met,Yes,Yes,3600.6997697353363,60.01166282892227,9,10865.0,Gurobi Status: 9
F2,P2_8,3,1400000,1600000,4665,1408748.0,1413413.0,13413.0,Scheduled - Deadline Met,Yes,Yes,3600.6997697353363,60.01166282892227,9,10865.0,Gurobi Status: 9
F2,P2_9,8,1600000,1800000,4665,,,,Optional Packets- Not Scheduled,No,N/A,3600.6997697353363,60.01166282892227,9,10865.0,Gurobi Status: 9
F2,P2_10,3,1800000,2000000,4665,1861342.0,1866007.0,66007.0,Scheduled - Deadline Met,Yes,Yes,3600.6997697353363,60.01166282892227,9,10865.0,Gurobi Status: 9
F2,P2_11,3,2000000,2200000,4665,2015284.0,2019949.0,19949.0,Scheduled - Deadline Met,Yes,Yes,3600.6997697353363,60.01166282892227,9,10865.0,Gurobi Status: 9
F2,P2_12,8,2200000,2400000,4665,2273645.0,2278310.0,78310.0,Scheduled - Deadline Met,Yes,Yes,3600.6997697353363,60.01166282892227,9,10865.0,Gurobi Status: 9
F20,P20_1,8,0,50000,2592,4018.0,6610.0,6610.0,Scheduled - Deadline Met,Yes,Yes,3600.6997697353363,60.01166282892227,9,10865.0,Gurobi Status: 9
F20,P20_2,3,50000,100000,2592,77268.0,79860.0,29860.0,Scheduled - Deadline Met,Yes,Yes,3600.6997697353363,60.01166282892227,9,10865.0,Gurobi Status: 9
F20,P20_3,3,100000,150000,2592,126850.0,129442.0,29442.0,Scheduled - Deadline Met,Yes,Yes,3600.6997697353363,60.01166282892227,9,10865.0,Gurobi Status: 9
F20,P20_4,8,150000,200000,2592,177373.0,179965.0,29965.0,Scheduled - Deadline Met,Yes,Yes,3600.6997697353363,60.01166282892227,9,10865.0,Gurobi Status: 9
F20,P20_5,3,200000,250000,2592,211378.0,213970.0,13970.0,Scheduled - Deadline Met,Yes,Yes,3600.6997697353363,60.01166282892227,9,10865.0,Gurobi Status: 9
F20,P20_6,3,250000,300000,2592,287554.0,290146.0,40146.0,Scheduled - Deadline Met,Yes,Yes,3600.6997697353363,60.01166282892227,9,10865.0,Gurobi Status: 9
F20,P20_7,8,300000,350000,2592,304070.0,306662.0,6662.0,Scheduled - Deadline Met,Yes,Yes,3600.6997697353363,60.01166282892227,9,10865.0,Gurobi Status: 9
F20,P20_8,3,350000,400000,2592,385206.0,387798.0,37798.0,Scheduled - Deadline Met,Yes,Yes,3600.6997697353363,60.01166282892227,9,10865.0,Gurobi Status: 9
F20,P20_9,3,400000,450000,2592,404114.0,406706.0,6706.0,Scheduled - Deadline Met,Yes,Yes,3600.6997697353363,60.01166282892227,9,10865.0,Gurobi Status: 9
F20,P20_10,8,450000,500000,2592,493294.0,495886.0,45886.0,Scheduled - Deadline Met,Yes,Yes,3600.6997697353363,60.01166282892227,9,10865.0,Gurobi Status: 9
F20,P20_11,3,500000,550000,2592,539262.0,541854.0,41854.0,Scheduled - Deadline Met,Yes,Yes,3600.6997697353363,60.01166282892227,9,10865.0,Gurobi Status: 9
F20,P20_12,3,550000,600000,2592,575556.0,578148.0,28148.0,Scheduled - Deadline Met,Yes,Yes,3600.6997697353363,60.01166282892227,9,10865.0,Gurobi Status: 9
F20,P20_13,8,600000,650000,2592,641847.0,644439.0,44439.0,Scheduled - Deadline Met,Yes,Yes,3600.6997697353363,60.01166282892227,9,10865.0,Gurobi Status: 9
F20,P20_14,3,650000,700000,2592,683211.0,685803.0,35803.0,Scheduled - Deadline Met,Yes,Yes,3600.6997697353363,60.01166282892227,9,10865.0,Gurobi Status: 9
F20,P20_15,3,700000,750000,2592,712041.0,714633.0,14633.0,Scheduled - Deadline Met,Yes,Yes,3600.6997697353363,60.01166282892227,9,10865.0,Gurobi Status: 9
F20,P20_16,8,750000,800000,2592,774883.0,777475.0,27475.0,Scheduled - Deadline Met,Yes,Yes,3600.6997697353363,60.01166282892227,9,10865.0,Gurobi Status: 9
F20,P20_17,3,800000,850000,2592,802167.0,804759.0,4759.0,Scheduled - Deadline Met,Yes,Yes,3600.6997697353363,60.01166282892227,9,10865.0,Gurobi Status: 9
F20,P20_18,3,850000,900000,2592,868596.0,871188.0,21188.0,Scheduled - Deadline Met,Yes,Yes,3600.6997697353363,60.01166282892227,9,10865.0,Gurobi Status: 9
F20,P20_19,8,900000,950000,2592,904166.0,906758.0,6758.0,Scheduled - Deadline Met,Yes,Yes,3600.6997697353363,60.01166282892227,9,10865.0,Gurobi Status: 9
F20,P20_20,3,950000,1000000,2592,971843.0,974435.0,24435.0,Scheduled - Deadline Met,Yes,Yes,3600.6997697353363,60.01166282892227,9,10865.0,Gurobi Status: 9
F20,P20_21,3,1000000,1050000,2592,1002167.0,1004759.0,4759.0,Scheduled - Deadline Met,Yes,Yes,3600.6997697353363,60.01166282892227,9,10865.0,Gurobi Status: 9
F20,P20_22,8,1050000,1100000,2592,1073508.0,1076100.0,26100.0,Scheduled - Deadline Met,Yes,Yes,3600.6997697353363,60.01166282892227,9,10865.0,Gurobi Status: 9
F20,P20_23,3,1100000,1150000,2592,1100000.0,1102592.0,2592.0,Scheduled - Deadline Met,Yes,Yes,3600.6997697353363,60.01166282892227,9,10865.0,Gurobi Status: 9
F20,P20_24,3,1150000,1200000,2592,1187671.0,1190263.0,40263.0,Scheduled - Deadline Met,Yes,Yes,3600.6997697353363,60.01166282892227,9,10865.0,Gurobi Status: 9
F20,P20_25,8,1200000,1250000,2592,,,,Optional Packets- Not Scheduled,No,N/A,3600.6997697353363,60.01166282892227,9,10865.0,Gurobi Status: 9
F20,P20_26,3,1250000,1300000,2592,1267537.0,1270129.0,20129.0,Scheduled - Deadline Met,Yes,Yes,3600.6997697353363,60.01166282892227,9,10865.0,Gurobi Status: 9
F20,P20_27,3,1300000,1350000,2592,1312469.0,1315061.0,15061.0,Scheduled - Deadline Met,Yes,Yes,3600.6997697353363,60.01166282892227,9,10865.0,Gurobi Status: 9
F20,P20_28,8,1350000,1400000,2592,1358509.0,1361101.0,11101.0,Scheduled - Deadline Met,Yes,Yes,3600.6997697353363,60.01166282892227,9,10865.0,Gurobi Status: 9
F20,P20_29,3,1400000,1450000,2592,1404114.0,1406706.0,6706.0,Scheduled - Deadline Met,Yes,Yes,3600.6997697353363,60.01166282892227,9,10865.0,Gurobi Status: 9
F20,P20_30,3,1450000,1500000,2592,1467712.0,1470304.0,20304.0,Scheduled - Deadline Met,Yes,Yes,3600.6997697353363,60.01166282892227,9,10865.0,Gurobi Status: 9
F20,P20_31,8,1500000,1550000,2592,1535172.0,1537764.0,37764.0,Scheduled - Deadline Met,Yes,Yes,3600.6997697353363,60.01166282892227,9,10865.0,Gurobi Status: 9
F20,P20_32,3,1550000,1600000,2592,1593419.0,1596011.0,46011.0,Scheduled - Deadline Met,Yes,Yes,3600.6997697353363,60.01166282892227,9,10865.0,Gurobi Status: 9
F20,P20_33,3,1600000,1650000,2592,1604114.0,1606706.0,6706.0,Scheduled - Deadline Met,Yes,Yes,3600.6997697353363,60.01166282892227,9,10865.0,Gurobi Status: 9
F20,P20_34,8,1650000,1700000,2592,1693294.0,1695886.0,45886.0,Scheduled - Deadline Met,Yes,Yes,3600.6997697353363,60.01166282892227,9,10865.0,Gurobi Status: 9
F20,P20_35,3,1700000,1750000,2592,1725143.0,1727735.0,27735.0,Scheduled - Deadline Met,Yes,Yes,3600.6997697353363,60.01166282892227,9,10865.0,Gurobi Status: 9
F20,P20_36,3,1750000,1800000,2592,1770323.0,1772915.0,22915.0,Scheduled - Deadline Met,Yes,Yes,3600.6997697353363,60.01166282892227,9,10865.0,Gurobi Status: 9
F20,P20_37,8,1800000,1850000,2592,1804166.0,1806758.0,6758.0,Scheduled - Deadline Met,Yes,Yes,3600.6997697353363,60.01166282892227,9,10865.0,Gurobi Status: 9
F20,P20_38,3,1850000,1900000,2592,1871673.0,1874265.0,24265.0,Scheduled - Deadline Met,Yes,Yes,3600.6997697353363,60.01166282892227,9,10865.0,Gurobi Status: 9
F20,P20_39,3,1900000,1950000,2592,1921844.0,1924436.0,24436.0,Scheduled - Deadline Met,Yes,Yes,3600.6997697353363,60.01166282892227,9,10865.0,Gurobi Status: 9
F20,P20_40,8,1950000,2000000,2592,1982970.0,1985562.0,35562.0,Scheduled - Deadline Met,Yes,Yes,3600.6997697353363,60.01166282892227,9,10865.0,Gurobi Status: 9
F20,P20_41,3,2000000,2050000,2592,2004309.0,2006901.0,6901.0,Scheduled - Deadline Met,Yes,Yes,3600.6997697353363,60.01166282892227,9,10865.0,Gurobi Status: 9
F20,P20_42,3,2050000,2100000,2592,2080080.0,2082672.0,32672.0,Scheduled - Deadline Met,Yes,Yes,3600.6997697353363,60.01166282892227,9,10865.0,Gurobi Status: 9
F20,P20_43,8,2100000,2150000,2592,2118806.0,2121398.0,21398.0,Scheduled - Deadline Met,Yes,Yes,3600.6997697353363,60.01166282892227,9,10865.0,Gurobi Status: 9
F20,P20_44,3,2150000,2200000,2592,2178751.0,2181343.0,31343.0,Scheduled - Deadline Met,Yes,Yes,3600.6997697353363,60.01166282892227,9,10865.0,Gurobi Status: 9
F20,P20_45,3,2200000,2250000,2592,2202167.0,2204759.0,4759.0,Scheduled - Deadline Met,Yes,Yes,3600.6997697353363,60.01166282892227,9,10865.0,Gurobi Status: 9
F20,P20_46,8,2250000,2300000,2592,2280882.0,2283474.0,33474.0,Scheduled - Deadline Met,Yes,Yes,3600.6997697353363,60.01166282892227,9,10865.0,Gurobi Status: 9
F20,P20_47,3,2300000,2350000,2592,2321018.0,2323610.0,23610.0,Scheduled - Deadline Met,Yes,Yes,3600.6997697353363,60.01166282892227,9,10865.0,Gurobi Status: 9
F20,P20_48,3,2350000,2400000,2592,2385980.0,2388572.0,38572.0,Scheduled - Deadline Met,Yes,Yes,3600.6997697353363,60.01166282892227,9,10865.0,Gurobi Status: 9
F21,P21_1,2,0,400000,726,202167.0,202893.0,202893.0,Scheduled - Deadline Met,Yes,Yes,3600.6997697353363,60.01166282892227,9,10865.0,Gurobi Status: 9
F21,P21_2,2,400000,800000,726,714633.0,715359.0,315359.0,Scheduled - Deadline Met,Yes,Yes,3600.6997697353363,60.01166282892227,9,10865.0,Gurobi Status: 9
F21,P21_3,8,800000,1200000,726,895936.0,896662.0,96662.0,Scheduled - Deadline Met,Yes,Yes,3600.6997697353363,60.01166282892227,9,10865.0,Gurobi Status: 9
F21,P21_4,2,1200000,1600000,726,1399274.0,1400000.0,200000.0,Scheduled - Deadline Met,Yes,Yes,3600.6997697353363,60.01166282892227,9,10865.0,Gurobi Status: 9
F21,P21_5,2,1600000,2000000,726,1837921.0,1838647.0,238647.0,Scheduled - Deadline Met,Yes,Yes,3600.6997697353363,60.01166282892227,9,10865.0,Gurobi Status: 9
F21,P21_6,8,2000000,2400000,726,2097328.0,2098054.0,98054.0,Scheduled - Deadline Met,Yes,Yes,3600.6997697353363,60.01166282892227,9,10865.0,Gurobi Status: 9
F22,P22_1,8,0,400000,893,111879.0,112772.0,112772.0,Scheduled - Deadline Met,Yes,Yes,3600.6997697353363,60.01166282892227,9,10865.0,Gurobi Status: 9
F22,P22_2,4,400000,800000,893,423878.0,424771.0,24771.0,Scheduled - Deadline Met,Yes,Yes,3600.6997697353363,60.01166282892227,9,10865.0,Gurobi Status: 9
F22,P22_3,4,800000,1200000,893,825525.0,826418.0,26418.0,Scheduled - Deadline Met,Yes,Yes,3600.6997697353363,60.01166282892227,9,10865.0,Gurobi Status: 9
F22,P22_4,8,1200000,1600000,893,1341663.0,1342556.0,142556.0,Scheduled - Deadline Met,Yes,Yes,3600.6997697353363,60.01166282892227,9,10865.0,Gurobi Status: 9
F22,P22_5,4,1600000,2000000,893,1677778.0,1678671.0,78671.0,Scheduled - Deadline Met,Yes,Yes,3600.6997697353363,60.01166282892227,9,10865.0,Gurobi Status: 9
F22,P22_6,4,2000000,2400000,893,2052814.0,2053707.0,53707.0,Scheduled - Deadline Met,Yes,Yes,3600.6997697353363,60.01166282892227,9,10865.0,Gurobi Status: 9
F23,P23_1,4,0,100000,2223,39627.0,41850.0,41850.0,Scheduled - Deadline Met,Yes,Yes,3600.6997697353363,60.01166282892227,9,10865.0,Gurobi Status: 9
F23,P23_2,4,100000,200000,2223,161502.0,163725.0,63725.0,Scheduled - Deadline Met,Yes,Yes,3600.6997697353363,60.01166282892227,9,10865.0,Gurobi Status: 9
F23,P23_3,8,200000,300000,2223,262530.0,264753.0,64753.0,Scheduled - Deadline Met,Yes,Yes,3600.6997697353363,60.01166282892227,9,10865.0,Gurobi Status: 9
F23,P23_4,4,300000,400000,2223,372636.0,374859.0,74859.0,Scheduled - Deadline Met,Yes,Yes,3600.6997697353363,60.01166282892227,9,10865.0,Gurobi Status: 9
F23,P23_5,4,400000,500000,2223,406802.0,409025.0,9025.0,Scheduled - Deadline Met,Yes,Yes,3600.6997697353363,60.01166282892227,9,10865.0,Gurobi Status: 9
F23,P23_6,8,500000,600000,2223,590538.0,592761.0,92761.0,Scheduled - Deadline Met,Yes,Yes,3600.6997697353363,60.01166282892227,9,10865.0,Gurobi Status: 9
F23,P23_7,4,600000,700000,2223,664067.0,666290.0,66290.0,Scheduled - Deadline Met,Yes,Yes,3600.6997697353363,60.01166282892227,9,10865.0,Gurobi Status: 9
F23,P23_8,4,700000,800000,2223,768631.0,770854.0,70854.0,Scheduled - Deadline Met,Yes,Yes,3600.6997697353363,60.01166282892227,9,10865.0,Gurobi Status: 9
F23,P23_9,8,800000,900000,2223,,,,Optional Packets- Not Scheduled,No,N/A,3600.6997697353363,60.01166282892227,9,10865.0,Gurobi Status: 9
F23,P23_10,4,900000,1000000,2223,954406.0,956629.0,56629.0,Scheduled - Deadline Met,Yes,Yes,3600.6997697353363,60.01166282892227,9,10865.0,Gurobi Status: 9
F23,P23_11,4,1000000,1100000,2223,1004855.0,1007078.0,7078.0,Scheduled - Deadline Met,Yes,Yes,3600.6997697353363,60.01166282892227,9,10865.0,Gurobi Status: 9
F23,P23_12,8,1100000,1200000,2223,1159966.0,1162189.0,62189.0,Scheduled - Deadline Met,Yes,Yes,3600.6997697353363,60.01166282892227,9,10865.0,Gurobi Status: 9
F23,P23_13,4,1200000,1300000,2223,1230475.0,1232698.0,32698.0,Scheduled - Deadline Met,Yes,Yes,3600.6997697353363,60.01166282892227,9,10865.0,Gurobi Status: 9
F23,P23_14,4,1300000,1400000,2223,1318724.0,1320947.0,20947.0,Scheduled - Deadline Met,Yes,Yes,3600.6997697353363,60.01166282892227,9,10865.0,Gurobi Status: 9
F23,P23_15,8,1400000,1500000,2223,1490969.0,1493192.0,93192.0,Scheduled - Deadline Met,Yes,Yes,3600.6997697353363,60.01166282892227,9,10865.0,Gurobi Status: 9
F23,P23_16,4,1500000,1600000,2223,1566926.0,1569149.0,69149.0,Scheduled - Deadline Met,Yes,Yes,3600.6997697353363,60.01166282892227,9,10865.0,Gurobi Status: 9
F23,P23_17,4,1600000,1700000,2223,1639030.0,1641253.0,41253.0,Scheduled - Deadline Met,Yes,Yes,3600.6997697353363,60.01166282892227,9,10865.0,Gurobi Status: 9
F23,P23_18,8,1700000,1800000,2223,1795831.0,1798054.0,98054.0,Scheduled - Deadline Met,Yes,Yes,3600.6997697353363,60.01166282892227,9,10865.0,Gurobi Status: 9
F23,P23_19,4,1800000,1900000,2223,1868579.0,1870802.0,70802.0,Scheduled - Deadline Met,Yes,Yes,3600.6997697353363,60.01166282892227,9,10865.0,Gurobi Status: 9
F23,P23_20,4,1900000,2000000,2223,1930046.0,1932269.0,32269.0,Scheduled - Deadline Met,Yes,Yes,3600.6997697353363,60.01166282892227,9,10865.0,Gurobi Status: 9
F23,P23_21,8,2000000,2100000,2223,,,,Optional Packets- Not Scheduled,No,N/A,3600.6997697353363,60.01166282892227,9,10865.0,Gurobi Status: 9
F23,P23_22,4,2100000,2200000,2223,2162358.0,2164581.0,64581.0,Scheduled - Deadline Met,Yes,Yes,3600.6997697353363,60.01166282892227,9,10865.0,Gurobi Status: 9
F23,P23_23,4,2200000,2300000,2223,2256208.0,2258431.0,58431.0,Scheduled - Deadline Met,Yes,Yes,3600.6997697353363,60.01166282892227,9,10865.0,Gurobi Status: 9
F23,P23_24,8,2300000,2400000,2223,2357862.0,2360085.0,60085.0,Scheduled - Deadline Met,Yes,Yes,3600.6997697353363,60.01166282892227,9,10865.0,Gurobi Status: 9
F24,P24_1,6,0,200000,4766,149344.0,154110.0,154110.0,Scheduled - Deadline Met,Yes,Yes,3600.6997697353363,60.01166282892227,9,10865.0,Gurobi Status: 9
F24,P24_2,8,200000,400000,4766,293192.0,297958.0,97958.0,Scheduled - Deadline Met,Yes,Yes,3600.6997697353363,60.01166282892227,9,10865.0,Gurobi Status: 9
F24,P24_3,6,400000,600000,4766,578244.0,583010.0,183010.0,Scheduled - Deadline Met,Yes,Yes,3600.6997697353363,60.01166282892227,9,10865.0,Gurobi Status: 9
F24,P24_4,6,600000,800000,4766,760576.0,765342.0,165342.0,Scheduled - Deadline Met,Yes,Yes,3600.6997697353363,60.01166282892227,9,10865.0,Gurobi Status: 9
F24,P24_5,8,800000,1000000,4766,,,,Optional Packets- Not Scheduled,No,N/A,3600.6997697353363,60.01166282892227,9,10865.0,Gurobi Status: 9
F24,P24_6,6,1000000,1200000,4766,1177159.0,1181925.0,181925.0,Scheduled - Deadline Met,Yes,Yes,3600.6997697353363,60.01166282892227,9,10865.0,Gurobi Status: 9
F24,P24_7,6,1200000,1400000,4766,1279197.0,1283963.0,83963.0,Scheduled - Deadline Met,Yes,Yes,3600.6997697353363,60.01166282892227,9,10865.0,Gurobi Status: 9
F24,P24_8,8,1400000,1600000,4766,1493288.0,1498054.0,98054.0,Scheduled - Deadline Met,Yes,Yes,3600.6997697353363,60.01166282892227,9,10865.0,Gurobi Status: 9
F24,P24_9,6,1600000,1800000,4766,1712590.0,1717356.0,117356.0,Scheduled - Deadline Met,Yes,Yes,3600.6997697353363,60.01166282892227,9,10865.0,Gurobi Status: 9
F24,P24_10,6,1800000,2000000,4766,1914911.0,1919677.0,119677.0,Scheduled - Deadline Met,Yes,Yes,3600.6997697353363,60.01166282892227,9,10865.0,Gurobi Status: 9
F24,P24_11,8,2000000,2200000,4766,,,,Optional Packets- Not Scheduled,No,N/A,3600.6997697353363,60.01166282892227,9,10865.0,Gurobi Status: 9
F24,P24_12,6,2200000,2400000,4766,2334065.0,2338831.0,138831.0,Scheduled - Deadline Met,Yes,Yes,3600.6997697353363,60.01166282892227,9,10865.0,Gurobi Status: 9
F25,P25_1,8,0,400000,2634,,,,Optional Packets- Not Scheduled,No,N/A,3600.6997697353363,60.01166282892227,9,10865.0,Gurobi Status: 9
F25,P25_2,7,400000,800000,2634,530372.0,533006.0,133006.0,Scheduled - Deadline Met,Yes,Yes,3600.6997697353363,60.01166282892227,9,10865.0,Gurobi Status: 9
F25,P25_3,8,800000,1200000,2634,890498.0,893132.0,93132.0,Scheduled - Deadline Met,Yes,Yes,3600.6997697353363,60.01166282892227,9,10865.0,Gurobi Status: 9
F25,P25_4,7,1200000,1600000,2634,1260260.0,1262894.0,62894.0,Scheduled - Deadline Met,Yes,Yes,3600.6997697353363,60.01166282892227,9,10865.0,Gurobi Status: 9
F25,P25_5,8,1600000,2000000,2634,1689172.0,1691806.0,91806.0,Scheduled - Deadline Met,Yes,Yes,3600.6997697353363,60.01166282892227,9,10865.0,Gurobi Status: 9
F25,P25_6,7,2000000,2400000,2634,2063594.0,2066228.0,66228.0,Scheduled - Deadline Met,Yes,Yes,3600.6997697353363,60.01166282892227,9,10865.0,Gurobi Status: 9
F26,P26_1,8,0,200000,2409,,,,Optional Packets- Not Scheduled,No,N/A,3600.6997697353363,60.01166282892227,9,10865.0,Gurobi Status: 9
F26,P26_2,2,200000,400000,2409,356694.0,359103.0,159103.0,Scheduled - Deadline Met,Yes,Yes,3600.6997697353363,60.01166282892227,9,10865.0,Gurobi Status: 9
F26,P26_3,8,400000,600000,2409,451003.0,453412.0,53412.0,Scheduled - Deadline Met,Yes,Yes,3600.6997697353363,60.01166282892227,9,10865.0,Gurobi Status: 9
F26,P26_4,2,600000,800000,2409,772378.0,774787.0,174787.0,Scheduled - Deadline Met,Yes,Yes,3600.6997697353363,60.01166282892227,9,10865.0,Gurobi Status: 9
F26,P26_5,8,800000,1000000,2409,,,,Optional Packets- Not Scheduled,No,N/A,3600.6997697353363,60.01166282892227,9,10865.0,Gurobi Status: 9
F26,P26_6,2,1000000,1200000,2409,1174654.0,1177063.0,177063.0,Scheduled - Deadline Met,Yes,Yes,3600.6997697353363,60.01166282892227,9,10865.0,Gurobi Status: 9
F26,P26_7,8,1200000,1400000,2409,,,,Optional Packets- Not Scheduled,No,N/A,3600.6997697353363,60.01166282892227,9,10865.0,Gurobi Status: 9
F26,P26_8,2,1400000,1600000,2409,1528597.0,1531006.0,131006.0,Scheduled - Deadline Met,Yes,Yes,3600.6997697353363,60.01166282892227,9,10865.0,Gurobi Status: 9
F26,P26_9,8,1600000,1800000,2409,,,,Optional Packets- Not Scheduled,No,N/A,3600.6997697353363,60.01166282892227,9,10865.0,Gurobi Status: 9
F26,P26_10,2,1800000,2000000,2409,1887074.0,1889483.0,89483.0,Scheduled - Deadline Met,Yes,Yes,3600.6997697353363,60.01166282892227,9,10865.0,Gurobi Status: 9
F26,P26_11,8,2000000,2200000,2409,,,,Optional Packets- Not Scheduled,No,N/A,3600.6997697353363,60.01166282892227,9,10865.0,Gurobi Status: 9
F26,P26_12,2,2200000,2400000,2409,2265875.0,2268284.0,68284.0,Scheduled - Deadline Met,Yes,Yes,3600.6997697353363,60.01166282892227,9,10865.0,Gurobi Status: 9
F27,P27_1,8,0,50000,3974,,,,Optional Packets- Not Scheduled,No,N/A,3600.6997697353363,60.01166282892227,9,10865.0,Gurobi Status: 9
F27,P27_2,4,50000,100000,3974,70818.0,74792.0,24792.0,Scheduled - Deadline Met,Yes,Yes,3600.6997697353363,60.01166282892227,9,10865.0,Gurobi Status: 9
F27,P27_3,8,100000,150000,3974,,,,Optional Packets- Not Scheduled,No,N/A,3600.6997697353363,60.01166282892227,9,10865.0,Gurobi Status: 9
F27,P27_4,4,150000,200000,3974,194598.0,198572.0,48572.0,Scheduled - Deadline Met,Yes,Yes,3600.6997697353363,60.01166282892227,9,10865.0,Gurobi Status: 9
F27,P27_5,8,200000,250000,3974,,,,Optional Packets- Not Scheduled,No,N/A,3600.6997697353363,60.01166282892227,9,10865.0,Gurobi Status: 9
F27,P27_6,4,250000,300000,3974,279370.0,283344.0,33344.0,Scheduled - Deadline Met,Yes,Yes,3600.6997697353363,60.01166282892227,9,10865.0,Gurobi Status: 9
F27,P27_7,8,300000,350000,3974,300000.0,303974.0,3974.0,Scheduled - Deadline Met,Yes,Yes,3600.6997697353363,60.01166282892227,9,10865.0,Gurobi Status: 9
F27,P27_8,4,350000,400000,3974,387894.0,391868.0,41868.0,Scheduled - Deadline Met,Yes,Yes,3600.6997697353363,60.01166282892227,9,10865.0,Gurobi Status: 9
F27,P27_9,8,400000,450000,3974,,,,Optional Packets- Not Scheduled,No,N/A,3600.6997697353363,60.01166282892227,9,10865.0,Gurobi Status: 9
F27,P27_10,4,450000,500000,3974,478978.0,482952.0,32952.0,Scheduled - Deadline Met,Yes,Yes,3600.6997697353363,60.01166282892227,9,10865.0,Gurobi Status: 9
F27,P27_11,8,500000,550000,3974,500096.0,504070.0,4070.0,Scheduled - Deadline Met,Yes,Yes,3600.6997697353363,60.01166282892227,9,10865.0,Gurobi Status: 9
F27,P27_12,4,550000,600000,3974,562602.0,566576.0,16576.0,Scheduled - Deadline Met,Yes,Yes,3600.6997697353363,60.01166282892227,9,10865.0,Gurobi Status: 9
F27,P27_13,8,600000,650000,3974,637777.0,641751.0,41751.0,Scheduled - Deadline Met,Yes,Yes,3600.6997697353363,60.01166282892227,9,10865.0,Gurobi Status: 9
F27,P27_14,4,650000,700000,3974,685899.0,689873.0,39873.0,Scheduled - Deadline Met,Yes,Yes,3600.6997697353363,60.01166282892227,9,10865.0,Gurobi Status: 9
F27,P27_15,8,700000,750000,3974,,,,Optional Packets- Not Scheduled,No,N/A,3600.6997697353363,60.01166282892227,9,10865.0,Gurobi Status: 9
F27,P27_16,4,750000,800000,3974,795930.0,799904.0,49904.0,Scheduled - Deadline Met,Yes,Yes,3600.6997697353363,60.01166282892227,9,10865.0,Gurobi Status: 9
F27,P27_17,8,800000,850000,3974,,,,Optional Packets- Not Scheduled,No,N/A,3600.6997697353363,60.01166282892227,9,10865.0,Gurobi Status: 9
F27,P27_18,4,850000,900000,3974,854664.0,858638.0,8638.0,Scheduled - Deadline Met,Yes,Yes,3600.6997697353363,60.01166282892227,9,10865.0,Gurobi Status: 9
F27,P27_19,8,900000,950000,3974,900096.0,904070.0,4070.0,Scheduled - Deadline Met,Yes,Yes,3600.6997697353363,60.01166282892227,9,10865.0,Gurobi Status: 9
F27,P27_20,4,950000,1000000,3974,979852.0,983826.0,33826.0,Scheduled - Deadline Met,Yes,Yes,3600.6997697353363,60.01166282892227,9,10865.0,Gurobi Status: 9
F27,P27_21,8,1000000,1050000,3974,,,,Optional Packets- Not Scheduled,No,N/A,3600.6997697353363,60.01166282892227,9,10865.0,Gurobi Status: 9
F27,P27_22,4,1050000,1100000,3974,1057354.0,1061328.0,11328.0,Scheduled - Deadline Met,Yes,Yes,3600.6997697353363,60.01166282892227,9,10865.0,Gurobi Status: 9
F27,P27_23,8,1100000,1150000,3974,1132313.0,1136287.0,36287.0,Scheduled - Deadline Met,Yes,Yes,3600.6997697353363,60.01166282892227,9,10865.0,Gurobi Status: 9
F27,P27_24,4,1150000,1200000,3974,1193859.0,1197833.0,47833.0,Scheduled - Deadline Met,Yes,Yes,3600.6997697353363,60.01166282892227,9,10865.0,Gurobi Status: 9
F27,P27_25,8,1200000,1250000,3974,,,,Optional Packets- Not Scheduled,No,N/A,3600.6997697353363,60.01166282892227,9,10865.0,Gurobi Status: 9
F27,P27_26,4,1250000,1300000,3974,1256286.0,1260260.0,10260.0,Scheduled - Deadline Met,Yes,Yes,3600.6997697353363,60.01166282892227,9,10865.0,Gurobi Status: 9
F27,P27_27,8,1300000,1350000,3974,1342652.0,1346626.0,46626.0,Scheduled - Deadline Met,Yes,Yes,3600.6997697353363,60.01166282892227,9,10865.0,Gurobi Status: 9
F27,P27_28,4,1350000,1400000,3974,1380152.0,1384126.0,34126.0,Scheduled - Deadline Met,Yes,Yes,3600.6997697353363,60.01166282892227,9,10865.0,Gurobi Status: 9
F27,P27_29,8,1400000,1450000,3974,1422326.0,1426300.0,26300.0,Scheduled - Deadline Met,Yes,Yes,3600.6997697353363,60.01166282892227,9,10865.0,Gurobi Status: 9
F27,P27_30,4,1450000,1500000,3974,1480111.0,1484085.0,34085.0,Scheduled - Deadline Met,Yes,Yes,3600.6997697353363,60.01166282892227,9,10865.0,Gurobi Status: 9
F27,P27_31,8,1500000,1550000,3974,1531102.0,1535076.0,35076.0,Scheduled - Deadline Met,Yes,Yes,3600.6997697353363,60.01166282892227,9,10865.0,Gurobi Status: 9
F27,P27_32,4,1550000,1600000,3974,1579115.0,1583089.0,33089.0,Scheduled - Deadline Met,Yes,Yes,3600.6997697353363,60.01166282892227,9,10865.0,Gurobi Status: 9
F27,P27_33,8,1600000,1650000,3974,,,,Optional Packets- Not Scheduled,No,N/A,3600.6997697353363,60.01166282892227,9,10865.0,Gurobi Status: 9
F27,P27_34,4,1650000,1700000,3974,1680617.0,1684591.0,34591.0,Scheduled - Deadline Met,Yes,Yes,3600.6997697353363,60.01166282892227,9,10865.0,Gurobi Status: 9
F27,P27_35,8,1700000,1750000,3974,,,,Optional Packets- Not Scheduled,No,N/A,3600.6997697353363,60.01166282892227,9,10865.0,Gurobi Status: 9
F27,P27_36,4,1750000,1800000,3974,1761113.0,1765087.0,15087.0,Scheduled - Deadline Met,Yes,Yes,3600.6997697353363,60.01166282892227,9,10865.0,Gurobi Status: 9
F27,P27_37,8,1800000,1850000,3974,1800096.0,1804070.0,4070.0,Scheduled - Deadline Met,Yes,Yes,3600.6997697353363,60.01166282892227,9,10865.0,Gurobi Status: 9
F27,P27_38,4,1850000,1900000,3974,1876308.0,1880282.0,30282.0,Scheduled - Deadline Met,Yes,Yes,3600.6997697353363,60.01166282892227,9,10865.0,Gurobi Status: 9
F27,P27_39,8,1900000,1950000,3974,1935558.0,1939532.0,39532.0,Scheduled - Deadline Met,Yes,Yes,3600.6997697353363,60.01166282892227,9,10865.0,Gurobi Status: 9
F27,P27_40,4,1950000,2000000,3974,1978900.0,1982874.0,32874.0,Scheduled - Deadline Met,Yes,Yes,3600.6997697353363,60.01166282892227,9,10865.0,Gurobi Status: 9
F27,P27_41,8,2000000,2050000,3974,,,,Optional Packets- Not Scheduled,No,N/A,3600.6997697353363,60.01166282892227,9,10865.0,Gurobi Status: 9
F27,P27_42,4,2050000,2100000,3974,2058192.0,2062166.0,12166.0,Scheduled - Deadline Met,Yes,Yes,3600.6997697353363,60.01166282892227,9,10865.0,Gurobi Status: 9
F27,P27_43,8,2100000,2150000,3974,,,,Optional Packets- Not Scheduled,No,N/A,3600.6997697353363,60.01166282892227,9,10865.0,Gurobi Status: 9
F27,P27_44,4,2150000,2200000,3974,2168696.0,2172670.0,22670.0,Scheduled - Deadline Met,Yes,Yes,3600.6997697353363,60.01166282892227,9,10865.0,Gurobi Status: 9
F27,P27_45,8,2200000,2250000,3974,,,,Optional Packets- Not Scheduled,No,N/A,3600.6997697353363,60.01166282892227,9,10865.0,Gurobi Status: 9
F27,P27_46,4,2250000,2300000,3974,2258527.0,2262501.0,12501.0,Scheduled - Deadline Met,Yes,Yes,3600.6997697353363,60.01166282892227,9,10865.0,Gurobi Status: 9
F27,P27_47,8,2300000,2350000,3974,2342494.0,2346468.0,46468.0,Scheduled - Deadline Met,Yes,Yes,3600.6997697353363,60.01166282892227,9,10865.0,Gurobi Status: 9
F27,P27_48,4,2350000,2400000,3974,2374497.0,2378471.0,28471.0,Scheduled - Deadline Met,Yes,Yes,3600.6997697353363,60.01166282892227,9,10865.0,Gurobi Status: 9
F28,P28_1,8,0,200000,679,,,,Optional Packets- Not Scheduled,No,N/A,3600.6997697353363,60.01166282892227,9,10865.0,Gurobi Status: 9
F28,P28_2,3,200000,400000,679,277344.0,278023.0,78023.0,Scheduled - Deadline Met,Yes,Yes,3600.6997697353363,60.01166282892227,9,10865.0,Gurobi Status: 9
F28,P28_3,8,400000,600000,679,,,,Optional Packets- Not Scheduled,No,N/A,3600.6997697353363,60.01166282892227,9,10865.0,Gurobi Status: 9
F28,P28_4,3,600000,800000,679,678225.0,678904.0,78904.0,Scheduled - Deadline Met,Yes,Yes,3600.6997697353363,60.01166282892227,9,10865.0,Gurobi Status: 9
F28,P28_5,8,800000,1000000,679,,,,Optional Packets- Not Scheduled,No,N/A,3600.6997697353363,60.01166282892227,9,10865.0,Gurobi Status: 9
F28,P28_6,3,1000000,1200000,679,1054633.0,1055312.0,55312.0,Scheduled - Deadline Met,Yes,Yes,3600.6997697353363,60.01166282892227,9,10865.0,Gurobi Status: 9
F28,P28_7,8,1200000,1400000,679,1289304.0,1289983.0,89983.0,Scheduled - Deadline Met,Yes,Yes,3600.6997697353363,60.01166282892227,9,10865.0,Gurobi Status: 9
F28,P28_8,3,1400000,1600000,679,1466937.0,1467616.0,67616.0,Scheduled - Deadline Met,Yes,Yes,3600.6997697353363,60.01166282892227,9,10865.0,Gurobi Status: 9
F28,P28_9,8,1600000,1800000,679,,,,Optional Packets- Not Scheduled,No,N/A,3600.6997697353363,60.01166282892227,9,10865.0,Gurobi Status: 9
F28,P28_10,3,1800000,2000000,679,1870898.0,1871577.0,71577.0,Scheduled - Deadline Met,Yes,Yes,3600.6997697353363,60.01166282892227,9,10865.0,Gurobi Status: 9
F28,P28_11,8,2000000,2200000,679,2082768.0,2083447.0,83447.0,Scheduled - Deadline Met,Yes,Yes,3600.6997697353363,60.01166282892227,9,10865.0,Gurobi Status: 9
F28,P28_12,3,2200000,2400000,679,2222701.0,2223380.0,23380.0,Scheduled - Deadline Met,Yes,Yes,3600.6997697353363,60.01166282892227,9,10865.0,Gurobi Status: 9
F29,P29_1,1,0,400000,5729,62558.0,68287.0,68287.0,Scheduled - Deadline Met,Yes,Yes,3600.6997697353363,60.01166282892227,9,10865.0,Gurobi Status: 9
F29,P29_2,8,400000,800000,5729,,,,Optional Packets- Not Scheduled,No,N/A,3600.6997697353363,60.01166282892227,9,10865.0,Gurobi Status: 9
F29,P29_3,1,800000,1200000,5729,848935.0,854664.0,54664.0,Scheduled - Deadline Met,Yes,Yes,3600.6997697353363,60.01166282892227,9,10865.0,Gurobi Status: 9
F29,P29_4,8,1200000,1600000,5729,,,,Optional Packets- Not Scheduled,No,N/A,3600.6997697353363,60.01166282892227,9,10865.0,Gurobi Status: 9
F29,P29_5,1,1600000,2000000,5729,1657896.0,1663625.0,63625.0,Scheduled - Deadline Met,Yes,Yes,3600.6997697353363,60.01166282892227,9,10865.0,Gurobi Status: 9
F29,P29_6,8,2000000,2400000,5729,,,,Optional Packets- Not Scheduled,No,N/A,3600.6997697353363,60.01166282892227,9,10865.0,Gurobi Status: 9
F3,P3_1,8,0,400000,7927,,,,Optional Packets- Not Scheduled,No,N/A,3600.6997697353363,60.01166282892227,9,10865.0,Gurobi Status: 9
F3,P3_2,2,400000,800000,7927,704114.0,712041.0,312041.0,Scheduled - Deadline Met,Yes,Yes,3600.6997697353363,60.01166282892227,9,10865.0,Gurobi Status: 9
F3,P3_3,2,800000,1200000,7927,983826.0,991753.0,191753.0,Scheduled - Deadline Met,Yes,Yes,3600.6997697353363,60.01166282892227,9,10865.0,Gurobi Status: 9
F3,P3_4,8,1200000,1600000,7927,,,,Optional Packets- Not Scheduled,No,N/A,3600.6997697353363,60.01166282892227,9,10865.0,Gurobi Status: 9
F3,P3_5,2,1600000,2000000,7927,1773011.0,1780938.0,180938.0,Scheduled - Deadline Met,Yes,Yes,3600.6997697353363,60.01166282892227,9,10865.0,Gurobi Status: 9
F3,P3_6,2,2000000,2400000,7927,2192073.0,2200000.0,200000.0,Scheduled - Deadline Met,Yes,Yes,3600.6997697353363,60.01166282892227,9,10865.0,Gurobi Status: 9
F30,P30_1,8,0,200000,1716,,,,Optional Packets- Not Scheduled,No,N/A,3600.6997697353363,60.01166282892227,9,10865.0,Gurobi Status: 9
F30,P30_2,5,200000,400000,1716,374955.0,376671.0,176671.0,Scheduled - Deadline Met,Yes,Yes,3600.6997697353363,60.01166282892227,9,10865.0,Gurobi Status: 9
F30,P30_3,8,400000,600000,1716,,,,Optional Packets- Not Scheduled,No,N/A,3600.6997697353363,60.01166282892227,9,10865.0,Gurobi Status: 9
F30,P30_4,5,600000,800000,1716,745497.0,747213.0,147213.0,Scheduled - Deadline Met,Yes,Yes,3600.6997697353363,60.01166282892227,9,10865.0,Gurobi Status: 9
F30,P30_5,8,800000,1000000,1716,,,,Optional Packets- Not Scheduled,No,N/A,3600.6997697353363,60.01166282892227,9,10865.0,Gurobi Status: 9
F30,P30_6,5,1000000,1200000,1716,1104759.0,1106475.0,106475.0,Scheduled - Deadline Met,Yes,Yes,3600.6997697353363,60.01166282892227,9,10865.0,Gurobi Status: 9
F30,P30_7,8,1200000,1400000,1716,1286145.0,1287861.0,87861.0,Scheduled - Deadline Met,Yes,Yes,3600.6997697353363,60.01166282892227,9,10865.0,Gurobi Status: 9
F30,P30_8,5,1400000,1600000,1716,1518694.0,1520410.0,120410.0,Scheduled - Deadline Met,Yes,Yes,3600.6997697353363,60.01166282892227,9,10865.0,Gurobi Status: 9
F30,P30_9,8,1600000,1800000,1716,,,,Optional Packets- Not Scheduled,No,N/A,3600.6997697353363,60.01166282892227,9,10865.0,Gurobi Status: 9
F30,P30_10,5,1800000,2000000,1716,1913099.0,1914815.0,114815.0,Scheduled - Deadline Met,Yes,Yes,3600.6997697353363,60.01166282892227,9,10865.0,Gurobi Status: 9
F30,P30_11,8,2000000,2200000,1716,,,,Optional Packets- Not Scheduled,No,N/A,3600.6997697353363,60.01166282892227,9,10865.0,Gurobi Status: 9
F30,P30_12,5,2200000,2400000,1716,2223476.0,2225192.0,25192.0,Scheduled - Deadline Met,Yes,Yes,3600.6997697353363,60.01166282892227,9,10865.0,Gurobi Status: 9
F31,P31_1,7,0,400000,7691,81902.0,89593.0,89593.0,Scheduled - Deadline Met,Yes,Yes,3600.6997697353363,60.01166282892227,9,10865.0,Gurobi Status: 9
F31,P31_2,8,400000,800000,7691,,,,Optional Packets- Not Scheduled,No,N/A,3600.6997697353363,60.01166282892227,9,10865.0,Gurobi Status: 9
F31,P31_3,7,800000,1200000,7691,874783.0,882474.0,82474.0,Scheduled - Deadline Met,Yes,Yes,3600.6997697353363,60.01166282892227,9,10865.0,Gurobi Status: 9
F31,P31_4,8,1200000,1600000,7691,,,,Optional Packets- Not Scheduled,No,N/A,3600.6997697353363,60.01166282892227,9,10865.0,Gurobi Status: 9
F31,P31_5,7,1600000,2000000,7691,1717452.0,1725143.0,125143.0,Scheduled - Deadline Met,Yes,Yes,3600.6997697353363,60.01166282892227,9,10865.0,Gurobi Status: 9
F31,P31_6,8,2000000,2400000,7691,,,,Optional Packets- Not Scheduled,No,N/A,3600.6997697353363,60.01166282892227,9,10865.0,Gurobi Status: 9
F32,P32_1,6,0,400000,1426,291670.0,293096.0,293096.0,Scheduled - Deadline Met,Yes,Yes,3600.6997697353363,60.01166282892227,9,10865.0,Gurobi Status: 9
F32,P32_2,8,400000,800000,1426,,,,Optional Packets- Not Scheduled,No,N/A,3600.6997697353363,60.01166282892227,9,10865.0,Gurobi Status: 9
F32,P32_3,6,800000,1200000,1426,1018895.0,1020321.0,220321.0,Scheduled - Deadline Met,Yes,Yes,3600.6997697353363,60.01166282892227,9,10865.0,Gurobi Status: 9
F32,P32_4,8,1200000,1600000,1426,1340141.0,1341567.0,141567.0,Scheduled - Deadline Met,Yes,Yes,3600.6997697353363,60.01166282892227,9,10865.0,Gurobi Status: 9
F32,P32_5,6,1600000,2000000,1426,1856423.0,1857849.0,257849.0,Scheduled - Deadline Met,Yes,Yes,3600.6997697353363,60.01166282892227,9,10865.0,Gurobi Status: 9
F32,P32_6,8,2000000,2400000,1426,2094799.0,2096225.0,96225.0,Scheduled - Deadline Met,Yes,Yes,3600.6997697353363,60.01166282892227,9,10865.0,Gurobi Status: 9
F33,P33_1,8,0,400000,7561,,,,Optional Packets- Not Scheduled,No,N/A,3600.6997697353363,60.01166282892227,9,10865.0,Gurobi Status: 9
F33,P33_2,6,400000,800000,7561,630120.0,637681.0,237681.0,Scheduled - Deadline Met,Yes,Yes,3600.6997697353363,60.01166282892227,9,10865.0,Gurobi Status: 9
F33,P33_3,8,800000,1200000,7561,,,,Optional Packets- Not Scheduled,No,N/A,3600.6997697353363,60.01166282892227,9,10865.0,Gurobi Status: 9
F33,P33_4,6,1200000,1600000,7561,1384126.0,1391687.0,191687.0,Scheduled - Deadline Met,Yes,Yes,3600.6997697353363,60.01166282892227,9,10865.0,Gurobi Status: 9
F33,P33_5,8,1600000,2000000,7561,,,,Optional Packets- Not Scheduled,No,N/A,3600.6997697353363,60.01166282892227,9,10865.0,Gurobi Status: 9
F33,P33_6,6,2000000,2400000,7561,2183289.0,2190850.0,190850.0,Scheduled - Deadline Met,Yes,Yes,3600.6997697353363,60.01166282892227,9,10865.0,Gurobi Status: 9
F34,P34_1,8,0,100000,3471,,,,Optional Packets- Not Scheduled,No,N/A,3600.6997697353363,60.01166282892227,9,10865.0,Gurobi Status: 9
F34,P34_2,4,100000,200000,3471,145252.0,148723.0,48723.0,Scheduled - Deadline Met,Yes,Yes,3600.6997697353363,60.01166282892227,9,10865.0,Gurobi Status: 9
F34,P34_3,8,200000,300000,3471,255770.0,259241.0,59241.0,Scheduled - Deadline Met,Yes,Yes,3600.6997697353363,60.01166282892227,9,10865.0,Gurobi Status: 9
F34,P34_4,4,300000,400000,3471,369069.0,372540.0,72540.0,Scheduled - Deadline Met,Yes,Yes,3600.6997697353363,60.01166282892227,9,10865.0,Gurobi Status: 9
F34,P34_5,8,400000,500000,3471,,,,Optional Packets- Not Scheduled,No,N/A,3600.6997697353363,60.01166282892227,9,10865.0,Gurobi Status: 9
F34,P34_6,4,500000,600000,3471,553789.0,557260.0,57260.0,Scheduled - Deadline Met,Yes,Yes,3600.6997697353363,60.01166282892227,9,10865.0,Gurobi Status: 9
F34,P34_7,8,600000,700000,3471,650077.0,653548.0,53548.0,Scheduled - Deadline Met,Yes,Yes,3600.6997697353363,60.01166282892227,9,10865.0,Gurobi Status: 9
F34,P34_8,4,700000,800000,3471,741930.0,745401.0,45401.0,Scheduled - Deadline Met,Yes,Yes,3600.6997697353363,60.01166282892227,9,10865.0,Gurobi Status: 9
F34,P34_9,8,800000,900000,3471,,,,Optional Packets- Not Scheduled,No,N/A,3600.6997697353363,60.01166282892227,9,10865.0,Gurobi Status: 9
F34,P34_10,4,900000,1000000,3471,937443.0,940914.0,40914.0,Scheduled - Deadline Met,Yes,Yes,3600.6997697353363,60.01166282892227,9,10865.0,Gurobi Status: 9
F34,P34_11,8,1000000,1100000,3471,1037450.0,1040921.0,40921.0,Scheduled - Deadline Met,Yes,Yes,3600.6997697353363,60.01166282892227,9,10865.0,Gurobi Status: 9
F34,P34_12,4,1100000,1200000,3471,1122950.0,1126421.0,26421.0,Scheduled - Deadline Met,Yes,Yes,3600.6997697353363,60.01166282892227,9,10865.0,Gurobi Status: 9
F34,P34_13,8,1200000,1300000,3471,,,,Optional Packets- Not Scheduled,No,N/A,3600.6997697353363,60.01166282892227,9,10865.0,Gurobi Status: 9
F34,P34_14,4,1300000,1400000,3471,1315157.0,1318628.0,18628.0,Scheduled - Deadline Met,Yes,Yes,3600.6997697353363,60.01166282892227,9,10865.0,Gurobi Status: 9
F34,P34_15,8,1400000,1500000,3471,1441512.0,1444983.0,44983.0,Scheduled - Deadline Met,Yes,Yes,3600.6997697353363,60.01166282892227,9,10865.0,Gurobi Status: 9
F34,P34_16,4,1500000,1600000,3471,1560166.0,1563637.0,63637.0,Scheduled - Deadline Met,Yes,Yes,3600.6997697353363,60.01166282892227,9,10865.0,Gurobi Status: 9
F34,P34_17,8,1600000,1700000,3471,,,,Optional Packets- Not Scheduled,No,N/A,3600.6997697353363,60.01166282892227,9,10865.0,Gurobi Status: 9
F34,P34_18,4,1700000,1800000,3471,1756118.0,1759589.0,59589.0,Scheduled - Deadline Met,Yes,Yes,3600.6997697353363,60.01166282892227,9,10865.0,Gurobi Status: 9
F34,P34_19,8,1800000,1900000,3471,1889579.0,1893050.0,93050.0,Scheduled - Deadline Met,Yes,Yes,3600.6997697353363,60.01166282892227,9,10865.0,Gurobi Status: 9
F34,P34_20,4,1900000,2000000,3471,1926479.0,1929950.0,29950.0,Scheduled - Deadline Met,Yes,Yes,3600.6997697353363,60.01166282892227,9,10865.0,Gurobi Status: 9
F34,P34_21,8,2000000,2100000,3471,,,,Optional Packets- Not Scheduled,No,N/A,3600.6997697353363,60.01166282892227,9,10865.0,Gurobi Status: 9
F34,P34_22,4,2100000,2200000,3471,2137459.0,2140930.0,40930.0,Scheduled - Deadline Met,Yes,Yes,3600.6997697353363,60.01166282892227,9,10865.0,Gurobi Status: 9
F34,P34_23,8,2200000,2300000,3471,2238821.0,2242292.0,42292.0,Scheduled - Deadline Met,Yes,Yes,3600.6997697353363,60.01166282892227,9,10865.0,Gurobi Status: 9
F34,P34_24,4,2300000,2400000,3471,2338927.0,2342398.0,42398.0,Scheduled - Deadline Met,Yes,Yes,3600.6997697353363,60.01166282892227,9,10865.0,Gurobi Status: 9
F35,P35_1,8,0,100000,3722,,,,Optional Packets- Not Scheduled,No,N/A,3600.6997697353363,60.01166282892227,9,10865.0,Gurobi Status: 9
F35,P35_2,3,100000,200000,3722,157684.0,161406.0,61406.0,Scheduled - Deadline Met,Yes,Yes,3600.6997697353363,60.01166282892227,9,10865.0,Gurobi Status: 9
F35,P35_3,8,200000,300000,3722,251952.0,255674.0,55674.0,Scheduled - Deadline Met,Yes,Yes,3600.6997697353363,60.01166282892227,9,10865.0,Gurobi Status: 9
F35,P35_4,3,300000,400000,3722,381388.0,385110.0,85110.0,Scheduled - Deadline Met,Yes,Yes,3600.6997697353363,60.01166282892227,9,10865.0,Gurobi Status: 9
F35,P35_5,8,400000,500000,3722,,,,Optional Packets- Not Scheduled,No,N/A,3600.6997697353363,60.01166282892227,9,10865.0,Gurobi Status: 9
F35,P35_6,3,500000,600000,3722,557356.0,561078.0,61078.0,Scheduled - Deadline Met,Yes,Yes,3600.6997697353363,60.01166282892227,9,10865.0,Gurobi Status: 9
F35,P35_7,8,600000,700000,3722,,,,Optional Packets- Not Scheduled,No,N/A,3600.6997697353363,60.01166282892227,9,10865.0,Gurobi Status: 9
F35,P35_8,3,700000,800000,3722,790166.0,793888.0,93888.0,Scheduled - Deadline Met,Yes,Yes,3600.6997697353363,60.01166282892227,9,10865.0,Gurobi Status: 9
F35,P35_9,8,800000,900000,3722,,,,Optional Packets- Not Scheduled,No,N/A,3600.6997697353363,60.01166282892227,9,10865.0,Gurobi Status: 9
F35,P35_10,3,900000,1000000,3722,965953.0,969675.0,69675.0,Scheduled - Deadline Met,Yes,Yes,3600.6997697353363,60.01166282892227,9,10865.0,Gurobi Status: 9
F35,P35_11,8,1000000,1100000,3722,1033632.0,1037354.0,37354.0,Scheduled - Deadline Met,Yes,Yes,3600.6997697353363,60.01166282892227,9,10865.0,Gurobi Status: 9
F35,P35_12,3,1100000,1200000,3722,1126517.0,1130239.0,30239.0,Scheduled - Deadline Met,Yes,Yes,3600.6997697353363,60.01166282892227,9,10865.0,Gurobi Status: 9
F35,P35_13,8,1200000,1300000,3722,,,,Optional Packets- Not Scheduled,No,N/A,3600.6997697353363,60.01166282892227,9,10865.0,Gurobi Status: 9
F35,P35_14,3,1300000,1400000,3722,1376334.0,1380056.0,80056.0,Scheduled - Deadline Met,Yes,Yes,3600.6997697353363,60.01166282892227,9,10865.0,Gurobi Status: 9
F35,P35_15,8,1400000,1500000,3722,1437694.0,1441416.0,41416.0,Scheduled - Deadline Met,Yes,Yes,3600.6997697353363,60.01166282892227,9,10865.0,Gurobi Status: 9
F35,P35_16,3,1500000,1600000,3722,1589601.0,1593323.0,93323.0,Scheduled - Deadline Met,Yes,Yes,3600.6997697353363,60.01166282892227,9,10865.0,Gurobi Status: 9
F35,P35_17,8,1600000,1700000,3722,,,,Optional Packets- Not Scheduled,No,N/A,3600.6997697353363,60.01166282892227,9,10865.0,Gurobi Status: 9
F35,P35_18,3,1700000,1800000,3722,1752300.0,1756022.0,56022.0,Scheduled - Deadline Met,Yes,Yes,3600.6997697353363,60.01166282892227,9,10865.0,Gurobi Status: 9
F35,P35_19,8,1800000,1900000,3722,,,,Optional Packets- Not Scheduled,No,N/A,3600.6997697353363,60.01166282892227,9,10865.0,Gurobi Status: 9
F35,P35_20,3,1900000,2000000,3722,1971708.0,1975430.0,75430.0,Scheduled - Deadline Met,Yes,Yes,3600.6997697353363,60.01166282892227,9,10865.0,Gurobi Status: 9
F35,P35_21,8,2000000,2100000,3722,,,,Optional Packets- Not Scheduled,No,N/A,3600.6997697353363,60.01166282892227,9,10865.0,Gurobi Status: 9
F35,P35_22,3,2100000,2200000,3722,2172766.0,2176488.0,76488.0,Scheduled - Deadline Met,Yes,Yes,3600.6997697353363,60.01166282892227,9,10865.0,Gurobi Status: 9
F35,P35_23,8,2200000,2300000,3722,2235003.0,2238725.0,38725.0,Scheduled - Deadline Met,Yes,Yes,3600.6997697353363,60.01166282892227,9,10865.0,Gurobi Status: 9
F35,P35_24,3,2300000,2400000,3722,2379995.0,2383717.0,83717.0,Scheduled - Deadline Met,Yes,Yes,3600.6997697353363,60.01166282892227,9,10865.0,Gurobi Status: 9
F36,P36_1,8,0,200000,3301,,,,Optional Packets- Not Scheduled,No,N/A,3600.6997697353363,60.01166282892227,9,10865.0,Gurobi Status: 9
F36,P36_2,2,200000,400000,3301,222720.0,226021.0,26021.0,Scheduled - Deadline Met,Yes,Yes,3600.6997697353363,60.01166282892227,9,10865.0,Gurobi Status: 9
F36,P36_3,8,400000,600000,3301,,,,Optional Packets- Not Scheduled,No,N/A,3600.6997697353363,60.01166282892227,9,10865.0,Gurobi Status: 9
F36,P36_4,2,600000,800000,3301,747309.0,750610.0,150610.0,Scheduled - Deadline Met,Yes,Yes,3600.6997697353363,60.01166282892227,9,10865.0,Gurobi Status: 9
F36,P36_5,8,800000,1000000,3301,,,,Optional Packets- Not Scheduled,No,N/A,3600.6997697353363,60.01166282892227,9,10865.0,Gurobi Status: 9
F36,P36_6,2,1000000,1200000,3301,1020417.0,1023718.0,23718.0,Scheduled - Deadline Met,Yes,Yes,3600.6997697353363,60.01166282892227,9,10865.0,Gurobi Status: 9
F36,P36_7,8,1200000,1400000,3301,,,,Optional Packets- Not Scheduled,No,N/A,3600.6997697353363,60.01166282892227,9,10865.0,Gurobi Status: 9
F36,P36_8,2,1400000,1600000,3301,1515297.0,1518598.0,118598.0,Scheduled - Deadline Met,Yes,Yes,3600.6997697353363,60.01166282892227,9,10865.0,Gurobi Status: 9
F36,P36_9,8,1600000,1800000,3301,,,,Optional Packets- Not Scheduled,No,N/A,3600.6997697353363,60.01166282892227,9,10865.0,Gurobi Status: 9
F36,P36_10,2,1800000,2000000,3301,1857945.0,1861246.0,61246.0,Scheduled - Deadline Met,Yes,Yes,3600.6997697353363,60.01166282892227,9,10865.0,Gurobi Status: 9
F36,P36_11,8,2000000,2200000,3301,,,,Optional Packets- Not Scheduled,No,N/A,3600.6997697353363,60.01166282892227,9,10865.0,Gurobi Status: 9
F36,P36_12,2,2200000,2400000,3301,2252811.0,2256112.0,56112.0,Scheduled - Deadline Met,Yes,Yes,3600.6997697353363,60.01166282892227,9,10865.0,Gurobi Status: 9
F37,P37_1,8,0,400000,600,112868.0,113468.0,113468.0,Scheduled - Deadline Met,Yes,Yes,3600.6997697353363,60.01166282892227,9,10865.0,Gurobi Status: 9
F37,P37_2,5,400000,800000,600,574956.0,575556.0,175556.0,Scheduled - Deadline Met,Yes,Yes,3600.6997697353363,60.01166282892227,9,10865.0,Gurobi Status: 9
F37,P37_3,8,800000,1200000,600,896758.0,897358.0,97358.0,Scheduled - Deadline Met,Yes,Yes,3600.6997697353363,60.01166282892227,9,10865.0,Gurobi Status: 9
F37,P37_4,5,1200000,1600000,600,1375734.0,1376334.0,176334.0,Scheduled - Deadline Met,Yes,Yes,3600.6997697353363,60.01166282892227,9,10865.0,Gurobi Status: 9
F37,P37_5,8,1600000,2000000,600,1691902.0,1692502.0,92502.0,Scheduled - Deadline Met,Yes,Yes,3600.6997697353363,60.01166282892227,9,10865.0,Gurobi Status: 9
F37,P37_6,5,2000000,2400000,600,2140930.0,2141530.0,141530.0,Scheduled - Deadline Met,Yes,Yes,3600.6997697353363,60.01166282892227,9,10865.0,Gurobi Status: 9
F38,P38_1,8,0,400000,600,113564.0,114164.0,114164.0,Scheduled - Deadline Met,Yes,Yes,3600.6997697353363,60.01166282892227,9,10865.0,Gurobi Status: 9
F38,P38_2,1,400000,800000,600,482952.0,483552.0,83552.0,Scheduled - Deadline Met,Yes,Yes,3600.6997697353363,60.01166282892227,9,10865.0,Gurobi Status: 9
F38,P38_3,8,800000,1200000,600,897454.0,898054.0,98054.0,Scheduled - Deadline Met,Yes,Yes,3600.6997697353363,60.01166282892227,9,10865.0,Gurobi Status: 9
F38,P38_4,1,1200000,1600000,600,1229779.0,1230379.0,30379.0,Scheduled - Deadline Met,Yes,Yes,3600.6997697353363,60.01166282892227,9,10865.0,Gurobi Status: 9
F38,P38_5,8,1600000,2000000,600,1692598.0,1693198.0,93198.0,Scheduled - Deadline Met,Yes,Yes,3600.6997697353363,60.01166282892227,9,10865.0,Gurobi Status: 9
F38,P38_6,1,2000000,2400000,600,2050046.0,2050646.0,50646.0,Scheduled - Deadline Met,Yes,Yes,3600.6997697353363,60.01166282892227,9,10865.0,Gurobi Status: 9
F39,P39_1,8,0,400000,4389,,,,Optional Packets- Not Scheduled,No,N/A,3600.6997697353363,60.01166282892227,9,10865.0,Gurobi Status: 9
F39,P39_2,7,400000,800000,4389,525887.0,530276.0,130276.0,Scheduled - Deadline Met,Yes,Yes,3600.6997697353363,60.01166282892227,9,10865.0,Gurobi Status: 9
F39,P39_3,8,800000,1200000,4389,,,,Optional Packets- Not Scheduled,No,N/A,3600.6997697353363,60.01166282892227,9,10865.0,Gurobi Status: 9
F39,P39_4,7,1200000,1600000,4389,1245820.0,1250209.0,50209.0,Scheduled - Deadline Met,Yes,Yes,3600.6997697353363,60.01166282892227,9,10865.0,Gurobi Status: 9
F39,P39_5,8,1600000,2000000,4389,1684687.0,1689076.0,89076.0,Scheduled - Deadline Met,Yes,Yes,3600.6997697353363,60.01166282892227,9,10865.0,Gurobi Status: 9
F39,P39_6,7,2000000,2400000,4389,2053803.0,2058192.0,58192.0,Scheduled - Deadline Met,Yes,Yes,3600.6997697353363,60.01166282892227,9,10865.0,Gurobi Status: 9
F4,P4_1,8,0,400000,2965,,,,Optional Packets- Not Scheduled,No,N/A,3600.6997697353363,60.01166282892227,9,10865.0,Gurobi Status: 9
F4,P4_2,3,400000,800000,2965,475438.0,478403.0,78403.0,Scheduled - Deadline Met,Yes,Yes,3600.6997697353363,60.01166282892227,9,10865.0,Gurobi Status: 9
F4,P4_3,3,800000,1200000,2965,865535.0,868500.0,68500.0,Scheduled - Deadline Met,Yes,Yes,3600.6997697353363,60.01166282892227,9,10865.0,Gurobi Status: 9
F4,P4_4,8,1200000,1600000,2965,1334497.0,1337462.0,137462.0,Scheduled - Deadline Met,Yes,Yes,3600.6997697353363,60.01166282892227,9,10865.0,Gurobi Status: 9
F4,P4_5,3,1600000,2000000,2965,1673292.0,1676257.0,76257.0,Scheduled - Deadline Met,Yes,Yes,3600.6997697353363,60.01166282892227,9,10865.0,Gurobi Status: 9
F4,P4_6,3,2000000,2400000,2965,2073001.0,2075966.0,75966.0,Scheduled - Deadline Met,Yes,Yes,3600.6997697353363,60.01166282892227,9,10865.0,Gurobi Status: 9
F40,P40_1,8,0,200000,1251,,,,Optional Packets- Not Scheduled,No,N/A,3600.6997697353363,60.01166282892227,9,10865.0,Gurobi Status: 9
F40,P40_2,1,200000,400000,1251,278119.0,279370.0,79370.0,Scheduled - Deadline Met,Yes,Yes,3600.6997697353363,60.01166282892227,9,10865.0,Gurobi Status: 9
F40,P40_3,8,400000,600000,1251,455984.0,457235.0,57235.0,Scheduled - Deadline Met,Yes,Yes,3600.6997697353363,60.01166282892227,9,10865.0,Gurobi Status: 9
F40,P40_4,1,600000,800000,1251,681960.0,683211.0,83211.0,Scheduled - Deadline Met,Yes,Yes,3600.6997697353363,60.01166282892227,9,10865.0,Gurobi Status: 9
F40,P40_5,8,800000,1000000,1251,,,,Optional Packets- Not Scheduled,No,N/A,3600.6997697353363,60.01166282892227,9,10865.0,Gurobi Status: 9
F40,P40_6,1,1000000,1200000,1251,1061424.0,1062675.0,62675.0,Scheduled - Deadline Met,Yes,Yes,3600.6997697353363,60.01166282892227,9,10865.0,Gurobi Status: 9
F40,P40_7,8,1200000,1400000,1251,1287957.0,1289208.0,89208.0,Scheduled - Deadline Met,Yes,Yes,3600.6997697353363,60.01166282892227,9,10865.0,Gurobi Status: 9
F40,P40_8,1,1400000,1600000,1251,1476913.0,1478164.0,78164.0,Scheduled - Deadline Met,Yes,Yes,3600.6997697353363,60.01166282892227,9,10865.0,Gurobi Status: 9
F40,P40_9,8,1600000,1800000,1251,,,,Optional Packets- Not Scheduled,No,N/A,3600.6997697353363,60.01166282892227,9,10865.0,Gurobi Status: 9
F40,P40_10,1,1800000,2000000,1251,1880378.0,1881629.0,81629.0,Scheduled - Deadline Met,Yes,Yes,3600.6997697353363,60.01166282892227,9,10865.0,Gurobi Status: 9
F40,P40_11,8,2000000,2200000,1251,,,,Optional Packets- Not Scheduled,No,N/A,3600.6997697353363,60.01166282892227,9,10865.0,Gurobi Status: 9
F40,P40_12,1,2200000,2400000,1251,2214725.0,2215976.0,15976.0,Scheduled - Deadline Met,Yes,Yes,3600.6997697353363,60.01166282892227,9,10865.0,Gurobi Status: 9
F41,P41_1,8,0,200000,9267,,,,Optional Packets- Not Scheduled,No,N/A,3600.6997697353363,60.01166282892227,9,10865.0,Gurobi Status: 9
F41,P41_2,7,200000,400000,9267,226117.0,235384.0,35384.0,Scheduled - Deadline Met,Yes,Yes,3600.6997697353363,60.01166282892227,9,10865.0,Gurobi Status: 9
F41,P41_3,8,400000,600000,9267,,,,Optional Packets- Not Scheduled,No,N/A,3600.6997697353363,60.01166282892227,9,10865.0,Gurobi Status: 9
F41,P41_4,7,600000,800000,9267,666386.0,675653.0,75653.0,Scheduled - Deadline Met,Yes,Yes,3600.6997697353363,60.01166282892227,9,10865.0,Gurobi Status: 9
F41,P41_5,8,800000,1000000,9267,,,,Optional Packets- Not Scheduled,No,N/A,3600.6997697353363,60.01166282892227,9,10865.0,Gurobi Status: 9
F41,P41_6,7,1000000,1200000,9267,1090733.0,1100000.0,100000.0,Scheduled - Deadline Met,Yes,Yes,3600.6997697353363,60.01166282892227,9,10865.0,Gurobi Status: 9
F41,P41_7,8,1200000,1400000,9267,,,,Optional Packets- Not Scheduled,No,N/A,3600.6997697353363,60.01166282892227,9,10865.0,Gurobi Status: 9
F41,P41_8,7,1400000,1600000,9267,1457574.0,1466841.0,66841.0,Scheduled - Deadline Met,Yes,Yes,3600.6997697353363,60.01166282892227,9,10865.0,Gurobi Status: 9
F41,P41_9,8,1600000,1800000,9267,,,,Optional Packets- Not Scheduled,No,N/A,3600.6997697353363,60.01166282892227,9,10865.0,Gurobi Status: 9
F41,P41_10,7,1800000,2000000,9267,1847060.0,1856327.0,56327.0,Scheduled - Deadline Met,Yes,Yes,3600.6997697353363,60.01166282892227,9,10865.0,Gurobi Status: 9
F41,P41_11,8,2000000,2200000,9267,,,,Optional Packets- Not Scheduled,No,N/A,3600.6997697353363,60.01166282892227,9,10865.0,Gurobi Status: 9
F41,P41_12,7,2200000,2400000,9267,2304444.0,2313711.0,113711.0,Scheduled - Deadline Met,Yes,Yes,3600.6997697353363,60.01166282892227,9,10865.0,Gurobi Status: 9
F42,P42_1,5,0,400000,6035,95312.0,101347.0,101347.0,Scheduled - Deadline Met,Yes,Yes,3600.6997697353363,60.01166282892227,9,10865.0,Gurobi Status: 9
F42,P42_2,8,400000,800000,6035,,,,Optional Packets- Not Scheduled,No,N/A,3600.6997697353363,60.01166282892227,9,10865.0,Gurobi Status: 9
F42,P42_3,5,800000,1200000,6035,956629.0,962664.0,162664.0,Scheduled - Deadline Met,Yes,Yes,3600.6997697353363,60.01166282892227,9,10865.0,Gurobi Status: 9
F42,P42_4,8,1200000,1600000,6035,,,,Optional Packets- Not Scheduled,No,N/A,3600.6997697353363,60.01166282892227,9,10865.0,Gurobi Status: 9
F42,P42_5,5,1600000,2000000,6035,1733233.0,1739268.0,139268.0,Scheduled - Deadline Met,Yes,Yes,3600.6997697353363,60.01166282892227,9,10865.0,Gurobi Status: 9
F42,P42_6,8,2000000,2400000,6035,,,,Optional Packets- Not Scheduled,No,N/A,3600.6997697353363,60.01166282892227,9,10865.0,Gurobi Status: 9
F43,P43_1,8,0,400000,6097,,,,Optional Packets- Not Scheduled,No,N/A,3600.6997697353363,60.01166282892227,9,10865.0,Gurobi Status: 9
F43,P43_2,4,400000,800000,6097,409121.0,415218.0,15218.0,Scheduled - Deadline Met,Yes,Yes,3600.6997697353363,60.01166282892227,9,10865.0,Gurobi Status: 9
F43,P43_3,8,800000,1200000,6097,,,,Optional Packets- Not Scheduled,No,N/A,3600.6997697353363,60.01166282892227,9,10865.0,Gurobi Status: 9
F43,P43_4,4,1200000,1600000,6097,1232794.0,1238891.0,38891.0,Scheduled - Deadline Met,Yes,Yes,3600.6997697353363,60.01166282892227,9,10865.0,Gurobi Status: 9
F43,P43_5,8,1600000,2000000,6097,,,,Optional Packets- Not Scheduled,No,N/A,3600.6997697353363,60.01166282892227,9,10865.0,Gurobi Status: 9
F43,P43_6,4,2000000,2400000,6097,2038513.0,2044610.0,44610.0,Scheduled - Deadline Met,Yes,Yes,3600.6997697353363,60.01166282892227,9,10865.0,Gurobi Status: 9
F44,P44_1,2,0,400000,3478,154206.0,157684.0,157684.0,Scheduled - Deadline Met,Yes,Yes,3600.6997697353363,60.01166282892227,9,10865.0,Gurobi Status: 9
F44,P44_2,8,400000,800000,3478,487022.0,490500.0,90500.0,Scheduled - Deadline Met,Yes,Yes,3600.6997697353363,60.01166282892227,9,10865.0,Gurobi Status: 9
F44,P44_3,2,800000,1200000,3478,993824.0,997302.0,197302.0,Scheduled - Deadline Met,Yes,Yes,3600.6997697353363,60.01166282892227,9,10865.0,Gurobi Status: 9
F44,P44_4,8,1200000,1600000,3478,1330923.0,1334401.0,134401.0,Scheduled - Deadline Met,Yes,Yes,3600.6997697353363,60.01166282892227,9,10865.0,Gurobi Status: 9
F44,P44_5,2,1600000,2000000,3478,1824669.0,1828147.0,228147.0,Scheduled - Deadline Met,Yes,Yes,3600.6997697353363,60.01166282892227,9,10865.0,Gurobi Status: 9
F44,P44_6,8,2000000,2400000,3478,2089524.0,2093002.0,93002.0,Scheduled - Deadline Met,Yes,Yes,3600.6997697353363,60.01166282892227,9,10865.0,Gurobi Status: 9
F45,P45_1,8,0,50000,1332,10820.0,12152.0,12152.0,Scheduled - Deadline Met,Yes,Yes,3600.6997697353363,60.01166282892227,9,10865.0,Gurobi Status: 9
F45,P45_2,1,50000,100000,1332,69390.0,70722.0,20722.0,Scheduled - Deadline Met,Yes,Yes,3600.6997697353363,60.01166282892227,9,10865.0,Gurobi Status: 9
F45,P45_3,8,100000,150000,1332,,,,Optional Packets- Not Scheduled,No,N/A,3600.6997697353363,60.01166282892227,9,10865.0,Gurobi Status: 9
F45,P45_4,1,150000,200000,1332,198668.0,200000.0,50000.0,Scheduled - Deadline Met,Yes,Yes,3600.6997697353363,60.01166282892227,9,10865.0,Gurobi Status: 9
F45,P45_5,8,200000,250000,1332,240654.0,241986.0,41986.0,Scheduled - Deadline Met,Yes,Yes,3600.6997697353363,60.01166282892227,9,10865.0,Gurobi Status: 9
F45,P45_6,1,250000,300000,1332,290242.0,291574.0,41574.0,Scheduled - Deadline Met,Yes,Yes,3600.6997697353363,60.01166282892227,9,10865.0,Gurobi Status: 9
F45,P45_7,8,300000,350000,1332,323241.0,324573.0,24573.0,Scheduled - Deadline Met,Yes,Yes,3600.6997697353363,60.01166282892227,9,10865.0,Gurobi Status: 9
F45,P45_8,1,350000,400000,1332,379960.0,381292.0,31292.0,Scheduled - Deadline Met,Yes,Yes,3600.6997697353363,60.01166282892227,9,10865.0,Gurobi Status: 9
F45,P45_9,8,400000,450000,1332,,,,Optional Packets- Not Scheduled,No,N/A,3600.6997697353363,60.01166282892227,9,10865.0,Gurobi Status: 9
F45,P45_10,1,450000,500000,1332,483648.0,484980.0,34980.0,Scheduled - Deadline Met,Yes,Yes,3600.6997697353363,60.01166282892227,9,10865.0,Gurobi Status: 9
F45,P45_11,8,500000,550000,1332,504166.0,505498.0,5498.0,Scheduled - Deadline Met,Yes,Yes,3600.6997697353363,60.01166282892227,9,10865.0,Gurobi Status: 9
F45,P45_12,1,550000,600000,1332,561174.0,562506.0,12506.0,Scheduled - Deadline Met,Yes,Yes,3600.6997697353363,60.01166282892227,9,10865.0,Gurobi Status: 9
F45,P45_13,8,600000,650000,1332,648649.0,649981.0,49981.0,Scheduled - Deadline Met,Yes,Yes,3600.6997697353363,60.01166282892227,9,10865.0,Gurobi Status: 9
F45,P45_14,1,650000,700000,1332,689969.0,691301.0,41301.0,Scheduled - Deadline Met,Yes,Yes,3600.6997697353363,60.01166282892227,9,10865.0,Gurobi Status: 9
F45,P45_15,8,700000,750000,1332,723738.0,725070.0,25070.0,Scheduled - Deadline Met,Yes,Yes,3600.6997697353363,60.01166282892227,9,10865.0,Gurobi Status: 9
F45,P45_16,1,750000,800000,1332,770950.0,772282.0,22282.0,Scheduled - Deadline Met,Yes,Yes,3600.6997697353363,60.01166282892227,9,10865.0,Gurobi Status: 9
F45,P45_17,8,800000,850000,1332,,,,Optional Packets- Not Scheduled,No,N/A,3600.6997697353363,60.01166282892227,9,10865.0,Gurobi Status: 9
F45,P45_18,1,850000,900000,1332,871284.0,872616.0,22616.0,Scheduled - Deadline Met,Yes,Yes,3600.6997697353363,60.01166282892227,9,10865.0,Gurobi Status: 9
F45,P45_19,8,900000,950000,1332,910968.0,912300.0,12300.0,Scheduled - Deadline Met,Yes,Yes,3600.6997697353363,60.01166282892227,9,10865.0,Gurobi Status: 9
F45,P45_20,1,950000,1000000,1332,974531.0,975863.0,25863.0,Scheduled - Deadline Met,Yes,Yes,3600.6997697353363,60.01166282892227,9,10865.0,Gurobi Status: 9
F45,P45_21,8,1000000,1050000,1332,1025863.0,1027195.0,27195.0,Scheduled - Deadline Met,Yes,Yes,3600.6997697353363,60.01166282892227,9,10865.0,Gurobi Status: 9
F45,P45_22,1,1050000,1100000,1332,1062771.0,1064103.0,14103.0,Scheduled - Deadline Met,Yes,Yes,3600.6997697353363,60.01166282892227,9,10865.0,Gurobi Status: 9
F45,P45_23,8,1100000,1150000,1332,1148668.0,1150000.0,50000.0,Scheduled - Deadline Met,Yes,Yes,3600.6997697353363,60.01166282892227,9,10865.0,Gurobi Status: 9
F45,P45_24,1,1150000,1200000,1332,1190359.0,1191691.0,41691.0,Scheduled - Deadline Met,Yes,Yes,3600.6997697353363,60.01166282892227,9,10865.0,Gurobi Status: 9
F45,P45_25,8,1200000,1250000,1332,,,,Optional Packets- Not Scheduled,No,N/A,3600.6997697353363,60.01166282892227,9,10865.0,Gurobi Status: 9
F45,P45_26,1,1250000,1300000,1332,1270225.0,1271557.0,21557.0,Scheduled - Deadline Met,Yes,Yes,3600.6997697353363,60.01166282892227,9,10865.0,Gurobi Status: 9
F45,P45_27,8,1300000,1350000,1332,1348668.0,1350000.0,50000.0,Scheduled - Deadline Met,Yes,Yes,3600.6997697353363,60.01166282892227,9,10865.0,Gurobi Status: 9
F45,P45_28,1,1350000,1400000,1332,1391687.0,1393019.0,43019.0,Scheduled - Deadline Met,Yes,Yes,3600.6997697353363,60.01166282892227,9,10865.0,Gurobi Status: 9
F45,P45_29,8,1400000,1450000,1332,1426396.0,1427728.0,27728.0,Scheduled - Deadline Met,Yes,Yes,3600.6997697353363,60.01166282892227,9,10865.0,Gurobi Status: 9
F45,P45_30,1,1450000,1500000,1332,1486348.0,1487680.0,37680.0,Scheduled - Deadline Met,Yes,Yes,3600.6997697353363,60.01166282892227,9,10865.0,Gurobi Status: 9
F45,P45_31,8,1500000,1550000,1332,1541974.0,1543306.0,43306.0,Scheduled - Deadline Met,Yes,Yes,3600.6997697353363,60.01166282892227,9,10865.0,Gurobi Status: 9
F45,P45_32,1,1550000,1600000,1332,1583934.0,1585266.0,35266.0,Scheduled - Deadline Met,Yes,Yes,3600.6997697353363,60.01166282892227,9,10865.0,Gurobi Status: 9
F45,P45_33,8,1600000,1650000,1332,,,,Optional Packets- Not Scheduled,No,N/A,3600.6997697353363,60.01166282892227,9,10865.0,Gurobi Status: 9
F45,P45_34,1,1650000,1700000,1332,1676350.0,1677682.0,27682.0,Scheduled - Deadline Met,Yes,Yes,3600.6997697353363,60.01166282892227,9,10865.0,Gurobi Status: 9
F45,P45_35,8,1700000,1750000,1332,,,,Optional Packets- Not Scheduled,No,N/A,3600.6997697353363,60.01166282892227,9,10865.0,Gurobi Status: 9
F45,P45_36,1,1750000,1800000,1332,1759685.0,1761017.0,11017.0,Scheduled - Deadline Met,Yes,Yes,3600.6997697353363,60.01166282892227,9,10865.0,Gurobi Status: 9
F45,P45_37,8,1800000,1850000,1332,1810968.0,1812300.0,12300.0,Scheduled - Deadline Met,Yes,Yes,3600.6997697353363,60.01166282892227,9,10865.0,Gurobi Status: 9
F45,P45_38,1,1850000,1900000,1332,1883575.0,1884907.0,34907.0,Scheduled - Deadline Met,Yes,Yes,3600.6997697353363,60.01166282892227,9,10865.0,Gurobi Status: 9
F45,P45_39,8,1900000,1950000,1332,1941574.0,1942906.0,42906.0,Scheduled - Deadline Met,Yes,Yes,3600.6997697353363,60.01166282892227,9,10865.0,Gurobi Status: 9
F45,P45_40,1,1950000,2000000,1332,1975526.0,1976858.0,26858.0,Scheduled - Deadline Met,Yes,Yes,3600.6997697353363,60.01166282892227,9,10865.0,Gurobi Status: 9
F45,P45_41,8,2000000,2050000,1332,,,,Optional Packets- Not Scheduled,No,N/A,3600.6997697353363,60.01166282892227,9,10865.0,Gurobi Status: 9
F45,P45_42,1,2050000,2100000,1332,2062262.0,2063594.0,13594.0,Scheduled - Deadline Met,Yes,Yes,3600.6997697353363,60.01166282892227,9,10865.0,Gurobi Status: 9
F45,P45_43,8,2100000,2150000,1332,2125608.0,2126940.0,26940.0,Scheduled - Deadline Met,Yes,Yes,3600.6997697353363,60.01166282892227,9,10865.0,Gurobi Status: 9
F45,P45_44,1,2150000,2200000,1332,2160930.0,2162262.0,12262.0,Scheduled - Deadline Met,Yes,Yes,3600.6997697353363,60.01166282892227,9,10865.0,Gurobi Status: 9
F45,P45_45,8,2200000,2250000,1332,2227234.0,2228566.0,28566.0,Scheduled - Deadline Met,Yes,Yes,3600.6997697353363,60.01166282892227,9,10865.0,Gurobi Status: 9
F45,P45_46,1,2250000,2300000,1332,2262597.0,2263929.0,13929.0,Scheduled - Deadline Met,Yes,Yes,3600.6997697353363,60.01166282892227,9,10865.0,Gurobi Status: 9
F45,P45_47,8,2300000,2350000,1332,2346564.0,2347896.0,47896.0,Scheduled - Deadline Met,Yes,Yes,3600.6997697353363,60.01166282892227,9,10865.0,Gurobi Status: 9
F45,P45_48,1,2350000,2400000,1332,2378567.0,2379899.0,29899.0,Scheduled - Deadline Met,Yes,Yes,3600.6997697353363,60.01166282892227,9,10865.0,Gurobi Status: 9
F46,P46_1,8,0,100000,3097,,,,Optional Packets- Not Scheduled,No,N/A,3600.6997697353363,60.01166282892227,9,10865.0,Gurobi Status: 9
F46,P46_2,5,100000,200000,3097,163821.0,166918.0,66918.0,Scheduled - Deadline Met,Yes,Yes,3600.6997697353363,60.01166282892227,9,10865.0,Gurobi Status: 9
F46,P46_3,8,200000,300000,3097,259337.0,262434.0,62434.0,Scheduled - Deadline Met,Yes,Yes,3600.6997697353363,60.01166282892227,9,10865.0,Gurobi Status: 9
F46,P46_4,5,300000,400000,3097,376767.0,379864.0,79864.0,Scheduled - Deadline Met,Yes,Yes,3600.6997697353363,60.01166282892227,9,10865.0,Gurobi Status: 9
F46,P46_5,8,400000,500000,3097,,,,Optional Packets- Not Scheduled,No,N/A,3600.6997697353363,60.01166282892227,9,10865.0,Gurobi Status: 9
F46,P46_6,5,500000,600000,3097,583106.0,586203.0,86203.0,Scheduled - Deadline Met,Yes,Yes,3600.6997697353363,60.01166282892227,9,10865.0,Gurobi Status: 9
F46,P46_7,8,600000,700000,3097,,,,Optional Packets- Not Scheduled,No,N/A,3600.6997697353363,60.01166282892227,9,10865.0,Gurobi Status: 9
F46,P46_8,5,700000,800000,3097,765438.0,768535.0,68535.0,Scheduled - Deadline Met,Yes,Yes,3600.6997697353363,60.01166282892227,9,10865.0,Gurobi Status: 9
F46,P46_9,8,800000,900000,3097,,,,Optional Packets- Not Scheduled,No,N/A,3600.6997697353363,60.01166282892227,9,10865.0,Gurobi Status: 9
F46,P46_10,5,900000,1000000,3097,962760.0,965857.0,65857.0,Scheduled - Deadline Met,Yes,Yes,3600.6997697353363,60.01166282892227,9,10865.0,Gurobi Status: 9
F46,P46_11,8,1000000,1100000,3097,1041017.0,1044114.0,44114.0,Scheduled - Deadline Met,Yes,Yes,3600.6997697353363,60.01166282892227,9,10865.0,Gurobi Status: 9
F46,P46_12,5,1100000,1200000,3097,1184478.0,1187575.0,87575.0,Scheduled - Deadline Met,Yes,Yes,3600.6997697353363,60.01166282892227,9,10865.0,Gurobi Status: 9
F46,P46_13,8,1200000,1300000,3097,,,,Optional Packets- Not Scheduled,No,N/A,3600.6997697353363,60.01166282892227,9,10865.0,Gurobi Status: 9
F46,P46_14,5,1300000,1400000,3097,1394135.0,1397232.0,97232.0,Scheduled - Deadline Met,Yes,Yes,3600.6997697353363,60.01166282892227,9,10865.0,Gurobi Status: 9
F46,P46_15,8,1400000,1500000,3097,1487776.0,1490873.0,90873.0,Scheduled - Deadline Met,Yes,Yes,3600.6997697353363,60.01166282892227,9,10865.0,Gurobi Status: 9
F46,P46_16,5,1500000,1600000,3097,1563733.0,1566830.0,66830.0,Scheduled - Deadline Met,Yes,Yes,3600.6997697353363,60.01166282892227,9,10865.0,Gurobi Status: 9
F46,P46_17,8,1600000,1700000,3097,1616601.0,1619698.0,19698.0,Scheduled - Deadline Met,Yes,Yes,3600.6997697353363,60.01166282892227,9,10865.0,Gurobi Status: 9
F46,P46_18,5,1700000,1800000,3097,1767130.0,1770227.0,70227.0,Scheduled - Deadline Met,Yes,Yes,3600.6997697353363,60.01166282892227,9,10865.0,Gurobi Status: 9
F46,P46_19,8,1800000,1900000,3097,1893146.0,1896243.0,96243.0,Scheduled - Deadline Met,Yes,Yes,3600.6997697353363,60.01166282892227,9,10865.0,Gurobi Status: 9
F46,P46_20,5,1900000,2000000,3097,1932365.0,1935462.0,35462.0,Scheduled - Deadline Met,Yes,Yes,3600.6997697353363,60.01166282892227,9,10865.0,Gurobi Status: 9
F46,P46_21,8,2000000,2100000,3097,,,,Optional Packets- Not Scheduled,No,N/A,3600.6997697353363,60.01166282892227,9,10865.0,Gurobi Status: 9
F46,P46_22,5,2100000,2200000,3097,2157737.0,2160834.0,60834.0,Scheduled - Deadline Met,Yes,Yes,3600.6997697353363,60.01166282892227,9,10865.0,Gurobi Status: 9
F46,P46_23,8,2200000,2300000,3097,2268380.0,2271477.0,71477.0,Scheduled - Deadline Met,Yes,Yes,3600.6997697353363,60.01166282892227,9,10865.0,Gurobi Status: 9
F46,P46_24,5,2300000,2400000,3097,2315878.0,2318975.0,18975.0,Scheduled - Deadline Met,Yes,Yes,3600.6997697353363,60.01166282892227,9,10865.0,Gurobi Status: 9
F47,P47_1,6,0,400000,2602,237956.0,240558.0,240558.0,Scheduled - Deadline Met,Yes,Yes,3600.6997697353363,60.01166282892227,9,10865.0,Gurobi Status: 9
F47,P47_2,8,400000,800000,2602,490596.0,493198.0,93198.0,Scheduled - Deadline Met,Yes,Yes,3600.6997697353363,60.01166282892227,9,10865.0,Gurobi Status: 9
F47,P47_3,6,800000,1200000,2602,997398.0,1000000.0,200000.0,Scheduled - Deadline Met,Yes,Yes,3600.6997697353363,60.01166282892227,9,10865.0,Gurobi Status: 9
F47,P47_4,8,1200000,1600000,2602,,,,Optional Packets- Not Scheduled,No,N/A,3600.6997697353363,60.01166282892227,9,10865.0,Gurobi Status: 9
F47,P47_5,6,1600000,2000000,2602,1749698.0,1752300.0,152300.0,Scheduled - Deadline Met,Yes,Yes,3600.6997697353363,60.01166282892227,9,10865.0,Gurobi Status: 9
F47,P47_6,8,2000000,2400000,2602,,,,Optional Packets- Not Scheduled,No,N/A,3600.6997697353363,60.01166282892227,9,10865.0,Gurobi Status: 9
F48,P48_1,8,0,400000,4682,,,,Optional Packets- Not Scheduled,No,N/A,3600.6997697353363,60.01166282892227,9,10865.0,Gurobi Status: 9
F48,P48_2,6,400000,800000,4682,693468.0,698150.0,298150.0,Scheduled - Deadline Met,Yes,Yes,3600.6997697353363,60.01166282892227,9,10865.0,Gurobi Status: 9
F48,P48_3,8,800000,1200000,4682,,,,Optional Packets- Not Scheduled,No,N/A,3600.6997697353363,60.01166282892227,9,10865.0,Gurobi Status: 9
F48,P48_4,6,1200000,1600000,4682,1510519.0,1515201.0,315201.0,Scheduled - Deadline Met,Yes,Yes,3600.6997697353363,60.01166282892227,9,10865.0,Gurobi Status: 9
F48,P48_5,8,1600000,2000000,4682,,,,Optional Packets- Not Scheduled,No,N/A,3600.6997697353363,60.01166282892227,9,10865.0,Gurobi Status: 9
F48,P48_6,6,2000000,2400000,4682,2216072.0,2220754.0,220754.0,Scheduled - Deadline Met,Yes,Yes,3600.6997697353363,60.01166282892227,9,10865.0,Gurobi Status: 9
F5,P5_1,7,0,400000,10519,29012.0,39531.0,39531.0,Scheduled - Deadline Met,Yes,Yes,3600.6997697353363,60.01166282892227,9,10865.0,Gurobi Status: 9
F5,P5_2,8,400000,800000,10519,,,,Optional Packets- Not Scheduled,No,N/A,3600.6997697353363,60.01166282892227,9,10865.0,Gurobi Status: 9
F5,P5_3,7,800000,1200000,10519,836248.0,846767.0,46767.0,Scheduled - Deadline Met,Yes,Yes,3600.6997697353363,60.01166282892227,9,10865.0,Gurobi Status: 9
F5,P5_4,7,1200000,1600000,10519,1219164.0,1229683.0,29683.0,Scheduled - Deadline Met,Yes,Yes,3600.6997697353363,60.01166282892227,9,10865.0,Gurobi Status: 9
F5,P5_5,8,1600000,2000000,10519,,,,Optional Packets- Not Scheduled,No,N/A,3600.6997697353363,60.01166282892227,9,10865.0,Gurobi Status: 9
F5,P5_6,7,2000000,2400000,10519,2020045.0,2030564.0,30564.0,Scheduled - Deadline Met,Yes,Yes,3600.6997697353363,60.01166282892227,9,10865.0,Gurobi Status: 9
F6,P6_1,8,0,400000,7757,101443.0,109200.0,109200.0,Scheduled - Deadline Met,Yes,Yes,3600.6997697353363,60.01166282892227,9,10865.0,Gurobi Status: 9
F6,P6_2,1,400000,800000,7757,434737.0,442494.0,42494.0,Scheduled - Deadline Met,Yes,Yes,3600.6997697353363,60.01166282892227,9,10865.0,Gurobi Status: 9
F6,P6_3,1,800000,1200000,7757,817672.0,825429.0,25429.0,Scheduled - Deadline Met,Yes,Yes,3600.6997697353363,60.01166282892227,9,10865.0,Gurobi Status: 9
F6,P6_4,8,1200000,1600000,7757,1290079.0,1297836.0,97836.0,Scheduled - Deadline Met,Yes,Yes,3600.6997697353363,60.01166282892227,9,10865.0,Gurobi Status: 9
F6,P6_5,1,1600000,2000000,7757,1606802.0,1614559.0,14559.0,Scheduled - Deadline Met,Yes,Yes,3600.6997697353363,60.01166282892227,9,10865.0,Gurobi Status: 9
F6,P6_6,1,2000000,2400000,7757,2030660.0,2038417.0,38417.0,Scheduled - Deadline Met,Yes,Yes,3600.6997697353363,60.01166282892227,9,10865.0,Gurobi Status: 9
F7,P7_1,7,0,400000,1605,91760.0,93365.0,93365.0,Scheduled - Deadline Met,Yes,Yes,3600.6997697353363,60.01166282892227,9,10865.0,Gurobi Status: 9
F7,P7_2,7,400000,800000,1605,541950.0,543555.0,143555.0,Scheduled - Deadline Met,Yes,Yes,3600.6997697353363,60.01166282892227,9,10865.0,Gurobi Status: 9
F7,P7_3,8,800000,1200000,1605,893228.0,894833.0,94833.0,Scheduled - Deadline Met,Yes,Yes,3600.6997697353363,60.01166282892227,9,10865.0,Gurobi Status: 9
F7,P7_4,7,1200000,1600000,1605,1271653.0,1273258.0,73258.0,Scheduled - Deadline Met,Yes,Yes,3600.6997697353363,60.01166282892227,9,10865.0,Gurobi Status: 9
F7,P7_5,7,1600000,2000000,1605,1729681.0,1731286.0,131286.0,Scheduled - Deadline Met,Yes,Yes,3600.6997697353363,60.01166282892227,9,10865.0,Gurobi Status: 9
F7,P7_6,8,2000000,2400000,1605,2093098.0,2094703.0,94703.0,Scheduled - Deadline Met,Yes,Yes,3600.6997697353363,60.01166282892227,9,10865.0,Gurobi Status: 9
F8,P8_1,8,0,50000,2071,6706.0,8777.0,8777.0,Scheduled - Deadline Met,Yes,Yes,3600.6997697353363,60.01166282892227,9,10865.0,Gurobi Status: 9
F8,P8_2,4,50000,100000,2071,89593.0,91664.0,41664.0,Scheduled - Deadline Met,Yes,Yes,3600.6997697353363,60.01166282892227,9,10865.0,Gurobi Status: 9
F8,P8_3,4,100000,150000,2071,124683.0,126754.0,26754.0,Scheduled - Deadline Met,Yes,Yes,3600.6997697353363,60.01166282892227,9,10865.0,Gurobi Status: 9
F8,P8_4,8,150000,200000,2071,180061.0,182132.0,32132.0,Scheduled - Deadline Met,Yes,Yes,3600.6997697353363,60.01166282892227,9,10865.0,Gurobi Status: 9
F8,P8_5,4,200000,250000,2071,200000.0,202071.0,2071.0,Scheduled - Deadline Met,Yes,Yes,3600.6997697353363,60.01166282892227,9,10865.0,Gurobi Status: 9
F8,P8_6,4,250000,300000,2071,285387.0,287458.0,37458.0,Scheduled - Deadline Met,Yes,Yes,3600.6997697353363,60.01166282892227,9,10865.0,Gurobi Status: 9
F8,P8_7,8,300000,350000,2071,306758.0,308829.0,8829.0,Scheduled - Deadline Met,Yes,Yes,3600.6997697353363,60.01166282892227,9,10865.0,Gurobi Status: 9
F8,P8_8,4,350000,400000,2071,395857.0,397928.0,47928.0,Scheduled - Deadline Met,Yes,Yes,3600.6997697353363,60.01166282892227,9,10865.0,Gurobi Status: 9
F8,P8_9,4,400000,450000,2071,401947.0,404018.0,4018.0,Scheduled - Deadline Met,Yes,Yes,3600.6997697353363,60.01166282892227,9,10865.0,Gurobi Status: 9
F8,P8_10,8,450000,500000,2071,495982.0,498053.0,48053.0,Scheduled - Deadline Met,Yes,Yes,3600.6997697353363,60.01166282892227,9,10865.0,Gurobi Status: 9
F8,P8_11,4,500000,550000,2071,537095.0,539166.0,39166.0,Scheduled - Deadline Met,Yes,Yes,3600.6997697353363,60.01166282892227,9,10865.0,Gurobi Status: 9
F8,P8_12,4,550000,600000,2071,586299.0,588370.0,38370.0,Scheduled - Deadline Met,Yes,Yes,3600.6997697353363,60.01166282892227,9,10865.0,Gurobi Status: 9
F8,P8_13,8,600000,650000,2071,644535.0,646606.0,46606.0,Scheduled - Deadline Met,Yes,Yes,3600.6997697353363,60.01166282892227,9,10865.0,Gurobi Status: 9
F8,P8_14,4,650000,700000,2071,691397.0,693468.0,43468.0,Scheduled - Deadline Met,Yes,Yes,3600.6997697353363,60.01166282892227,9,10865.0,Gurobi Status: 9
F8,P8_15,4,700000,750000,2071,701947.0,704018.0,4018.0,Scheduled - Deadline Met,Yes,Yes,3600.6997697353363,60.01166282892227,9,10865.0,Gurobi Status: 9
F8,P8_16,8,750000,800000,2071,,,,Optional Packets- Not Scheduled,No,N/A,3600.6997697353363,60.01166282892227,9,10865.0,Gurobi Status: 9
F8,P8_17,4,800000,850000,2071,800000.0,802071.0,2071.0,Scheduled - Deadline Met,Yes,Yes,3600.6997697353363,60.01166282892227,9,10865.0,Gurobi Status: 9
F8,P8_18,4,850000,900000,2071,872712.0,874783.0,24783.0,Scheduled - Deadline Met,Yes,Yes,3600.6997697353363,60.01166282892227,9,10865.0,Gurobi Status: 9
F8,P8_19,8,900000,950000,2071,906854.0,908925.0,8925.0,Scheduled - Deadline Met,Yes,Yes,3600.6997697353363,60.01166282892227,9,10865.0,Gurobi Status: 9
F8,P8_20,4,950000,1000000,2071,991753.0,993824.0,43824.0,Scheduled - Deadline Met,Yes,Yes,3600.6997697353363,60.01166282892227,9,10865.0,Gurobi Status: 9
F8,P8_21,4,1000000,1050000,2071,1000000.0,1002071.0,2071.0,Scheduled - Deadline Met,Yes,Yes,3600.6997697353363,60.01166282892227,9,10865.0,Gurobi Status: 9
F8,P8_22,8,1050000,1100000,2071,1076196.0,1078267.0,28267.0,Scheduled - Deadline Met,Yes,Yes,3600.6997697353363,60.01166282892227,9,10865.0,Gurobi Status: 9
F8,P8_23,4,1100000,1150000,2071,1102688.0,1104759.0,4759.0,Scheduled - Deadline Met,Yes,Yes,3600.6997697353363,60.01166282892227,9,10865.0,Gurobi Status: 9
F8,P8_24,4,1150000,1200000,2071,1197929.0,1200000.0,50000.0,Scheduled - Deadline Met,Yes,Yes,3600.6997697353363,60.01166282892227,9,10865.0,Gurobi Status: 9
F8,P8_25,8,1200000,1250000,2071,,,,Optional Packets- Not Scheduled,No,N/A,3600.6997697353363,60.01166282892227,9,10865.0,Gurobi Status: 9
F8,P8_26,4,1250000,1300000,2071,1265370.0,1267441.0,17441.0,Scheduled - Deadline Met,Yes,Yes,3600.6997697353363,60.01166282892227,9,10865.0,Gurobi Status: 9
F8,P8_27,4,1300000,1350000,2071,1308355.0,1310426.0,10426.0,Scheduled - Deadline Met,Yes,Yes,3600.6997697353363,60.01166282892227,9,10865.0,Gurobi Status: 9
F8,P8_28,8,1350000,1400000,2071,1361197.0,1363268.0,13268.0,Scheduled - Deadline Met,Yes,Yes,3600.6997697353363,60.01166282892227,9,10865.0,Gurobi Status: 9
F8,P8_29,4,1400000,1450000,2071,1400000.0,1402071.0,2071.0,Scheduled - Deadline Met,Yes,Yes,3600.6997697353363,60.01166282892227,9,10865.0,Gurobi Status: 9
F8,P8_30,4,1450000,1500000,2071,1484181.0,1486252.0,36252.0,Scheduled - Deadline Met,Yes,Yes,3600.6997697353363,60.01166282892227,9,10865.0,Gurobi Status: 9
F8,P8_31,8,1500000,1550000,2071,1537860.0,1539931.0,39931.0,Scheduled - Deadline Met,Yes,Yes,3600.6997697353363,60.01166282892227,9,10865.0,Gurobi Status: 9
F8,P8_32,4,1550000,1600000,2071,1587434.0,1589505.0,39505.0,Scheduled - Deadline Met,Yes,Yes,3600.6997697353363,60.01166282892227,9,10865.0,Gurobi Status: 9
F8,P8_33,4,1600000,1650000,2071,1601947.0,1604018.0,4018.0,Scheduled - Deadline Met,Yes,Yes,3600.6997697353363,60.01166282892227,9,10865.0,Gurobi Status: 9
F8,P8_34,8,1650000,1700000,2071,1695982.0,1698053.0,48053.0,Scheduled - Deadline Met,Yes,Yes,3600.6997697353363,60.01166282892227,9,10865.0,Gurobi Status: 9
F8,P8_35,4,1700000,1750000,2071,1710519.0,1712590.0,12590.0,Scheduled - Deadline Met,Yes,Yes,3600.6997697353363,60.01166282892227,9,10865.0,Gurobi Status: 9
F8,P8_36,4,1750000,1800000,2071,1781169.0,1783240.0,33240.0,Scheduled - Deadline Met,Yes,Yes,3600.6997697353363,60.01166282892227,9,10865.0,Gurobi Status: 9
F8,P8_37,8,1800000,1850000,2071,1806854.0,1808925.0,8925.0,Scheduled - Deadline Met,Yes,Yes,3600.6997697353363,60.01166282892227,9,10865.0,Gurobi Status: 9
F8,P8_38,4,1850000,1900000,2071,1885003.0,1887074.0,37074.0,Scheduled - Deadline Met,Yes,Yes,3600.6997697353363,60.01166282892227,9,10865.0,Gurobi Status: 9
F8,P8_39,4,1900000,1950000,2071,1919677.0,1921748.0,21748.0,Scheduled - Deadline Met,Yes,Yes,3600.6997697353363,60.01166282892227,9,10865.0,Gurobi Status: 9
F8,P8_40,8,1950000,2000000,2071,1985658.0,1987729.0,37729.0,Scheduled - Deadline Met,Yes,Yes,3600.6997697353363,60.01166282892227,9,10865.0,Gurobi Status: 9
F8,P8_41,4,2000000,2050000,2071,2002142.0,2004213.0,4213.0,Scheduled - Deadline Met,Yes,Yes,3600.6997697353363,60.01166282892227,9,10865.0,Gurobi Status: 9
F8,P8_42,4,2050000,2100000,2071,2077913.0,2079984.0,29984.0,Scheduled - Deadline Met,Yes,Yes,3600.6997697353363,60.01166282892227,9,10865.0,Gurobi Status: 9
F8,P8_43,8,2100000,2150000,2071,2121494.0,2123565.0,23565.0,Scheduled - Deadline Met,Yes,Yes,3600.6997697353363,60.01166282892227,9,10865.0,Gurobi Status: 9
F8,P8_44,4,2150000,2200000,2071,2176584.0,2178655.0,28655.0,Scheduled - Deadline Met,Yes,Yes,3600.6997697353363,60.01166282892227,9,10865.0,Gurobi Status: 9
F8,P8_45,4,2200000,2250000,2071,2200000.0,2202071.0,2071.0,Scheduled - Deadline Met,Yes,Yes,3600.6997697353363,60.01166282892227,9,10865.0,Gurobi Status: 9
F8,P8_46,8,2250000,2300000,2071,2283570.0,2285641.0,35641.0,Scheduled - Deadline Met,Yes,Yes,3600.6997697353363,60.01166282892227,9,10865.0,Gurobi Status: 9
F8,P8_47,4,2300000,2350000,2071,2313711.0,2315782.0,15782.0,Scheduled - Deadline Met,Yes,Yes,3600.6997697353363,60.01166282892227,9,10865.0,Gurobi Status: 9
F8,P8_48,4,2350000,2400000,2071,2383813.0,2385884.0,35884.0,Scheduled - Deadline Met,Yes,Yes,3600.6997697353363,60.01166282892227,9,10865.0,Gurobi Status: 9
F9,P9_1,8,0,200000,6241,,,,Optional Packets- Not Scheduled,No,N/A,3600.6997697353363,60.01166282892227,9,10865.0,Gurobi Status: 9
F9,P9_2,6,200000,400000,6241,335092.0,341333.0,141333.0,Scheduled - Deadline Met,Yes,Yes,3600.6997697353363,60.01166282892227,9,10865.0,Gurobi Status: 9
F9,P9_3,6,400000,600000,6241,566672.0,572913.0,172913.0,Scheduled - Deadline Met,Yes,Yes,3600.6997697353363,60.01166282892227,9,10865.0,Gurobi Status: 9
F9,P9_4,8,600000,800000,6241,715455.0,721696.0,121696.0,Scheduled - Deadline Met,Yes,Yes,3600.6997697353363,60.01166282892227,9,10865.0,Gurobi Status: 9
F9,P9_5,6,800000,1000000,6241,931106.0,937347.0,137347.0,Scheduled - Deadline Met,Yes,Yes,3600.6997697353363,60.01166282892227,9,10865.0,Gurobi Status: 9
F9,P9_6,6,1000000,1200000,6241,1116613.0,1122854.0,122854.0,Scheduled - Deadline Met,Yes,Yes,3600.6997697353363,60.01166282892227,9,10865.0,Gurobi Status: 9
F9,P9_7,8,1200000,1400000,6241,,,,Optional Packets- Not Scheduled,No,N/A,3600.6997697353363,60.01166282892227,9,10865.0,Gurobi Status: 9
F9,P9_8,6,1400000,1600000,6241,1520506.0,1526747.0,126747.0,Scheduled - Deadline Met,Yes,Yes,3600.6997697353363,60.01166282892227,9,10865.0,Gurobi Status: 9
F9,P9_9,6,1600000,1800000,6241,1632693.0,1638934.0,38934.0,Scheduled - Deadline Met,Yes,Yes,3600.6997697353363,60.01166282892227,9,10865.0,Gurobi Status: 9
F9,P9_10,8,1800000,2000000,6241,1896339.0,1902580.0,102580.0,Scheduled - Deadline Met,Yes,Yes,3600.6997697353363,60.01166282892227,9,10865.0,Gurobi Status: 9
F9,P9_11,6,2000000,2200000,6241,2151400.0,2157641.0,157641.0,Scheduled - Deadline Met,Yes,Yes,3600.6997697353363,60.01166282892227,9,10865.0,Gurobi Status: 9
F9,P9_12,6,2200000,2400000,6241,2298107.0,2304348.0,104348.0,Scheduled - Deadline Met,Yes,Yes,3600.6997697353363,60.01166282892227,9,10865.0,Gurobi Status: 9
