Flow,Packet,Class,Arrival,Deadline,Execution Time,Gate Open,Gate Close,Response Time,Status,Scheduled,Deadline Met,Solver_Execution_Time_Seconds,Solver_Execution_Time_Minutes,Solver_Status,Objective_Value,Stopping_Reason
F1,P1_1,8,0,200000,9503,,,,Optional Packets- Not Scheduled,No,N/A,3600.7502617836,60.012504363059996,9,6618.0,Gurobi Status: 9
F1,P1_2,5,200000,400000,9503,200000.0,209503.0,9503.0,Scheduled - Deadline Met,Yes,Yes,3600.7502617836,60.012504363059996,9,6618.0,Gurobi Status: 9
F1,P1_3,5,400000,600000,9503,461695.0,471198.0,71198.0,Scheduled - Deadline Met,Yes,Yes,3600.7502617836,60.012504363059996,9,6618.0,Gurobi Status: 9
F1,P1_4,8,600000,800000,9503,676482.0,685985.0,85985.0,Scheduled - Deadline Met,Yes,Yes,3600.7502617836,60.012504363059996,9,6618.0,Gurobi Status: 9
F1,P1_5,5,800000,1000000,9503,801329.0,810832.0,10832.0,Scheduled - Deadline Met,Yes,Yes,3600.7502617836,60.012504363059996,9,6618.0,Gurobi Status: 9
F1,P1_6,5,1000000,1200000,9503,1036707.0,1046210.0,46210.0,Scheduled - Deadline Met,Yes,Yes,3600.7502617836,60.012504363059996,9,6618.0,Gurobi Status: 9
F1,P1_7,8,1200000,1400000,9503,,,,Optional Packets- Not Scheduled,No,N/A,3600.7502617836,60.012504363059996,9,6618.0,Gurobi Status: 9
F1,P1_8,5,1400000,1600000,9503,1433282.0,1442785.0,42785.0,Scheduled - Deadline Met,Yes,Yes,3600.7502617836,60.012504363059996,9,6618.0,Gurobi Status: 9
F1,P1_9,5,1600000,1800000,9503,1606797.0,1616300.0,16300.0,Scheduled - Deadline Met,Yes,Yes,3600.7502617836,60.012504363059996,9,6618.0,Gurobi Status: 9
F1,P1_10,8,1800000,2000000,9503,,,,Optional Packets- Not Scheduled,No,N/A,3600.7502617836,60.012504363059996,9,6618.0,Gurobi Status: 9
F1,P1_11,5,2000000,2200000,9503,2001329.0,2010832.0,10832.0,Scheduled - Deadline Met,Yes,Yes,3600.7502617836,60.012504363059996,9,6618.0,Gurobi Status: 9
F1,P1_12,5,2200000,2400000,9503,2233685.0,2243188.0,43188.0,Scheduled - Deadline Met,Yes,Yes,3600.7502617836,60.012504363059996,9,6618.0,Gurobi Status: 9
F10,P10_1,8,0,400000,6651,,,,Optional Packets- Not Scheduled,No,N/A,3600.7502617836,60.012504363059996,9,6618.0,Gurobi Status: 9
F10,P10_2,3,400000,800000,6651,564278.0,570929.0,170929.0,Scheduled - Deadline Met,Yes,Yes,3600.7502617836,60.012504363059996,9,6618.0,Gurobi Status: 9
F10,P10_3,3,800000,1200000,6651,859421.0,866072.0,66072.0,Scheduled - Deadline Met,Yes,Yes,3600.7502617836,60.012504363059996,9,6618.0,Gurobi Status: 9
F10,P10_4,8,1200000,1600000,6651,1292176.0,1298827.0,98827.0,Scheduled - Deadline Met,Yes,Yes,3600.7502617836,60.012504363059996,9,6618.0,Gurobi Status: 9
F10,P10_5,3,1600000,2000000,6651,1767629.0,1774280.0,174280.0,Scheduled - Deadline Met,Yes,Yes,3600.7502617836,60.012504363059996,9,6618.0,Gurobi Status: 9
F10,P10_6,3,2000000,2400000,6651,2090021.0,2096672.0,96672.0,Scheduled - Deadline Met,Yes,Yes,3600.7502617836,60.012504363059996,9,6618.0,Gurobi Status: 9
F11,P11_1,7,0,100000,1233,0.0,1233.0,1233.0,Scheduled - Deadline Met,Yes,Yes,3600.7502617836,60.012504363059996,9,6618.0,Gurobi Status: 9
F11,P11_2,8,100000,200000,1233,144457.0,145690.0,45690.0,Scheduled - Deadline Met,Yes,Yes,3600.7502617836,60.012504363059996,9,6618.0,Gurobi Status: 9
F11,P11_3,7,200000,300000,1233,216540.0,217773.0,17773.0,Scheduled - Deadline Met,Yes,Yes,3600.7502617836,60.012504363059996,9,6618.0,Gurobi Status: 9
F11,P11_4,7,300000,400000,1233,398767.0,400000.0,100000.0,Scheduled - Deadline Met,Yes,Yes,3600.7502617836,60.012504363059996,9,6618.0,Gurobi Status: 9
F11,P11_5,8,400000,500000,1233,418463.0,419696.0,19696.0,Scheduled - Deadline Met,Yes,Yes,3600.7502617836,60.012504363059996,9,6618.0,Gurobi Status: 9
F11,P11_6,7,500000,600000,1233,598767.0,600000.0,100000.0,Scheduled - Deadline Met,Yes,Yes,3600.7502617836,60.012504363059996,9,6618.0,Gurobi Status: 9
F11,P11_7,7,600000,700000,1233,631026.0,632259.0,32259.0,Scheduled - Deadline Met,Yes,Yes,3600.7502617836,60.012504363059996,9,6618.0,Gurobi Status: 9
F11,P11_8,8,700000,800000,1233,756446.0,757679.0,57679.0,Scheduled - Deadline Met,Yes,Yes,3600.7502617836,60.012504363059996,9,6618.0,Gurobi Status: 9
F11,P11_9,7,800000,900000,1233,800000.0,801233.0,1233.0,Scheduled - Deadline Met,Yes,Yes,3600.7502617836,60.012504363059996,9,6618.0,Gurobi Status: 9
F11,P11_10,7,900000,1000000,1233,992980.0,994213.0,94213.0,Scheduled - Deadline Met,Yes,Yes,3600.7502617836,60.012504363059996,9,6618.0,Gurobi Status: 9
F11,P11_11,8,1000000,1100000,1233,1094817.0,1096050.0,96050.0,Scheduled - Deadline Met,Yes,Yes,3600.7502617836,60.012504363059996,9,6618.0,Gurobi Status: 9
F11,P11_12,7,1100000,1200000,1233,1181747.0,1182980.0,82980.0,Scheduled - Deadline Met,Yes,Yes,3600.7502617836,60.012504363059996,9,6618.0,Gurobi Status: 9
F11,P11_13,7,1200000,1300000,1233,1225815.0,1227048.0,27048.0,Scheduled - Deadline Met,Yes,Yes,3600.7502617836,60.012504363059996,9,6618.0,Gurobi Status: 9
F11,P11_14,8,1300000,1400000,1233,1398671.0,1399904.0,99904.0,Scheduled - Deadline Met,Yes,Yes,3600.7502617836,60.012504363059996,9,6618.0,Gurobi Status: 9
F11,P11_15,7,1400000,1500000,1233,1465390.0,1466623.0,66623.0,Scheduled - Deadline Met,Yes,Yes,3600.7502617836,60.012504363059996,9,6618.0,Gurobi Status: 9
F11,P11_16,7,1500000,1600000,1233,1578885.0,1580118.0,80118.0,Scheduled - Deadline Met,Yes,Yes,3600.7502617836,60.012504363059996,9,6618.0,Gurobi Status: 9
F11,P11_17,8,1600000,1700000,1233,1695838.0,1697071.0,97071.0,Scheduled - Deadline Met,Yes,Yes,3600.7502617836,60.012504363059996,9,6618.0,Gurobi Status: 9
F11,P11_18,7,1700000,1800000,1233,1796782.0,1798015.0,98015.0,Scheduled - Deadline Met,Yes,Yes,3600.7502617836,60.012504363059996,9,6618.0,Gurobi Status: 9
F11,P11_19,7,1800000,1900000,1233,1851232.0,1852465.0,52465.0,Scheduled - Deadline Met,Yes,Yes,3600.7502617836,60.012504363059996,9,6618.0,Gurobi Status: 9
F11,P11_20,8,1900000,2000000,1233,1953795.0,1955028.0,55028.0,Scheduled - Deadline Met,Yes,Yes,3600.7502617836,60.012504363059996,9,6618.0,Gurobi Status: 9
F11,P11_21,7,2000000,2100000,1233,2000000.0,2001233.0,1233.0,Scheduled - Deadline Met,Yes,Yes,3600.7502617836,60.012504363059996,9,6618.0,Gurobi Status: 9
F11,P11_22,7,2100000,2200000,1233,2182723.0,2183956.0,83956.0,Scheduled - Deadline Met,Yes,Yes,3600.7502617836,60.012504363059996,9,6618.0,Gurobi Status: 9
F11,P11_23,8,2200000,2300000,1233,2275105.0,2276338.0,76338.0,Scheduled - Deadline Met,Yes,Yes,3600.7502617836,60.012504363059996,9,6618.0,Gurobi Status: 9
F11,P11_24,7,2300000,2400000,1233,2389910.0,2391143.0,91143.0,Scheduled - Deadline Met,Yes,Yes,3600.7502617836,60.012504363059996,9,6618.0,Gurobi Status: 9
F12,P12_1,8,0,400000,3802,,,,Optional Packets- Not Scheduled,No,N/A,3600.7502617836,60.012504363059996,9,6618.0,Gurobi Status: 9
F12,P12_2,4,400000,800000,3802,454978.0,458780.0,58780.0,Scheduled - Deadline Met,Yes,Yes,3600.7502617836,60.012504363059996,9,6618.0,Gurobi Status: 9
F12,P12_3,4,800000,1200000,3802,996198.0,1000000.0,200000.0,Scheduled - Deadline Met,Yes,Yes,3600.7502617836,60.012504363059996,9,6618.0,Gurobi Status: 9
F12,P12_4,8,1200000,1600000,3802,1298923.0,1302725.0,102725.0,Scheduled - Deadline Met,Yes,Yes,3600.7502617836,60.012504363059996,9,6618.0,Gurobi Status: 9
F12,P12_5,4,1600000,2000000,3802,1774376.0,1778178.0,178178.0,Scheduled - Deadline Met,Yes,Yes,3600.7502617836,60.012504363059996,9,6618.0,Gurobi Status: 9
F12,P12_6,4,2000000,2400000,3802,2084683.0,2088485.0,88485.0,Scheduled - Deadline Met,Yes,Yes,3600.7502617836,60.012504363059996,9,6618.0,Gurobi Status: 9
F13,P13_1,5,0,400000,685,80416.0,81101.0,81101.0,Scheduled - Deadline Met,Yes,Yes,3600.7502617836,60.012504363059996,9,6618.0,Gurobi Status: 9
F13,P13_2,5,400000,800000,685,484184.0,484869.0,84869.0,Scheduled - Deadline Met,Yes,Yes,3600.7502617836,60.012504363059996,9,6618.0,Gurobi Status: 9
F13,P13_3,8,800000,1200000,685,915959.0,916644.0,116644.0,Scheduled - Deadline Met,Yes,Yes,3600.7502617836,60.012504363059996,9,6618.0,Gurobi Status: 9
F13,P13_4,5,1200000,1600000,685,1247354.0,1248039.0,48039.0,Scheduled - Deadline Met,Yes,Yes,3600.7502617836,60.012504363059996,9,6618.0,Gurobi Status: 9
F13,P13_5,5,1600000,2000000,685,1650879.0,1651564.0,51564.0,Scheduled - Deadline Met,Yes,Yes,3600.7502617836,60.012504363059996,9,6618.0,Gurobi Status: 9
F13,P13_6,8,2000000,2400000,685,2138039.0,2138724.0,138724.0,Scheduled - Deadline Met,Yes,Yes,3600.7502617836,60.012504363059996,9,6618.0,Gurobi Status: 9
F14,P14_1,2,0,400000,1047,124619.0,125666.0,125666.0,Scheduled - Deadline Met,Yes,Yes,3600.7502617836,60.012504363059996,9,6618.0,Gurobi Status: 9
F14,P14_2,2,400000,800000,1047,490926.0,491973.0,91973.0,Scheduled - Deadline Met,Yes,Yes,3600.7502617836,60.012504363059996,9,6618.0,Gurobi Status: 9
F14,P14_3,8,800000,1200000,1047,911728.0,912775.0,112775.0,Scheduled - Deadline Met,Yes,Yes,3600.7502617836,60.012504363059996,9,6618.0,Gurobi Status: 9
F14,P14_4,2,1200000,1600000,1047,1376571.0,1377618.0,177618.0,Scheduled - Deadline Met,Yes,Yes,3600.7502617836,60.012504363059996,9,6618.0,Gurobi Status: 9
F14,P14_5,2,1600000,2000000,1047,1762808.0,1763855.0,163855.0,Scheduled - Deadline Met,Yes,Yes,3600.7502617836,60.012504363059996,9,6618.0,Gurobi Status: 9
F14,P14_6,8,2000000,2400000,1047,2136896.0,2137943.0,137943.0,Scheduled - Deadline Met,Yes,Yes,3600.7502617836,60.012504363059996,9,6618.0,Gurobi Status: 9
F15,P15_1,5,0,100000,6701,56122.0,62823.0,62823.0,Scheduled - Deadline Met,Yes,Yes,3600.7502617836,60.012504363059996,9,6618.0,Gurobi Status: 9
F15,P15_2,5,100000,200000,6701,162262.0,168963.0,68963.0,Scheduled - Deadline Met,Yes,Yes,3600.7502617836,60.012504363059996,9,6618.0,Gurobi Status: 9
F15,P15_3,8,200000,300000,6701,232729.0,239430.0,39430.0,Scheduled - Deadline Met,Yes,Yes,3600.7502617836,60.012504363059996,9,6618.0,Gurobi Status: 9
F15,P15_4,5,300000,400000,6701,311573.0,318274.0,18274.0,Scheduled - Deadline Met,Yes,Yes,3600.7502617836,60.012504363059996,9,6618.0,Gurobi Status: 9
F15,P15_5,5,400000,500000,6701,406941.0,413642.0,13642.0,Scheduled - Deadline Met,Yes,Yes,3600.7502617836,60.012504363059996,9,6618.0,Gurobi Status: 9
F15,P15_6,8,500000,600000,6701,,,,Optional Packets- Not Scheduled,No,N/A,3600.7502617836,60.012504363059996,9,6618.0,Gurobi Status: 9
F15,P15_7,5,600000,700000,6701,606350.0,613051.0,13051.0,Scheduled - Deadline Met,Yes,Yes,3600.7502617836,60.012504363059996,9,6618.0,Gurobi Status: 9
F15,P15_8,5,700000,800000,6701,718819.0,725520.0,25520.0,Scheduled - Deadline Met,Yes,Yes,3600.7502617836,60.012504363059996,9,6618.0,Gurobi Status: 9
F15,P15_9,8,800000,900000,6701,,,,Optional Packets- Not Scheduled,No,N/A,3600.7502617836,60.012504363059996,9,6618.0,Gurobi Status: 9
F15,P15_10,5,900000,1000000,6701,951132.0,957833.0,57833.0,Scheduled - Deadline Met,Yes,Yes,3600.7502617836,60.012504363059996,9,6618.0,Gurobi Status: 9
F15,P15_11,5,1000000,1100000,6701,1009545.0,1016246.0,16246.0,Scheduled - Deadline Met,Yes,Yes,3600.7502617836,60.012504363059996,9,6618.0,Gurobi Status: 9
F15,P15_12,8,1100000,1200000,6701,1189167.0,1195868.0,95868.0,Scheduled - Deadline Met,Yes,Yes,3600.7502617836,60.012504363059996,9,6618.0,Gurobi Status: 9
F15,P15_13,5,1200000,1300000,6701,1227144.0,1233845.0,33845.0,Scheduled - Deadline Met,Yes,Yes,3600.7502617836,60.012504363059996,9,6618.0,Gurobi Status: 9
F15,P15_14,5,1300000,1400000,6701,1332878.0,1339579.0,39579.0,Scheduled - Deadline Met,Yes,Yes,3600.7502617836,60.012504363059996,9,6618.0,Gurobi Status: 9
F15,P15_15,8,1400000,1500000,6701,,,,Optional Packets- Not Scheduled,No,N/A,3600.7502617836,60.012504363059996,9,6618.0,Gurobi Status: 9
F15,P15_16,5,1500000,1600000,6701,1533518.0,1540219.0,40219.0,Scheduled - Deadline Met,Yes,Yes,3600.7502617836,60.012504363059996,9,6618.0,Gurobi Status: 9
F15,P15_17,5,1600000,1700000,6701,1600000.0,1606701.0,6701.0,Scheduled - Deadline Met,Yes,Yes,3600.7502617836,60.012504363059996,9,6618.0,Gurobi Status: 9
F15,P15_18,8,1700000,1800000,6701,1719135.0,1725836.0,25836.0,Scheduled - Deadline Met,Yes,Yes,3600.7502617836,60.012504363059996,9,6618.0,Gurobi Status: 9
F15,P15_19,5,1800000,1900000,6701,1806350.0,1813051.0,13051.0,Scheduled - Deadline Met,Yes,Yes,3600.7502617836,60.012504363059996,9,6618.0,Gurobi Status: 9
F15,P15_20,5,1900000,2000000,6701,1926891.0,1933592.0,33592.0,Scheduled - Deadline Met,Yes,Yes,3600.7502617836,60.012504363059996,9,6618.0,Gurobi Status: 9
F15,P15_21,8,2000000,2100000,6701,,,,Optional Packets- Not Scheduled,No,N/A,3600.7502617836,60.012504363059996,9,6618.0,Gurobi Status: 9
F15,P15_22,5,2100000,2200000,6701,2100369.0,2107070.0,7070.0,Scheduled - Deadline Met,Yes,Yes,3600.7502617836,60.012504363059996,9,6618.0,Gurobi Status: 9
F15,P15_23,5,2200000,2300000,6701,2210977.0,2217678.0,17678.0,Scheduled - Deadline Met,Yes,Yes,3600.7502617836,60.012504363059996,9,6618.0,Gurobi Status: 9
F15,P15_24,8,2300000,2400000,6701,2332138.0,2338839.0,38839.0,Scheduled - Deadline Met,Yes,Yes,3600.7502617836,60.012504363059996,9,6618.0,Gurobi Status: 9
F16,P16_1,5,0,200000,6967,66955.0,73922.0,73922.0,Scheduled - Deadline Met,Yes,Yes,3600.7502617836,60.012504363059996,9,6618.0,Gurobi Status: 9
F16,P16_2,5,200000,400000,6967,255774.0,262741.0,62741.0,Scheduled - Deadline Met,Yes,Yes,3600.7502617836,60.012504363059996,9,6618.0,Gurobi Status: 9
F16,P16_3,8,400000,600000,6967,,,,Optional Packets- Not Scheduled,No,N/A,3600.7502617836,60.012504363059996,9,6618.0,Gurobi Status: 9
F16,P16_4,5,600000,800000,6967,632355.0,639322.0,39322.0,Scheduled - Deadline Met,Yes,Yes,3600.7502617836,60.012504363059996,9,6618.0,Gurobi Status: 9
F16,P16_5,5,800000,1000000,6967,847827.0,854794.0,54794.0,Scheduled - Deadline Met,Yes,Yes,3600.7502617836,60.012504363059996,9,6618.0,Gurobi Status: 9
F16,P16_6,8,1000000,1200000,6967,1130423.0,1137390.0,137390.0,Scheduled - Deadline Met,Yes,Yes,3600.7502617836,60.012504363059996,9,6618.0,Gurobi Status: 9
F16,P16_7,5,1200000,1400000,6967,1233941.0,1240908.0,40908.0,Scheduled - Deadline Met,Yes,Yes,3600.7502617836,60.012504363059996,9,6618.0,Gurobi Status: 9
F16,P16_8,5,1400000,1600000,6967,1473069.0,1480036.0,80036.0,Scheduled - Deadline Met,Yes,Yes,3600.7502617836,60.012504363059996,9,6618.0,Gurobi Status: 9
F16,P16_9,8,1600000,1800000,6967,,,,Optional Packets- Not Scheduled,No,N/A,3600.7502617836,60.012504363059996,9,6618.0,Gurobi Status: 9
F16,P16_10,5,1800000,2000000,6967,1838792.0,1845759.0,45759.0,Scheduled - Deadline Met,Yes,Yes,3600.7502617836,60.012504363059996,9,6618.0,Gurobi Status: 9
F16,P16_11,5,2000000,2200000,6967,2059937.0,2066904.0,66904.0,Scheduled - Deadline Met,Yes,Yes,3600.7502617836,60.012504363059996,9,6618.0,Gurobi Status: 9
F16,P16_12,8,2200000,2400000,6967,2318536.0,2325503.0,125503.0,Scheduled - Deadline Met,Yes,Yes,3600.7502617836,60.012504363059996,9,6618.0,Gurobi Status: 9
F17,P17_1,3,0,200000,7547,108375.0,115922.0,115922.0,Scheduled - Deadline Met,Yes,Yes,3600.7502617836,60.012504363059996,9,6618.0,Gurobi Status: 9
F17,P17_2,3,200000,400000,7547,271415.0,278962.0,78962.0,Scheduled - Deadline Met,Yes,Yes,3600.7502617836,60.012504363059996,9,6618.0,Gurobi Status: 9
F17,P17_3,8,400000,600000,7547,,,,Optional Packets- Not Scheduled,No,N/A,3600.7502617836,60.012504363059996,9,6618.0,Gurobi Status: 9
F17,P17_4,3,600000,800000,7547,700096.0,707643.0,107643.0,Scheduled - Deadline Met,Yes,Yes,3600.7502617836,60.012504363059996,9,6618.0,Gurobi Status: 9
F17,P17_5,3,800000,1000000,7547,810928.0,818475.0,18475.0,Scheduled - Deadline Met,Yes,Yes,3600.7502617836,60.012504363059996,9,6618.0,Gurobi Status: 9
F17,P17_6,8,1000000,1200000,7547,1099075.0,1106622.0,106622.0,Scheduled - Deadline Met,Yes,Yes,3600.7502617836,60.012504363059996,9,6618.0,Gurobi Status: 9
F17,P17_7,3,1200000,1400000,7547,1268145.0,1275692.0,75692.0,Scheduled - Deadline Met,Yes,Yes,3600.7502617836,60.012504363059996,9,6618.0,Gurobi Status: 9
F17,P17_8,3,1400000,1600000,7547,1449822.0,1457369.0,57369.0,Scheduled - Deadline Met,Yes,Yes,3600.7502617836,60.012504363059996,9,6618.0,Gurobi Status: 9
F17,P17_9,8,1600000,1800000,7547,1700096.0,1707643.0,107643.0,Scheduled - Deadline Met,Yes,Yes,3600.7502617836,60.012504363059996,9,6618.0,Gurobi Status: 9
F17,P17_10,3,1800000,2000000,7547,1861856.0,1869403.0,69403.0,Scheduled - Deadline Met,Yes,Yes,3600.7502617836,60.012504363059996,9,6618.0,Gurobi Status: 9
F17,P17_11,3,2000000,2200000,7547,2030832.0,2038379.0,38379.0,Scheduled - Deadline Met,Yes,Yes,3600.7502617836,60.012504363059996,9,6618.0,Gurobi Status: 9
F17,P17_12,8,2200000,2400000,7547,2310893.0,2318440.0,118440.0,Scheduled - Deadline Met,Yes,Yes,3600.7502617836,60.012504363059996,9,6618.0,Gurobi Status: 9
F18,P18_1,1,0,200000,817,87216.0,88033.0,88033.0,Scheduled - Deadline Met,Yes,Yes,3600.7502617836,60.012504363059996,9,6618.0,Gurobi Status: 9
F18,P18_2,8,200000,400000,817,335124.0,335941.0,135941.0,Scheduled - Deadline Met,Yes,Yes,3600.7502617836,60.012504363059996,9,6618.0,Gurobi Status: 9
F18,P18_3,1,400000,600000,817,519629.0,520446.0,120446.0,Scheduled - Deadline Met,Yes,Yes,3600.7502617836,60.012504363059996,9,6618.0,Gurobi Status: 9
F18,P18_4,1,600000,800000,817,646838.0,647655.0,47655.0,Scheduled - Deadline Met,Yes,Yes,3600.7502617836,60.012504363059996,9,6618.0,Gurobi Status: 9
F18,P18_5,8,800000,1000000,817,903611.0,904428.0,104428.0,Scheduled - Deadline Met,Yes,Yes,3600.7502617836,60.012504363059996,9,6618.0,Gurobi Status: 9
F18,P18_6,1,1000000,1200000,817,1155812.0,1156629.0,156629.0,Scheduled - Deadline Met,Yes,Yes,3600.7502617836,60.012504363059996,9,6618.0,Gurobi Status: 9
F18,P18_7,1,1200000,1400000,817,1331965.0,1332782.0,132782.0,Scheduled - Deadline Met,Yes,Yes,3600.7502617836,60.012504363059996,9,6618.0,Gurobi Status: 9
F18,P18_8,8,1400000,1600000,817,1546796.0,1547613.0,147613.0,Scheduled - Deadline Met,Yes,Yes,3600.7502617836,60.012504363059996,9,6618.0,Gurobi Status: 9
F18,P18_9,1,1600000,1800000,817,1657011.0,1657828.0,57828.0,Scheduled - Deadline Met,Yes,Yes,3600.7502617836,60.012504363059996,9,6618.0,Gurobi Status: 9
F18,P18_10,1,1800000,2000000,817,1938595.0,1939412.0,139412.0,Scheduled - Deadline Met,Yes,Yes,3600.7502617836,60.012504363059996,9,6618.0,Gurobi Status: 9
F18,P18_11,8,2000000,2200000,817,2115657.0,2116474.0,116474.0,Scheduled - Deadline Met,Yes,Yes,3600.7502617836,60.012504363059996,9,6618.0,Gurobi Status: 9
F18,P18_12,1,2200000,2400000,817,2243284.0,2244101.0,44101.0,Scheduled - Deadline Met,Yes,Yes,3600.7502617836,60.012504363059996,9,6618.0,Gurobi Status: 9
F19,P19_1,8,0,200000,833,141780.0,142613.0,142613.0,Scheduled - Deadline Met,Yes,Yes,3600.7502617836,60.012504363059996,9,6618.0,Gurobi Status: 9
F19,P19_2,3,200000,400000,833,370891.0,371724.0,171724.0,Scheduled - Deadline Met,Yes,Yes,3600.7502617836,60.012504363059996,9,6618.0,Gurobi Status: 9
F19,P19_3,3,400000,600000,833,483255.0,484088.0,84088.0,Scheduled - Deadline Met,Yes,Yes,3600.7502617836,60.012504363059996,9,6618.0,Gurobi Status: 9
F19,P19_4,8,600000,800000,833,746939.0,747772.0,147772.0,Scheduled - Deadline Met,Yes,Yes,3600.7502617836,60.012504363059996,9,6618.0,Gurobi Status: 9
F19,P19_5,3,800000,1000000,833,854890.0,855723.0,55723.0,Scheduled - Deadline Met,Yes,Yes,3600.7502617836,60.012504363059996,9,6618.0,Gurobi Status: 9
F19,P19_6,3,1000000,1200000,833,1086405.0,1087238.0,87238.0,Scheduled - Deadline Met,Yes,Yes,3600.7502617836,60.012504363059996,9,6618.0,Gurobi Status: 9
F19,P19_7,8,1200000,1400000,833,1291247.0,1292080.0,92080.0,Scheduled - Deadline Met,Yes,Yes,3600.7502617836,60.012504363059996,9,6618.0,Gurobi Status: 9
F19,P19_8,3,1400000,1600000,833,1486971.0,1487804.0,87804.0,Scheduled - Deadline Met,Yes,Yes,3600.7502617836,60.012504363059996,9,6618.0,Gurobi Status: 9
F19,P19_9,3,1600000,1800000,833,1760803.0,1761636.0,161636.0,Scheduled - Deadline Met,Yes,Yes,3600.7502617836,60.012504363059996,9,6618.0,Gurobi Status: 9
F19,P19_10,8,1800000,2000000,833,1899567.0,1900400.0,100400.0,Scheduled - Deadline Met,Yes,Yes,3600.7502617836,60.012504363059996,9,6618.0,Gurobi Status: 9
F19,P19_11,3,2000000,2200000,833,2038475.0,2039308.0,39308.0,Scheduled - Deadline Met,Yes,Yes,3600.7502617836,60.012504363059996,9,6618.0,Gurobi Status: 9
F19,P19_12,3,2200000,2400000,833,2354758.0,2355591.0,155591.0,Scheduled - Deadline Met,Yes,Yes,3600.7502617836,60.012504363059996,9,6618.0,Gurobi Status: 9
F2,P2_1,8,0,100000,6845,9907.0,16752.0,16752.0,Scheduled - Deadline Met,Yes,Yes,3600.7502617836,60.012504363059996,9,6618.0,Gurobi Status: 9
F2,P2_2,1,100000,200000,6845,130700.0,137545.0,37545.0,Scheduled - Deadline Met,Yes,Yes,3600.7502617836,60.012504363059996,9,6618.0,Gurobi Status: 9
F2,P2_3,1,200000,300000,6845,209599.0,216444.0,16444.0,Scheduled - Deadline Met,Yes,Yes,3600.7502617836,60.012504363059996,9,6618.0,Gurobi Status: 9
F2,P2_4,8,300000,400000,6845,338265.0,345110.0,45110.0,Scheduled - Deadline Met,Yes,Yes,3600.7502617836,60.012504363059996,9,6618.0,Gurobi Status: 9
F2,P2_5,1,400000,500000,6845,400000.0,406845.0,6845.0,Scheduled - Deadline Met,Yes,Yes,3600.7502617836,60.012504363059996,9,6618.0,Gurobi Status: 9
F2,P2_6,1,500000,600000,6845,570929.0,577774.0,77774.0,Scheduled - Deadline Met,Yes,Yes,3600.7502617836,60.012504363059996,9,6618.0,Gurobi Status: 9
F2,P2_7,8,600000,700000,6845,649979.0,656824.0,56824.0,Scheduled - Deadline Met,Yes,Yes,3600.7502617836,60.012504363059996,9,6618.0,Gurobi Status: 9
F2,P2_8,1,700000,800000,6845,711878.0,718723.0,18723.0,Scheduled - Deadline Met,Yes,Yes,3600.7502617836,60.012504363059996,9,6618.0,Gurobi Status: 9
F2,P2_9,1,800000,900000,6845,818571.0,825416.0,25416.0,Scheduled - Deadline Met,Yes,Yes,3600.7502617836,60.012504363059996,9,6618.0,Gurobi Status: 9
F2,P2_10,8,900000,1000000,6845,,,,Optional Packets- Not Scheduled,No,N/A,3600.7502617836,60.012504363059996,9,6618.0,Gurobi Status: 9
F2,P2_11,1,1000000,1100000,6845,1000000.0,1006845.0,6845.0,Scheduled - Deadline Met,Yes,Yes,3600.7502617836,60.012504363059996,9,6618.0,Gurobi Status: 9
F2,P2_12,1,1100000,1200000,6845,1165056.0,1171901.0,71901.0,Scheduled - Deadline Met,Yes,Yes,3600.7502617836,60.012504363059996,9,6618.0,Gurobi Status: 9
F2,P2_13,8,1200000,1300000,6845,1202228.0,1209073.0,9073.0,Scheduled - Deadline Met,Yes,Yes,3600.7502617836,60.012504363059996,9,6618.0,Gurobi Status: 9
F2,P2_14,1,1300000,1400000,6845,1377618.0,1384463.0,84463.0,Scheduled - Deadline Met,Yes,Yes,3600.7502617836,60.012504363059996,9,6618.0,Gurobi Status: 9
F2,P2_15,1,1400000,1500000,6845,1442881.0,1449726.0,49726.0,Scheduled - Deadline Met,Yes,Yes,3600.7502617836,60.012504363059996,9,6618.0,Gurobi Status: 9
F2,P2_16,8,1500000,1600000,6845,1549937.0,1556782.0,56782.0,Scheduled - Deadline Met,Yes,Yes,3600.7502617836,60.012504363059996,9,6618.0,Gurobi Status: 9
F2,P2_17,1,1600000,1700000,6845,1628375.0,1635220.0,35220.0,Scheduled - Deadline Met,Yes,Yes,3600.7502617836,60.012504363059996,9,6618.0,Gurobi Status: 9
F2,P2_18,1,1700000,1800000,6845,1753862.0,1760707.0,60707.0,Scheduled - Deadline Met,Yes,Yes,3600.7502617836,60.012504363059996,9,6618.0,Gurobi Status: 9
F2,P2_19,8,1800000,1900000,6845,1815375.0,1822220.0,22220.0,Scheduled - Deadline Met,Yes,Yes,3600.7502617836,60.012504363059996,9,6618.0,Gurobi Status: 9
F2,P2_20,1,1900000,2000000,6845,1939508.0,1946353.0,46353.0,Scheduled - Deadline Met,Yes,Yes,3600.7502617836,60.012504363059996,9,6618.0,Gurobi Status: 9
F2,P2_21,1,2000000,2100000,6845,2039404.0,2046249.0,46249.0,Scheduled - Deadline Met,Yes,Yes,3600.7502617836,60.012504363059996,9,6618.0,Gurobi Status: 9
F2,P2_22,8,2100000,2200000,6845,2142440.0,2149285.0,49285.0,Scheduled - Deadline Met,Yes,Yes,3600.7502617836,60.012504363059996,9,6618.0,Gurobi Status: 9
F2,P2_23,1,2200000,2300000,6845,2200000.0,2206845.0,6845.0,Scheduled - Deadline Met,Yes,Yes,3600.7502617836,60.012504363059996,9,6618.0,Gurobi Status: 9
F2,P2_24,1,2300000,2400000,6845,2355687.0,2362532.0,62532.0,Scheduled - Deadline Met,Yes,Yes,3600.7502617836,60.012504363059996,9,6618.0,Gurobi Status: 9
F20,P20_1,1,0,100000,3940,62919.0,66859.0,66859.0,Scheduled - Deadline Met,Yes,Yes,3600.7502617836,60.012504363059996,9,6618.0,Gurobi Status: 9
F20,P20_2,1,100000,200000,3940,178369.0,182309.0,82309.0,Scheduled - Deadline Met,Yes,Yes,3600.7502617836,60.012504363059996,9,6618.0,Gurobi Status: 9
F20,P20_3,8,200000,300000,3940,279058.0,282998.0,82998.0,Scheduled - Deadline Met,Yes,Yes,3600.7502617836,60.012504363059996,9,6618.0,Gurobi Status: 9
F20,P20_4,1,300000,400000,3940,390112.0,394052.0,94052.0,Scheduled - Deadline Met,Yes,Yes,3600.7502617836,60.012504363059996,9,6618.0,Gurobi Status: 9
F20,P20_5,1,400000,500000,3940,471294.0,475234.0,75234.0,Scheduled - Deadline Met,Yes,Yes,3600.7502617836,60.012504363059996,9,6618.0,Gurobi Status: 9
F20,P20_6,8,500000,600000,3940,547687.0,551627.0,51627.0,Scheduled - Deadline Met,Yes,Yes,3600.7502617836,60.012504363059996,9,6618.0,Gurobi Status: 9
F20,P20_7,1,600000,700000,3940,613147.0,617087.0,17087.0,Scheduled - Deadline Met,Yes,Yes,3600.7502617836,60.012504363059996,9,6618.0,Gurobi Status: 9
F20,P20_8,1,700000,800000,3940,786034.0,789974.0,89974.0,Scheduled - Deadline Met,Yes,Yes,3600.7502617836,60.012504363059996,9,6618.0,Gurobi Status: 9
F20,P20_9,8,800000,900000,3940,873838.0,877778.0,77778.0,Scheduled - Deadline Met,Yes,Yes,3600.7502617836,60.012504363059996,9,6618.0,Gurobi Status: 9
F20,P20_10,1,900000,1000000,3940,986733.0,990673.0,90673.0,Scheduled - Deadline Met,Yes,Yes,3600.7502617836,60.012504363059996,9,6618.0,Gurobi Status: 9
F20,P20_11,1,1000000,1100000,3940,1071391.0,1075331.0,75331.0,Scheduled - Deadline Met,Yes,Yes,3600.7502617836,60.012504363059996,9,6618.0,Gurobi Status: 9
F20,P20_12,8,1100000,1200000,3940,1195964.0,1199904.0,99904.0,Scheduled - Deadline Met,Yes,Yes,3600.7502617836,60.012504363059996,9,6618.0,Gurobi Status: 9
F20,P20_13,1,1200000,1300000,3940,1255618.0,1259558.0,59558.0,Scheduled - Deadline Met,Yes,Yes,3600.7502617836,60.012504363059996,9,6618.0,Gurobi Status: 9
F20,P20_14,1,1300000,1400000,3940,1393639.0,1397579.0,97579.0,Scheduled - Deadline Met,Yes,Yes,3600.7502617836,60.012504363059996,9,6618.0,Gurobi Status: 9
F20,P20_15,8,1400000,1500000,3940,1411378.0,1415318.0,15318.0,Scheduled - Deadline Met,Yes,Yes,3600.7502617836,60.012504363059996,9,6618.0,Gurobi Status: 9
F20,P20_16,1,1500000,1600000,3940,1593736.0,1597676.0,97676.0,Scheduled - Deadline Met,Yes,Yes,3600.7502617836,60.012504363059996,9,6618.0,Gurobi Status: 9
F20,P20_17,1,1600000,1700000,3940,1635316.0,1639256.0,39256.0,Scheduled - Deadline Met,Yes,Yes,3600.7502617836,60.012504363059996,9,6618.0,Gurobi Status: 9
F20,P20_18,8,1700000,1800000,3940,,,,Optional Packets- Not Scheduled,No,N/A,3600.7502617836,60.012504363059996,9,6618.0,Gurobi Status: 9
F20,P20_19,1,1800000,1900000,3940,1845855.0,1849795.0,49795.0,Scheduled - Deadline Met,Yes,Yes,3600.7502617836,60.012504363059996,9,6618.0,Gurobi Status: 9
F20,P20_20,1,1900000,2000000,3940,1984716.0,1988656.0,88656.0,Scheduled - Deadline Met,Yes,Yes,3600.7502617836,60.012504363059996,9,6618.0,Gurobi Status: 9
F20,P20_21,8,2000000,2100000,3940,,,,Optional Packets- Not Scheduled,No,N/A,3600.7502617836,60.012504363059996,9,6618.0,Gurobi Status: 9
F20,P20_22,1,2100000,2200000,3940,2193832.0,2197772.0,97772.0,Scheduled - Deadline Met,Yes,Yes,3600.7502617836,60.012504363059996,9,6618.0,Gurobi Status: 9
F20,P20_23,1,2200000,2300000,3940,2206941.0,2210881.0,10881.0,Scheduled - Deadline Met,Yes,Yes,3600.7502617836,60.012504363059996,9,6618.0,Gurobi Status: 9
F20,P20_24,8,2300000,2400000,3940,2338935.0,2342875.0,42875.0,Scheduled - Deadline Met,Yes,Yes,3600.7502617836,60.012504363059996,9,6618.0,Gurobi Status: 9
F21,P21_1,1,0,100000,6254,1329.0,7583.0,7583.0,Scheduled - Deadline Met,Yes,Yes,3600.7502617836,60.012504363059996,9,6618.0,Gurobi Status: 9
F21,P21_2,8,100000,200000,6254,,,,Optional Packets- Not Scheduled,No,N/A,3600.7502617836,60.012504363059996,9,6618.0,Gurobi Status: 9
F21,P21_3,1,200000,300000,6254,262837.0,269091.0,69091.0,Scheduled - Deadline Met,Yes,Yes,3600.7502617836,60.012504363059996,9,6618.0,Gurobi Status: 9
F21,P21_4,1,300000,400000,6254,371820.0,378074.0,78074.0,Scheduled - Deadline Met,Yes,Yes,3600.7502617836,60.012504363059996,9,6618.0,Gurobi Status: 9
F21,P21_5,8,400000,500000,6254,,,,Optional Packets- Not Scheduled,No,N/A,3600.7502617836,60.012504363059996,9,6618.0,Gurobi Status: 9
F21,P21_6,1,500000,600000,6254,577870.0,584124.0,84124.0,Scheduled - Deadline Met,Yes,Yes,3600.7502617836,60.012504363059996,9,6618.0,Gurobi Status: 9
F21,P21_7,1,600000,700000,6254,600000.0,606254.0,6254.0,Scheduled - Deadline Met,Yes,Yes,3600.7502617836,60.012504363059996,9,6618.0,Gurobi Status: 9
F21,P21_8,8,700000,800000,6254,750096.0,756350.0,56350.0,Scheduled - Deadline Met,Yes,Yes,3600.7502617836,60.012504363059996,9,6618.0,Gurobi Status: 9
F21,P21_9,1,800000,900000,6254,837166.0,843420.0,43420.0,Scheduled - Deadline Met,Yes,Yes,3600.7502617836,60.012504363059996,9,6618.0,Gurobi Status: 9
F21,P21_10,1,900000,1000000,6254,932147.0,938401.0,38401.0,Scheduled - Deadline Met,Yes,Yes,3600.7502617836,60.012504363059996,9,6618.0,Gurobi Status: 9
F21,P21_11,8,1000000,1100000,6254,1018570.0,1024824.0,24824.0,Scheduled - Deadline Met,Yes,Yes,3600.7502617836,60.012504363059996,9,6618.0,Gurobi Status: 9
F21,P21_12,1,1100000,1200000,6254,1173169.0,1179423.0,79423.0,Scheduled - Deadline Met,Yes,Yes,3600.7502617836,60.012504363059996,9,6618.0,Gurobi Status: 9
F21,P21_13,1,1200000,1300000,6254,1241004.0,1247258.0,47258.0,Scheduled - Deadline Met,Yes,Yes,3600.7502617836,60.012504363059996,9,6618.0,Gurobi Status: 9
F21,P21_14,8,1300000,1400000,6254,1313828.0,1320082.0,20082.0,Scheduled - Deadline Met,Yes,Yes,3600.7502617836,60.012504363059996,9,6618.0,Gurobi Status: 9
F21,P21_15,1,1400000,1500000,6254,1466719.0,1472973.0,72973.0,Scheduled - Deadline Met,Yes,Yes,3600.7502617836,60.012504363059996,9,6618.0,Gurobi Status: 9
F21,P21_16,1,1500000,1600000,6254,1568665.0,1574919.0,74919.0,Scheduled - Deadline Met,Yes,Yes,3600.7502617836,60.012504363059996,9,6618.0,Gurobi Status: 9
F21,P21_17,8,1600000,1700000,6254,,,,Optional Packets- Not Scheduled,No,N/A,3600.7502617836,60.012504363059996,9,6618.0,Gurobi Status: 9
F21,P21_18,1,1700000,1800000,6254,1781532.0,1787786.0,87786.0,Scheduled - Deadline Met,Yes,Yes,3600.7502617836,60.012504363059996,9,6618.0,Gurobi Status: 9
F21,P21_19,1,1800000,1900000,6254,1800000.0,1806254.0,6254.0,Scheduled - Deadline Met,Yes,Yes,3600.7502617836,60.012504363059996,9,6618.0,Gurobi Status: 9
F21,P21_20,8,1900000,2000000,6254,1947445.0,1953699.0,53699.0,Scheduled - Deadline Met,Yes,Yes,3600.7502617836,60.012504363059996,9,6618.0,Gurobi Status: 9
F21,P21_21,1,2000000,2100000,6254,2067000.0,2073254.0,73254.0,Scheduled - Deadline Met,Yes,Yes,3600.7502617836,60.012504363059996,9,6618.0,Gurobi Status: 9
F21,P21_22,1,2100000,2200000,6254,2167761.0,2174015.0,74015.0,Scheduled - Deadline Met,Yes,Yes,3600.7502617836,60.012504363059996,9,6618.0,Gurobi Status: 9
F21,P21_23,8,2200000,2300000,6254,2252122.0,2258376.0,58376.0,Scheduled - Deadline Met,Yes,Yes,3600.7502617836,60.012504363059996,9,6618.0,Gurobi Status: 9
F21,P21_24,1,2300000,2400000,6254,2362628.0,2368882.0,68882.0,Scheduled - Deadline Met,Yes,Yes,3600.7502617836,60.012504363059996,9,6618.0,Gurobi Status: 9
F22,P22_1,7,0,400000,6691,168963.0,175654.0,175654.0,Scheduled - Deadline Met,Yes,Yes,3600.7502617836,60.012504363059996,9,6618.0,Gurobi Status: 9
F22,P22_2,7,400000,800000,6691,507075.0,513766.0,113766.0,Scheduled - Deadline Met,Yes,Yes,3600.7502617836,60.012504363059996,9,6618.0,Gurobi Status: 9
F22,P22_3,8,800000,1200000,6691,,,,Optional Packets- Not Scheduled,No,N/A,3600.7502617836,60.012504363059996,9,6618.0,Gurobi Status: 9
F22,P22_4,7,1200000,1600000,6691,1248831.0,1255522.0,55522.0,Scheduled - Deadline Met,Yes,Yes,3600.7502617836,60.012504363059996,9,6618.0,Gurobi Status: 9
F22,P22_5,7,1600000,2000000,6691,1686075.0,1692766.0,92766.0,Scheduled - Deadline Met,Yes,Yes,3600.7502617836,60.012504363059996,9,6618.0,Gurobi Status: 9
F22,P22_6,8,2000000,2400000,6691,2125171.0,2131862.0,131862.0,Scheduled - Deadline Met,Yes,Yes,3600.7502617836,60.012504363059996,9,6618.0,Gurobi Status: 9
F23,P23_1,8,0,400000,656,142709.0,143365.0,143365.0,Scheduled - Deadline Met,Yes,Yes,3600.7502617836,60.012504363059996,9,6618.0,Gurobi Status: 9
F23,P23_2,3,400000,800000,656,584124.0,584780.0,184780.0,Scheduled - Deadline Met,Yes,Yes,3600.7502617836,60.012504363059996,9,6618.0,Gurobi Status: 9
F23,P23_3,3,800000,1200000,656,950476.0,951132.0,151132.0,Scheduled - Deadline Met,Yes,Yes,3600.7502617836,60.012504363059996,9,6618.0,Gurobi Status: 9
F23,P23_4,8,1200000,1600000,656,1310152.0,1310808.0,110808.0,Scheduled - Deadline Met,Yes,Yes,3600.7502617836,60.012504363059996,9,6618.0,Gurobi Status: 9
F23,P23_5,3,1600000,2000000,656,1780876.0,1781532.0,181532.0,Scheduled - Deadline Met,Yes,Yes,3600.7502617836,60.012504363059996,9,6618.0,Gurobi Status: 9
F23,P23_6,3,2000000,2400000,656,2096768.0,2097424.0,97424.0,Scheduled - Deadline Met,Yes,Yes,3600.7502617836,60.012504363059996,9,6618.0,Gurobi Status: 9
F24,P24_1,3,0,200000,8395,99884.0,108279.0,108279.0,Scheduled - Deadline Met,Yes,Yes,3600.7502617836,60.012504363059996,9,6618.0,Gurobi Status: 9
F24,P24_2,8,200000,400000,8395,291295.0,299690.0,99690.0,Scheduled - Deadline Met,Yes,Yes,3600.7502617836,60.012504363059996,9,6618.0,Gurobi Status: 9
F24,P24_3,3,400000,600000,8395,446487.0,454882.0,54882.0,Scheduled - Deadline Met,Yes,Yes,3600.7502617836,60.012504363059996,9,6618.0,Gurobi Status: 9
F24,P24_4,3,600000,800000,8395,617183.0,625578.0,25578.0,Scheduled - Deadline Met,Yes,Yes,3600.7502617836,60.012504363059996,9,6618.0,Gurobi Status: 9
F24,P24_5,8,800000,1000000,8395,890413.0,898808.0,98808.0,Scheduled - Deadline Met,Yes,Yes,3600.7502617836,60.012504363059996,9,6618.0,Gurobi Status: 9
F24,P24_6,3,1000000,1200000,8395,1062900.0,1071295.0,71295.0,Scheduled - Deadline Met,Yes,Yes,3600.7502617836,60.012504363059996,9,6618.0,Gurobi Status: 9
F24,P24_7,3,1200000,1400000,8395,1259654.0,1268049.0,68049.0,Scheduled - Deadline Met,Yes,Yes,3600.7502617836,60.012504363059996,9,6618.0,Gurobi Status: 9
F24,P24_8,8,1400000,1600000,8395,1492231.0,1500626.0,100626.0,Scheduled - Deadline Met,Yes,Yes,3600.7502617836,60.012504363059996,9,6618.0,Gurobi Status: 9
F24,P24_9,3,1600000,1800000,8395,1677584.0,1685979.0,85979.0,Scheduled - Deadline Met,Yes,Yes,3600.7502617836,60.012504363059996,9,6618.0,Gurobi Status: 9
F24,P24_10,3,1800000,2000000,8395,1852561.0,1860956.0,60956.0,Scheduled - Deadline Met,Yes,Yes,3600.7502617836,60.012504363059996,9,6618.0,Gurobi Status: 9
F24,P24_11,8,2000000,2200000,8395,2107166.0,2115561.0,115561.0,Scheduled - Deadline Met,Yes,Yes,3600.7502617836,60.012504363059996,9,6618.0,Gurobi Status: 9
F24,P24_12,3,2200000,2400000,8395,2217774.0,2226169.0,26169.0,Scheduled - Deadline Met,Yes,Yes,3600.7502617836,60.012504363059996,9,6618.0,Gurobi Status: 9
F25,P25_1,8,0,200000,7324,,,,Optional Packets- Not Scheduled,No,N/A,3600.7502617836,60.012504363059996,9,6618.0,Gurobi Status: 9
F25,P25_2,1,200000,400000,7324,318370.0,325694.0,125694.0,Scheduled - Deadline Met,Yes,Yes,3600.7502617836,60.012504363059996,9,6618.0,Gurobi Status: 9
F25,P25_3,8,400000,600000,7324,,,,Optional Packets- Not Scheduled,No,N/A,3600.7502617836,60.012504363059996,9,6618.0,Gurobi Status: 9
F25,P25_4,1,600000,800000,7324,639418.0,646742.0,46742.0,Scheduled - Deadline Met,Yes,Yes,3600.7502617836,60.012504363059996,9,6618.0,Gurobi Status: 9
F25,P25_5,8,800000,1000000,7324,,,,Optional Packets- Not Scheduled,No,N/A,3600.7502617836,60.012504363059996,9,6618.0,Gurobi Status: 9
F25,P25_6,1,1000000,1200000,7324,1118505.0,1125829.0,125829.0,Scheduled - Deadline Met,Yes,Yes,3600.7502617836,60.012504363059996,9,6618.0,Gurobi Status: 9
F25,P25_7,8,1200000,1400000,7324,,,,Optional Packets- Not Scheduled,No,N/A,3600.7502617836,60.012504363059996,9,6618.0,Gurobi Status: 9
F25,P25_8,1,1400000,1600000,7324,1526098.0,1533422.0,133422.0,Scheduled - Deadline Met,Yes,Yes,3600.7502617836,60.012504363059996,9,6618.0,Gurobi Status: 9
F25,P25_9,8,1600000,1800000,7324,,,,Optional Packets- Not Scheduled,No,N/A,3600.7502617836,60.012504363059996,9,6618.0,Gurobi Status: 9
F25,P25_10,1,1800000,2000000,7324,1869499.0,1876823.0,76823.0,Scheduled - Deadline Met,Yes,Yes,3600.7502617836,60.012504363059996,9,6618.0,Gurobi Status: 9
F25,P25_11,8,2000000,2200000,7324,,,,Optional Packets- Not Scheduled,No,N/A,3600.7502617836,60.012504363059996,9,6618.0,Gurobi Status: 9
F25,P25_12,1,2200000,2400000,7324,2226265.0,2233589.0,33589.0,Scheduled - Deadline Met,Yes,Yes,3600.7502617836,60.012504363059996,9,6618.0,Gurobi Status: 9
F26,P26_1,8,0,400000,2849,,,,Optional Packets- Not Scheduled,No,N/A,3600.7502617836,60.012504363059996,9,6618.0,Gurobi Status: 9
F26,P26_2,1,400000,800000,2849,533913.0,536762.0,136762.0,Scheduled - Deadline Met,Yes,Yes,3600.7502617836,60.012504363059996,9,6618.0,Gurobi Status: 9
F26,P26_3,8,800000,1200000,2849,904524.0,907373.0,107373.0,Scheduled - Deadline Met,Yes,Yes,3600.7502617836,60.012504363059996,9,6618.0,Gurobi Status: 9
F26,P26_4,1,1200000,1600000,2849,1349930.0,1352779.0,152779.0,Scheduled - Deadline Met,Yes,Yes,3600.7502617836,60.012504363059996,9,6618.0,Gurobi Status: 9
F26,P26_5,8,1600000,2000000,2849,,,,Optional Packets- Not Scheduled,No,N/A,3600.7502617836,60.012504363059996,9,6618.0,Gurobi Status: 9
F26,P26_6,1,2000000,2400000,2849,2097520.0,2100369.0,100369.0,Scheduled - Deadline Met,Yes,Yes,3600.7502617836,60.012504363059996,9,6618.0,Gurobi Status: 9
F27,P27_1,1,0,400000,4842,125762.0,130604.0,130604.0,Scheduled - Deadline Met,Yes,Yes,3600.7502617836,60.012504363059996,9,6618.0,Gurobi Status: 9
F27,P27_2,8,400000,800000,4842,,,,Optional Packets- Not Scheduled,No,N/A,3600.7502617836,60.012504363059996,9,6618.0,Gurobi Status: 9
F27,P27_3,1,800000,1200000,4842,867304.0,872146.0,72146.0,Scheduled - Deadline Met,Yes,Yes,3600.7502617836,60.012504363059996,9,6618.0,Gurobi Status: 9
F27,P27_4,8,1200000,1600000,4842,,,,Optional Packets- Not Scheduled,No,N/A,3600.7502617836,60.012504363059996,9,6618.0,Gurobi Status: 9
F27,P27_5,1,1600000,2000000,4842,1748924.0,1753766.0,153766.0,Scheduled - Deadline Met,Yes,Yes,3600.7502617836,60.012504363059996,9,6618.0,Gurobi Status: 9
F27,P27_6,8,2000000,2400000,4842,2131958.0,2136800.0,136800.0,Scheduled - Deadline Met,Yes,Yes,3600.7502617836,60.012504363059996,9,6618.0,Gurobi Status: 9
F28,P28_1,8,0,100000,1306,32079.0,33385.0,33385.0,Scheduled - Deadline Met,Yes,Yes,3600.7502617836,60.012504363059996,9,6618.0,Gurobi Status: 9
F28,P28_2,2,100000,200000,1306,186866.0,188172.0,88172.0,Scheduled - Deadline Met,Yes,Yes,3600.7502617836,60.012504363059996,9,6618.0,Gurobi Status: 9
F28,P28_3,8,200000,300000,1306,286964.0,288270.0,88270.0,Scheduled - Deadline Met,Yes,Yes,3600.7502617836,60.012504363059996,9,6618.0,Gurobi Status: 9
F28,P28_4,2,300000,400000,1306,396376.0,397682.0,97682.0,Scheduled - Deadline Met,Yes,Yes,3600.7502617836,60.012504363059996,9,6618.0,Gurobi Status: 9
F28,P28_5,8,400000,500000,1306,,,,Optional Packets- Not Scheduled,No,N/A,3600.7502617836,60.012504363059996,9,6618.0,Gurobi Status: 9
F28,P28_6,2,500000,600000,1306,513766.0,515072.0,15072.0,Scheduled - Deadline Met,Yes,Yes,3600.7502617836,60.012504363059996,9,6618.0,Gurobi Status: 9
F28,P28_7,8,600000,700000,1306,672151.0,673457.0,73457.0,Scheduled - Deadline Met,Yes,Yes,3600.7502617836,60.012504363059996,9,6618.0,Gurobi Status: 9
F28,P28_8,2,700000,800000,1306,784632.0,785938.0,85938.0,Scheduled - Deadline Met,Yes,Yes,3600.7502617836,60.012504363059996,9,6618.0,Gurobi Status: 9
F28,P28_9,8,800000,900000,1306,,,,Optional Packets- Not Scheduled,No,N/A,3600.7502617836,60.012504363059996,9,6618.0,Gurobi Status: 9
F28,P28_10,2,900000,1000000,1306,957929.0,959235.0,59235.0,Scheduled - Deadline Met,Yes,Yes,3600.7502617836,60.012504363059996,9,6618.0,Gurobi Status: 9
F28,P28_11,8,1000000,1100000,1306,1093415.0,1094721.0,94721.0,Scheduled - Deadline Met,Yes,Yes,3600.7502617836,60.012504363059996,9,6618.0,Gurobi Status: 9
F28,P28_12,2,1100000,1200000,1306,1183076.0,1184382.0,84382.0,Scheduled - Deadline Met,Yes,Yes,3600.7502617836,60.012504363059996,9,6618.0,Gurobi Status: 9
F28,P28_13,8,1200000,1300000,1306,,,,Optional Packets- Not Scheduled,No,N/A,3600.7502617836,60.012504363059996,9,6618.0,Gurobi Status: 9
F28,P28_14,2,1300000,1400000,1306,1385548.0,1386854.0,86854.0,Scheduled - Deadline Met,Yes,Yes,3600.7502617836,60.012504363059996,9,6618.0,Gurobi Status: 9
F28,P28_15,8,1400000,1500000,1306,1487900.0,1489206.0,89206.0,Scheduled - Deadline Met,Yes,Yes,3600.7502617836,60.012504363059996,9,6618.0,Gurobi Status: 9
F28,P28_16,2,1500000,1600000,1306,1540315.0,1541621.0,41621.0,Scheduled - Deadline Met,Yes,Yes,3600.7502617836,60.012504363059996,9,6618.0,Gurobi Status: 9
F28,P28_17,8,1600000,1700000,1306,,,,Optional Packets- Not Scheduled,No,N/A,3600.7502617836,60.012504363059996,9,6618.0,Gurobi Status: 9
F28,P28_18,2,1700000,1800000,1306,1779570.0,1780876.0,80876.0,Scheduled - Deadline Met,Yes,Yes,3600.7502617836,60.012504363059996,9,6618.0,Gurobi Status: 9
F28,P28_19,8,1800000,1900000,1306,1883000.0,1884306.0,84306.0,Scheduled - Deadline Met,Yes,Yes,3600.7502617836,60.012504363059996,9,6618.0,Gurobi Status: 9
F28,P28_20,2,1900000,2000000,1306,1972992.0,1974298.0,74298.0,Scheduled - Deadline Met,Yes,Yes,3600.7502617836,60.012504363059996,9,6618.0,Gurobi Status: 9
F28,P28_21,8,2000000,2100000,1306,,,,Optional Packets- Not Scheduled,No,N/A,3600.7502617836,60.012504363059996,9,6618.0,Gurobi Status: 9
F28,P28_22,2,2100000,2200000,1306,2184052.0,2185358.0,85358.0,Scheduled - Deadline Met,Yes,Yes,3600.7502617836,60.012504363059996,9,6618.0,Gurobi Status: 9
F28,P28_23,8,2200000,2300000,1306,2273703.0,2275009.0,75009.0,Scheduled - Deadline Met,Yes,Yes,3600.7502617836,60.012504363059996,9,6618.0,Gurobi Status: 9
F28,P28_24,2,2300000,2400000,1306,2368978.0,2370284.0,70284.0,Scheduled - Deadline Met,Yes,Yes,3600.7502617836,60.012504363059996,9,6618.0,Gurobi Status: 9
F29,P29_1,8,0,100000,672,35642.0,36314.0,36314.0,Scheduled - Deadline Met,Yes,Yes,3600.7502617836,60.012504363059996,9,6618.0,Gurobi Status: 9
F29,P29_2,6,100000,200000,672,189440.0,190112.0,90112.0,Scheduled - Deadline Met,Yes,Yes,3600.7502617836,60.012504363059996,9,6618.0,Gurobi Status: 9
F29,P29_3,8,200000,300000,672,290527.0,291199.0,91199.0,Scheduled - Deadline Met,Yes,Yes,3600.7502617836,60.012504363059996,9,6618.0,Gurobi Status: 9
F29,P29_4,6,300000,400000,672,370123.0,370795.0,70795.0,Scheduled - Deadline Met,Yes,Yes,3600.7502617836,60.012504363059996,9,6618.0,Gurobi Status: 9
F29,P29_5,8,400000,500000,672,421953.0,422625.0,22625.0,Scheduled - Deadline Met,Yes,Yes,3600.7502617836,60.012504363059996,9,6618.0,Gurobi Status: 9
F29,P29_6,6,500000,600000,672,563510.0,564182.0,64182.0,Scheduled - Deadline Met,Yes,Yes,3600.7502617836,60.012504363059996,9,6618.0,Gurobi Status: 9
F29,P29_7,8,600000,700000,672,675714.0,676386.0,76386.0,Scheduled - Deadline Met,Yes,Yes,3600.7502617836,60.012504363059996,9,6618.0,Gurobi Status: 9
F29,P29_8,6,700000,800000,672,783864.0,784536.0,84536.0,Scheduled - Deadline Met,Yes,Yes,3600.7502617836,60.012504363059996,9,6618.0,Gurobi Status: 9
F29,P29_9,8,800000,900000,672,,,,Optional Packets- Not Scheduled,No,N/A,3600.7502617836,60.012504363059996,9,6618.0,Gurobi Status: 9
F29,P29_10,6,900000,1000000,672,985965.0,986637.0,86637.0,Scheduled - Deadline Met,Yes,Yes,3600.7502617836,60.012504363059996,9,6618.0,Gurobi Status: 9
F29,P29_11,8,1000000,1100000,672,1098307.0,1098979.0,98979.0,Scheduled - Deadline Met,Yes,Yes,3600.7502617836,60.012504363059996,9,6618.0,Gurobi Status: 9
F29,P29_12,6,1100000,1200000,672,1129655.0,1130327.0,30327.0,Scheduled - Deadline Met,Yes,Yes,3600.7502617836,60.012504363059996,9,6618.0,Gurobi Status: 9
F29,P29_13,8,1200000,1300000,672,,,,Optional Packets- Not Scheduled,No,N/A,3600.7502617836,60.012504363059996,9,6618.0,Gurobi Status: 9
F29,P29_14,6,1300000,1400000,672,1392871.0,1393543.0,93543.0,Scheduled - Deadline Met,Yes,Yes,3600.7502617836,60.012504363059996,9,6618.0,Gurobi Status: 9
F29,P29_15,8,1400000,1500000,672,1491463.0,1492135.0,92135.0,Scheduled - Deadline Met,Yes,Yes,3600.7502617836,60.012504363059996,9,6618.0,Gurobi Status: 9
F29,P29_16,6,1500000,1600000,672,1541717.0,1542389.0,42389.0,Scheduled - Deadline Met,Yes,Yes,3600.7502617836,60.012504363059996,9,6618.0,Gurobi Status: 9
F29,P29_17,8,1600000,1700000,672,1699328.0,1700000.0,100000.0,Scheduled - Deadline Met,Yes,Yes,3600.7502617836,60.012504363059996,9,6618.0,Gurobi Status: 9
F29,P29_18,6,1700000,1800000,672,1790093.0,1790765.0,90765.0,Scheduled - Deadline Met,Yes,Yes,3600.7502617836,60.012504363059996,9,6618.0,Gurobi Status: 9
F29,P29_19,8,1800000,1900000,672,1886563.0,1887235.0,87235.0,Scheduled - Deadline Met,Yes,Yes,3600.7502617836,60.012504363059996,9,6618.0,Gurobi Status: 9
F29,P29_20,6,1900000,2000000,672,1937827.0,1938499.0,38499.0,Scheduled - Deadline Met,Yes,Yes,3600.7502617836,60.012504363059996,9,6618.0,Gurobi Status: 9
F29,P29_21,8,2000000,2100000,672,,,,Optional Packets- Not Scheduled,No,N/A,3600.7502617836,60.012504363059996,9,6618.0,Gurobi Status: 9
F29,P29_22,6,2100000,2200000,672,2174111.0,2174783.0,74783.0,Scheduled - Deadline Met,Yes,Yes,3600.7502617836,60.012504363059996,9,6618.0,Gurobi Status: 9
F29,P29_23,8,2200000,2300000,672,2278595.0,2279267.0,79267.0,Scheduled - Deadline Met,Yes,Yes,3600.7502617836,60.012504363059996,9,6618.0,Gurobi Status: 9
F29,P29_24,6,2300000,2400000,672,2392411.0,2393083.0,93083.0,Scheduled - Deadline Met,Yes,Yes,3600.7502617836,60.012504363059996,9,6618.0,Gurobi Status: 9
F3,P3_1,1,0,400000,10159,88129.0,98288.0,98288.0,Scheduled - Deadline Met,Yes,Yes,3600.7502617836,60.012504363059996,9,6618.0,Gurobi Status: 9
F3,P3_2,1,400000,800000,10159,521982.0,532141.0,132141.0,Scheduled - Deadline Met,Yes,Yes,3600.7502617836,60.012504363059996,9,6618.0,Gurobi Status: 9
F3,P3_3,8,800000,1200000,10159,,,,Optional Packets- Not Scheduled,No,N/A,3600.7502617836,60.012504363059996,9,6618.0,Gurobi Status: 9
F3,P3_4,1,1200000,1600000,10159,1339675.0,1349834.0,149834.0,Scheduled - Deadline Met,Yes,Yes,3600.7502617836,60.012504363059996,9,6618.0,Gurobi Status: 9
F3,P3_5,1,1600000,2000000,10159,1667329.0,1677488.0,77488.0,Scheduled - Deadline Met,Yes,Yes,3600.7502617836,60.012504363059996,9,6618.0,Gurobi Status: 9
F3,P3_6,8,2000000,2400000,10159,,,,Optional Packets- Not Scheduled,No,N/A,3600.7502617836,60.012504363059996,9,6618.0,Gurobi Status: 9
F30,P30_1,8,0,200000,4043,137641.0,141684.0,141684.0,Scheduled - Deadline Met,Yes,Yes,3600.7502617836,60.012504363059996,9,6618.0,Gurobi Status: 9
F30,P30_2,2,200000,400000,4043,325790.0,329833.0,129833.0,Scheduled - Deadline Met,Yes,Yes,3600.7502617836,60.012504363059996,9,6618.0,Gurobi Status: 9
F30,P30_3,8,400000,600000,4043,,,,Optional Packets- Not Scheduled,No,N/A,3600.7502617836,60.012504363059996,9,6618.0,Gurobi Status: 9
F30,P30_4,2,600000,800000,4043,707739.0,711782.0,111782.0,Scheduled - Deadline Met,Yes,Yes,3600.7502617836,60.012504363059996,9,6618.0,Gurobi Status: 9
F30,P30_5,8,800000,1000000,4043,,,,Optional Packets- Not Scheduled,No,N/A,3600.7502617836,60.012504363059996,9,6618.0,Gurobi Status: 9
F30,P30_6,2,1000000,1200000,4043,1082266.0,1086309.0,86309.0,Scheduled - Deadline Met,Yes,Yes,3600.7502617836,60.012504363059996,9,6618.0,Gurobi Status: 9
F30,P30_7,8,1200000,1400000,4043,,,,Optional Packets- Not Scheduled,No,N/A,3600.7502617836,60.012504363059996,9,6618.0,Gurobi Status: 9
F30,P30_8,2,1400000,1600000,4043,1521178.0,1525221.0,125221.0,Scheduled - Deadline Met,Yes,Yes,3600.7502617836,60.012504363059996,9,6618.0,Gurobi Status: 9
F30,P30_9,8,1600000,1800000,4043,,,,Optional Packets- Not Scheduled,No,N/A,3600.7502617836,60.012504363059996,9,6618.0,Gurobi Status: 9
F30,P30_10,2,1800000,2000000,4043,1933688.0,1937731.0,137731.0,Scheduled - Deadline Met,Yes,Yes,3600.7502617836,60.012504363059996,9,6618.0,Gurobi Status: 9
F30,P30_11,8,2000000,2200000,4043,,,,Optional Packets- Not Scheduled,No,N/A,3600.7502617836,60.012504363059996,9,6618.0,Gurobi Status: 9
F30,P30_12,2,2200000,2400000,4043,2306754.0,2310797.0,110797.0,Scheduled - Deadline Met,Yes,Yes,3600.7502617836,60.012504363059996,9,6618.0,Gurobi Status: 9
F31,P31_1,8,0,200000,4611,,,,Optional Packets- Not Scheduled,No,N/A,3600.7502617836,60.012504363059996,9,6618.0,Gurobi Status: 9
F31,P31_2,2,200000,400000,4611,217869.0,222480.0,22480.0,Scheduled - Deadline Met,Yes,Yes,3600.7502617836,60.012504363059996,9,6618.0,Gurobi Status: 9
F31,P31_3,8,400000,600000,4611,,,,Optional Packets- Not Scheduled,No,N/A,3600.7502617836,60.012504363059996,9,6618.0,Gurobi Status: 9
F31,P31_4,2,600000,800000,4611,625674.0,630285.0,30285.0,Scheduled - Deadline Met,Yes,Yes,3600.7502617836,60.012504363059996,9,6618.0,Gurobi Status: 9
F31,P31_5,8,800000,1000000,4611,898904.0,903515.0,103515.0,Scheduled - Deadline Met,Yes,Yes,3600.7502617836,60.012504363059996,9,6618.0,Gurobi Status: 9
F31,P31_6,2,1000000,1200000,4611,1077559.0,1082170.0,82170.0,Scheduled - Deadline Met,Yes,Yes,3600.7502617836,60.012504363059996,9,6618.0,Gurobi Status: 9
F31,P31_7,8,1200000,1400000,4611,,,,Optional Packets- Not Scheduled,No,N/A,3600.7502617836,60.012504363059996,9,6618.0,Gurobi Status: 9
F31,P31_8,2,1400000,1600000,4611,1482264.0,1486875.0,86875.0,Scheduled - Deadline Met,Yes,Yes,3600.7502617836,60.012504363059996,9,6618.0,Gurobi Status: 9
F31,P31_9,8,1600000,1800000,4611,1707739.0,1712350.0,112350.0,Scheduled - Deadline Met,Yes,Yes,3600.7502617836,60.012504363059996,9,6618.0,Gurobi Status: 9
F31,P31_10,2,1800000,2000000,4611,1913515.0,1918126.0,118126.0,Scheduled - Deadline Met,Yes,Yes,3600.7502617836,60.012504363059996,9,6618.0,Gurobi Status: 9
F31,P31_11,8,2000000,2200000,4611,,,,Optional Packets- Not Scheduled,No,N/A,3600.7502617836,60.012504363059996,9,6618.0,Gurobi Status: 9
F31,P31_12,2,2200000,2400000,4611,2302047.0,2306658.0,106658.0,Scheduled - Deadline Met,Yes,Yes,3600.7502617836,60.012504363059996,9,6618.0,Gurobi Status: 9
F32,P32_1,8,0,400000,1344,,,,Optional Packets- Not Scheduled,No,N/A,3600.7502617836,60.012504363059996,9,6618.0,Gurobi Status: 9
F32,P32_2,7,400000,800000,1344,520542.0,521886.0,121886.0,Scheduled - Deadline Met,Yes,Yes,3600.7502617836,60.012504363059996,9,6618.0,Gurobi Status: 9
F32,P32_3,8,800000,1200000,1344,910288.0,911632.0,111632.0,Scheduled - Deadline Met,Yes,Yes,3600.7502617836,60.012504363059996,9,6618.0,Gurobi Status: 9
F32,P32_4,7,1200000,1600000,1344,1363570.0,1364914.0,164914.0,Scheduled - Deadline Met,Yes,Yes,3600.7502617836,60.012504363059996,9,6618.0,Gurobi Status: 9
F32,P32_5,8,1600000,2000000,1344,,,,Optional Packets- Not Scheduled,No,N/A,3600.7502617836,60.012504363059996,9,6618.0,Gurobi Status: 9
F32,P32_6,7,2000000,2400000,1344,2088581.0,2089925.0,89925.0,Scheduled - Deadline Met,Yes,Yes,3600.7502617836,60.012504363059996,9,6618.0,Gurobi Status: 9
F33,P33_1,8,0,100000,1076,33481.0,34557.0,34557.0,Scheduled - Deadline Met,Yes,Yes,3600.7502617836,60.012504363059996,9,6618.0,Gurobi Status: 9
F33,P33_2,5,100000,200000,1076,188268.0,189344.0,89344.0,Scheduled - Deadline Met,Yes,Yes,3600.7502617836,60.012504363059996,9,6618.0,Gurobi Status: 9
F33,P33_3,8,200000,300000,1076,288366.0,289442.0,89442.0,Scheduled - Deadline Met,Yes,Yes,3600.7502617836,60.012504363059996,9,6618.0,Gurobi Status: 9
F33,P33_4,5,300000,400000,1076,384251.0,385327.0,85327.0,Scheduled - Deadline Met,Yes,Yes,3600.7502617836,60.012504363059996,9,6618.0,Gurobi Status: 9
F33,P33_5,8,400000,500000,1076,419792.0,420868.0,20868.0,Scheduled - Deadline Met,Yes,Yes,3600.7502617836,60.012504363059996,9,6618.0,Gurobi Status: 9
F33,P33_6,5,500000,600000,1076,532837.0,533913.0,33913.0,Scheduled - Deadline Met,Yes,Yes,3600.7502617836,60.012504363059996,9,6618.0,Gurobi Status: 9
F33,P33_7,8,600000,700000,1076,673553.0,674629.0,74629.0,Scheduled - Deadline Met,Yes,Yes,3600.7502617836,60.012504363059996,9,6618.0,Gurobi Status: 9
F33,P33_8,5,700000,800000,1076,782692.0,783768.0,83768.0,Scheduled - Deadline Met,Yes,Yes,3600.7502617836,60.012504363059996,9,6618.0,Gurobi Status: 9
F33,P33_9,8,800000,900000,1076,,,,Optional Packets- Not Scheduled,No,N/A,3600.7502617836,60.012504363059996,9,6618.0,Gurobi Status: 9
F33,P33_10,5,900000,1000000,1076,976890.0,977966.0,77966.0,Scheduled - Deadline Met,Yes,Yes,3600.7502617836,60.012504363059996,9,6618.0,Gurobi Status: 9
F33,P33_11,8,1000000,1100000,1076,1096146.0,1097222.0,97222.0,Scheduled - Deadline Met,Yes,Yes,3600.7502617836,60.012504363059996,9,6618.0,Gurobi Status: 9
F33,P33_12,5,1100000,1200000,1076,1171997.0,1173073.0,73073.0,Scheduled - Deadline Met,Yes,Yes,3600.7502617836,60.012504363059996,9,6618.0,Gurobi Status: 9
F33,P33_13,8,1200000,1300000,1076,,,,Optional Packets- Not Scheduled,No,N/A,3600.7502617836,60.012504363059996,9,6618.0,Gurobi Status: 9
F33,P33_14,5,1300000,1400000,1076,1369375.0,1370451.0,70451.0,Scheduled - Deadline Met,Yes,Yes,3600.7502617836,60.012504363059996,9,6618.0,Gurobi Status: 9
F33,P33_15,8,1400000,1500000,1076,1489302.0,1490378.0,90378.0,Scheduled - Deadline Met,Yes,Yes,3600.7502617836,60.012504363059996,9,6618.0,Gurobi Status: 9
F33,P33_16,5,1500000,1600000,1076,1591575.0,1592651.0,92651.0,Scheduled - Deadline Met,Yes,Yes,3600.7502617836,60.012504363059996,9,6618.0,Gurobi Status: 9
F33,P33_17,8,1600000,1700000,1076,1697167.0,1698243.0,98243.0,Scheduled - Deadline Met,Yes,Yes,3600.7502617836,60.012504363059996,9,6618.0,Gurobi Status: 9
F33,P33_18,5,1700000,1800000,1076,1761732.0,1762808.0,62808.0,Scheduled - Deadline Met,Yes,Yes,3600.7502617836,60.012504363059996,9,6618.0,Gurobi Status: 9
F33,P33_19,8,1800000,1900000,1076,1884402.0,1885478.0,85478.0,Scheduled - Deadline Met,Yes,Yes,3600.7502617836,60.012504363059996,9,6618.0,Gurobi Status: 9
F33,P33_20,5,1900000,2000000,1076,1983544.0,1984620.0,84620.0,Scheduled - Deadline Met,Yes,Yes,3600.7502617836,60.012504363059996,9,6618.0,Gurobi Status: 9
F33,P33_21,8,2000000,2100000,1076,,,,Optional Packets- Not Scheduled,No,N/A,3600.7502617836,60.012504363059996,9,6618.0,Gurobi Status: 9
F33,P33_22,5,2100000,2200000,1076,2179340.0,2180416.0,80416.0,Scheduled - Deadline Met,Yes,Yes,3600.7502617836,60.012504363059996,9,6618.0,Gurobi Status: 9
F33,P33_23,8,2200000,2300000,1076,2276434.0,2277510.0,77510.0,Scheduled - Deadline Met,Yes,Yes,3600.7502617836,60.012504363059996,9,6618.0,Gurobi Status: 9
F33,P33_24,5,2300000,2400000,1076,2391239.0,2392315.0,92315.0,Scheduled - Deadline Met,Yes,Yes,3600.7502617836,60.012504363059996,9,6618.0,Gurobi Status: 9
F34,P34_1,8,0,100000,2115,29868.0,31983.0,31983.0,Scheduled - Deadline Met,Yes,Yes,3600.7502617836,60.012504363059996,9,6618.0,Gurobi Status: 9
F34,P34_2,3,100000,200000,2115,175654.0,177769.0,77769.0,Scheduled - Deadline Met,Yes,Yes,3600.7502617836,60.012504363059996,9,6618.0,Gurobi Status: 9
F34,P34_3,8,200000,300000,2115,,,,Optional Packets- Not Scheduled,No,N/A,3600.7502617836,60.012504363059996,9,6618.0,Gurobi Status: 9
F34,P34_4,3,300000,400000,2115,378170.0,380285.0,80285.0,Scheduled - Deadline Met,Yes,Yes,3600.7502617836,60.012504363059996,9,6618.0,Gurobi Status: 9
F34,P34_5,8,400000,500000,2115,,,,Optional Packets- Not Scheduled,No,N/A,3600.7502617836,60.012504363059996,9,6618.0,Gurobi Status: 9
F34,P34_6,3,500000,600000,2115,586012.0,588127.0,88127.0,Scheduled - Deadline Met,Yes,Yes,3600.7502617836,60.012504363059996,9,6618.0,Gurobi Status: 9
F34,P34_7,8,600000,700000,2115,669940.0,672055.0,72055.0,Scheduled - Deadline Met,Yes,Yes,3600.7502617836,60.012504363059996,9,6618.0,Gurobi Status: 9
F34,P34_8,3,700000,800000,2115,793940.0,796055.0,96055.0,Scheduled - Deadline Met,Yes,Yes,3600.7502617836,60.012504363059996,9,6618.0,Gurobi Status: 9
F34,P34_9,8,800000,900000,2115,,,,Optional Packets- Not Scheduled,No,N/A,3600.7502617836,60.012504363059996,9,6618.0,Gurobi Status: 9
F34,P34_10,3,900000,1000000,2115,990769.0,992884.0,92884.0,Scheduled - Deadline Met,Yes,Yes,3600.7502617836,60.012504363059996,9,6618.0,Gurobi Status: 9
F34,P34_11,8,1000000,1100000,2115,1091204.0,1093319.0,93319.0,Scheduled - Deadline Met,Yes,Yes,3600.7502617836,60.012504363059996,9,6618.0,Gurobi Status: 9
F34,P34_12,3,1100000,1200000,2115,1126455.0,1128570.0,28570.0,Scheduled - Deadline Met,Yes,Yes,3600.7502617836,60.012504363059996,9,6618.0,Gurobi Status: 9
F34,P34_13,8,1200000,1300000,2115,,,,Optional Packets- Not Scheduled,No,N/A,3600.7502617836,60.012504363059996,9,6618.0,Gurobi Status: 9
F34,P34_14,3,1300000,1400000,2115,1370547.0,1372662.0,72662.0,Scheduled - Deadline Met,Yes,Yes,3600.7502617836,60.012504363059996,9,6618.0,Gurobi Status: 9
F34,P34_15,8,1400000,1500000,2115,1419284.0,1421399.0,21399.0,Scheduled - Deadline Met,Yes,Yes,3600.7502617836,60.012504363059996,9,6618.0,Gurobi Status: 9
F34,P34_16,3,1500000,1600000,2115,1580214.0,1582329.0,82329.0,Scheduled - Deadline Met,Yes,Yes,3600.7502617836,60.012504363059996,9,6618.0,Gurobi Status: 9
F34,P34_17,8,1600000,1700000,2115,1693627.0,1695742.0,95742.0,Scheduled - Deadline Met,Yes,Yes,3600.7502617836,60.012504363059996,9,6618.0,Gurobi Status: 9
F34,P34_18,3,1700000,1800000,2115,1787882.0,1789997.0,89997.0,Scheduled - Deadline Met,Yes,Yes,3600.7502617836,60.012504363059996,9,6618.0,Gurobi Status: 9
F34,P34_19,8,1800000,1900000,2115,1880789.0,1882904.0,82904.0,Scheduled - Deadline Met,Yes,Yes,3600.7502617836,60.012504363059996,9,6618.0,Gurobi Status: 9
F34,P34_20,3,1900000,2000000,2115,1970781.0,1972896.0,72896.0,Scheduled - Deadline Met,Yes,Yes,3600.7502617836,60.012504363059996,9,6618.0,Gurobi Status: 9
F34,P34_21,8,2000000,2100000,2115,,,,Optional Packets- Not Scheduled,No,N/A,3600.7502617836,60.012504363059996,9,6618.0,Gurobi Status: 9
F34,P34_22,3,2100000,2200000,2115,2180512.0,2182627.0,82627.0,Scheduled - Deadline Met,Yes,Yes,3600.7502617836,60.012504363059996,9,6618.0,Gurobi Status: 9
F34,P34_23,8,2200000,2300000,2115,2271492.0,2273607.0,73607.0,Scheduled - Deadline Met,Yes,Yes,3600.7502617836,60.012504363059996,9,6618.0,Gurobi Status: 9
F34,P34_24,3,2300000,2400000,2115,2370380.0,2372495.0,72495.0,Scheduled - Deadline Met,Yes,Yes,3600.7502617836,60.012504363059996,9,6618.0,Gurobi Status: 9
F35,P35_1,6,0,400000,600,177769.0,178369.0,178369.0,Scheduled - Deadline Met,Yes,Yes,3600.7502617836,60.012504363059996,9,6618.0,Gurobi Status: 9
F35,P35_2,8,400000,800000,600,,,,Optional Packets- Not Scheduled,No,N/A,3600.7502617836,60.012504363059996,9,6618.0,Gurobi Status: 9
F35,P35_3,6,800000,1200000,600,872242.0,872842.0,72842.0,Scheduled - Deadline Met,Yes,Yes,3600.7502617836,60.012504363059996,9,6618.0,Gurobi Status: 9
F35,P35_4,8,1200000,1600000,600,1310904.0,1311504.0,111504.0,Scheduled - Deadline Met,Yes,Yes,3600.7502617836,60.012504363059996,9,6618.0,Gurobi Status: 9
F35,P35_5,6,1600000,2000000,600,1778970.0,1779570.0,179570.0,Scheduled - Deadline Met,Yes,Yes,3600.7502617836,60.012504363059996,9,6618.0,Gurobi Status: 9
F35,P35_6,8,2000000,2400000,600,2139516.0,2140116.0,140116.0,Scheduled - Deadline Met,Yes,Yes,3600.7502617836,60.012504363059996,9,6618.0,Gurobi Status: 9
F36,P36_1,8,0,100000,4593,16848.0,21441.0,21441.0,Scheduled - Deadline Met,Yes,Yes,3600.7502617836,60.012504363059996,9,6618.0,Gurobi Status: 9
F36,P36_2,1,100000,200000,4593,157573.0,162166.0,62166.0,Scheduled - Deadline Met,Yes,Yes,3600.7502617836,60.012504363059996,9,6618.0,Gurobi Status: 9
F36,P36_3,8,200000,300000,4593,,,,Optional Packets- Not Scheduled,No,N/A,3600.7502617836,60.012504363059996,9,6618.0,Gurobi Status: 9
F36,P36_4,1,300000,400000,4593,385423.0,390016.0,90016.0,Scheduled - Deadline Met,Yes,Yes,3600.7502617836,60.012504363059996,9,6618.0,Gurobi Status: 9
F36,P36_5,8,400000,500000,4593,,,,Optional Packets- Not Scheduled,No,N/A,3600.7502617836,60.012504363059996,9,6618.0,Gurobi Status: 9
F36,P36_6,1,500000,600000,4593,589212.0,593805.0,93805.0,Scheduled - Deadline Met,Yes,Yes,3600.7502617836,60.012504363059996,9,6618.0,Gurobi Status: 9
F36,P36_7,8,600000,700000,4593,656920.0,661513.0,61513.0,Scheduled - Deadline Met,Yes,Yes,3600.7502617836,60.012504363059996,9,6618.0,Gurobi Status: 9
F36,P36_8,1,700000,800000,4593,730014.0,734607.0,34607.0,Scheduled - Deadline Met,Yes,Yes,3600.7502617836,60.012504363059996,9,6618.0,Gurobi Status: 9
F36,P36_9,8,800000,900000,4593,,,,Optional Packets- Not Scheduled,No,N/A,3600.7502617836,60.012504363059996,9,6618.0,Gurobi Status: 9
F36,P36_10,1,900000,1000000,4593,959331.0,963924.0,63924.0,Scheduled - Deadline Met,Yes,Yes,3600.7502617836,60.012504363059996,9,6618.0,Gurobi Status: 9
F36,P36_11,8,1000000,1100000,4593,,,,Optional Packets- Not Scheduled,No,N/A,3600.7502617836,60.012504363059996,9,6618.0,Gurobi Status: 9
F36,P36_12,1,1100000,1200000,4593,1184478.0,1189071.0,89071.0,Scheduled - Deadline Met,Yes,Yes,3600.7502617836,60.012504363059996,9,6618.0,Gurobi Status: 9
F36,P36_13,8,1200000,1300000,4593,,,,Optional Packets- Not Scheduled,No,N/A,3600.7502617836,60.012504363059996,9,6618.0,Gurobi Status: 9
F36,P36_14,1,1300000,1400000,4593,1386950.0,1391543.0,91543.0,Scheduled - Deadline Met,Yes,Yes,3600.7502617836,60.012504363059996,9,6618.0,Gurobi Status: 9
F36,P36_15,8,1400000,1500000,4593,1402228.0,1406821.0,6821.0,Scheduled - Deadline Met,Yes,Yes,3600.7502617836,60.012504363059996,9,6618.0,Gurobi Status: 9
F36,P36_16,1,1500000,1600000,4593,1586886.0,1591479.0,91479.0,Scheduled - Deadline Met,Yes,Yes,3600.7502617836,60.012504363059996,9,6618.0,Gurobi Status: 9
F36,P36_17,8,1600000,1700000,4593,,,,Optional Packets- Not Scheduled,No,N/A,3600.7502617836,60.012504363059996,9,6618.0,Gurobi Status: 9
F36,P36_18,1,1700000,1800000,4593,1790861.0,1795454.0,95454.0,Scheduled - Deadline Met,Yes,Yes,3600.7502617836,60.012504363059996,9,6618.0,Gurobi Status: 9
F36,P36_19,8,1800000,1900000,4593,1822316.0,1826909.0,26909.0,Scheduled - Deadline Met,Yes,Yes,3600.7502617836,60.012504363059996,9,6618.0,Gurobi Status: 9
F36,P36_20,1,1900000,2000000,4593,1974394.0,1978987.0,78987.0,Scheduled - Deadline Met,Yes,Yes,3600.7502617836,60.012504363059996,9,6618.0,Gurobi Status: 9
F36,P36_21,8,2000000,2100000,4593,,,,Optional Packets- Not Scheduled,No,N/A,3600.7502617836,60.012504363059996,9,6618.0,Gurobi Status: 9
F36,P36_22,1,2100000,2200000,4593,2188154.0,2192747.0,92747.0,Scheduled - Deadline Met,Yes,Yes,3600.7502617836,60.012504363059996,9,6618.0,Gurobi Status: 9
F36,P36_23,8,2200000,2300000,4593,2258472.0,2263065.0,63065.0,Scheduled - Deadline Met,Yes,Yes,3600.7502617836,60.012504363059996,9,6618.0,Gurobi Status: 9
F36,P36_24,1,2300000,2400000,4593,2393179.0,2397772.0,97772.0,Scheduled - Deadline Met,Yes,Yes,3600.7502617836,60.012504363059996,9,6618.0,Gurobi Status: 9
F37,P37_1,5,0,400000,3506,76814.0,80320.0,80320.0,Scheduled - Deadline Met,Yes,Yes,3600.7502617836,60.012504363059996,9,6618.0,Gurobi Status: 9
F37,P37_2,8,400000,800000,3506,,,,Optional Packets- Not Scheduled,No,N/A,3600.7502617836,60.012504363059996,9,6618.0,Gurobi Status: 9
F37,P37_3,5,800000,1200000,3506,855819.0,859325.0,59325.0,Scheduled - Deadline Met,Yes,Yes,3600.7502617836,60.012504363059996,9,6618.0,Gurobi Status: 9
F37,P37_4,8,1200000,1600000,3506,1306550.0,1310056.0,110056.0,Scheduled - Deadline Met,Yes,Yes,3600.7502617836,60.012504363059996,9,6618.0,Gurobi Status: 9
F37,P37_5,5,1600000,2000000,3506,1647277.0,1650783.0,50783.0,Scheduled - Deadline Met,Yes,Yes,3600.7502617836,60.012504363059996,9,6618.0,Gurobi Status: 9
F37,P37_6,8,2000000,2400000,3506,,,,Optional Packets- Not Scheduled,No,N/A,3600.7502617836,60.012504363059996,9,6618.0,Gurobi Status: 9
F38,P38_1,8,0,100000,4365,21537.0,25902.0,25902.0,Scheduled - Deadline Met,Yes,Yes,3600.7502617836,60.012504363059996,9,6618.0,Gurobi Status: 9
F38,P38_2,5,100000,200000,4365,182405.0,186770.0,86770.0,Scheduled - Deadline Met,Yes,Yes,3600.7502617836,60.012504363059996,9,6618.0,Gurobi Status: 9
F38,P38_3,8,200000,300000,4365,239526.0,243891.0,43891.0,Scheduled - Deadline Met,Yes,Yes,3600.7502617836,60.012504363059996,9,6618.0,Gurobi Status: 9
F38,P38_4,5,300000,400000,4365,356993.0,361358.0,61358.0,Scheduled - Deadline Met,Yes,Yes,3600.7502617836,60.012504363059996,9,6618.0,Gurobi Status: 9
F38,P38_5,8,400000,500000,4365,,,,Optional Packets- Not Scheduled,No,N/A,3600.7502617836,60.012504363059996,9,6618.0,Gurobi Status: 9
F38,P38_6,5,500000,600000,4365,515168.0,519533.0,19533.0,Scheduled - Deadline Met,Yes,Yes,3600.7502617836,60.012504363059996,9,6618.0,Gurobi Status: 9
F38,P38_7,8,600000,700000,4365,661609.0,665974.0,65974.0,Scheduled - Deadline Met,Yes,Yes,3600.7502617836,60.012504363059996,9,6618.0,Gurobi Status: 9
F38,P38_8,5,700000,800000,4365,769562.0,773927.0,73927.0,Scheduled - Deadline Met,Yes,Yes,3600.7502617836,60.012504363059996,9,6618.0,Gurobi Status: 9
F38,P38_9,8,800000,900000,4365,,,,Optional Packets- Not Scheduled,No,N/A,3600.7502617836,60.012504363059996,9,6618.0,Gurobi Status: 9
F38,P38_10,5,900000,1000000,4365,964020.0,968385.0,68385.0,Scheduled - Deadline Met,Yes,Yes,3600.7502617836,60.012504363059996,9,6618.0,Gurobi Status: 9
F38,P38_11,8,1000000,1100000,4365,,,,Optional Packets- Not Scheduled,No,N/A,3600.7502617836,60.012504363059996,9,6618.0,Gurobi Status: 9
F38,P38_12,5,1100000,1200000,4365,1156725.0,1161090.0,61090.0,Scheduled - Deadline Met,Yes,Yes,3600.7502617836,60.012504363059996,9,6618.0,Gurobi Status: 9
F38,P38_13,8,1200000,1300000,4365,,,,Optional Packets- Not Scheduled,No,N/A,3600.7502617836,60.012504363059996,9,6618.0,Gurobi Status: 9
F38,P38_14,5,1300000,1400000,4365,1364914.0,1369279.0,69279.0,Scheduled - Deadline Met,Yes,Yes,3600.7502617836,60.012504363059996,9,6618.0,Gurobi Status: 9
F38,P38_15,8,1400000,1500000,4365,1406917.0,1411282.0,11282.0,Scheduled - Deadline Met,Yes,Yes,3600.7502617836,60.012504363059996,9,6618.0,Gurobi Status: 9
F38,P38_16,5,1500000,1600000,4365,1582425.0,1586790.0,86790.0,Scheduled - Deadline Met,Yes,Yes,3600.7502617836,60.012504363059996,9,6618.0,Gurobi Status: 9
F38,P38_17,8,1600000,1700000,4365,,,,Optional Packets- Not Scheduled,No,N/A,3600.7502617836,60.012504363059996,9,6618.0,Gurobi Status: 9
F38,P38_18,5,1700000,1800000,4365,1740830.0,1745195.0,45195.0,Scheduled - Deadline Met,Yes,Yes,3600.7502617836,60.012504363059996,9,6618.0,Gurobi Status: 9
F38,P38_19,8,1800000,1900000,4365,,,,Optional Packets- Not Scheduled,No,N/A,3600.7502617836,60.012504363059996,9,6618.0,Gurobi Status: 9
F38,P38_20,5,1900000,2000000,4365,1979083.0,1983448.0,83448.0,Scheduled - Deadline Met,Yes,Yes,3600.7502617836,60.012504363059996,9,6618.0,Gurobi Status: 9
F38,P38_21,8,2000000,2100000,4365,,,,Optional Packets- Not Scheduled,No,N/A,3600.7502617836,60.012504363059996,9,6618.0,Gurobi Status: 9
F38,P38_22,5,2100000,2200000,4365,2174879.0,2179244.0,79244.0,Scheduled - Deadline Met,Yes,Yes,3600.7502617836,60.012504363059996,9,6618.0,Gurobi Status: 9
F38,P38_23,8,2200000,2300000,4365,2263161.0,2267526.0,67526.0,Scheduled - Deadline Met,Yes,Yes,3600.7502617836,60.012504363059996,9,6618.0,Gurobi Status: 9
F38,P38_24,5,2300000,2400000,4365,2385449.0,2389814.0,89814.0,Scheduled - Deadline Met,Yes,Yes,3600.7502617836,60.012504363059996,9,6618.0,Gurobi Status: 9
F39,P39_1,8,0,400000,2723,,,,Optional Packets- Not Scheduled,No,N/A,3600.7502617836,60.012504363059996,9,6618.0,Gurobi Status: 9
F39,P39_2,2,400000,800000,2723,458876.0,461599.0,61599.0,Scheduled - Deadline Met,Yes,Yes,3600.7502617836,60.012504363059996,9,6618.0,Gurobi Status: 9
F39,P39_3,8,800000,1200000,2723,907469.0,910192.0,110192.0,Scheduled - Deadline Met,Yes,Yes,3600.7502617836,60.012504363059996,9,6618.0,Gurobi Status: 9
F39,P39_4,2,1200000,1600000,2723,1280625.0,1283348.0,83348.0,Scheduled - Deadline Met,Yes,Yes,3600.7502617836,60.012504363059996,9,6618.0,Gurobi Status: 9
F39,P39_5,8,1600000,2000000,2723,,,,Optional Packets- Not Scheduled,No,N/A,3600.7502617836,60.012504363059996,9,6618.0,Gurobi Status: 9
F39,P39_6,2,2000000,2400000,2723,2161168.0,2163891.0,163891.0,Scheduled - Deadline Met,Yes,Yes,3600.7502617836,60.012504363059996,9,6618.0,Gurobi Status: 9
F4,P4_1,7,0,400000,2801,190112.0,192913.0,192913.0,Scheduled - Deadline Met,Yes,Yes,3600.7502617836,60.012504363059996,9,6618.0,Gurobi Status: 9
F4,P4_2,8,400000,800000,2801,,,,Optional Packets- Not Scheduled,No,N/A,3600.7502617836,60.012504363059996,9,6618.0,Gurobi Status: 9
F4,P4_3,7,800000,1200000,2801,977966.0,980767.0,180767.0,Scheduled - Deadline Met,Yes,Yes,3600.7502617836,60.012504363059996,9,6618.0,Gurobi Status: 9
F4,P4_4,7,1200000,1600000,2801,1276828.0,1279629.0,79629.0,Scheduled - Deadline Met,Yes,Yes,3600.7502617836,60.012504363059996,9,6618.0,Gurobi Status: 9
F4,P4_5,8,1600000,2000000,2801,1712446.0,1715247.0,115247.0,Scheduled - Deadline Met,Yes,Yes,3600.7502617836,60.012504363059996,9,6618.0,Gurobi Status: 9
F4,P4_6,7,2000000,2400000,2801,2046345.0,2049146.0,49146.0,Scheduled - Deadline Met,Yes,Yes,3600.7502617836,60.012504363059996,9,6618.0,Gurobi Status: 9
F40,P40_1,8,0,200000,8573,,,,Optional Packets- Not Scheduled,No,N/A,3600.7502617836,60.012504363059996,9,6618.0,Gurobi Status: 9
F40,P40_2,7,200000,400000,8573,361454.0,370027.0,170027.0,Scheduled - Deadline Met,Yes,Yes,3600.7502617836,60.012504363059996,9,6618.0,Gurobi Status: 9
F40,P40_3,8,400000,600000,8573,,,,Optional Packets- Not Scheduled,No,N/A,3600.7502617836,60.012504363059996,9,6618.0,Gurobi Status: 9
F40,P40_4,7,600000,800000,8573,774023.0,782596.0,182596.0,Scheduled - Deadline Met,Yes,Yes,3600.7502617836,60.012504363059996,9,6618.0,Gurobi Status: 9
F40,P40_5,8,800000,1000000,8573,881744.0,890317.0,90317.0,Scheduled - Deadline Met,Yes,Yes,3600.7502617836,60.012504363059996,9,6618.0,Gurobi Status: 9
F40,P40_6,7,1000000,1200000,8573,1054231.0,1062804.0,62804.0,Scheduled - Deadline Met,Yes,Yes,3600.7502617836,60.012504363059996,9,6618.0,Gurobi Status: 9
F40,P40_7,8,1200000,1400000,8573,,,,Optional Packets- Not Scheduled,No,N/A,3600.7502617836,60.012504363059996,9,6618.0,Gurobi Status: 9
F40,P40_8,7,1400000,1600000,8573,1512509.0,1521082.0,121082.0,Scheduled - Deadline Met,Yes,Yes,3600.7502617836,60.012504363059996,9,6618.0,Gurobi Status: 9
F40,P40_9,8,1600000,1800000,8573,,,,Optional Packets- Not Scheduled,No,N/A,3600.7502617836,60.012504363059996,9,6618.0,Gurobi Status: 9
F40,P40_10,7,1800000,2000000,8573,1918222.0,1926795.0,126795.0,Scheduled - Deadline Met,Yes,Yes,3600.7502617836,60.012504363059996,9,6618.0,Gurobi Status: 9
F40,P40_11,8,2000000,2200000,8573,,,,Optional Packets- Not Scheduled,No,N/A,3600.7502617836,60.012504363059996,9,6618.0,Gurobi Status: 9
F40,P40_12,7,2200000,2400000,8573,2293378.0,2301951.0,101951.0,Scheduled - Deadline Met,Yes,Yes,3600.7502617836,60.012504363059996,9,6618.0,Gurobi Status: 9
F41,P41_1,8,0,100000,893,34653.0,35546.0,35546.0,Scheduled - Deadline Met,Yes,Yes,3600.7502617836,60.012504363059996,9,6618.0,Gurobi Status: 9
F41,P41_2,3,100000,200000,893,194145.0,195038.0,95038.0,Scheduled - Deadline Met,Yes,Yes,3600.7502617836,60.012504363059996,9,6618.0,Gurobi Status: 9
F41,P41_3,8,200000,300000,893,289538.0,290431.0,90431.0,Scheduled - Deadline Met,Yes,Yes,3600.7502617836,60.012504363059996,9,6618.0,Gurobi Status: 9
F41,P41_4,3,300000,400000,893,397778.0,398671.0,98671.0,Scheduled - Deadline Met,Yes,Yes,3600.7502617836,60.012504363059996,9,6618.0,Gurobi Status: 9
F41,P41_5,8,400000,500000,893,420964.0,421857.0,21857.0,Scheduled - Deadline Met,Yes,Yes,3600.7502617836,60.012504363059996,9,6618.0,Gurobi Status: 9
F41,P41_6,3,500000,600000,893,588223.0,589116.0,89116.0,Scheduled - Deadline Met,Yes,Yes,3600.7502617836,60.012504363059996,9,6618.0,Gurobi Status: 9
F41,P41_7,8,600000,700000,893,674725.0,675618.0,75618.0,Scheduled - Deadline Met,Yes,Yes,3600.7502617836,60.012504363059996,9,6618.0,Gurobi Status: 9
F41,P41_8,3,700000,800000,893,798111.0,799004.0,99004.0,Scheduled - Deadline Met,Yes,Yes,3600.7502617836,60.012504363059996,9,6618.0,Gurobi Status: 9
F41,P41_9,8,800000,900000,893,,,,Optional Packets- Not Scheduled,No,N/A,3600.7502617836,60.012504363059996,9,6618.0,Gurobi Status: 9
F41,P41_10,3,900000,1000000,893,995305.0,996198.0,96198.0,Scheduled - Deadline Met,Yes,Yes,3600.7502617836,60.012504363059996,9,6618.0,Gurobi Status: 9
F41,P41_11,8,1000000,1100000,893,1097318.0,1098211.0,98211.0,Scheduled - Deadline Met,Yes,Yes,3600.7502617836,60.012504363059996,9,6618.0,Gurobi Status: 9
F41,P41_12,3,1100000,1200000,893,1128666.0,1129559.0,29559.0,Scheduled - Deadline Met,Yes,Yes,3600.7502617836,60.012504363059996,9,6618.0,Gurobi Status: 9
F41,P41_13,8,1200000,1300000,893,1213039.0,1213932.0,13932.0,Scheduled - Deadline Met,Yes,Yes,3600.7502617836,60.012504363059996,9,6618.0,Gurobi Status: 9
F41,P41_14,3,1300000,1400000,893,1384559.0,1385452.0,85452.0,Scheduled - Deadline Met,Yes,Yes,3600.7502617836,60.012504363059996,9,6618.0,Gurobi Status: 9
F41,P41_15,8,1400000,1500000,893,1490474.0,1491367.0,91367.0,Scheduled - Deadline Met,Yes,Yes,3600.7502617836,60.012504363059996,9,6618.0,Gurobi Status: 9
F41,P41_16,3,1500000,1600000,893,1592747.0,1593640.0,93640.0,Scheduled - Deadline Met,Yes,Yes,3600.7502617836,60.012504363059996,9,6618.0,Gurobi Status: 9
F41,P41_17,8,1600000,1700000,893,1698339.0,1699232.0,99232.0,Scheduled - Deadline Met,Yes,Yes,3600.7502617836,60.012504363059996,9,6618.0,Gurobi Status: 9
F41,P41_18,3,1700000,1800000,893,1799107.0,1800000.0,100000.0,Scheduled - Deadline Met,Yes,Yes,3600.7502617836,60.012504363059996,9,6618.0,Gurobi Status: 9
F41,P41_19,8,1800000,1900000,893,1885574.0,1886467.0,86467.0,Scheduled - Deadline Met,Yes,Yes,3600.7502617836,60.012504363059996,9,6618.0,Gurobi Status: 9
F41,P41_20,3,1900000,2000000,893,1989984.0,1990877.0,90877.0,Scheduled - Deadline Met,Yes,Yes,3600.7502617836,60.012504363059996,9,6618.0,Gurobi Status: 9
F41,P41_21,8,2000000,2100000,893,,,,Optional Packets- Not Scheduled,No,N/A,3600.7502617836,60.012504363059996,9,6618.0,Gurobi Status: 9
F41,P41_22,3,2100000,2200000,893,2192843.0,2193736.0,93736.0,Scheduled - Deadline Met,Yes,Yes,3600.7502617836,60.012504363059996,9,6618.0,Gurobi Status: 9
F41,P41_23,8,2200000,2300000,893,2277606.0,2278499.0,78499.0,Scheduled - Deadline Met,Yes,Yes,3600.7502617836,60.012504363059996,9,6618.0,Gurobi Status: 9
F41,P41_24,3,2300000,2400000,893,2376461.0,2377354.0,77354.0,Scheduled - Deadline Met,Yes,Yes,3600.7502617836,60.012504363059996,9,6618.0,Gurobi Status: 9
F42,P42_1,8,0,400000,10599,,,,Optional Packets- Not Scheduled,No,N/A,3600.7502617836,60.012504363059996,9,6618.0,Gurobi Status: 9
F42,P42_2,3,400000,800000,10599,496380.0,506979.0,106979.0,Scheduled - Deadline Met,Yes,Yes,3600.7502617836,60.012504363059996,9,6618.0,Gurobi Status: 9
F42,P42_3,8,800000,1200000,10599,,,,Optional Packets- Not Scheduled,No,N/A,3600.7502617836,60.012504363059996,9,6618.0,Gurobi Status: 9
F42,P42_4,3,1200000,1600000,10599,1352875.0,1363474.0,163474.0,Scheduled - Deadline Met,Yes,Yes,3600.7502617836,60.012504363059996,9,6618.0,Gurobi Status: 9
F42,P42_5,8,1600000,2000000,10599,,,,Optional Packets- Not Scheduled,No,N/A,3600.7502617836,60.012504363059996,9,6618.0,Gurobi Status: 9
F42,P42_6,3,2000000,2400000,10599,2049242.0,2059841.0,59841.0,Scheduled - Deadline Met,Yes,Yes,3600.7502617836,60.012504363059996,9,6618.0,Gurobi Status: 9
F43,P43_1,1,0,200000,4215,82905.0,87120.0,87120.0,Scheduled - Deadline Met,Yes,Yes,3600.7502617836,60.012504363059996,9,6618.0,Gurobi Status: 9
F43,P43_2,8,200000,400000,4215,329929.0,334144.0,134144.0,Scheduled - Deadline Met,Yes,Yes,3600.7502617836,60.012504363059996,9,6618.0,Gurobi Status: 9
F43,P43_3,1,400000,600000,4215,492069.0,496284.0,96284.0,Scheduled - Deadline Met,Yes,Yes,3600.7502617836,60.012504363059996,9,6618.0,Gurobi Status: 9
F43,P43_4,8,600000,800000,4215,742628.0,746843.0,146843.0,Scheduled - Deadline Met,Yes,Yes,3600.7502617836,60.012504363059996,9,6618.0,Gurobi Status: 9
F43,P43_5,1,800000,1000000,4215,843516.0,847731.0,47731.0,Scheduled - Deadline Met,Yes,Yes,3600.7502617836,60.012504363059996,9,6618.0,Gurobi Status: 9
F43,P43_6,8,1000000,1200000,4215,1137486.0,1141701.0,141701.0,Scheduled - Deadline Met,Yes,Yes,3600.7502617836,60.012504363059996,9,6618.0,Gurobi Status: 9
F43,P43_7,1,1200000,1400000,4215,1286240.0,1290455.0,90455.0,Scheduled - Deadline Met,Yes,Yes,3600.7502617836,60.012504363059996,9,6618.0,Gurobi Status: 9
F43,P43_8,8,1400000,1600000,4215,1542485.0,1546700.0,146700.0,Scheduled - Deadline Met,Yes,Yes,3600.7502617836,60.012504363059996,9,6618.0,Gurobi Status: 9
F43,P43_9,1,1600000,1800000,4215,1651660.0,1655875.0,55875.0,Scheduled - Deadline Met,Yes,Yes,3600.7502617836,60.012504363059996,9,6618.0,Gurobi Status: 9
F43,P43_10,8,1800000,2000000,4215,1895256.0,1899471.0,99471.0,Scheduled - Deadline Met,Yes,Yes,3600.7502617836,60.012504363059996,9,6618.0,Gurobi Status: 9
F43,P43_11,1,2000000,2200000,4215,2078336.0,2082551.0,82551.0,Scheduled - Deadline Met,Yes,Yes,3600.7502617836,60.012504363059996,9,6618.0,Gurobi Status: 9
F43,P43_12,8,2200000,2400000,4215,2325599.0,2329814.0,129814.0,Scheduled - Deadline Met,Yes,Yes,3600.7502617836,60.012504363059996,9,6618.0,Gurobi Status: 9
F44,P44_1,8,0,50000,900,8911.0,9811.0,9811.0,Scheduled - Deadline Met,Yes,Yes,3600.7502617836,60.012504363059996,9,6618.0,Gurobi Status: 9
F44,P44_2,5,50000,100000,900,98984.0,99884.0,49884.0,Scheduled - Deadline Met,Yes,Yes,3600.7502617836,60.012504363059996,9,6618.0,Gurobi Status: 9
F44,P44_3,8,100000,150000,900,143461.0,144361.0,44361.0,Scheduled - Deadline Met,Yes,Yes,3600.7502617836,60.012504363059996,9,6618.0,Gurobi Status: 9
F44,P44_4,5,150000,200000,900,199004.0,199904.0,49904.0,Scheduled - Deadline Met,Yes,Yes,3600.7502617836,60.012504363059996,9,6618.0,Gurobi Status: 9
F44,P44_5,8,200000,250000,900,231733.0,232633.0,32633.0,Scheduled - Deadline Met,Yes,Yes,3600.7502617836,60.012504363059996,9,6618.0,Gurobi Status: 9
F44,P44_6,5,250000,300000,900,270419.0,271319.0,21319.0,Scheduled - Deadline Met,Yes,Yes,3600.7502617836,60.012504363059996,9,6618.0,Gurobi Status: 9
F44,P44_7,8,300000,350000,900,337269.0,338169.0,38169.0,Scheduled - Deadline Met,Yes,Yes,3600.7502617836,60.012504363059996,9,6618.0,Gurobi Status: 9
F44,P44_8,5,350000,400000,900,395380.0,396280.0,46280.0,Scheduled - Deadline Met,Yes,Yes,3600.7502617836,60.012504363059996,9,6618.0,Gurobi Status: 9
F44,P44_9,8,400000,450000,900,417467.0,418367.0,18367.0,Scheduled - Deadline Met,Yes,Yes,3600.7502617836,60.012504363059996,9,6618.0,Gurobi Status: 9
F44,P44_10,5,450000,500000,900,490026.0,490926.0,40926.0,Scheduled - Deadline Met,Yes,Yes,3600.7502617836,60.012504363059996,9,6618.0,Gurobi Status: 9
F44,P44_11,8,500000,550000,900,546691.0,547591.0,47591.0,Scheduled - Deadline Met,Yes,Yes,3600.7502617836,60.012504363059996,9,6618.0,Gurobi Status: 9
F44,P44_12,5,550000,600000,900,593901.0,594801.0,44801.0,Scheduled - Deadline Met,Yes,Yes,3600.7502617836,60.012504363059996,9,6618.0,Gurobi Status: 9
F44,P44_13,8,600000,650000,900,648983.0,649883.0,49883.0,Scheduled - Deadline Met,Yes,Yes,3600.7502617836,60.012504363059996,9,6618.0,Gurobi Status: 9
F44,P44_14,5,650000,700000,900,699100.0,700000.0,50000.0,Scheduled - Deadline Met,Yes,Yes,3600.7502617836,60.012504363059996,9,6618.0,Gurobi Status: 9
F44,P44_15,8,700000,750000,900,749100.0,750000.0,50000.0,Scheduled - Deadline Met,Yes,Yes,3600.7502617836,60.012504363059996,9,6618.0,Gurobi Status: 9
F44,P44_16,5,750000,800000,900,799100.0,800000.0,50000.0,Scheduled - Deadline Met,Yes,Yes,3600.7502617836,60.012504363059996,9,6618.0,Gurobi Status: 9
F44,P44_17,8,800000,850000,900,,,,Optional Packets- Not Scheduled,No,N/A,3600.7502617836,60.012504363059996,9,6618.0,Gurobi Status: 9
F44,P44_18,5,850000,900000,900,872842.0,873742.0,23742.0,Scheduled - Deadline Met,Yes,Yes,3600.7502617836,60.012504363059996,9,6618.0,Gurobi Status: 9
F44,P44_19,8,900000,950000,900,919364.0,920264.0,20264.0,Scheduled - Deadline Met,Yes,Yes,3600.7502617836,60.012504363059996,9,6618.0,Gurobi Status: 9
F44,P44_20,5,950000,1000000,900,994309.0,995209.0,45209.0,Scheduled - Deadline Met,Yes,Yes,3600.7502617836,60.012504363059996,9,6618.0,Gurobi Status: 9
F44,P44_21,8,1000000,1050000,900,1017574.0,1018474.0,18474.0,Scheduled - Deadline Met,Yes,Yes,3600.7502617836,60.012504363059996,9,6618.0,Gurobi Status: 9
F44,P44_22,5,1050000,1100000,900,1076659.0,1077559.0,27559.0,Scheduled - Deadline Met,Yes,Yes,3600.7502617836,60.012504363059996,9,6618.0,Gurobi Status: 9
F44,P44_23,8,1100000,1150000,900,1143029.0,1143929.0,43929.0,Scheduled - Deadline Met,Yes,Yes,3600.7502617836,60.012504363059996,9,6618.0,Gurobi Status: 9
F44,P44_24,5,1150000,1200000,900,1180751.0,1181651.0,31651.0,Scheduled - Deadline Met,Yes,Yes,3600.7502617836,60.012504363059996,9,6618.0,Gurobi Status: 9
F44,P44_25,8,1200000,1250000,900,1201232.0,1202132.0,2132.0,Scheduled - Deadline Met,Yes,Yes,3600.7502617836,60.012504363059996,9,6618.0,Gurobi Status: 9
F44,P44_26,5,1250000,1300000,900,1279629.0,1280529.0,30529.0,Scheduled - Deadline Met,Yes,Yes,3600.7502617836,60.012504363059996,9,6618.0,Gurobi Status: 9
F44,P44_27,8,1300000,1350000,900,1312832.0,1313732.0,13732.0,Scheduled - Deadline Met,Yes,Yes,3600.7502617836,60.012504363059996,9,6618.0,Gurobi Status: 9
F44,P44_28,5,1350000,1400000,900,1397675.0,1398575.0,48575.0,Scheduled - Deadline Met,Yes,Yes,3600.7502617836,60.012504363059996,9,6618.0,Gurobi Status: 9
F44,P44_29,8,1400000,1450000,900,1401232.0,1402132.0,2132.0,Scheduled - Deadline Met,Yes,Yes,3600.7502617836,60.012504363059996,9,6618.0,Gurobi Status: 9
F44,P44_30,5,1450000,1500000,900,1481364.0,1482264.0,32264.0,Scheduled - Deadline Met,Yes,Yes,3600.7502617836,60.012504363059996,9,6618.0,Gurobi Status: 9
F44,P44_31,8,1500000,1550000,900,1548941.0,1549841.0,49841.0,Scheduled - Deadline Met,Yes,Yes,3600.7502617836,60.012504363059996,9,6618.0,Gurobi Status: 9
F44,P44_32,5,1550000,1600000,900,1599004.0,1599904.0,49904.0,Scheduled - Deadline Met,Yes,Yes,3600.7502617836,60.012504363059996,9,6618.0,Gurobi Status: 9
F44,P44_33,8,1600000,1650000,900,,,,Optional Packets- Not Scheduled,No,N/A,3600.7502617836,60.012504363059996,9,6618.0,Gurobi Status: 9
F44,P44_34,5,1650000,1700000,900,1657828.0,1658728.0,8728.0,Scheduled - Deadline Met,Yes,Yes,3600.7502617836,60.012504363059996,9,6618.0,Gurobi Status: 9
F44,P44_35,8,1700000,1750000,900,1718139.0,1719039.0,19039.0,Scheduled - Deadline Met,Yes,Yes,3600.7502617836,60.012504363059996,9,6618.0,Gurobi Status: 9
F44,P44_36,5,1750000,1800000,900,1798111.0,1799011.0,49011.0,Scheduled - Deadline Met,Yes,Yes,3600.7502617836,60.012504363059996,9,6618.0,Gurobi Status: 9
F44,P44_37,8,1800000,1850000,900,1814379.0,1815279.0,15279.0,Scheduled - Deadline Met,Yes,Yes,3600.7502617836,60.012504363059996,9,6618.0,Gurobi Status: 9
F44,P44_38,5,1850000,1900000,900,1860956.0,1861856.0,11856.0,Scheduled - Deadline Met,Yes,Yes,3600.7502617836,60.012504363059996,9,6618.0,Gurobi Status: 9
F44,P44_39,8,1900000,1950000,900,1946449.0,1947349.0,47349.0,Scheduled - Deadline Met,Yes,Yes,3600.7502617836,60.012504363059996,9,6618.0,Gurobi Status: 9
F44,P44_40,5,1950000,2000000,900,1990973.0,1991873.0,41873.0,Scheduled - Deadline Met,Yes,Yes,3600.7502617836,60.012504363059996,9,6618.0,Gurobi Status: 9
F44,P44_41,8,2000000,2050000,900,,,,Optional Packets- Not Scheduled,No,N/A,3600.7502617836,60.012504363059996,9,6618.0,Gurobi Status: 9
F44,P44_42,5,2050000,2100000,900,2083783.0,2084683.0,34683.0,Scheduled - Deadline Met,Yes,Yes,3600.7502617836,60.012504363059996,9,6618.0,Gurobi Status: 9
F44,P44_43,8,2100000,2150000,900,2141444.0,2142344.0,42344.0,Scheduled - Deadline Met,Yes,Yes,3600.7502617836,60.012504363059996,9,6618.0,Gurobi Status: 9
F44,P44_44,5,2150000,2200000,900,2199100.0,2200000.0,50000.0,Scheduled - Deadline Met,Yes,Yes,3600.7502617836,60.012504363059996,9,6618.0,Gurobi Status: 9
F44,P44_45,8,2200000,2250000,900,,,,Optional Packets- Not Scheduled,No,N/A,3600.7502617836,60.012504363059996,9,6618.0,Gurobi Status: 9
F44,P44_46,5,2250000,2300000,900,2292382.0,2293282.0,43282.0,Scheduled - Deadline Met,Yes,Yes,3600.7502617836,60.012504363059996,9,6618.0,Gurobi Status: 9
F44,P44_47,8,2300000,2350000,900,2331142.0,2332042.0,32042.0,Scheduled - Deadline Met,Yes,Yes,3600.7502617836,60.012504363059996,9,6618.0,Gurobi Status: 9
F44,P44_48,5,2350000,2400000,900,2399100.0,2400000.0,50000.0,Scheduled - Deadline Met,Yes,Yes,3600.7502617836,60.012504363059996,9,6618.0,Gurobi Status: 9
F45,P45_1,7,0,400000,8505,116018.0,124523.0,124523.0,Scheduled - Deadline Met,Yes,Yes,3600.7502617836,60.012504363059996,9,6618.0,Gurobi Status: 9
F45,P45_2,8,400000,800000,8505,536858.0,545363.0,145363.0,Scheduled - Deadline Met,Yes,Yes,3600.7502617836,60.012504363059996,9,6618.0,Gurobi Status: 9
F45,P45_3,7,800000,1200000,8505,968385.0,976890.0,176890.0,Scheduled - Deadline Met,Yes,Yes,3600.7502617836,60.012504363059996,9,6618.0,Gurobi Status: 9
F45,P45_4,8,1200000,1600000,8505,,,,Optional Packets- Not Scheduled,No,N/A,3600.7502617836,60.012504363059996,9,6618.0,Gurobi Status: 9
F45,P45_5,7,1600000,2000000,8505,1658728.0,1667233.0,67233.0,Scheduled - Deadline Met,Yes,Yes,3600.7502617836,60.012504363059996,9,6618.0,Gurobi Status: 9
F45,P45_6,8,2000000,2400000,8505,2116570.0,2125075.0,125075.0,Scheduled - Deadline Met,Yes,Yes,3600.7502617836,60.012504363059996,9,6618.0,Gurobi Status: 9
F46,P46_1,8,0,400000,600,,,,Optional Packets- Not Scheduled,No,N/A,3600.7502617836,60.012504363059996,9,6618.0,Gurobi Status: 9
F46,P46_2,5,400000,800000,600,484965.0,485565.0,85565.0,Scheduled - Deadline Met,Yes,Yes,3600.7502617836,60.012504363059996,9,6618.0,Gurobi Status: 9
F46,P46_3,8,800000,1200000,600,917436.0,918036.0,118036.0,Scheduled - Deadline Met,Yes,Yes,3600.7502617836,60.012504363059996,9,6618.0,Gurobi Status: 9
F46,P46_4,5,1200000,1600000,600,1248135.0,1248735.0,48735.0,Scheduled - Deadline Met,Yes,Yes,3600.7502617836,60.012504363059996,9,6618.0,Gurobi Status: 9
F46,P46_5,8,1600000,2000000,600,,,,Optional Packets- Not Scheduled,No,N/A,3600.7502617836,60.012504363059996,9,6618.0,Gurobi Status: 9
F46,P46_6,5,2000000,2400000,600,2077079.0,2077679.0,77679.0,Scheduled - Deadline Met,Yes,Yes,3600.7502617836,60.012504363059996,9,6618.0,Gurobi Status: 9
F47,P47_1,8,0,50000,1136,7679.0,8815.0,8815.0,Scheduled - Deadline Met,Yes,Yes,3600.7502617836,60.012504363059996,9,6618.0,Gurobi Status: 9
F47,P47_2,5,50000,100000,1136,81769.0,82905.0,32905.0,Scheduled - Deadline Met,Yes,Yes,3600.7502617836,60.012504363059996,9,6618.0,Gurobi Status: 9
F47,P47_3,8,100000,150000,1136,,,,Optional Packets- Not Scheduled,No,N/A,3600.7502617836,60.012504363059996,9,6618.0,Gurobi Status: 9
F47,P47_4,5,150000,200000,1136,192913.0,194049.0,44049.0,Scheduled - Deadline Met,Yes,Yes,3600.7502617836,60.012504363059996,9,6618.0,Gurobi Status: 9
F47,P47_5,8,200000,250000,1136,230501.0,231637.0,31637.0,Scheduled - Deadline Met,Yes,Yes,3600.7502617836,60.012504363059996,9,6618.0,Gurobi Status: 9
F47,P47_6,5,250000,300000,1136,269187.0,270323.0,20323.0,Scheduled - Deadline Met,Yes,Yes,3600.7502617836,60.012504363059996,9,6618.0,Gurobi Status: 9
F47,P47_7,8,300000,350000,1136,336037.0,337173.0,37173.0,Scheduled - Deadline Met,Yes,Yes,3600.7502617836,60.012504363059996,9,6618.0,Gurobi Status: 9
F47,P47_8,5,350000,400000,1136,394148.0,395284.0,45284.0,Scheduled - Deadline Met,Yes,Yes,3600.7502617836,60.012504363059996,9,6618.0,Gurobi Status: 9
F47,P47_9,8,400000,450000,1136,,,,Optional Packets- Not Scheduled,No,N/A,3600.7502617836,60.012504363059996,9,6618.0,Gurobi Status: 9
F47,P47_10,5,450000,500000,1136,485661.0,486797.0,36797.0,Scheduled - Deadline Met,Yes,Yes,3600.7502617836,60.012504363059996,9,6618.0,Gurobi Status: 9
F47,P47_11,8,500000,550000,1136,545459.0,546595.0,46595.0,Scheduled - Deadline Met,Yes,Yes,3600.7502617836,60.012504363059996,9,6618.0,Gurobi Status: 9
F47,P47_12,5,550000,600000,1136,584780.0,585916.0,35916.0,Scheduled - Deadline Met,Yes,Yes,3600.7502617836,60.012504363059996,9,6618.0,Gurobi Status: 9
F47,P47_13,8,600000,650000,1136,647751.0,648887.0,48887.0,Scheduled - Deadline Met,Yes,Yes,3600.7502617836,60.012504363059996,9,6618.0,Gurobi Status: 9
F47,P47_14,5,650000,700000,1136,697868.0,699004.0,49004.0,Scheduled - Deadline Met,Yes,Yes,3600.7502617836,60.012504363059996,9,6618.0,Gurobi Status: 9
F47,P47_15,8,700000,750000,1136,747868.0,749004.0,49004.0,Scheduled - Deadline Met,Yes,Yes,3600.7502617836,60.012504363059996,9,6618.0,Gurobi Status: 9
F47,P47_16,5,750000,800000,1136,796151.0,797287.0,47287.0,Scheduled - Deadline Met,Yes,Yes,3600.7502617836,60.012504363059996,9,6618.0,Gurobi Status: 9
F47,P47_17,8,800000,850000,1136,,,,Optional Packets- Not Scheduled,No,N/A,3600.7502617836,60.012504363059996,9,6618.0,Gurobi Status: 9
F47,P47_18,5,850000,900000,1136,866072.0,867208.0,17208.0,Scheduled - Deadline Met,Yes,Yes,3600.7502617836,60.012504363059996,9,6618.0,Gurobi Status: 9
F47,P47_19,8,900000,950000,1136,918132.0,919268.0,19268.0,Scheduled - Deadline Met,Yes,Yes,3600.7502617836,60.012504363059996,9,6618.0,Gurobi Status: 9
F47,P47_20,5,950000,1000000,1136,984733.0,985869.0,35869.0,Scheduled - Deadline Met,Yes,Yes,3600.7502617836,60.012504363059996,9,6618.0,Gurobi Status: 9
F47,P47_21,8,1000000,1050000,1136,1016342.0,1017478.0,17478.0,Scheduled - Deadline Met,Yes,Yes,3600.7502617836,60.012504363059996,9,6618.0,Gurobi Status: 9
F47,P47_22,5,1050000,1100000,1136,1075427.0,1076563.0,26563.0,Scheduled - Deadline Met,Yes,Yes,3600.7502617836,60.012504363059996,9,6618.0,Gurobi Status: 9
F47,P47_23,8,1100000,1150000,1136,1141797.0,1142933.0,42933.0,Scheduled - Deadline Met,Yes,Yes,3600.7502617836,60.012504363059996,9,6618.0,Gurobi Status: 9
F47,P47_24,5,1150000,1200000,1136,1179519.0,1180655.0,30655.0,Scheduled - Deadline Met,Yes,Yes,3600.7502617836,60.012504363059996,9,6618.0,Gurobi Status: 9
F47,P47_25,8,1200000,1250000,1136,1200000.0,1201136.0,1136.0,Scheduled - Deadline Met,Yes,Yes,3600.7502617836,60.012504363059996,9,6618.0,Gurobi Status: 9
F47,P47_26,5,1250000,1300000,1136,1275692.0,1276828.0,26828.0,Scheduled - Deadline Met,Yes,Yes,3600.7502617836,60.012504363059996,9,6618.0,Gurobi Status: 9
F47,P47_27,8,1300000,1350000,1136,1311600.0,1312736.0,12736.0,Scheduled - Deadline Met,Yes,Yes,3600.7502617836,60.012504363059996,9,6618.0,Gurobi Status: 9
F47,P47_28,5,1350000,1400000,1136,1391639.0,1392775.0,42775.0,Scheduled - Deadline Met,Yes,Yes,3600.7502617836,60.012504363059996,9,6618.0,Gurobi Status: 9
F47,P47_29,8,1400000,1450000,1136,1400000.0,1401136.0,1136.0,Scheduled - Deadline Met,Yes,Yes,3600.7502617836,60.012504363059996,9,6618.0,Gurobi Status: 9
F47,P47_30,5,1450000,1500000,1136,1480132.0,1481268.0,31268.0,Scheduled - Deadline Met,Yes,Yes,3600.7502617836,60.012504363059996,9,6618.0,Gurobi Status: 9
F47,P47_31,8,1500000,1550000,1136,1547709.0,1548845.0,48845.0,Scheduled - Deadline Met,Yes,Yes,3600.7502617836,60.012504363059996,9,6618.0,Gurobi Status: 9
F47,P47_32,5,1550000,1600000,1136,1597772.0,1598908.0,48908.0,Scheduled - Deadline Met,Yes,Yes,3600.7502617836,60.012504363059996,9,6618.0,Gurobi Status: 9
F47,P47_33,8,1600000,1650000,1136,,,,Optional Packets- Not Scheduled,No,N/A,3600.7502617836,60.012504363059996,9,6618.0,Gurobi Status: 9
F47,P47_34,5,1650000,1700000,1136,1655875.0,1657011.0,7011.0,Scheduled - Deadline Met,Yes,Yes,3600.7502617836,60.012504363059996,9,6618.0,Gurobi Status: 9
F47,P47_35,8,1700000,1750000,1136,,,,Optional Packets- Not Scheduled,No,N/A,3600.7502617836,60.012504363059996,9,6618.0,Gurobi Status: 9
F47,P47_36,5,1750000,1800000,1136,1795550.0,1796686.0,46686.0,Scheduled - Deadline Met,Yes,Yes,3600.7502617836,60.012504363059996,9,6618.0,Gurobi Status: 9
F47,P47_37,8,1800000,1850000,1136,1813147.0,1814283.0,14283.0,Scheduled - Deadline Met,Yes,Yes,3600.7502617836,60.012504363059996,9,6618.0,Gurobi Status: 9
F47,P47_38,5,1850000,1900000,1136,1850000.0,1851136.0,1136.0,Scheduled - Deadline Met,Yes,Yes,3600.7502617836,60.012504363059996,9,6618.0,Gurobi Status: 9
F47,P47_39,8,1900000,1950000,1136,1900496.0,1901632.0,1632.0,Scheduled - Deadline Met,Yes,Yes,3600.7502617836,60.012504363059996,9,6618.0,Gurobi Status: 9
F47,P47_40,5,1950000,2000000,1136,1988752.0,1989888.0,39888.0,Scheduled - Deadline Met,Yes,Yes,3600.7502617836,60.012504363059996,9,6618.0,Gurobi Status: 9
F47,P47_41,8,2000000,2050000,1136,,,,Optional Packets- Not Scheduled,No,N/A,3600.7502617836,60.012504363059996,9,6618.0,Gurobi Status: 9
F47,P47_42,5,2050000,2100000,1136,2082551.0,2083687.0,33687.0,Scheduled - Deadline Met,Yes,Yes,3600.7502617836,60.012504363059996,9,6618.0,Gurobi Status: 9
F47,P47_43,8,2100000,2150000,1136,2140212.0,2141348.0,41348.0,Scheduled - Deadline Met,Yes,Yes,3600.7502617836,60.012504363059996,9,6618.0,Gurobi Status: 9
F47,P47_44,5,2150000,2200000,1136,2197868.0,2199004.0,49004.0,Scheduled - Deadline Met,Yes,Yes,3600.7502617836,60.012504363059996,9,6618.0,Gurobi Status: 9
F47,P47_45,8,2200000,2250000,1136,,,,Optional Packets- Not Scheduled,No,N/A,3600.7502617836,60.012504363059996,9,6618.0,Gurobi Status: 9
F47,P47_46,5,2250000,2300000,1136,2291150.0,2292286.0,42286.0,Scheduled - Deadline Met,Yes,Yes,3600.7502617836,60.012504363059996,9,6618.0,Gurobi Status: 9
F47,P47_47,8,2300000,2350000,1136,2329910.0,2331046.0,31046.0,Scheduled - Deadline Met,Yes,Yes,3600.7502617836,60.012504363059996,9,6618.0,Gurobi Status: 9
F47,P47_48,5,2350000,2400000,1136,2397868.0,2399004.0,49004.0,Scheduled - Deadline Met,Yes,Yes,3600.7502617836,60.012504363059996,9,6618.0,Gurobi Status: 9
F48,P48_1,8,0,100000,3774,25998.0,29772.0,29772.0,Scheduled - Deadline Met,Yes,Yes,3600.7502617836,60.012504363059996,9,6618.0,Gurobi Status: 9
F48,P48_2,7,100000,200000,3774,195134.0,198908.0,98908.0,Scheduled - Deadline Met,Yes,Yes,3600.7502617836,60.012504363059996,9,6618.0,Gurobi Status: 9
F48,P48_3,8,200000,300000,3774,283094.0,286868.0,86868.0,Scheduled - Deadline Met,Yes,Yes,3600.7502617836,60.012504363059996,9,6618.0,Gurobi Status: 9
F48,P48_4,7,300000,400000,3774,380381.0,384155.0,84155.0,Scheduled - Deadline Met,Yes,Yes,3600.7502617836,60.012504363059996,9,6618.0,Gurobi Status: 9
F48,P48_5,8,400000,500000,3774,,,,Optional Packets- Not Scheduled,No,N/A,3600.7502617836,60.012504363059996,9,6618.0,Gurobi Status: 9
F48,P48_6,7,500000,600000,3774,594897.0,598671.0,98671.0,Scheduled - Deadline Met,Yes,Yes,3600.7502617836,60.012504363059996,9,6618.0,Gurobi Status: 9
F48,P48_7,8,600000,700000,3774,666070.0,669844.0,69844.0,Scheduled - Deadline Met,Yes,Yes,3600.7502617836,60.012504363059996,9,6618.0,Gurobi Status: 9
F48,P48_8,7,700000,800000,3774,790070.0,793844.0,93844.0,Scheduled - Deadline Met,Yes,Yes,3600.7502617836,60.012504363059996,9,6618.0,Gurobi Status: 9
F48,P48_9,8,800000,900000,3774,877874.0,881648.0,81648.0,Scheduled - Deadline Met,Yes,Yes,3600.7502617836,60.012504363059996,9,6618.0,Gurobi Status: 9
F48,P48_10,7,900000,1000000,3774,980863.0,984637.0,84637.0,Scheduled - Deadline Met,Yes,Yes,3600.7502617836,60.012504363059996,9,6618.0,Gurobi Status: 9
F48,P48_11,8,1000000,1100000,3774,1087334.0,1091108.0,91108.0,Scheduled - Deadline Met,Yes,Yes,3600.7502617836,60.012504363059996,9,6618.0,Gurobi Status: 9
F48,P48_12,7,1100000,1200000,3774,1161186.0,1164960.0,64960.0,Scheduled - Deadline Met,Yes,Yes,3600.7502617836,60.012504363059996,9,6618.0,Gurobi Status: 9
F48,P48_13,8,1200000,1300000,3774,1209169.0,1212943.0,12943.0,Scheduled - Deadline Met,Yes,Yes,3600.7502617836,60.012504363059996,9,6618.0,Gurobi Status: 9
F48,P48_14,7,1300000,1400000,3774,1372797.0,1376571.0,76571.0,Scheduled - Deadline Met,Yes,Yes,3600.7502617836,60.012504363059996,9,6618.0,Gurobi Status: 9
F48,P48_15,8,1400000,1500000,3774,1415414.0,1419188.0,19188.0,Scheduled - Deadline Met,Yes,Yes,3600.7502617836,60.012504363059996,9,6618.0,Gurobi Status: 9
F48,P48_16,7,1500000,1600000,3774,1575015.0,1578789.0,78789.0,Scheduled - Deadline Met,Yes,Yes,3600.7502617836,60.012504363059996,9,6618.0,Gurobi Status: 9
F48,P48_17,8,1600000,1700000,3774,,,,Optional Packets- Not Scheduled,No,N/A,3600.7502617836,60.012504363059996,9,6618.0,Gurobi Status: 9
F48,P48_18,7,1700000,1800000,3774,1763855.0,1767629.0,67629.0,Scheduled - Deadline Met,Yes,Yes,3600.7502617836,60.012504363059996,9,6618.0,Gurobi Status: 9
F48,P48_19,8,1800000,1900000,3774,1876919.0,1880693.0,80693.0,Scheduled - Deadline Met,Yes,Yes,3600.7502617836,60.012504363059996,9,6618.0,Gurobi Status: 9
F48,P48_20,7,1900000,2000000,3774,1966911.0,1970685.0,70685.0,Scheduled - Deadline Met,Yes,Yes,3600.7502617836,60.012504363059996,9,6618.0,Gurobi Status: 9
F48,P48_21,8,2000000,2100000,3774,,,,Optional Packets- Not Scheduled,No,N/A,3600.7502617836,60.012504363059996,9,6618.0,Gurobi Status: 9
F48,P48_22,7,2100000,2200000,3774,2163891.0,2167665.0,67665.0,Scheduled - Deadline Met,Yes,Yes,3600.7502617836,60.012504363059996,9,6618.0,Gurobi Status: 9
F48,P48_23,8,2200000,2300000,3774,2267622.0,2271396.0,71396.0,Scheduled - Deadline Met,Yes,Yes,3600.7502617836,60.012504363059996,9,6618.0,Gurobi Status: 9
F48,P48_24,7,2300000,2400000,3774,2372591.0,2376365.0,76365.0,Scheduled - Deadline Met,Yes,Yes,3600.7502617836,60.012504363059996,9,6618.0,Gurobi Status: 9
F5,P5_1,8,0,200000,7829,36410.0,44239.0,44239.0,Scheduled - Deadline Met,Yes,Yes,3600.7502617836,60.012504363059996,9,6618.0,Gurobi Status: 9
F5,P5_2,5,200000,400000,7829,222576.0,230405.0,30405.0,Scheduled - Deadline Met,Yes,Yes,3600.7502617836,60.012504363059996,9,6618.0,Gurobi Status: 9
F5,P5_3,5,400000,600000,7829,475330.0,483159.0,83159.0,Scheduled - Deadline Met,Yes,Yes,3600.7502617836,60.012504363059996,9,6618.0,Gurobi Status: 9
F5,P5_4,8,600000,800000,7829,734703.0,742532.0,142532.0,Scheduled - Deadline Met,Yes,Yes,3600.7502617836,60.012504363059996,9,6618.0,Gurobi Status: 9
F5,P5_5,5,800000,1000000,7829,825512.0,833341.0,33341.0,Scheduled - Deadline Met,Yes,Yes,3600.7502617836,60.012504363059996,9,6618.0,Gurobi Status: 9
F5,P5_6,5,1000000,1200000,7829,1046306.0,1054135.0,54135.0,Scheduled - Deadline Met,Yes,Yes,3600.7502617836,60.012504363059996,9,6618.0,Gurobi Status: 9
F5,P5_7,8,1200000,1400000,7829,,,,Optional Packets- Not Scheduled,No,N/A,3600.7502617836,60.012504363059996,9,6618.0,Gurobi Status: 9
F5,P5_8,5,1400000,1600000,7829,1457465.0,1465294.0,65294.0,Scheduled - Deadline Met,Yes,Yes,3600.7502617836,60.012504363059996,9,6618.0,Gurobi Status: 9
F5,P5_9,5,1600000,1800000,7829,1639352.0,1647181.0,47181.0,Scheduled - Deadline Met,Yes,Yes,3600.7502617836,60.012504363059996,9,6618.0,Gurobi Status: 9
F5,P5_10,8,1800000,2000000,7829,1887331.0,1895160.0,95160.0,Scheduled - Deadline Met,Yes,Yes,3600.7502617836,60.012504363059996,9,6618.0,Gurobi Status: 9
F5,P5_11,5,2000000,2200000,7829,2010928.0,2018757.0,18757.0,Scheduled - Deadline Met,Yes,Yes,3600.7502617836,60.012504363059996,9,6618.0,Gurobi Status: 9
F5,P5_12,5,2200000,2400000,7829,2244197.0,2252026.0,52026.0,Scheduled - Deadline Met,Yes,Yes,3600.7502617836,60.012504363059996,9,6618.0,Gurobi Status: 9
F6,P6_1,8,0,400000,3633,,,,Optional Packets- Not Scheduled,No,N/A,3600.7502617836,60.012504363059996,9,6618.0,Gurobi Status: 9
F6,P6_2,6,400000,800000,3633,413738.0,417371.0,17371.0,Scheduled - Deadline Met,Yes,Yes,3600.7502617836,60.012504363059996,9,6618.0,Gurobi Status: 9
F6,P6_3,6,800000,1200000,3633,833437.0,837070.0,37070.0,Scheduled - Deadline Met,Yes,Yes,3600.7502617836,60.012504363059996,9,6618.0,Gurobi Status: 9
F6,P6_4,8,1200000,1600000,3633,1302821.0,1306454.0,106454.0,Scheduled - Deadline Met,Yes,Yes,3600.7502617836,60.012504363059996,9,6618.0,Gurobi Status: 9
F6,P6_5,6,1600000,2000000,3633,1745195.0,1748828.0,148828.0,Scheduled - Deadline Met,Yes,Yes,3600.7502617836,60.012504363059996,9,6618.0,Gurobi Status: 9
F6,P6_6,6,2000000,2400000,3633,2073350.0,2076983.0,76983.0,Scheduled - Deadline Met,Yes,Yes,3600.7502617836,60.012504363059996,9,6618.0,Gurobi Status: 9
F7,P7_1,4,0,400000,2700,74018.0,76718.0,76718.0,Scheduled - Deadline Met,Yes,Yes,3600.7502617836,60.012504363059996,9,6618.0,Gurobi Status: 9
F7,P7_2,8,400000,800000,2700,,,,Optional Packets- Not Scheduled,No,N/A,3600.7502617836,60.012504363059996,9,6618.0,Gurobi Status: 9
F7,P7_3,4,800000,1200000,2700,1006845.0,1009545.0,209545.0,Scheduled - Deadline Met,Yes,Yes,3600.7502617836,60.012504363059996,9,6618.0,Gurobi Status: 9
F7,P7_4,4,1200000,1600000,2700,1283444.0,1286144.0,86144.0,Scheduled - Deadline Met,Yes,Yes,3600.7502617836,60.012504363059996,9,6618.0,Gurobi Status: 9
F7,P7_5,8,1600000,2000000,2700,1715343.0,1718043.0,118043.0,Scheduled - Deadline Met,Yes,Yes,3600.7502617836,60.012504363059996,9,6618.0,Gurobi Status: 9
F7,P7_6,4,2000000,2400000,2700,2185454.0,2188154.0,188154.0,Scheduled - Deadline Met,Yes,Yes,3600.7502617836,60.012504363059996,9,6618.0,Gurobi Status: 9
F8,P8_1,4,0,400000,600,98384.0,98984.0,98984.0,Scheduled - Deadline Met,Yes,Yes,3600.7502617836,60.012504363059996,9,6618.0,Gurobi Status: 9
F8,P8_2,4,400000,800000,600,532237.0,532837.0,132837.0,Scheduled - Deadline Met,Yes,Yes,3600.7502617836,60.012504363059996,9,6618.0,Gurobi Status: 9
F8,P8_3,8,800000,1200000,600,916740.0,917340.0,117340.0,Scheduled - Deadline Met,Yes,Yes,3600.7502617836,60.012504363059996,9,6618.0,Gurobi Status: 9
F8,P8_4,4,1200000,1600000,600,1290551.0,1291151.0,91151.0,Scheduled - Deadline Met,Yes,Yes,3600.7502617836,60.012504363059996,9,6618.0,Gurobi Status: 9
F8,P8_5,4,1600000,2000000,600,1778274.0,1778874.0,178874.0,Scheduled - Deadline Met,Yes,Yes,3600.7502617836,60.012504363059996,9,6618.0,Gurobi Status: 9
F8,P8_6,8,2000000,2400000,600,2138820.0,2139420.0,139420.0,Scheduled - Deadline Met,Yes,Yes,3600.7502617836,60.012504363059996,9,6618.0,Gurobi Status: 9
F9,P9_1,8,0,400000,11883,,,,Optional Packets- Not Scheduled,No,N/A,3600.7502617836,60.012504363059996,9,6618.0,Gurobi Status: 9
F9,P9_2,7,400000,800000,11883,434508.0,446391.0,46391.0,Scheduled - Deadline Met,Yes,Yes,3600.7502617836,60.012504363059996,9,6618.0,Gurobi Status: 9
F9,P9_3,7,800000,1200000,11883,938497.0,950380.0,150380.0,Scheduled - Deadline Met,Yes,Yes,3600.7502617836,60.012504363059996,9,6618.0,Gurobi Status: 9
F9,P9_4,8,1200000,1600000,11883,,,,Optional Packets- Not Scheduled,No,N/A,3600.7502617836,60.012504363059996,9,6618.0,Gurobi Status: 9
F9,P9_5,7,1600000,2000000,11883,1616396.0,1628279.0,28279.0,Scheduled - Deadline Met,Yes,Yes,3600.7502617836,60.012504363059996,9,6618.0,Gurobi Status: 9
F9,P9_6,7,2000000,2400000,11883,2018853.0,2030736.0,30736.0,Scheduled - Deadline Met,Yes,Yes,3600.7502617836,60.012504363059996,9,6618.0,Gurobi Status: 9
