Flow,Packet,Class,Arrival,Deadline,Execution Time,Gate Open,Gate Close,Response Time,Status,Scheduled,Deadline Met,Solver_Execution_Time_Seconds,Solver_Execution_Time_Minutes,Solver_Status,Objective_Value,Stopping_Reason
F1,P1_1,8,0,400000,2075,85955.0,88030.0,88030.0,Scheduled - Deadline Met,Yes,Yes,3600.2216124534607,60.003693540891014,9,8384.0,Gurobi Status: 9
F1,P1_2,4,400000,800000,2075,455844.0,457919.0,57919.0,Scheduled - Deadline Met,Yes,Yes,3600.2216124534607,60.003693540891014,9,8384.0,Gurobi Status: 9
F1,P1_3,4,800000,1200000,2075,874073.0,876148.0,76148.0,Scheduled - Deadline Met,Yes,Yes,3600.2216124534607,60.003693540891014,9,8384.0,Gurobi Status: 9
F1,P1_4,8,1200000,1600000,2075,1290834.0,1292909.0,92909.0,Scheduled - Deadline Met,Yes,Yes,3600.2216124534607,60.003693540891014,9,8384.0,Gurobi Status: 9
F1,P1_5,4,1600000,2000000,2075,1625284.0,1627359.0,27359.0,Scheduled - Deadline Met,Yes,Yes,3600.2216124534607,60.003693540891014,9,8384.0,Gurobi Status: 9
F1,P1_6,4,2000000,2400000,2075,2065043.0,2067118.0,67118.0,Scheduled - Deadline Met,Yes,Yes,3600.2216124534607,60.003693540891014,9,8384.0,Gurobi Status: 9
F10,P10_1,4,0,400000,3146,31241.0,34387.0,34387.0,Scheduled - Deadline Met,Yes,Yes,3600.2216124534607,60.003693540891014,9,8384.0,Gurobi Status: 9
F10,P10_2,8,400000,800000,3146,486676.0,489822.0,89822.0,Scheduled - Deadline Met,Yes,Yes,3600.2216124534607,60.003693540891014,9,8384.0,Gurobi Status: 9
F10,P10_3,4,800000,1200000,3146,837043.0,840189.0,40189.0,Scheduled - Deadline Met,Yes,Yes,3600.2216124534607,60.003693540891014,9,8384.0,Gurobi Status: 9
F10,P10_4,4,1200000,1600000,3146,1257594.0,1260740.0,60740.0,Scheduled - Deadline Met,Yes,Yes,3600.2216124534607,60.003693540891014,9,8384.0,Gurobi Status: 9
F10,P10_5,8,1600000,2000000,3146,1679068.0,1682214.0,82214.0,Scheduled - Deadline Met,Yes,Yes,3600.2216124534607,60.003693540891014,9,8384.0,Gurobi Status: 9
F10,P10_6,4,2000000,2400000,3146,2061801.0,2064947.0,64947.0,Scheduled - Deadline Met,Yes,Yes,3600.2216124534607,60.003693540891014,9,8384.0,Gurobi Status: 9
F11,P11_1,6,0,400000,6186,179782.0,185968.0,185968.0,Scheduled - Deadline Met,Yes,Yes,3600.2216124534607,60.003693540891014,9,8384.0,Gurobi Status: 9
F11,P11_2,8,400000,800000,6186,,,,Optional Packets- Not Scheduled,No,N/A,3600.2216124534607,60.003693540891014,9,8384.0,Gurobi Status: 9
F11,P11_3,6,800000,1200000,6186,885681.0,891867.0,91867.0,Scheduled - Deadline Met,Yes,Yes,3600.2216124534607,60.003693540891014,9,8384.0,Gurobi Status: 9
F11,P11_4,6,1200000,1600000,6186,1347004.0,1353190.0,153190.0,Scheduled - Deadline Met,Yes,Yes,3600.2216124534607,60.003693540891014,9,8384.0,Gurobi Status: 9
F11,P11_5,8,1600000,2000000,6186,,,,Optional Packets- Not Scheduled,No,N/A,3600.2216124534607,60.003693540891014,9,8384.0,Gurobi Status: 9
F11,P11_6,6,2000000,2400000,6186,2099816.0,2106002.0,106002.0,Scheduled - Deadline Met,Yes,Yes,3600.2216124534607,60.003693540891014,9,8384.0,Gurobi Status: 9
F12,P12_1,8,0,400000,8323,,,,Optional Packets- Not Scheduled,No,N/A,3600.2216124534607,60.003693540891014,9,8384.0,Gurobi Status: 9
F12,P12_2,7,400000,800000,8323,755876.0,764199.0,364199.0,Scheduled - Deadline Met,Yes,Yes,3600.2216124534607,60.003693540891014,9,8384.0,Gurobi Status: 9
F12,P12_3,7,800000,1200000,8323,864064.0,872387.0,72387.0,Scheduled - Deadline Met,Yes,Yes,3600.2216124534607,60.003693540891014,9,8384.0,Gurobi Status: 9
F12,P12_4,8,1200000,1600000,8323,1282415.0,1290738.0,90738.0,Scheduled - Deadline Met,Yes,Yes,3600.2216124534607,60.003693540891014,9,8384.0,Gurobi Status: 9
F12,P12_5,7,1600000,2000000,8323,1648934.0,1657257.0,57257.0,Scheduled - Deadline Met,Yes,Yes,3600.2216124534607,60.003693540891014,9,8384.0,Gurobi Status: 9
F12,P12_6,7,2000000,2400000,8323,2068804.0,2077127.0,77127.0,Scheduled - Deadline Met,Yes,Yes,3600.2216124534607,60.003693540891014,9,8384.0,Gurobi Status: 9
F13,P13_1,2,0,400000,1803,334015.0,335818.0,335818.0,Scheduled - Deadline Met,Yes,Yes,3600.2216124534607,60.003693540891014,9,8384.0,Gurobi Status: 9
F13,P13_2,2,400000,800000,1803,517917.0,519720.0,119720.0,Scheduled - Deadline Met,Yes,Yes,3600.2216124534607,60.003693540891014,9,8384.0,Gurobi Status: 9
F13,P13_3,8,800000,1200000,1803,,,,Optional Packets- Not Scheduled,No,N/A,3600.2216124534607,60.003693540891014,9,8384.0,Gurobi Status: 9
F13,P13_4,2,1200000,1600000,1803,1360427.0,1362230.0,162230.0,Scheduled - Deadline Met,Yes,Yes,3600.2216124534607,60.003693540891014,9,8384.0,Gurobi Status: 9
F13,P13_5,2,1600000,2000000,1803,1903615.0,1905418.0,305418.0,Scheduled - Deadline Met,Yes,Yes,3600.2216124534607,60.003693540891014,9,8384.0,Gurobi Status: 9
F13,P13_6,8,2000000,2400000,1803,2109409.0,2111212.0,111212.0,Scheduled - Deadline Met,Yes,Yes,3600.2216124534607,60.003693540891014,9,8384.0,Gurobi Status: 9
F14,P14_1,6,0,200000,8594,41406.0,50000.0,50000.0,Scheduled - Deadline Met,Yes,Yes,3600.2216124534607,60.003693540891014,9,8384.0,Gurobi Status: 9
F14,P14_2,8,200000,400000,8594,258242.0,266836.0,66836.0,Scheduled - Deadline Met,Yes,Yes,3600.2216124534607,60.003693540891014,9,8384.0,Gurobi Status: 9
F14,P14_3,6,400000,600000,8594,532153.0,540747.0,140747.0,Scheduled - Deadline Met,Yes,Yes,3600.2216124534607,60.003693540891014,9,8384.0,Gurobi Status: 9
F14,P14_4,6,600000,800000,8594,603997.0,612591.0,12591.0,Scheduled - Deadline Met,Yes,Yes,3600.2216124534607,60.003693540891014,9,8384.0,Gurobi Status: 9
F14,P14_5,8,800000,1000000,8594,,,,Optional Packets- Not Scheduled,No,N/A,3600.2216124534607,60.003693540891014,9,8384.0,Gurobi Status: 9
F14,P14_6,6,1000000,1200000,8594,1112777.0,1121371.0,121371.0,Scheduled - Deadline Met,Yes,Yes,3600.2216124534607,60.003693540891014,9,8384.0,Gurobi Status: 9
F14,P14_7,6,1200000,1400000,8594,1213242.0,1221836.0,21836.0,Scheduled - Deadline Met,Yes,Yes,3600.2216124534607,60.003693540891014,9,8384.0,Gurobi Status: 9
F14,P14_8,8,1400000,1600000,8594,1463943.0,1472537.0,72537.0,Scheduled - Deadline Met,Yes,Yes,3600.2216124534607,60.003693540891014,9,8384.0,Gurobi Status: 9
F14,P14_9,6,1600000,1800000,8594,1603028.0,1611622.0,11622.0,Scheduled - Deadline Met,Yes,Yes,3600.2216124534607,60.003693540891014,9,8384.0,Gurobi Status: 9
F14,P14_10,6,1800000,2000000,8594,1922340.0,1930934.0,130934.0,Scheduled - Deadline Met,Yes,Yes,3600.2216124534607,60.003693540891014,9,8384.0,Gurobi Status: 9
F14,P14_11,8,2000000,2200000,8594,,,,Optional Packets- Not Scheduled,No,N/A,3600.2216124534607,60.003693540891014,9,8384.0,Gurobi Status: 9
F14,P14_12,6,2200000,2400000,8594,2206739.0,2215333.0,15333.0,Scheduled - Deadline Met,Yes,Yes,3600.2216124534607,60.003693540891014,9,8384.0,Gurobi Status: 9
F15,P15_1,8,0,200000,11972,,,,Optional Packets- Not Scheduled,No,N/A,3600.2216124534607,60.003693540891014,9,8384.0,Gurobi Status: 9
F15,P15_2,3,200000,400000,11972,217178.0,229150.0,29150.0,Scheduled - Deadline Met,Yes,Yes,3600.2216124534607,60.003693540891014,9,8384.0,Gurobi Status: 9
F15,P15_3,3,400000,600000,11972,443776.0,455748.0,55748.0,Scheduled - Deadline Met,Yes,Yes,3600.2216124534607,60.003693540891014,9,8384.0,Gurobi Status: 9
F15,P15_4,8,600000,800000,11972,,,,Optional Packets- Not Scheduled,No,N/A,3600.2216124534607,60.003693540891014,9,8384.0,Gurobi Status: 9
F15,P15_5,3,800000,1000000,11972,810208.0,822180.0,22180.0,Scheduled - Deadline Met,Yes,Yes,3600.2216124534607,60.003693540891014,9,8384.0,Gurobi Status: 9
F15,P15_6,3,1000000,1200000,11972,1066915.0,1078887.0,78887.0,Scheduled - Deadline Met,Yes,Yes,3600.2216124534607,60.003693540891014,9,8384.0,Gurobi Status: 9
F15,P15_7,8,1200000,1400000,11972,,,,Optional Packets- Not Scheduled,No,N/A,3600.2216124534607,60.003693540891014,9,8384.0,Gurobi Status: 9
F15,P15_8,3,1400000,1600000,11972,1429167.0,1441139.0,41139.0,Scheduled - Deadline Met,Yes,Yes,3600.2216124534607,60.003693540891014,9,8384.0,Gurobi Status: 9
F15,P15_9,3,1600000,1800000,11972,1627455.0,1639427.0,39427.0,Scheduled - Deadline Met,Yes,Yes,3600.2216124534607,60.003693540891014,9,8384.0,Gurobi Status: 9
F15,P15_10,8,1800000,2000000,11972,1830519.0,1842491.0,42491.0,Scheduled - Deadline Met,Yes,Yes,3600.2216124534607,60.003693540891014,9,8384.0,Gurobi Status: 9
F15,P15_11,3,2000000,2200000,11972,2007259.0,2019231.0,19231.0,Scheduled - Deadline Met,Yes,Yes,3600.2216124534607,60.003693540891014,9,8384.0,Gurobi Status: 9
F15,P15_12,3,2200000,2400000,11972,2250563.0,2262535.0,62535.0,Scheduled - Deadline Met,Yes,Yes,3600.2216124534607,60.003693540891014,9,8384.0,Gurobi Status: 9
F16,P16_1,8,0,400000,11776,,,,Optional Packets- Not Scheduled,No,N/A,3600.2216124534607,60.003693540891014,9,8384.0,Gurobi Status: 9
F16,P16_2,5,400000,800000,11776,556461.0,568237.0,168237.0,Scheduled - Deadline Met,Yes,Yes,3600.2216124534607,60.003693540891014,9,8384.0,Gurobi Status: 9
F16,P16_3,5,800000,1200000,11776,915011.0,926787.0,126787.0,Scheduled - Deadline Met,Yes,Yes,3600.2216124534607,60.003693540891014,9,8384.0,Gurobi Status: 9
F16,P16_4,8,1200000,1600000,11776,,,,Optional Packets- Not Scheduled,No,N/A,3600.2216124534607,60.003693540891014,9,8384.0,Gurobi Status: 9
F16,P16_5,5,1600000,2000000,11776,1879835.0,1891611.0,291611.0,Scheduled - Deadline Met,Yes,Yes,3600.2216124534607,60.003693540891014,9,8384.0,Gurobi Status: 9
F16,P16_6,5,2000000,2400000,11776,2045271.0,2057047.0,57047.0,Scheduled - Deadline Met,Yes,Yes,3600.2216124534607,60.003693540891014,9,8384.0,Gurobi Status: 9
F17,P17_1,8,0,200000,7235,,,,Optional Packets- Not Scheduled,No,N/A,3600.2216124534607,60.003693540891014,9,8384.0,Gurobi Status: 9
F17,P17_2,1,200000,400000,7235,229246.0,236481.0,36481.0,Scheduled - Deadline Met,Yes,Yes,3600.2216124534607,60.003693540891014,9,8384.0,Gurobi Status: 9
F17,P17_3,1,400000,600000,7235,523335.0,530570.0,130570.0,Scheduled - Deadline Met,Yes,Yes,3600.2216124534607,60.003693540891014,9,8384.0,Gurobi Status: 9
F17,P17_4,8,600000,800000,7235,653184.0,660419.0,60419.0,Scheduled - Deadline Met,Yes,Yes,3600.2216124534607,60.003693540891014,9,8384.0,Gurobi Status: 9
F17,P17_5,1,800000,1000000,7235,823985.0,831220.0,31220.0,Scheduled - Deadline Met,Yes,Yes,3600.2216124534607,60.003693540891014,9,8384.0,Gurobi Status: 9
F17,P17_6,1,1000000,1200000,7235,1022656.0,1029891.0,29891.0,Scheduled - Deadline Met,Yes,Yes,3600.2216124534607,60.003693540891014,9,8384.0,Gurobi Status: 9
F17,P17_7,8,1200000,1400000,7235,1273271.0,1280506.0,80506.0,Scheduled - Deadline Met,Yes,Yes,3600.2216124534607,60.003693540891014,9,8384.0,Gurobi Status: 9
F17,P17_8,1,1400000,1600000,7235,1421836.0,1429071.0,29071.0,Scheduled - Deadline Met,Yes,Yes,3600.2216124534607,60.003693540891014,9,8384.0,Gurobi Status: 9
F17,P17_9,1,1600000,1800000,7235,1747922.0,1755157.0,155157.0,Scheduled - Deadline Met,Yes,Yes,3600.2216124534607,60.003693540891014,9,8384.0,Gurobi Status: 9
F17,P17_10,8,1800000,2000000,7235,1842587.0,1849822.0,49822.0,Scheduled - Deadline Met,Yes,Yes,3600.2216124534607,60.003693540891014,9,8384.0,Gurobi Status: 9
F17,P17_11,1,2000000,2200000,7235,2025054.0,2032289.0,32289.0,Scheduled - Deadline Met,Yes,Yes,3600.2216124534607,60.003693540891014,9,8384.0,Gurobi Status: 9
F17,P17_12,1,2200000,2400000,7235,2343428.0,2350663.0,150663.0,Scheduled - Deadline Met,Yes,Yes,3600.2216124534607,60.003693540891014,9,8384.0,Gurobi Status: 9
F18,P18_1,2,0,200000,9741,7531.0,17272.0,17272.0,Scheduled - Deadline Met,Yes,Yes,3600.2216124534607,60.003693540891014,9,8384.0,Gurobi Status: 9
F18,P18_2,2,200000,400000,9741,383236.0,392977.0,192977.0,Scheduled - Deadline Met,Yes,Yes,3600.2216124534607,60.003693540891014,9,8384.0,Gurobi Status: 9
F18,P18_3,8,400000,600000,9741,,,,Optional Packets- Not Scheduled,No,N/A,3600.2216124534607,60.003693540891014,9,8384.0,Gurobi Status: 9
F18,P18_4,2,600000,800000,9741,632451.0,642192.0,42192.0,Scheduled - Deadline Met,Yes,Yes,3600.2216124534607,60.003693540891014,9,8384.0,Gurobi Status: 9
F18,P18_5,2,800000,1000000,9741,852131.0,861872.0,61872.0,Scheduled - Deadline Met,Yes,Yes,3600.2216124534607,60.003693540891014,9,8384.0,Gurobi Status: 9
F18,P18_6,8,1000000,1200000,9741,,,,Optional Packets- Not Scheduled,No,N/A,3600.2216124534607,60.003693540891014,9,8384.0,Gurobi Status: 9
F18,P18_7,2,1200000,1400000,9741,1241916.0,1251657.0,51657.0,Scheduled - Deadline Met,Yes,Yes,3600.2216124534607,60.003693540891014,9,8384.0,Gurobi Status: 9
F18,P18_8,2,1400000,1600000,9741,1441235.0,1450976.0,50976.0,Scheduled - Deadline Met,Yes,Yes,3600.2216124534607,60.003693540891014,9,8384.0,Gurobi Status: 9
F18,P18_9,8,1600000,1800000,9741,,,,Optional Packets- Not Scheduled,No,N/A,3600.2216124534607,60.003693540891014,9,8384.0,Gurobi Status: 9
F18,P18_10,2,1800000,2000000,9741,1912503.0,1922244.0,122244.0,Scheduled - Deadline Met,Yes,Yes,3600.2216124534607,60.003693540891014,9,8384.0,Gurobi Status: 9
F18,P18_11,2,2000000,2200000,9741,2035434.0,2045175.0,45175.0,Scheduled - Deadline Met,Yes,Yes,3600.2216124534607,60.003693540891014,9,8384.0,Gurobi Status: 9
F18,P18_12,8,2200000,2400000,9741,2276156.0,2285897.0,85897.0,Scheduled - Deadline Met,Yes,Yes,3600.2216124534607,60.003693540891014,9,8384.0,Gurobi Status: 9
F19,P19_1,1,0,200000,1494,153171.0,154665.0,154665.0,Scheduled - Deadline Met,Yes,Yes,3600.2216124534607,60.003693540891014,9,8384.0,Gurobi Status: 9
F19,P19_2,1,200000,400000,1494,238024.0,239518.0,39518.0,Scheduled - Deadline Met,Yes,Yes,3600.2216124534607,60.003693540891014,9,8384.0,Gurobi Status: 9
F19,P19_3,8,400000,600000,1494,430310.0,431804.0,31804.0,Scheduled - Deadline Met,Yes,Yes,3600.2216124534607,60.003693540891014,9,8384.0,Gurobi Status: 9
F19,P19_4,1,600000,800000,1494,725171.0,726665.0,126665.0,Scheduled - Deadline Met,Yes,Yes,3600.2216124534607,60.003693540891014,9,8384.0,Gurobi Status: 9
F19,P19_5,1,800000,1000000,1494,872483.0,873977.0,73977.0,Scheduled - Deadline Met,Yes,Yes,3600.2216124534607,60.003693540891014,9,8384.0,Gurobi Status: 9
F19,P19_6,8,1000000,1200000,1494,1090276.0,1091770.0,91770.0,Scheduled - Deadline Met,Yes,Yes,3600.2216124534607,60.003693540891014,9,8384.0,Gurobi Status: 9
F19,P19_7,1,1200000,1400000,1494,1256004.0,1257498.0,57498.0,Scheduled - Deadline Met,Yes,Yes,3600.2216124534607,60.003693540891014,9,8384.0,Gurobi Status: 9
F19,P19_8,1,1400000,1600000,1494,1541964.0,1543458.0,143458.0,Scheduled - Deadline Met,Yes,Yes,3600.2216124534607,60.003693540891014,9,8384.0,Gurobi Status: 9
F19,P19_9,8,1600000,1800000,1494,,,,Optional Packets- Not Scheduled,No,N/A,3600.2216124534607,60.003693540891014,9,8384.0,Gurobi Status: 9
F19,P19_10,1,1800000,2000000,1494,1964799.0,1966293.0,166293.0,Scheduled - Deadline Met,Yes,Yes,3600.2216124534607,60.003693540891014,9,8384.0,Gurobi Status: 9
F19,P19_11,1,2000000,2200000,1494,2067214.0,2068708.0,68708.0,Scheduled - Deadline Met,Yes,Yes,3600.2216124534607,60.003693540891014,9,8384.0,Gurobi Status: 9
F19,P19_12,8,2200000,2400000,1494,2293086.0,2294580.0,94580.0,Scheduled - Deadline Met,Yes,Yes,3600.2216124534607,60.003693540891014,9,8384.0,Gurobi Status: 9
F2,P2_1,8,0,400000,1035,90920.0,91955.0,91955.0,Scheduled - Deadline Met,Yes,Yes,3600.2216124534607,60.003693540891014,9,8384.0,Gurobi Status: 9
F2,P2_2,2,400000,800000,1035,530666.0,531701.0,131701.0,Scheduled - Deadline Met,Yes,Yes,3600.2216124534607,60.003693540891014,9,8384.0,Gurobi Status: 9
F2,P2_3,2,800000,1200000,1035,911972.0,913007.0,113007.0,Scheduled - Deadline Met,Yes,Yes,3600.2216124534607,60.003693540891014,9,8384.0,Gurobi Status: 9
F2,P2_4,8,1200000,1600000,1035,1293005.0,1294040.0,94040.0,Scheduled - Deadline Met,Yes,Yes,3600.2216124534607,60.003693540891014,9,8384.0,Gurobi Status: 9
F2,P2_5,2,1600000,2000000,1035,1909276.0,1910311.0,310311.0,Scheduled - Deadline Met,Yes,Yes,3600.2216124534607,60.003693540891014,9,8384.0,Gurobi Status: 9
F2,P2_6,2,2000000,2400000,1035,2143135.0,2144170.0,144170.0,Scheduled - Deadline Met,Yes,Yes,3600.2216124534607,60.003693540891014,9,8384.0,Gurobi Status: 9
F20,P20_1,8,0,400000,746,93073.0,93819.0,93819.0,Scheduled - Deadline Met,Yes,Yes,3600.2216124534607,60.003693540891014,9,8384.0,Gurobi Status: 9
F20,P20_2,6,400000,800000,746,575692.0,576438.0,176438.0,Scheduled - Deadline Met,Yes,Yes,3600.2216124534607,60.003693540891014,9,8384.0,Gurobi Status: 9
F20,P20_3,6,800000,1200000,746,913103.0,913849.0,113849.0,Scheduled - Deadline Met,Yes,Yes,3600.2216124534607,60.003693540891014,9,8384.0,Gurobi Status: 9
F20,P20_4,8,1200000,1600000,746,1295161.0,1295907.0,95907.0,Scheduled - Deadline Met,Yes,Yes,3600.2216124534607,60.003693540891014,9,8384.0,Gurobi Status: 9
F20,P20_5,6,1600000,2000000,746,1660474.0,1661220.0,61220.0,Scheduled - Deadline Met,Yes,Yes,3600.2216124534607,60.003693540891014,9,8384.0,Gurobi Status: 9
F20,P20_6,6,2000000,2400000,746,2172055.0,2172801.0,172801.0,Scheduled - Deadline Met,Yes,Yes,3600.2216124534607,60.003693540891014,9,8384.0,Gurobi Status: 9
F21,P21_1,3,0,50000,2192,2435.0,4627.0,4627.0,Scheduled - Deadline Met,Yes,Yes,3600.2216124534607,60.003693540891014,9,8384.0,Gurobi Status: 9
F21,P21_2,8,50000,100000,2192,96099.0,98291.0,48291.0,Scheduled - Deadline Met,Yes,Yes,3600.2216124534607,60.003693540891014,9,8384.0,Gurobi Status: 9
F21,P21_3,3,100000,150000,2192,119452.0,121644.0,21644.0,Scheduled - Deadline Met,Yes,Yes,3600.2216124534607,60.003693540891014,9,8384.0,Gurobi Status: 9
F21,P21_4,3,150000,200000,2192,150000.0,152192.0,2192.0,Scheduled - Deadline Met,Yes,Yes,3600.2216124534607,60.003693540891014,9,8384.0,Gurobi Status: 9
F21,P21_5,8,200000,250000,2192,247808.0,250000.0,50000.0,Scheduled - Deadline Met,Yes,Yes,3600.2216124534607,60.003693540891014,9,8384.0,Gurobi Status: 9
F21,P21_6,3,250000,300000,2192,288565.0,290757.0,40757.0,Scheduled - Deadline Met,Yes,Yes,3600.2216124534607,60.003693540891014,9,8384.0,Gurobi Status: 9
F21,P21_7,3,300000,350000,2192,331823.0,334015.0,34015.0,Scheduled - Deadline Met,Yes,Yes,3600.2216124534607,60.003693540891014,9,8384.0,Gurobi Status: 9
F21,P21_8,8,350000,400000,2192,361606.0,363798.0,13798.0,Scheduled - Deadline Met,Yes,Yes,3600.2216124534607,60.003693540891014,9,8384.0,Gurobi Status: 9
F21,P21_9,3,400000,450000,2192,400740.0,402932.0,2932.0,Scheduled - Deadline Met,Yes,Yes,3600.2216124534607,60.003693540891014,9,8384.0,Gurobi Status: 9
F21,P21_10,3,450000,500000,2192,466624.0,468816.0,18816.0,Scheduled - Deadline Met,Yes,Yes,3600.2216124534607,60.003693540891014,9,8384.0,Gurobi Status: 9
F21,P21_11,8,500000,550000,2192,503753.0,505945.0,5945.0,Scheduled - Deadline Met,Yes,Yes,3600.2216124534607,60.003693540891014,9,8384.0,Gurobi Status: 9
F21,P21_12,3,550000,600000,2192,553753.0,555945.0,5945.0,Scheduled - Deadline Met,Yes,Yes,3600.2216124534607,60.003693540891014,9,8384.0,Gurobi Status: 9
F21,P21_13,3,600000,650000,2192,600000.0,602192.0,2192.0,Scheduled - Deadline Met,Yes,Yes,3600.2216124534607,60.003693540891014,9,8384.0,Gurobi Status: 9
F21,P21_14,8,650000,700000,2192,662950.0,665142.0,15142.0,Scheduled - Deadline Met,Yes,Yes,3600.2216124534607,60.003693540891014,9,8384.0,Gurobi Status: 9
F21,P21_15,3,700000,750000,2192,726665.0,728857.0,28857.0,Scheduled - Deadline Met,Yes,Yes,3600.2216124534607,60.003693540891014,9,8384.0,Gurobi Status: 9
F21,P21_16,3,750000,800000,2192,774384.0,776576.0,26576.0,Scheduled - Deadline Met,Yes,Yes,3600.2216124534607,60.003693540891014,9,8384.0,Gurobi Status: 9
F21,P21_17,8,800000,850000,2192,,,,Optional Packets- Not Scheduled,No,N/A,3600.2216124534607,60.003693540891014,9,8384.0,Gurobi Status: 9
F21,P21_18,3,850000,900000,2192,861872.0,864064.0,14064.0,Scheduled - Deadline Met,Yes,Yes,3600.2216124534607,60.003693540891014,9,8384.0,Gurobi Status: 9
F21,P21_19,3,900000,950000,2192,928496.0,930688.0,30688.0,Scheduled - Deadline Met,Yes,Yes,3600.2216124534607,60.003693540891014,9,8384.0,Gurobi Status: 9
F21,P21_20,8,950000,1000000,2192,950836.0,953028.0,3028.0,Scheduled - Deadline Met,Yes,Yes,3600.2216124534607,60.003693540891014,9,8384.0,Gurobi Status: 9
F21,P21_21,3,1000000,1050000,2192,1005420.0,1007612.0,7612.0,Scheduled - Deadline Met,Yes,Yes,3600.2216124534607,60.003693540891014,9,8384.0,Gurobi Status: 9
F21,P21_22,3,1050000,1100000,2192,1086889.0,1089081.0,39081.0,Scheduled - Deadline Met,Yes,Yes,3600.2216124534607,60.003693540891014,9,8384.0,Gurobi Status: 9
F21,P21_23,8,1100000,1150000,2192,1132570.0,1134762.0,34762.0,Scheduled - Deadline Met,Yes,Yes,3600.2216124534607,60.003693540891014,9,8384.0,Gurobi Status: 9
F21,P21_24,3,1150000,1200000,2192,1176941.0,1179133.0,29133.0,Scheduled - Deadline Met,Yes,Yes,3600.2216124534607,60.003693540891014,9,8384.0,Gurobi Status: 9
F21,P21_25,3,1200000,1250000,2192,1209855.0,1212047.0,12047.0,Scheduled - Deadline Met,Yes,Yes,3600.2216124534607,60.003693540891014,9,8384.0,Gurobi Status: 9
F21,P21_26,8,1250000,1300000,2192,1296003.0,1298195.0,48195.0,Scheduled - Deadline Met,Yes,Yes,3600.2216124534607,60.003693540891014,9,8384.0,Gurobi Status: 9
F21,P21_27,3,1300000,1350000,2192,1325563.0,1327755.0,27755.0,Scheduled - Deadline Met,Yes,Yes,3600.2216124534607,60.003693540891014,9,8384.0,Gurobi Status: 9
F21,P21_28,3,1350000,1400000,2192,1368381.0,1370573.0,20573.0,Scheduled - Deadline Met,Yes,Yes,3600.2216124534607,60.003693540891014,9,8384.0,Gurobi Status: 9
F21,P21_29,8,1400000,1450000,2192,,,,Optional Packets- Not Scheduled,No,N/A,3600.2216124534607,60.003693540891014,9,8384.0,Gurobi Status: 9
F21,P21_30,3,1450000,1500000,2192,1495180.0,1497372.0,47372.0,Scheduled - Deadline Met,Yes,Yes,3600.2216124534607,60.003693540891014,9,8384.0,Gurobi Status: 9
F21,P21_31,3,1500000,1550000,2192,1516058.0,1518250.0,18250.0,Scheduled - Deadline Met,Yes,Yes,3600.2216124534607,60.003693540891014,9,8384.0,Gurobi Status: 9
F21,P21_32,8,1550000,1600000,2192,1555592.0,1557784.0,7784.0,Scheduled - Deadline Met,Yes,Yes,3600.2216124534607,60.003693540891014,9,8384.0,Gurobi Status: 9
F21,P21_33,3,1600000,1650000,2192,1600740.0,1602932.0,2932.0,Scheduled - Deadline Met,Yes,Yes,3600.2216124534607,60.003693540891014,9,8384.0,Gurobi Status: 9
F21,P21_34,3,1650000,1700000,2192,1658282.0,1660474.0,10474.0,Scheduled - Deadline Met,Yes,Yes,3600.2216124534607,60.003693540891014,9,8384.0,Gurobi Status: 9
F21,P21_35,8,1700000,1750000,2192,1724872.0,1727064.0,27064.0,Scheduled - Deadline Met,Yes,Yes,3600.2216124534607,60.003693540891014,9,8384.0,Gurobi Status: 9
F21,P21_36,3,1750000,1800000,2192,1786906.0,1789098.0,39098.0,Scheduled - Deadline Met,Yes,Yes,3600.2216124534607,60.003693540891014,9,8384.0,Gurobi Status: 9
F21,P21_37,3,1800000,1850000,2192,1800000.0,1802192.0,2192.0,Scheduled - Deadline Met,Yes,Yes,3600.2216124534607,60.003693540891014,9,8384.0,Gurobi Status: 9
F21,P21_38,8,1850000,1900000,2192,1852353.0,1854545.0,4545.0,Scheduled - Deadline Met,Yes,Yes,3600.2216124534607,60.003693540891014,9,8384.0,Gurobi Status: 9
F21,P21_39,3,1900000,1950000,2192,1910311.0,1912503.0,12503.0,Scheduled - Deadline Met,Yes,Yes,3600.2216124534607,60.003693540891014,9,8384.0,Gurobi Status: 9
F21,P21_40,3,1950000,2000000,2192,1966389.0,1968581.0,18581.0,Scheduled - Deadline Met,Yes,Yes,3600.2216124534607,60.003693540891014,9,8384.0,Gurobi Status: 9
F21,P21_41,8,2000000,2050000,2192,,,,Optional Packets- Not Scheduled,No,N/A,3600.2216124534607,60.003693540891014,9,8384.0,Gurobi Status: 9
F21,P21_42,3,2050000,2100000,2192,2097624.0,2099816.0,49816.0,Scheduled - Deadline Met,Yes,Yes,3600.2216124534607,60.003693540891014,9,8384.0,Gurobi Status: 9
F21,P21_43,3,2100000,2150000,2192,2144170.0,2146362.0,46362.0,Scheduled - Deadline Met,Yes,Yes,3600.2216124534607,60.003693540891014,9,8384.0,Gurobi Status: 9
F21,P21_44,8,2150000,2200000,2192,2176618.0,2178810.0,28810.0,Scheduled - Deadline Met,Yes,Yes,3600.2216124534607,60.003693540891014,9,8384.0,Gurobi Status: 9
F21,P21_45,3,2200000,2250000,2192,2200740.0,2202932.0,2932.0,Scheduled - Deadline Met,Yes,Yes,3600.2216124534607,60.003693540891014,9,8384.0,Gurobi Status: 9
F21,P21_46,3,2250000,2300000,2192,2270141.0,2272333.0,22333.0,Scheduled - Deadline Met,Yes,Yes,3600.2216124534607,60.003693540891014,9,8384.0,Gurobi Status: 9
F21,P21_47,8,2300000,2350000,2192,2306477.0,2308669.0,8669.0,Scheduled - Deadline Met,Yes,Yes,3600.2216124534607,60.003693540891014,9,8384.0,Gurobi Status: 9
F21,P21_48,3,2350000,2400000,2192,2364790.0,2366982.0,16982.0,Scheduled - Deadline Met,Yes,Yes,3600.2216124534607,60.003693540891014,9,8384.0,Gurobi Status: 9
F22,P22_1,6,0,200000,4562,125451.0,130013.0,130013.0,Scheduled - Deadline Met,Yes,Yes,3600.2216124534607,60.003693540891014,9,8384.0,Gurobi Status: 9
F22,P22_2,6,200000,400000,4562,378578.0,383140.0,183140.0,Scheduled - Deadline Met,Yes,Yes,3600.2216124534607,60.003693540891014,9,8384.0,Gurobi Status: 9
F22,P22_3,8,400000,600000,4562,423839.0,428401.0,28401.0,Scheduled - Deadline Met,Yes,Yes,3600.2216124534607,60.003693540891014,9,8384.0,Gurobi Status: 9
F22,P22_4,6,600000,800000,4562,684177.0,688739.0,88739.0,Scheduled - Deadline Met,Yes,Yes,3600.2216124534607,60.003693540891014,9,8384.0,Gurobi Status: 9
F22,P22_5,6,800000,1000000,4562,801839.0,806401.0,6401.0,Scheduled - Deadline Met,Yes,Yes,3600.2216124534607,60.003693540891014,9,8384.0,Gurobi Status: 9
F22,P22_6,8,1000000,1200000,4562,1039800.0,1044362.0,44362.0,Scheduled - Deadline Met,Yes,Yes,3600.2216124534607,60.003693540891014,9,8384.0,Gurobi Status: 9
F22,P22_7,6,1200000,1400000,4562,1335997.0,1340559.0,140559.0,Scheduled - Deadline Met,Yes,Yes,3600.2216124534607,60.003693540891014,9,8384.0,Gurobi Status: 9
F22,P22_8,6,1400000,1600000,4562,1415469.0,1420031.0,20031.0,Scheduled - Deadline Met,Yes,Yes,3600.2216124534607,60.003693540891014,9,8384.0,Gurobi Status: 9
F22,P22_9,8,1600000,1800000,4562,,,,Optional Packets- Not Scheduled,No,N/A,3600.2216124534607,60.003693540891014,9,8384.0,Gurobi Status: 9
F22,P22_10,6,1800000,2000000,4562,1931030.0,1935592.0,135592.0,Scheduled - Deadline Met,Yes,Yes,3600.2216124534607,60.003693540891014,9,8384.0,Gurobi Status: 9
F22,P22_11,6,2000000,2200000,4562,2057143.0,2061705.0,61705.0,Scheduled - Deadline Met,Yes,Yes,3600.2216124534607,60.003693540891014,9,8384.0,Gurobi Status: 9
F22,P22_12,8,2200000,2400000,4562,2285993.0,2290555.0,90555.0,Scheduled - Deadline Met,Yes,Yes,3600.2216124534607,60.003693540891014,9,8384.0,Gurobi Status: 9
F23,P23_1,7,0,400000,883,152192.0,153075.0,153075.0,Scheduled - Deadline Met,Yes,Yes,3600.2216124534607,60.003693540891014,9,8384.0,Gurobi Status: 9
F23,P23_2,7,400000,800000,883,767024.0,767907.0,367907.0,Scheduled - Deadline Met,Yes,Yes,3600.2216124534607,60.003693540891014,9,8384.0,Gurobi Status: 9
F23,P23_3,8,800000,1200000,883,,,,Optional Packets- Not Scheduled,No,N/A,3600.2216124534607,60.003693540891014,9,8384.0,Gurobi Status: 9
F23,P23_4,7,1200000,1600000,883,1322971.0,1323854.0,123854.0,Scheduled - Deadline Met,Yes,Yes,3600.2216124534607,60.003693540891014,9,8384.0,Gurobi Status: 9
F23,P23_5,7,1600000,2000000,883,1668432.0,1669315.0,69315.0,Scheduled - Deadline Met,Yes,Yes,3600.2216124534607,60.003693540891014,9,8384.0,Gurobi Status: 9
F23,P23_6,8,2000000,2400000,883,2112333.0,2113216.0,113216.0,Scheduled - Deadline Met,Yes,Yes,3600.2216124534607,60.003693540891014,9,8384.0,Gurobi Status: 9
F24,P24_1,8,0,50000,3615,,,,Optional Packets- Not Scheduled,No,N/A,3600.2216124534607,60.003693540891014,9,8384.0,Gurobi Status: 9
F24,P24_2,4,50000,100000,3615,53753.0,57368.0,7368.0,Scheduled - Deadline Met,Yes,Yes,3600.2216124534607,60.003693540891014,9,8384.0,Gurobi Status: 9
F24,P24_3,4,100000,150000,3615,121740.0,125355.0,25355.0,Scheduled - Deadline Met,Yes,Yes,3600.2216124534607,60.003693540891014,9,8384.0,Gurobi Status: 9
F24,P24_4,8,150000,200000,3615,162486.0,166101.0,16101.0,Scheduled - Deadline Met,Yes,Yes,3600.2216124534607,60.003693540891014,9,8384.0,Gurobi Status: 9
F24,P24_5,4,200000,250000,3615,211758.0,215373.0,15373.0,Scheduled - Deadline Met,Yes,Yes,3600.2216124534607,60.003693540891014,9,8384.0,Gurobi Status: 9
F24,P24_6,4,250000,300000,3615,290853.0,294468.0,44468.0,Scheduled - Deadline Met,Yes,Yes,3600.2216124534607,60.003693540891014,9,8384.0,Gurobi Status: 9
F24,P24_7,8,300000,350000,3615,303753.0,307368.0,7368.0,Scheduled - Deadline Met,Yes,Yes,3600.2216124534607,60.003693540891014,9,8384.0,Gurobi Status: 9
F24,P24_8,4,350000,400000,3615,354527.0,358142.0,8142.0,Scheduled - Deadline Met,Yes,Yes,3600.2216124534607,60.003693540891014,9,8384.0,Gurobi Status: 9
F24,P24_9,4,400000,450000,3615,403028.0,406643.0,6643.0,Scheduled - Deadline Met,Yes,Yes,3600.2216124534607,60.003693540891014,9,8384.0,Gurobi Status: 9
F24,P24_10,8,450000,500000,3615,494580.0,498195.0,48195.0,Scheduled - Deadline Met,Yes,Yes,3600.2216124534607,60.003693540891014,9,8384.0,Gurobi Status: 9
F24,P24_11,4,500000,550000,3615,519720.0,523335.0,23335.0,Scheduled - Deadline Met,Yes,Yes,3600.2216124534607,60.003693540891014,9,8384.0,Gurobi Status: 9
F24,P24_12,4,550000,600000,3615,572077.0,575692.0,25692.0,Scheduled - Deadline Met,Yes,Yes,3600.2216124534607,60.003693540891014,9,8384.0,Gurobi Status: 9
F24,P24_13,8,600000,650000,3615,642288.0,645903.0,45903.0,Scheduled - Deadline Met,Yes,Yes,3600.2216124534607,60.003693540891014,9,8384.0,Gurobi Status: 9
F24,P24_14,4,650000,700000,3615,693757.0,697372.0,47372.0,Scheduled - Deadline Met,Yes,Yes,3600.2216124534607,60.003693540891014,9,8384.0,Gurobi Status: 9
F24,P24_15,4,700000,750000,3615,711605.0,715220.0,15220.0,Scheduled - Deadline Met,Yes,Yes,3600.2216124534607,60.003693540891014,9,8384.0,Gurobi Status: 9
F24,P24_16,8,750000,800000,3615,777412.0,781027.0,31027.0,Scheduled - Deadline Met,Yes,Yes,3600.2216124534607,60.003693540891014,9,8384.0,Gurobi Status: 9
F24,P24_17,4,800000,850000,3615,806497.0,810112.0,10112.0,Scheduled - Deadline Met,Yes,Yes,3600.2216124534607,60.003693540891014,9,8384.0,Gurobi Status: 9
F24,P24_18,4,850000,900000,3615,891867.0,895482.0,45482.0,Scheduled - Deadline Met,Yes,Yes,3600.2216124534607,60.003693540891014,9,8384.0,Gurobi Status: 9
F24,P24_19,8,900000,950000,3615,943757.0,947372.0,47372.0,Scheduled - Deadline Met,Yes,Yes,3600.2216124534607,60.003693540891014,9,8384.0,Gurobi Status: 9
F24,P24_20,4,950000,1000000,3615,988531.0,992146.0,42146.0,Scheduled - Deadline Met,Yes,Yes,3600.2216124534607,60.003693540891014,9,8384.0,Gurobi Status: 9
F24,P24_21,4,1000000,1050000,3615,1000000.0,1003615.0,3615.0,Scheduled - Deadline Met,Yes,Yes,3600.2216124534607,60.003693540891014,9,8384.0,Gurobi Status: 9
F24,P24_22,8,1050000,1100000,3615,1091866.0,1095481.0,45481.0,Scheduled - Deadline Met,Yes,Yes,3600.2216124534607,60.003693540891014,9,8384.0,Gurobi Status: 9
F24,P24_23,4,1100000,1150000,3615,1109162.0,1112777.0,12777.0,Scheduled - Deadline Met,Yes,Yes,3600.2216124534607,60.003693540891014,9,8384.0,Gurobi Status: 9
F24,P24_24,4,1150000,1200000,3615,1173230.0,1176845.0,26845.0,Scheduled - Deadline Met,Yes,Yes,3600.2216124534607,60.003693540891014,9,8384.0,Gurobi Status: 9
F24,P24_25,8,1200000,1250000,3615,,,,Optional Packets- Not Scheduled,No,N/A,3600.2216124534607,60.003693540891014,9,8384.0,Gurobi Status: 9
F24,P24_26,4,1250000,1300000,3615,1266192.0,1269807.0,19807.0,Scheduled - Deadline Met,Yes,Yes,3600.2216124534607,60.003693540891014,9,8384.0,Gurobi Status: 9
F24,P24_27,4,1300000,1350000,3615,1319356.0,1322971.0,22971.0,Scheduled - Deadline Met,Yes,Yes,3600.2216124534607,60.003693540891014,9,8384.0,Gurobi Status: 9
F24,P24_28,8,1350000,1400000,3615,1381038.0,1384653.0,34653.0,Scheduled - Deadline Met,Yes,Yes,3600.2216124534607,60.003693540891014,9,8384.0,Gurobi Status: 9
F24,P24_29,4,1400000,1450000,3615,1401839.0,1405454.0,5454.0,Scheduled - Deadline Met,Yes,Yes,3600.2216124534607,60.003693540891014,9,8384.0,Gurobi Status: 9
F24,P24_30,4,1450000,1500000,3615,1489752.0,1493367.0,43367.0,Scheduled - Deadline Met,Yes,Yes,3600.2216124534607,60.003693540891014,9,8384.0,Gurobi Status: 9
F24,P24_31,8,1500000,1550000,3615,1523198.0,1526813.0,26813.0,Scheduled - Deadline Met,Yes,Yes,3600.2216124534607,60.003693540891014,9,8384.0,Gurobi Status: 9
F24,P24_32,4,1550000,1600000,3615,1569756.0,1573371.0,23371.0,Scheduled - Deadline Met,Yes,Yes,3600.2216124534607,60.003693540891014,9,8384.0,Gurobi Status: 9
F24,P24_33,4,1600000,1650000,3615,1611718.0,1615333.0,15333.0,Scheduled - Deadline Met,Yes,Yes,3600.2216124534607,60.003693540891014,9,8384.0,Gurobi Status: 9
F24,P24_34,8,1650000,1700000,3615,1694676.0,1698291.0,48291.0,Scheduled - Deadline Met,Yes,Yes,3600.2216124534607,60.003693540891014,9,8384.0,Gurobi Status: 9
F24,P24_35,4,1700000,1750000,3615,1715725.0,1719340.0,19340.0,Scheduled - Deadline Met,Yes,Yes,3600.2216124534607,60.003693540891014,9,8384.0,Gurobi Status: 9
F24,P24_36,4,1750000,1800000,3615,1793757.0,1797372.0,47372.0,Scheduled - Deadline Met,Yes,Yes,3600.2216124534607,60.003693540891014,9,8384.0,Gurobi Status: 9
F24,P24_37,8,1800000,1850000,3615,1816995.0,1820610.0,20610.0,Scheduled - Deadline Met,Yes,Yes,3600.2216124534607,60.003693540891014,9,8384.0,Gurobi Status: 9
F24,P24_38,4,1850000,1900000,3615,1876220.0,1879835.0,29835.0,Scheduled - Deadline Met,Yes,Yes,3600.2216124534607,60.003693540891014,9,8384.0,Gurobi Status: 9
F24,P24_39,4,1900000,1950000,3615,1900000.0,1903615.0,3615.0,Scheduled - Deadline Met,Yes,Yes,3600.2216124534607,60.003693540891014,9,8384.0,Gurobi Status: 9
F24,P24_40,8,1950000,2000000,3615,,,,Optional Packets- Not Scheduled,No,N/A,3600.2216124534607,60.003693540891014,9,8384.0,Gurobi Status: 9
F24,P24_41,4,2000000,2050000,3615,2001839.0,2005454.0,5454.0,Scheduled - Deadline Met,Yes,Yes,3600.2216124534607,60.003693540891014,9,8384.0,Gurobi Status: 9
F24,P24_42,4,2050000,2100000,3615,2088114.0,2091729.0,41729.0,Scheduled - Deadline Met,Yes,Yes,3600.2216124534607,60.003693540891014,9,8384.0,Gurobi Status: 9
F24,P24_43,8,2100000,2150000,3615,2118774.0,2122389.0,22389.0,Scheduled - Deadline Met,Yes,Yes,3600.2216124534607,60.003693540891014,9,8384.0,Gurobi Status: 9
F24,P24_44,4,2150000,2200000,3615,2168440.0,2172055.0,22055.0,Scheduled - Deadline Met,Yes,Yes,3600.2216124534607,60.003693540891014,9,8384.0,Gurobi Status: 9
F24,P24_45,4,2200000,2250000,3615,2203028.0,2206643.0,6643.0,Scheduled - Deadline Met,Yes,Yes,3600.2216124534607,60.003693540891014,9,8384.0,Gurobi Status: 9
F24,P24_46,8,2250000,2300000,3615,2294676.0,2298291.0,48291.0,Scheduled - Deadline Met,Yes,Yes,3600.2216124534607,60.003693540891014,9,8384.0,Gurobi Status: 9
F24,P24_47,4,2300000,2350000,3615,2331563.0,2335178.0,35178.0,Scheduled - Deadline Met,Yes,Yes,3600.2216124534607,60.003693540891014,9,8384.0,Gurobi Status: 9
F24,P24_48,4,2350000,2400000,3615,2370831.0,2374446.0,24446.0,Scheduled - Deadline Met,Yes,Yes,3600.2216124534607,60.003693540891014,9,8384.0,Gurobi Status: 9
F25,P25_1,2,0,400000,4659,36651.0,41310.0,41310.0,Scheduled - Deadline Met,Yes,Yes,3600.2216124534607,60.003693540891014,9,8384.0,Gurobi Status: 9
F25,P25_2,8,400000,800000,4659,478366.0,483025.0,83025.0,Scheduled - Deadline Met,Yes,Yes,3600.2216124534607,60.003693540891014,9,8384.0,Gurobi Status: 9
F25,P25_3,2,800000,1200000,4659,876244.0,880903.0,80903.0,Scheduled - Deadline Met,Yes,Yes,3600.2216124534607,60.003693540891014,9,8384.0,Gurobi Status: 9
F25,P25_4,8,1200000,1600000,4659,,,,Optional Packets- Not Scheduled,No,N/A,3600.2216124534607,60.003693540891014,9,8384.0,Gurobi Status: 9
F25,P25_5,2,1600000,2000000,4659,1789098.0,1793757.0,193757.0,Scheduled - Deadline Met,Yes,Yes,3600.2216124534607,60.003693540891014,9,8384.0,Gurobi Status: 9
F25,P25_6,8,2000000,2400000,4659,,,,Optional Packets- Not Scheduled,No,N/A,3600.2216124534607,60.003693540891014,9,8384.0,Gurobi Status: 9
F26,P26_1,8,0,100000,6349,,,,Optional Packets- Not Scheduled,No,N/A,3600.2216124534607,60.003693540891014,9,8384.0,Gurobi Status: 9
F26,P26_2,4,100000,200000,6349,156041.0,162390.0,62390.0,Scheduled - Deadline Met,Yes,Yes,3600.2216124534607,60.003693540891014,9,8384.0,Gurobi Status: 9
F26,P26_3,8,200000,300000,6349,,,,Optional Packets- Not Scheduled,No,N/A,3600.2216124534607,60.003693540891014,9,8384.0,Gurobi Status: 9
F26,P26_4,4,300000,400000,6349,336917.0,343266.0,43266.0,Scheduled - Deadline Met,Yes,Yes,3600.2216124534607,60.003693540891014,9,8384.0,Gurobi Status: 9
F26,P26_5,8,400000,500000,6349,,,,Optional Packets- Not Scheduled,No,N/A,3600.2216124534607,60.003693540891014,9,8384.0,Gurobi Status: 9
F26,P26_6,4,500000,600000,6349,543555.0,549904.0,49904.0,Scheduled - Deadline Met,Yes,Yes,3600.2216124534607,60.003693540891014,9,8384.0,Gurobi Status: 9
F26,P26_7,8,600000,700000,6349,645999.0,652348.0,52348.0,Scheduled - Deadline Met,Yes,Yes,3600.2216124534607,60.003693540891014,9,8384.0,Gurobi Status: 9
F26,P26_8,4,700000,800000,6349,730075.0,736424.0,36424.0,Scheduled - Deadline Met,Yes,Yes,3600.2216124534607,60.003693540891014,9,8384.0,Gurobi Status: 9
F26,P26_9,8,800000,900000,6349,,,,Optional Packets- Not Scheduled,No,N/A,3600.2216124534607,60.003693540891014,9,8384.0,Gurobi Status: 9
F26,P26_10,4,900000,1000000,6349,974855.0,981204.0,81204.0,Scheduled - Deadline Met,Yes,Yes,3600.2216124534607,60.003693540891014,9,8384.0,Gurobi Status: 9
F26,P26_11,8,1000000,1100000,6349,,,,Optional Packets- Not Scheduled,No,N/A,3600.2216124534607,60.003693540891014,9,8384.0,Gurobi Status: 9
F26,P26_12,4,1100000,1200000,6349,1154880.0,1161229.0,61229.0,Scheduled - Deadline Met,Yes,Yes,3600.2216124534607,60.003693540891014,9,8384.0,Gurobi Status: 9
F26,P26_13,8,1200000,1300000,6349,,,,Optional Packets- Not Scheduled,No,N/A,3600.2216124534607,60.003693540891014,9,8384.0,Gurobi Status: 9
F26,P26_14,4,1300000,1400000,6349,1340655.0,1347004.0,47004.0,Scheduled - Deadline Met,Yes,Yes,3600.2216124534607,60.003693540891014,9,8384.0,Gurobi Status: 9
F26,P26_15,8,1400000,1500000,6349,,,,Optional Packets- Not Scheduled,No,N/A,3600.2216124534607,60.003693540891014,9,8384.0,Gurobi Status: 9
F26,P26_16,4,1500000,1600000,6349,1543555.0,1549904.0,49904.0,Scheduled - Deadline Met,Yes,Yes,3600.2216124534607,60.003693540891014,9,8384.0,Gurobi Status: 9
F26,P26_17,8,1600000,1700000,6349,,,,Optional Packets- Not Scheduled,No,N/A,3600.2216124534607,60.003693540891014,9,8384.0,Gurobi Status: 9
F26,P26_18,4,1700000,1800000,6349,1755253.0,1761602.0,61602.0,Scheduled - Deadline Met,Yes,Yes,3600.2216124534607,60.003693540891014,9,8384.0,Gurobi Status: 9
F26,P26_19,8,1800000,1900000,6349,1823334.0,1829683.0,29683.0,Scheduled - Deadline Met,Yes,Yes,3600.2216124534607,60.003693540891014,9,8384.0,Gurobi Status: 9
F26,P26_20,4,1900000,2000000,6349,1954065.0,1960414.0,60414.0,Scheduled - Deadline Met,Yes,Yes,3600.2216124534607,60.003693540891014,9,8384.0,Gurobi Status: 9
F26,P26_21,8,2000000,2100000,6349,,,,Optional Packets- Not Scheduled,No,N/A,3600.2216124534607,60.003693540891014,9,8384.0,Gurobi Status: 9
F26,P26_22,4,2100000,2200000,6349,2158242.0,2164591.0,64591.0,Scheduled - Deadline Met,Yes,Yes,3600.2216124534607,60.003693540891014,9,8384.0,Gurobi Status: 9
F26,P26_23,8,2200000,2300000,6349,2232242.0,2238591.0,38591.0,Scheduled - Deadline Met,Yes,Yes,3600.2216124534607,60.003693540891014,9,8384.0,Gurobi Status: 9
F26,P26_24,4,2300000,2400000,6349,2336983.0,2343332.0,43332.0,Scheduled - Deadline Met,Yes,Yes,3600.2216124534607,60.003693540891014,9,8384.0,Gurobi Status: 9
F27,P27_1,8,0,400000,1496,88126.0,89622.0,89622.0,Scheduled - Deadline Met,Yes,Yes,3600.2216124534607,60.003693540891014,9,8384.0,Gurobi Status: 9
F27,P27_2,3,400000,800000,1496,458711.0,460207.0,60207.0,Scheduled - Deadline Met,Yes,Yes,3600.2216124534607,60.003693540891014,9,8384.0,Gurobi Status: 9
F27,P27_3,8,800000,1200000,1496,,,,Optional Packets- Not Scheduled,No,N/A,3600.2216124534607,60.003693540891014,9,8384.0,Gurobi Status: 9
F27,P27_4,3,1200000,1600000,1496,1225772.0,1227268.0,27268.0,Scheduled - Deadline Met,Yes,Yes,3600.2216124534607,60.003693540891014,9,8384.0,Gurobi Status: 9
F27,P27_5,8,1600000,2000000,1496,1687610.0,1689106.0,89106.0,Scheduled - Deadline Met,Yes,Yes,3600.2216124534607,60.003693540891014,9,8384.0,Gurobi Status: 9
F27,P27_6,3,2000000,2400000,1496,2085416.0,2086912.0,86912.0,Scheduled - Deadline Met,Yes,Yes,3600.2216124534607,60.003693540891014,9,8384.0,Gurobi Status: 9
F28,P28_1,8,0,400000,926,92051.0,92977.0,92977.0,Scheduled - Deadline Met,Yes,Yes,3600.2216124534607,60.003693540891014,9,8384.0,Gurobi Status: 9
F28,P28_2,5,400000,800000,926,578970.0,579896.0,179896.0,Scheduled - Deadline Met,Yes,Yes,3600.2216124534607,60.003693540891014,9,8384.0,Gurobi Status: 9
F28,P28_3,8,800000,1200000,926,,,,Optional Packets- Not Scheduled,No,N/A,3600.2216124534607,60.003693540891014,9,8384.0,Gurobi Status: 9
F28,P28_4,5,1200000,1600000,926,1240894.0,1241820.0,41820.0,Scheduled - Deadline Met,Yes,Yes,3600.2216124534607,60.003693540891014,9,8384.0,Gurobi Status: 9
F28,P28_5,8,1600000,2000000,926,1691470.0,1692396.0,92396.0,Scheduled - Deadline Met,Yes,Yes,3600.2216124534607,60.003693540891014,9,8384.0,Gurobi Status: 9
F28,P28_6,5,2000000,2400000,926,2149170.0,2150096.0,150096.0,Scheduled - Deadline Met,Yes,Yes,3600.2216124534607,60.003693540891014,9,8384.0,Gurobi Status: 9
F29,P29_1,8,0,400000,3744,,,,Optional Packets- Not Scheduled,No,N/A,3600.2216124534607,60.003693540891014,9,8384.0,Gurobi Status: 9
F29,P29_2,5,400000,800000,3744,568333.0,572077.0,172077.0,Scheduled - Deadline Met,Yes,Yes,3600.2216124534607,60.003693540891014,9,8384.0,Gurobi Status: 9
F29,P29_3,8,800000,1200000,3744,,,,Optional Packets- Not Scheduled,No,N/A,3600.2216124534607,60.003693540891014,9,8384.0,Gurobi Status: 9
F29,P29_4,5,1200000,1600000,3744,1221932.0,1225676.0,25676.0,Scheduled - Deadline Met,Yes,Yes,3600.2216124534607,60.003693540891014,9,8384.0,Gurobi Status: 9
F29,P29_5,8,1600000,2000000,3744,,,,Optional Packets- Not Scheduled,No,N/A,3600.2216124534607,60.003693540891014,9,8384.0,Gurobi Status: 9
F29,P29_6,5,2000000,2400000,3744,2077223.0,2080967.0,80967.0,Scheduled - Deadline Met,Yes,Yes,3600.2216124534607,60.003693540891014,9,8384.0,Gurobi Status: 9
F3,P3_1,4,0,100000,8050,17368.0,25418.0,25418.0,Scheduled - Deadline Met,Yes,Yes,3600.2216124534607,60.003693540891014,9,8384.0,Gurobi Status: 9
F3,P3_2,4,100000,200000,8050,136093.0,144143.0,44143.0,Scheduled - Deadline Met,Yes,Yes,3600.2216124534607,60.003693540891014,9,8384.0,Gurobi Status: 9
F3,P3_3,8,200000,300000,8050,250096.0,258146.0,58146.0,Scheduled - Deadline Met,Yes,Yes,3600.2216124534607,60.003693540891014,9,8384.0,Gurobi Status: 9
F3,P3_4,4,300000,400000,8050,323677.0,331727.0,31727.0,Scheduled - Deadline Met,Yes,Yes,3600.2216124534607,60.003693540891014,9,8384.0,Gurobi Status: 9
F3,P3_5,4,400000,500000,8050,414594.0,422644.0,22644.0,Scheduled - Deadline Met,Yes,Yes,3600.2216124534607,60.003693540891014,9,8384.0,Gurobi Status: 9
F3,P3_6,8,500000,600000,8050,,,,Optional Packets- Not Scheduled,No,N/A,3600.2216124534607,60.003693540891014,9,8384.0,Gurobi Status: 9
F3,P3_7,4,600000,700000,8050,613287.0,621337.0,21337.0,Scheduled - Deadline Met,Yes,Yes,3600.2216124534607,60.003693540891014,9,8384.0,Gurobi Status: 9
F3,P3_8,4,700000,800000,8050,717025.0,725075.0,25075.0,Scheduled - Deadline Met,Yes,Yes,3600.2216124534607,60.003693540891014,9,8384.0,Gurobi Status: 9
F3,P3_9,8,800000,900000,8050,,,,Optional Packets- Not Scheduled,No,N/A,3600.2216124534607,60.003693540891014,9,8384.0,Gurobi Status: 9
F3,P3_10,4,900000,1000000,8050,966709.0,974759.0,74759.0,Scheduled - Deadline Met,Yes,Yes,3600.2216124534607,60.003693540891014,9,8384.0,Gurobi Status: 9
F3,P3_11,4,1000000,1100000,8050,1058769.0,1066819.0,66819.0,Scheduled - Deadline Met,Yes,Yes,3600.2216124534607,60.003693540891014,9,8384.0,Gurobi Status: 9
F3,P3_12,8,1100000,1200000,8050,1134858.0,1142908.0,42908.0,Scheduled - Deadline Met,Yes,Yes,3600.2216124534607,60.003693540891014,9,8384.0,Gurobi Status: 9
F3,P3_13,4,1200000,1300000,8050,1201709.0,1209759.0,9759.0,Scheduled - Deadline Met,Yes,Yes,3600.2216124534607,60.003693540891014,9,8384.0,Gurobi Status: 9
F3,P3_14,4,1300000,1400000,8050,1327851.0,1335901.0,35901.0,Scheduled - Deadline Met,Yes,Yes,3600.2216124534607,60.003693540891014,9,8384.0,Gurobi Status: 9
F3,P3_15,8,1400000,1500000,8050,1455797.0,1463847.0,63847.0,Scheduled - Deadline Met,Yes,Yes,3600.2216124534607,60.003693540891014,9,8384.0,Gurobi Status: 9
F3,P3_16,4,1500000,1600000,8050,1507912.0,1515962.0,15962.0,Scheduled - Deadline Met,Yes,Yes,3600.2216124534607,60.003693540891014,9,8384.0,Gurobi Status: 9
F3,P3_17,4,1600000,1700000,8050,1617138.0,1625188.0,25188.0,Scheduled - Deadline Met,Yes,Yes,3600.2216124534607,60.003693540891014,9,8384.0,Gurobi Status: 9
F3,P3_18,8,1700000,1800000,8050,1727160.0,1735210.0,35210.0,Scheduled - Deadline Met,Yes,Yes,3600.2216124534607,60.003693540891014,9,8384.0,Gurobi Status: 9
F3,P3_19,4,1800000,1900000,8050,1805096.0,1813146.0,13146.0,Scheduled - Deadline Met,Yes,Yes,3600.2216124534607,60.003693540891014,9,8384.0,Gurobi Status: 9
F3,P3_20,4,1900000,2000000,8050,1935688.0,1943738.0,43738.0,Scheduled - Deadline Met,Yes,Yes,3600.2216124534607,60.003693540891014,9,8384.0,Gurobi Status: 9
F3,P3_21,8,2000000,2100000,8050,,,,Optional Packets- Not Scheduled,No,N/A,3600.2216124534607,60.003693540891014,9,8384.0,Gurobi Status: 9
F3,P3_22,4,2100000,2200000,8050,2150096.0,2158146.0,58146.0,Scheduled - Deadline Met,Yes,Yes,3600.2216124534607,60.003693540891014,9,8384.0,Gurobi Status: 9
F3,P3_23,4,2200000,2300000,8050,2217138.0,2225188.0,25188.0,Scheduled - Deadline Met,Yes,Yes,3600.2216124534607,60.003693540891014,9,8384.0,Gurobi Status: 9
F3,P3_24,8,2300000,2400000,8050,2377170.0,2385220.0,85220.0,Scheduled - Deadline Met,Yes,Yes,3600.2216124534607,60.003693540891014,9,8384.0,Gurobi Status: 9
F30,P30_1,4,0,50000,1613,4723.0,6336.0,6336.0,Scheduled - Deadline Met,Yes,Yes,3600.2216124534607,60.003693540891014,9,8384.0,Gurobi Status: 9
F30,P30_2,8,50000,100000,1613,98387.0,100000.0,50000.0,Scheduled - Deadline Met,Yes,Yes,3600.2216124534607,60.003693540891014,9,8384.0,Gurobi Status: 9
F30,P30_3,4,100000,150000,1613,134384.0,135997.0,35997.0,Scheduled - Deadline Met,Yes,Yes,3600.2216124534607,60.003693540891014,9,8384.0,Gurobi Status: 9
F30,P30_4,8,150000,200000,1613,166197.0,167810.0,17810.0,Scheduled - Deadline Met,Yes,Yes,3600.2216124534607,60.003693540891014,9,8384.0,Gurobi Status: 9
F30,P30_5,4,200000,250000,1613,215469.0,217082.0,17082.0,Scheduled - Deadline Met,Yes,Yes,3600.2216124534607,60.003693540891014,9,8384.0,Gurobi Status: 9
F30,P30_6,8,250000,300000,1613,297192.0,298805.0,48805.0,Scheduled - Deadline Met,Yes,Yes,3600.2216124534607,60.003693540891014,9,8384.0,Gurobi Status: 9
F30,P30_7,4,300000,350000,1613,321968.0,323581.0,23581.0,Scheduled - Deadline Met,Yes,Yes,3600.2216124534607,60.003693540891014,9,8384.0,Gurobi Status: 9
F30,P30_8,8,350000,400000,1613,363894.0,365507.0,15507.0,Scheduled - Deadline Met,Yes,Yes,3600.2216124534607,60.003693540891014,9,8384.0,Gurobi Status: 9
F30,P30_9,4,400000,450000,1613,406739.0,408352.0,8352.0,Scheduled - Deadline Met,Yes,Yes,3600.2216124534607,60.003693540891014,9,8384.0,Gurobi Status: 9
F30,P30_10,8,450000,500000,1613,498291.0,499904.0,49904.0,Scheduled - Deadline Met,Yes,Yes,3600.2216124534607,60.003693540891014,9,8384.0,Gurobi Status: 9
F30,P30_11,4,500000,550000,1613,540747.0,542360.0,42360.0,Scheduled - Deadline Met,Yes,Yes,3600.2216124534607,60.003693540891014,9,8384.0,Gurobi Status: 9
F30,P30_12,8,550000,600000,1613,585316.0,586929.0,36929.0,Scheduled - Deadline Met,Yes,Yes,3600.2216124534607,60.003693540891014,9,8384.0,Gurobi Status: 9
F30,P30_13,4,600000,650000,1613,602288.0,603901.0,3901.0,Scheduled - Deadline Met,Yes,Yes,3600.2216124534607,60.003693540891014,9,8384.0,Gurobi Status: 9
F30,P30_14,8,650000,700000,1613,665238.0,666851.0,16851.0,Scheduled - Deadline Met,Yes,Yes,3600.2216124534607,60.003693540891014,9,8384.0,Gurobi Status: 9
F30,P30_15,4,700000,750000,1613,715316.0,716929.0,16929.0,Scheduled - Deadline Met,Yes,Yes,3600.2216124534607,60.003693540891014,9,8384.0,Gurobi Status: 9
F30,P30_16,8,750000,800000,1613,781123.0,782736.0,32736.0,Scheduled - Deadline Met,Yes,Yes,3600.2216124534607,60.003693540891014,9,8384.0,Gurobi Status: 9
F30,P30_17,4,800000,850000,1613,822276.0,823889.0,23889.0,Scheduled - Deadline Met,Yes,Yes,3600.2216124534607,60.003693540891014,9,8384.0,Gurobi Status: 9
F30,P30_18,8,850000,900000,1613,,,,Optional Packets- Not Scheduled,No,N/A,3600.2216124534607,60.003693540891014,9,8384.0,Gurobi Status: 9
F30,P30_19,4,900000,950000,1613,931339.0,932952.0,32952.0,Scheduled - Deadline Met,Yes,Yes,3600.2216124534607,60.003693540891014,9,8384.0,Gurobi Status: 9
F30,P30_20,8,950000,1000000,1613,953124.0,954737.0,4737.0,Scheduled - Deadline Met,Yes,Yes,3600.2216124534607,60.003693540891014,9,8384.0,Gurobi Status: 9
F30,P30_21,4,1000000,1050000,1613,1003711.0,1005324.0,5324.0,Scheduled - Deadline Met,Yes,Yes,3600.2216124534607,60.003693540891014,9,8384.0,Gurobi Status: 9
F30,P30_22,8,1050000,1100000,1613,1095577.0,1097190.0,47190.0,Scheduled - Deadline Met,Yes,Yes,3600.2216124534607,60.003693540891014,9,8384.0,Gurobi Status: 9
F30,P30_23,4,1100000,1150000,1613,1124480.0,1126093.0,26093.0,Scheduled - Deadline Met,Yes,Yes,3600.2216124534607,60.003693540891014,9,8384.0,Gurobi Status: 9
F30,P30_24,8,1150000,1200000,1613,1179229.0,1180842.0,30842.0,Scheduled - Deadline Met,Yes,Yes,3600.2216124534607,60.003693540891014,9,8384.0,Gurobi Status: 9
F30,P30_25,4,1200000,1250000,1613,1200000.0,1201613.0,1613.0,Scheduled - Deadline Met,Yes,Yes,3600.2216124534607,60.003693540891014,9,8384.0,Gurobi Status: 9
F30,P30_26,8,1250000,1300000,1613,1298291.0,1299904.0,49904.0,Scheduled - Deadline Met,Yes,Yes,3600.2216124534607,60.003693540891014,9,8384.0,Gurobi Status: 9
F30,P30_27,4,1300000,1350000,1613,1323854.0,1325467.0,25467.0,Scheduled - Deadline Met,Yes,Yes,3600.2216124534607,60.003693540891014,9,8384.0,Gurobi Status: 9
F30,P30_28,8,1350000,1400000,1613,1384749.0,1386362.0,36362.0,Scheduled - Deadline Met,Yes,Yes,3600.2216124534607,60.003693540891014,9,8384.0,Gurobi Status: 9
F30,P30_29,4,1400000,1450000,1613,1420127.0,1421740.0,21740.0,Scheduled - Deadline Met,Yes,Yes,3600.2216124534607,60.003693540891014,9,8384.0,Gurobi Status: 9
F30,P30_30,8,1450000,1500000,1613,1475068.0,1476681.0,26681.0,Scheduled - Deadline Met,Yes,Yes,3600.2216124534607,60.003693540891014,9,8384.0,Gurobi Status: 9
F30,P30_31,4,1500000,1550000,1613,1502010.0,1503623.0,3623.0,Scheduled - Deadline Met,Yes,Yes,3600.2216124534607,60.003693540891014,9,8384.0,Gurobi Status: 9
F30,P30_32,8,1550000,1600000,1613,1576471.0,1578084.0,28084.0,Scheduled - Deadline Met,Yes,Yes,3600.2216124534607,60.003693540891014,9,8384.0,Gurobi Status: 9
F30,P30_33,4,1600000,1650000,1613,1615429.0,1617042.0,17042.0,Scheduled - Deadline Met,Yes,Yes,3600.2216124534607,60.003693540891014,9,8384.0,Gurobi Status: 9
F30,P30_34,8,1650000,1700000,1613,1698387.0,1700000.0,50000.0,Scheduled - Deadline Met,Yes,Yes,3600.2216124534607,60.003693540891014,9,8384.0,Gurobi Status: 9
F30,P30_35,4,1700000,1750000,1613,1719436.0,1721049.0,21049.0,Scheduled - Deadline Met,Yes,Yes,3600.2216124534607,60.003693540891014,9,8384.0,Gurobi Status: 9
F30,P30_36,8,1750000,1800000,1613,1761698.0,1763311.0,13311.0,Scheduled - Deadline Met,Yes,Yes,3600.2216124534607,60.003693540891014,9,8384.0,Gurobi Status: 9
F30,P30_37,4,1800000,1850000,1613,1803387.0,1805000.0,5000.0,Scheduled - Deadline Met,Yes,Yes,3600.2216124534607,60.003693540891014,9,8384.0,Gurobi Status: 9
F30,P30_38,8,1850000,1900000,1613,1854641.0,1856254.0,6254.0,Scheduled - Deadline Met,Yes,Yes,3600.2216124534607,60.003693540891014,9,8384.0,Gurobi Status: 9
F30,P30_39,4,1900000,1950000,1613,1905418.0,1907031.0,7031.0,Scheduled - Deadline Met,Yes,Yes,3600.2216124534607,60.003693540891014,9,8384.0,Gurobi Status: 9
F30,P30_40,8,1950000,2000000,1613,1986415.0,1988028.0,38028.0,Scheduled - Deadline Met,Yes,Yes,3600.2216124534607,60.003693540891014,9,8384.0,Gurobi Status: 9
F30,P30_41,4,2000000,2050000,1613,2005550.0,2007163.0,7163.0,Scheduled - Deadline Met,Yes,Yes,3600.2216124534607,60.003693540891014,9,8384.0,Gurobi Status: 9
F30,P30_42,8,2050000,2100000,1613,,,,Optional Packets- Not Scheduled,No,N/A,3600.2216124534607,60.003693540891014,9,8384.0,Gurobi Status: 9
F30,P30_43,4,2100000,2150000,1613,2146458.0,2148071.0,48071.0,Scheduled - Deadline Met,Yes,Yes,3600.2216124534607,60.003693540891014,9,8384.0,Gurobi Status: 9
F30,P30_44,8,2150000,2200000,1613,2178906.0,2180519.0,30519.0,Scheduled - Deadline Met,Yes,Yes,3600.2216124534607,60.003693540891014,9,8384.0,Gurobi Status: 9
F30,P30_45,4,2200000,2250000,1613,2215429.0,2217042.0,17042.0,Scheduled - Deadline Met,Yes,Yes,3600.2216124534607,60.003693540891014,9,8384.0,Gurobi Status: 9
F30,P30_46,8,2250000,2300000,1613,2298387.0,2300000.0,50000.0,Scheduled - Deadline Met,Yes,Yes,3600.2216124534607,60.003693540891014,9,8384.0,Gurobi Status: 9
F30,P30_47,4,2300000,2350000,1613,2335274.0,2336887.0,36887.0,Scheduled - Deadline Met,Yes,Yes,3600.2216124534607,60.003693540891014,9,8384.0,Gurobi Status: 9
F30,P30_48,8,2350000,2400000,1613,2385316.0,2386929.0,36929.0,Scheduled - Deadline Met,Yes,Yes,3600.2216124534607,60.003693540891014,9,8384.0,Gurobi Status: 9
F31,P31_1,1,0,200000,2339,0.0,2339.0,2339.0,Scheduled - Deadline Met,Yes,Yes,3600.2216124534607,60.003693540891014,9,8384.0,Gurobi Status: 9
F31,P31_2,8,200000,400000,2339,266932.0,269271.0,69271.0,Scheduled - Deadline Met,Yes,Yes,3600.2216124534607,60.003693540891014,9,8384.0,Gurobi Status: 9
F31,P31_3,1,400000,600000,2339,579992.0,582331.0,182331.0,Scheduled - Deadline Met,Yes,Yes,3600.2216124534607,60.003693540891014,9,8384.0,Gurobi Status: 9
F31,P31_4,8,600000,800000,2339,660515.0,662854.0,62854.0,Scheduled - Deadline Met,Yes,Yes,3600.2216124534607,60.003693540891014,9,8384.0,Gurobi Status: 9
F31,P31_5,1,800000,1000000,2339,849696.0,852035.0,52035.0,Scheduled - Deadline Met,Yes,Yes,3600.2216124534607,60.003693540891014,9,8384.0,Gurobi Status: 9
F31,P31_6,8,1000000,1200000,2339,1044458.0,1046797.0,46797.0,Scheduled - Deadline Met,Yes,Yes,3600.2216124534607,60.003693540891014,9,8384.0,Gurobi Status: 9
F31,P31_7,1,1200000,1400000,2339,1238459.0,1240798.0,40798.0,Scheduled - Deadline Met,Yes,Yes,3600.2216124534607,60.003693540891014,9,8384.0,Gurobi Status: 9
F31,P31_8,8,1400000,1600000,2339,1472633.0,1474972.0,74972.0,Scheduled - Deadline Met,Yes,Yes,3600.2216124534607,60.003693540891014,9,8384.0,Gurobi Status: 9
F31,P31_9,1,1600000,1800000,2339,1776382.0,1778721.0,178721.0,Scheduled - Deadline Met,Yes,Yes,3600.2216124534607,60.003693540891014,9,8384.0,Gurobi Status: 9
F31,P31_10,8,1800000,2000000,2339,1849918.0,1852257.0,52257.0,Scheduled - Deadline Met,Yes,Yes,3600.2216124534607,60.003693540891014,9,8384.0,Gurobi Status: 9
F31,P31_11,1,2000000,2200000,2339,2032999.0,2035338.0,35338.0,Scheduled - Deadline Met,Yes,Yes,3600.2216124534607,60.003693540891014,9,8384.0,Gurobi Status: 9
F31,P31_12,8,2200000,2400000,2339,2290651.0,2292990.0,92990.0,Scheduled - Deadline Met,Yes,Yes,3600.2216124534607,60.003693540891014,9,8384.0,Gurobi Status: 9
F32,P32_1,8,0,400000,2633,83226.0,85859.0,85859.0,Scheduled - Deadline Met,Yes,Yes,3600.2216124534607,60.003693540891014,9,8384.0,Gurobi Status: 9
F32,P32_2,7,400000,800000,2633,764295.0,766928.0,366928.0,Scheduled - Deadline Met,Yes,Yes,3600.2216124534607,60.003693540891014,9,8384.0,Gurobi Status: 9
F32,P32_3,8,800000,1200000,2633,,,,Optional Packets- Not Scheduled,No,N/A,3600.2216124534607,60.003693540891014,9,8384.0,Gurobi Status: 9
F32,P32_4,7,1200000,1600000,2633,1251753.0,1254386.0,54386.0,Scheduled - Deadline Met,Yes,Yes,3600.2216124534607,60.003693540891014,9,8384.0,Gurobi Status: 9
F32,P32_5,8,1600000,2000000,2633,1682310.0,1684943.0,84943.0,Scheduled - Deadline Met,Yes,Yes,3600.2216124534607,60.003693540891014,9,8384.0,Gurobi Status: 9
F32,P32_6,7,2000000,2400000,2633,2192491.0,2195124.0,195124.0,Scheduled - Deadline Met,Yes,Yes,3600.2216124534607,60.003693540891014,9,8384.0,Gurobi Status: 9
F33,P33_1,3,0,400000,9315,59996.0,69311.0,69311.0,Scheduled - Deadline Met,Yes,Yes,3600.2216124534607,60.003693540891014,9,8384.0,Gurobi Status: 9
F33,P33_2,8,400000,800000,9315,,,,Optional Packets- Not Scheduled,No,N/A,3600.2216124534607,60.003693540891014,9,8384.0,Gurobi Status: 9
F33,P33_3,3,800000,1200000,9315,840285.0,849600.0,49600.0,Scheduled - Deadline Met,Yes,Yes,3600.2216124534607,60.003693540891014,9,8384.0,Gurobi Status: 9
F33,P33_4,8,1200000,1600000,9315,,,,Optional Packets- Not Scheduled,No,N/A,3600.2216124534607,60.003693540891014,9,8384.0,Gurobi Status: 9
F33,P33_5,3,1600000,2000000,9315,1639523.0,1648838.0,48838.0,Scheduled - Deadline Met,Yes,Yes,3600.2216124534607,60.003693540891014,9,8384.0,Gurobi Status: 9
F33,P33_6,8,2000000,2400000,9315,,,,Optional Packets- Not Scheduled,No,N/A,3600.2216124534607,60.003693540891014,9,8384.0,Gurobi Status: 9
F34,P34_1,8,0,400000,600,94707.0,95307.0,95307.0,Scheduled - Deadline Met,Yes,Yes,3600.2216124534607,60.003693540891014,9,8384.0,Gurobi Status: 9
F34,P34_2,4,400000,800000,600,458015.0,458615.0,58615.0,Scheduled - Deadline Met,Yes,Yes,3600.2216124534607,60.003693540891014,9,8384.0,Gurobi Status: 9
F34,P34_3,8,800000,1200000,600,898206.0,898806.0,98806.0,Scheduled - Deadline Met,Yes,Yes,3600.2216124534607,60.003693540891014,9,8384.0,Gurobi Status: 9
F34,P34_4,4,1200000,1600000,600,1261743.0,1262343.0,62343.0,Scheduled - Deadline Met,Yes,Yes,3600.2216124534607,60.003693540891014,9,8384.0,Gurobi Status: 9
F34,P34_5,8,1600000,2000000,600,1693284.0,1693884.0,93884.0,Scheduled - Deadline Met,Yes,Yes,3600.2216124534607,60.003693540891014,9,8384.0,Gurobi Status: 9
F34,P34_6,4,2000000,2400000,600,2081063.0,2081663.0,81663.0,Scheduled - Deadline Met,Yes,Yes,3600.2216124534607,60.003693540891014,9,8384.0,Gurobi Status: 9
F35,P35_1,8,0,400000,600,95403.0,96003.0,96003.0,Scheduled - Deadline Met,Yes,Yes,3600.2216124534607,60.003693540891014,9,8384.0,Gurobi Status: 9
F35,P35_2,1,400000,800000,600,612687.0,613287.0,213287.0,Scheduled - Deadline Met,Yes,Yes,3600.2216124534607,60.003693540891014,9,8384.0,Gurobi Status: 9
F35,P35_3,8,800000,1200000,600,,,,Optional Packets- Not Scheduled,No,N/A,3600.2216124534607,60.003693540891014,9,8384.0,Gurobi Status: 9
F35,P35_4,1,1200000,1600000,600,1399400.0,1400000.0,200000.0,Scheduled - Deadline Met,Yes,Yes,3600.2216124534607,60.003693540891014,9,8384.0,Gurobi Status: 9
F35,P35_5,8,1600000,2000000,600,1693980.0,1694580.0,94580.0,Scheduled - Deadline Met,Yes,Yes,3600.2216124534607,60.003693540891014,9,8384.0,Gurobi Status: 9
F35,P35_6,1,2000000,2400000,600,2195220.0,2195820.0,195820.0,Scheduled - Deadline Met,Yes,Yes,3600.2216124534607,60.003693540891014,9,8384.0,Gurobi Status: 9
F36,P36_1,4,0,400000,929,34483.0,35412.0,35412.0,Scheduled - Deadline Met,Yes,Yes,3600.2216124534607,60.003693540891014,9,8384.0,Gurobi Status: 9
F36,P36_2,8,400000,800000,929,493555.0,494484.0,94484.0,Scheduled - Deadline Met,Yes,Yes,3600.2216124534607,60.003693540891014,9,8384.0,Gurobi Status: 9
F36,P36_3,4,800000,1200000,929,880999.0,881928.0,81928.0,Scheduled - Deadline Met,Yes,Yes,3600.2216124534607,60.003693540891014,9,8384.0,Gurobi Status: 9
F36,P36_4,8,1200000,1600000,929,1294136.0,1295065.0,95065.0,Scheduled - Deadline Met,Yes,Yes,3600.2216124534607,60.003693540891014,9,8384.0,Gurobi Status: 9
F36,P36_5,4,1600000,2000000,929,1657353.0,1658282.0,58282.0,Scheduled - Deadline Met,Yes,Yes,3600.2216124534607,60.003693540891014,9,8384.0,Gurobi Status: 9
F36,P36_6,8,2000000,2400000,929,2111308.0,2112237.0,112237.0,Scheduled - Deadline Met,Yes,Yes,3600.2216124534607,60.003693540891014,9,8384.0,Gurobi Status: 9
F37,P37_1,8,0,200000,2010,73161.0,75171.0,75171.0,Scheduled - Deadline Met,Yes,Yes,3600.2216124534607,60.003693540891014,9,8384.0,Gurobi Status: 9
F37,P37_2,6,200000,400000,2010,393073.0,395083.0,195083.0,Scheduled - Deadline Met,Yes,Yes,3600.2216124534607,60.003693540891014,9,8384.0,Gurobi Status: 9
F37,P37_3,8,400000,600000,2010,,,,Optional Packets- Not Scheduled,No,N/A,3600.2216124534607,60.003693540891014,9,8384.0,Gurobi Status: 9
F37,P37_4,6,600000,800000,2010,691747.0,693757.0,93757.0,Scheduled - Deadline Met,Yes,Yes,3600.2216124534607,60.003693540891014,9,8384.0,Gurobi Status: 9
F37,P37_5,8,800000,1000000,2010,,,,Optional Packets- Not Scheduled,No,N/A,3600.2216124534607,60.003693540891014,9,8384.0,Gurobi Status: 9
F37,P37_6,6,1000000,1200000,2010,1122470.0,1124480.0,124480.0,Scheduled - Deadline Met,Yes,Yes,3600.2216124534607,60.003693540891014,9,8384.0,Gurobi Status: 9
F37,P37_7,8,1200000,1400000,2010,,,,Optional Packets- Not Scheduled,No,N/A,3600.2216124534607,60.003693540891014,9,8384.0,Gurobi Status: 9
F37,P37_8,6,1400000,1600000,2010,1500000.0,1502010.0,102010.0,Scheduled - Deadline Met,Yes,Yes,3600.2216124534607,60.003693540891014,9,8384.0,Gurobi Status: 9
F37,P37_9,8,1600000,1800000,2010,,,,Optional Packets- Not Scheduled,No,N/A,3600.2216124534607,60.003693540891014,9,8384.0,Gurobi Status: 9
F37,P37_10,6,1800000,2000000,2010,1983569.0,1985579.0,185579.0,Scheduled - Deadline Met,Yes,Yes,3600.2216124534607,60.003693540891014,9,8384.0,Gurobi Status: 9
F37,P37_11,8,2000000,2200000,2010,,,,Optional Packets- Not Scheduled,No,N/A,3600.2216124534607,60.003693540891014,9,8384.0,Gurobi Status: 9
F37,P37_12,6,2200000,2400000,2010,2225284.0,2227294.0,27294.0,Scheduled - Deadline Met,Yes,Yes,3600.2216124534607,60.003693540891014,9,8384.0,Gurobi Status: 9
F38,P38_1,8,0,400000,696,93915.0,94611.0,94611.0,Scheduled - Deadline Met,Yes,Yes,3600.2216124534607,60.003693540891014,9,8384.0,Gurobi Status: 9
F38,P38_2,3,400000,800000,696,461505.0,462201.0,62201.0,Scheduled - Deadline Met,Yes,Yes,3600.2216124534607,60.003693540891014,9,8384.0,Gurobi Status: 9
F38,P38_3,8,800000,1200000,696,,,,Optional Packets- Not Scheduled,No,N/A,3600.2216124534607,60.003693540891014,9,8384.0,Gurobi Status: 9
F38,P38_4,3,1200000,1600000,696,1231804.0,1232500.0,32500.0,Scheduled - Deadline Met,Yes,Yes,3600.2216124534607,60.003693540891014,9,8384.0,Gurobi Status: 9
F38,P38_5,8,1600000,2000000,696,1692492.0,1693188.0,93188.0,Scheduled - Deadline Met,Yes,Yes,3600.2216124534607,60.003693540891014,9,8384.0,Gurobi Status: 9
F38,P38_6,3,2000000,2400000,696,2091729.0,2092425.0,92425.0,Scheduled - Deadline Met,Yes,Yes,3600.2216124534607,60.003693540891014,9,8384.0,Gurobi Status: 9
F39,P39_1,8,0,200000,1717,75267.0,76984.0,76984.0,Scheduled - Deadline Met,Yes,Yes,3600.2216124534607,60.003693540891014,9,8384.0,Gurobi Status: 9
F39,P39_2,3,200000,400000,1717,239614.0,241331.0,41331.0,Scheduled - Deadline Met,Yes,Yes,3600.2216124534607,60.003693540891014,9,8384.0,Gurobi Status: 9
F39,P39_3,8,400000,600000,1717,428497.0,430214.0,30214.0,Scheduled - Deadline Met,Yes,Yes,3600.2216124534607,60.003693540891014,9,8384.0,Gurobi Status: 9
F39,P39_4,3,600000,800000,1717,688835.0,690552.0,90552.0,Scheduled - Deadline Met,Yes,Yes,3600.2216124534607,60.003693540891014,9,8384.0,Gurobi Status: 9
F39,P39_5,8,800000,1000000,1717,,,,Optional Packets- Not Scheduled,No,N/A,3600.2216124534607,60.003693540891014,9,8384.0,Gurobi Status: 9
F39,P39_6,3,1000000,1200000,1717,1082544.0,1084261.0,84261.0,Scheduled - Deadline Met,Yes,Yes,3600.2216124534607,60.003693540891014,9,8384.0,Gurobi Status: 9
F39,P39_7,8,1200000,1400000,1717,1280602.0,1282319.0,82319.0,Scheduled - Deadline Met,Yes,Yes,3600.2216124534607,60.003693540891014,9,8384.0,Gurobi Status: 9
F39,P39_8,3,1400000,1600000,1717,1493367.0,1495084.0,95084.0,Scheduled - Deadline Met,Yes,Yes,3600.2216124534607,60.003693540891014,9,8384.0,Gurobi Status: 9
F39,P39_9,8,1600000,1800000,1717,,,,Optional Packets- Not Scheduled,No,N/A,3600.2216124534607,60.003693540891014,9,8384.0,Gurobi Status: 9
F39,P39_10,3,1800000,2000000,1717,1871883.0,1873600.0,73600.0,Scheduled - Deadline Met,Yes,Yes,3600.2216124534607,60.003693540891014,9,8384.0,Gurobi Status: 9
F39,P39_11,8,2000000,2200000,1717,,,,Optional Packets- Not Scheduled,No,N/A,3600.2216124534607,60.003693540891014,9,8384.0,Gurobi Status: 9
F39,P39_12,3,2200000,2400000,1717,2262631.0,2264348.0,64348.0,Scheduled - Deadline Met,Yes,Yes,3600.2216124534607,60.003693540891014,9,8384.0,Gurobi Status: 9
F4,P4_1,8,0,100000,644,72421.0,73065.0,73065.0,Scheduled - Deadline Met,Yes,Yes,3600.2216124534607,60.003693540891014,9,8384.0,Gurobi Status: 9
F4,P4_2,6,100000,200000,644,186064.0,186708.0,86708.0,Scheduled - Deadline Met,Yes,Yes,3600.2216124534607,60.003693540891014,9,8384.0,Gurobi Status: 9
F4,P4_3,6,200000,300000,644,200000.0,200644.0,644.0,Scheduled - Deadline Met,Yes,Yes,3600.2216124534607,60.003693540891014,9,8384.0,Gurobi Status: 9
F4,P4_4,8,300000,400000,644,360866.0,361510.0,61510.0,Scheduled - Deadline Met,Yes,Yes,3600.2216124534607,60.003693540891014,9,8384.0,Gurobi Status: 9
F4,P4_5,6,400000,500000,644,400000.0,400644.0,644.0,Scheduled - Deadline Met,Yes,Yes,3600.2216124534607,60.003693540891014,9,8384.0,Gurobi Status: 9
F4,P4_6,6,500000,600000,644,584576.0,585220.0,85220.0,Scheduled - Deadline Met,Yes,Yes,3600.2216124534607,60.003693540891014,9,8384.0,Gurobi Status: 9
F4,P4_7,8,600000,700000,644,652444.0,653088.0,53088.0,Scheduled - Deadline Met,Yes,Yes,3600.2216124534607,60.003693540891014,9,8384.0,Gurobi Status: 9
F4,P4_8,6,700000,800000,644,776672.0,777316.0,77316.0,Scheduled - Deadline Met,Yes,Yes,3600.2216124534607,60.003693540891014,9,8384.0,Gurobi Status: 9
F4,P4_9,6,800000,900000,644,800000.0,800644.0,644.0,Scheduled - Deadline Met,Yes,Yes,3600.2216124534607,60.003693540891014,9,8384.0,Gurobi Status: 9
F4,P4_10,8,900000,1000000,644,950096.0,950740.0,50740.0,Scheduled - Deadline Met,Yes,Yes,3600.2216124534607,60.003693540891014,9,8384.0,Gurobi Status: 9
F4,P4_11,6,1000000,1100000,644,1011997.0,1012641.0,12641.0,Scheduled - Deadline Met,Yes,Yes,3600.2216124534607,60.003693540891014,9,8384.0,Gurobi Status: 9
F4,P4_12,6,1100000,1200000,644,1161325.0,1161969.0,61969.0,Scheduled - Deadline Met,Yes,Yes,3600.2216124534607,60.003693540891014,9,8384.0,Gurobi Status: 9
F4,P4_13,8,1200000,1300000,644,1272531.0,1273175.0,73175.0,Scheduled - Deadline Met,Yes,Yes,3600.2216124534607,60.003693540891014,9,8384.0,Gurobi Status: 9
F4,P4_14,6,1300000,1400000,644,1375521.0,1376165.0,76165.0,Scheduled - Deadline Met,Yes,Yes,3600.2216124534607,60.003693540891014,9,8384.0,Gurobi Status: 9
F4,P4_15,6,1400000,1500000,644,1400000.0,1400644.0,644.0,Scheduled - Deadline Met,Yes,Yes,3600.2216124534607,60.003693540891014,9,8384.0,Gurobi Status: 9
F4,P4_16,8,1500000,1600000,644,1554852.0,1555496.0,55496.0,Scheduled - Deadline Met,Yes,Yes,3600.2216124534607,60.003693540891014,9,8384.0,Gurobi Status: 9
F4,P4_17,6,1600000,1700000,644,1600000.0,1600644.0,644.0,Scheduled - Deadline Met,Yes,Yes,3600.2216124534607,60.003693540891014,9,8384.0,Gurobi Status: 9
F4,P4_18,6,1700000,1800000,644,1747182.0,1747826.0,47826.0,Scheduled - Deadline Met,Yes,Yes,3600.2216124534607,60.003693540891014,9,8384.0,Gurobi Status: 9
F4,P4_19,8,1800000,1900000,644,1829779.0,1830423.0,30423.0,Scheduled - Deadline Met,Yes,Yes,3600.2216124534607,60.003693540891014,9,8384.0,Gurobi Status: 9
F4,P4_20,6,1900000,2000000,644,1985675.0,1986319.0,86319.0,Scheduled - Deadline Met,Yes,Yes,3600.2216124534607,60.003693540891014,9,8384.0,Gurobi Status: 9
F4,P4_21,6,2000000,2100000,644,2000000.0,2000644.0,644.0,Scheduled - Deadline Met,Yes,Yes,3600.2216124534607,60.003693540891014,9,8384.0,Gurobi Status: 9
F4,P4_22,8,2100000,2200000,644,2175878.0,2176522.0,76522.0,Scheduled - Deadline Met,Yes,Yes,3600.2216124534607,60.003693540891014,9,8384.0,Gurobi Status: 9
F4,P4_23,6,2200000,2300000,644,2200000.0,2200644.0,644.0,Scheduled - Deadline Met,Yes,Yes,3600.2216124534607,60.003693540891014,9,8384.0,Gurobi Status: 9
F4,P4_24,6,2300000,2400000,644,2364050.0,2364694.0,64694.0,Scheduled - Deadline Met,Yes,Yes,3600.2216124534607,60.003693540891014,9,8384.0,Gurobi Status: 9
F40,P40_1,5,0,400000,5857,144143.0,150000.0,150000.0,Scheduled - Deadline Met,Yes,Yes,3600.2216124534607,60.003693540891014,9,8384.0,Gurobi Status: 9
F40,P40_2,8,400000,800000,5857,,,,Optional Packets- Not Scheduled,No,N/A,3600.2216124534607,60.003693540891014,9,8384.0,Gurobi Status: 9
F40,P40_3,5,800000,1200000,5857,934051.0,939908.0,139908.0,Scheduled - Deadline Met,Yes,Yes,3600.2216124534607,60.003693540891014,9,8384.0,Gurobi Status: 9
F40,P40_4,8,1200000,1600000,5857,,,,Optional Packets- Not Scheduled,No,N/A,3600.2216124534607,60.003693540891014,9,8384.0,Gurobi Status: 9
F40,P40_5,5,1600000,2000000,5857,1894143.0,1900000.0,300000.0,Scheduled - Deadline Met,Yes,Yes,3600.2216124534607,60.003693540891014,9,8384.0,Gurobi Status: 9
F40,P40_6,8,2000000,2400000,5857,,,,Optional Packets- Not Scheduled,No,N/A,3600.2216124534607,60.003693540891014,9,8384.0,Gurobi Status: 9
F41,P41_1,8,0,200000,9823,,,,Optional Packets- Not Scheduled,No,N/A,3600.2216124534607,60.003693540891014,9,8384.0,Gurobi Status: 9
F41,P41_2,1,200000,400000,9823,201839.0,211662.0,11662.0,Scheduled - Deadline Met,Yes,Yes,3600.2216124534607,60.003693540891014,9,8384.0,Gurobi Status: 9
F41,P41_3,8,400000,600000,9823,,,,Optional Packets- Not Scheduled,No,N/A,3600.2216124534607,60.003693540891014,9,8384.0,Gurobi Status: 9
F41,P41_4,1,600000,800000,9823,622532.0,632355.0,32355.0,Scheduled - Deadline Met,Yes,Yes,3600.2216124534607,60.003693540891014,9,8384.0,Gurobi Status: 9
F41,P41_5,8,800000,1000000,9823,,,,Optional Packets- Not Scheduled,No,N/A,3600.2216124534607,60.003693540891014,9,8384.0,Gurobi Status: 9
F41,P41_6,1,1000000,1200000,9823,1012737.0,1022560.0,22560.0,Scheduled - Deadline Met,Yes,Yes,3600.2216124534607,60.003693540891014,9,8384.0,Gurobi Status: 9
F41,P41_7,8,1200000,1400000,9823,,,,Optional Packets- Not Scheduled,No,N/A,3600.2216124534607,60.003693540891014,9,8384.0,Gurobi Status: 9
F41,P41_8,1,1400000,1600000,9823,1405550.0,1415373.0,15373.0,Scheduled - Deadline Met,Yes,Yes,3600.2216124534607,60.003693540891014,9,8384.0,Gurobi Status: 9
F41,P41_9,8,1600000,1800000,9823,,,,Optional Packets- Not Scheduled,No,N/A,3600.2216124534607,60.003693540891014,9,8384.0,Gurobi Status: 9
F41,P41_10,1,1800000,2000000,9823,1944146.0,1953969.0,153969.0,Scheduled - Deadline Met,Yes,Yes,3600.2216124534607,60.003693540891014,9,8384.0,Gurobi Status: 9
F41,P41_11,8,2000000,2200000,9823,,,,Optional Packets- Not Scheduled,No,N/A,3600.2216124534607,60.003693540891014,9,8384.0,Gurobi Status: 9
F41,P41_12,1,2200000,2400000,9823,2320641.0,2330464.0,130464.0,Scheduled - Deadline Met,Yes,Yes,3600.2216124534607,60.003693540891014,9,8384.0,Gurobi Status: 9
F42,P42_1,8,0,50000,3657,,,,Optional Packets- Not Scheduled,No,N/A,3600.2216124534607,60.003693540891014,9,8384.0,Gurobi Status: 9
F42,P42_2,4,50000,100000,3657,50000.0,53657.0,3657.0,Scheduled - Deadline Met,Yes,Yes,3600.2216124534607,60.003693540891014,9,8384.0,Gurobi Status: 9
F42,P42_3,8,100000,150000,3657,100096.0,103753.0,3753.0,Scheduled - Deadline Met,Yes,Yes,3600.2216124534607,60.003693540891014,9,8384.0,Gurobi Status: 9
F42,P42_4,4,150000,200000,3657,186804.0,190461.0,40461.0,Scheduled - Deadline Met,Yes,Yes,3600.2216124534607,60.003693540891014,9,8384.0,Gurobi Status: 9
F42,P42_5,8,200000,250000,3657,241427.0,245084.0,45084.0,Scheduled - Deadline Met,Yes,Yes,3600.2216124534607,60.003693540891014,9,8384.0,Gurobi Status: 9
F42,P42_6,4,250000,300000,3657,284812.0,288469.0,38469.0,Scheduled - Deadline Met,Yes,Yes,3600.2216124534607,60.003693540891014,9,8384.0,Gurobi Status: 9
F42,P42_7,8,300000,350000,3657,300000.0,303657.0,3657.0,Scheduled - Deadline Met,Yes,Yes,3600.2216124534607,60.003693540891014,9,8384.0,Gurobi Status: 9
F42,P42_8,4,350000,400000,3657,350774.0,354431.0,4431.0,Scheduled - Deadline Met,Yes,Yes,3600.2216124534607,60.003693540891014,9,8384.0,Gurobi Status: 9
F42,P42_9,8,400000,450000,3657,,,,Optional Packets- Not Scheduled,No,N/A,3600.2216124534607,60.003693540891014,9,8384.0,Gurobi Status: 9
F42,P42_10,4,450000,500000,3657,462871.0,466528.0,16528.0,Scheduled - Deadline Met,Yes,Yes,3600.2216124534607,60.003693540891014,9,8384.0,Gurobi Status: 9
F42,P42_11,8,500000,550000,3657,500000.0,503657.0,3657.0,Scheduled - Deadline Met,Yes,Yes,3600.2216124534607,60.003693540891014,9,8384.0,Gurobi Status: 9
F42,P42_12,4,550000,600000,3657,550000.0,553657.0,3657.0,Scheduled - Deadline Met,Yes,Yes,3600.2216124534607,60.003693540891014,9,8384.0,Gurobi Status: 9
F42,P42_13,8,600000,650000,3657,,,,Optional Packets- Not Scheduled,No,N/A,3600.2216124534607,60.003693540891014,9,8384.0,Gurobi Status: 9
F42,P42_14,4,650000,700000,3657,678823.0,682480.0,32480.0,Scheduled - Deadline Met,Yes,Yes,3600.2216124534607,60.003693540891014,9,8384.0,Gurobi Status: 9
F42,P42_15,8,700000,750000,3657,736520.0,740177.0,40177.0,Scheduled - Deadline Met,Yes,Yes,3600.2216124534607,60.003693540891014,9,8384.0,Gurobi Status: 9
F42,P42_16,4,750000,800000,3657,768003.0,771660.0,21660.0,Scheduled - Deadline Met,Yes,Yes,3600.2216124534607,60.003693540891014,9,8384.0,Gurobi Status: 9
F42,P42_17,8,800000,850000,3657,,,,Optional Packets- Not Scheduled,No,N/A,3600.2216124534607,60.003693540891014,9,8384.0,Gurobi Status: 9
F42,P42_18,4,850000,900000,3657,882024.0,885681.0,35681.0,Scheduled - Deadline Met,Yes,Yes,3600.2216124534607,60.003693540891014,9,8384.0,Gurobi Status: 9
F42,P42_19,8,900000,950000,3657,940004.0,943661.0,43661.0,Scheduled - Deadline Met,Yes,Yes,3600.2216124534607,60.003693540891014,9,8384.0,Gurobi Status: 9
F42,P42_20,4,950000,1000000,3657,981300.0,984957.0,34957.0,Scheduled - Deadline Met,Yes,Yes,3600.2216124534607,60.003693540891014,9,8384.0,Gurobi Status: 9
F42,P42_21,8,1000000,1050000,3657,1029987.0,1033644.0,33644.0,Scheduled - Deadline Met,Yes,Yes,3600.2216124534607,60.003693540891014,9,8384.0,Gurobi Status: 9
F42,P42_22,4,1050000,1100000,3657,1078887.0,1082544.0,32544.0,Scheduled - Deadline Met,Yes,Yes,3600.2216124534607,60.003693540891014,9,8384.0,Gurobi Status: 9
F42,P42_23,8,1100000,1150000,3657,1126189.0,1129846.0,29846.0,Scheduled - Deadline Met,Yes,Yes,3600.2216124534607,60.003693540891014,9,8384.0,Gurobi Status: 9
F42,P42_24,4,1150000,1200000,3657,1162065.0,1165722.0,15722.0,Scheduled - Deadline Met,Yes,Yes,3600.2216124534607,60.003693540891014,9,8384.0,Gurobi Status: 9
F42,P42_25,8,1200000,1250000,3657,,,,Optional Packets- Not Scheduled,No,N/A,3600.2216124534607,60.003693540891014,9,8384.0,Gurobi Status: 9
F42,P42_26,4,1250000,1300000,3657,1262439.0,1266096.0,16096.0,Scheduled - Deadline Met,Yes,Yes,3600.2216124534607,60.003693540891014,9,8384.0,Gurobi Status: 9
F42,P42_27,8,1300000,1350000,3657,1300000.0,1303657.0,3657.0,Scheduled - Deadline Met,Yes,Yes,3600.2216124534607,60.003693540891014,9,8384.0,Gurobi Status: 9
F42,P42_28,4,1350000,1400000,3657,1370669.0,1374326.0,24326.0,Scheduled - Deadline Met,Yes,Yes,3600.2216124534607,60.003693540891014,9,8384.0,Gurobi Status: 9
F42,P42_29,8,1400000,1450000,3657,,,,Optional Packets- Not Scheduled,No,N/A,3600.2216124534607,60.003693540891014,9,8384.0,Gurobi Status: 9
F42,P42_30,4,1450000,1500000,3657,1452044.0,1455701.0,5701.0,Scheduled - Deadline Met,Yes,Yes,3600.2216124534607,60.003693540891014,9,8384.0,Gurobi Status: 9
F42,P42_31,8,1500000,1550000,3657,1519445.0,1523102.0,23102.0,Scheduled - Deadline Met,Yes,Yes,3600.2216124534607,60.003693540891014,9,8384.0,Gurobi Status: 9
F42,P42_32,4,1550000,1600000,3657,1550000.0,1553657.0,3657.0,Scheduled - Deadline Met,Yes,Yes,3600.2216124534607,60.003693540891014,9,8384.0,Gurobi Status: 9
F42,P42_33,8,1600000,1650000,3657,,,,Optional Packets- Not Scheduled,No,N/A,3600.2216124534607,60.003693540891014,9,8384.0,Gurobi Status: 9
F42,P42_34,4,1650000,1700000,3657,1661220.0,1664877.0,14877.0,Scheduled - Deadline Met,Yes,Yes,3600.2216124534607,60.003693540891014,9,8384.0,Gurobi Status: 9
F42,P42_35,8,1700000,1750000,3657,1700096.0,1703753.0,3753.0,Scheduled - Deadline Met,Yes,Yes,3600.2216124534607,60.003693540891014,9,8384.0,Gurobi Status: 9
F42,P42_36,4,1750000,1800000,3657,1783153.0,1786810.0,36810.0,Scheduled - Deadline Met,Yes,Yes,3600.2216124534607,60.003693540891014,9,8384.0,Gurobi Status: 9
F42,P42_37,8,1800000,1850000,3657,1813242.0,1816899.0,16899.0,Scheduled - Deadline Met,Yes,Yes,3600.2216124534607,60.003693540891014,9,8384.0,Gurobi Status: 9
F42,P42_38,4,1850000,1900000,3657,1868226.0,1871883.0,21883.0,Scheduled - Deadline Met,Yes,Yes,3600.2216124534607,60.003693540891014,9,8384.0,Gurobi Status: 9
F42,P42_39,8,1900000,1950000,3657,,,,Optional Packets- Not Scheduled,No,N/A,3600.2216124534607,60.003693540891014,9,8384.0,Gurobi Status: 9
F42,P42_40,4,1950000,2000000,3657,1968677.0,1972334.0,22334.0,Scheduled - Deadline Met,Yes,Yes,3600.2216124534607,60.003693540891014,9,8384.0,Gurobi Status: 9
F42,P42_41,8,2000000,2050000,3657,,,,Optional Packets- Not Scheduled,No,N/A,3600.2216124534607,60.003693540891014,9,8384.0,Gurobi Status: 9
F42,P42_42,4,2050000,2100000,3657,2081759.0,2085416.0,35416.0,Scheduled - Deadline Met,Yes,Yes,3600.2216124534607,60.003693540891014,9,8384.0,Gurobi Status: 9
F42,P42_43,8,2100000,2150000,3657,2115021.0,2118678.0,18678.0,Scheduled - Deadline Met,Yes,Yes,3600.2216124534607,60.003693540891014,9,8384.0,Gurobi Status: 9
F42,P42_44,4,2150000,2200000,3657,2164687.0,2168344.0,18344.0,Scheduled - Deadline Met,Yes,Yes,3600.2216124534607,60.003693540891014,9,8384.0,Gurobi Status: 9
F42,P42_45,8,2200000,2250000,3657,2227390.0,2231047.0,31047.0,Scheduled - Deadline Met,Yes,Yes,3600.2216124534607,60.003693540891014,9,8384.0,Gurobi Status: 9
F42,P42_46,4,2250000,2300000,3657,2266388.0,2270045.0,20045.0,Scheduled - Deadline Met,Yes,Yes,3600.2216124534607,60.003693540891014,9,8384.0,Gurobi Status: 9
F42,P42_47,8,2300000,2350000,3657,2300096.0,2303753.0,3753.0,Scheduled - Deadline Met,Yes,Yes,3600.2216124534607,60.003693540891014,9,8384.0,Gurobi Status: 9
F42,P42_48,4,2350000,2400000,3657,2367078.0,2370735.0,20735.0,Scheduled - Deadline Met,Yes,Yes,3600.2216124534607,60.003693540891014,9,8384.0,Gurobi Status: 9
F43,P43_1,8,0,400000,1106,89718.0,90824.0,90824.0,Scheduled - Deadline Met,Yes,Yes,3600.2216124534607,60.003693540891014,9,8384.0,Gurobi Status: 9
F43,P43_2,3,400000,800000,1106,460303.0,461409.0,61409.0,Scheduled - Deadline Met,Yes,Yes,3600.2216124534607,60.003693540891014,9,8384.0,Gurobi Status: 9
F43,P43_3,8,800000,1200000,1106,,,,Optional Packets- Not Scheduled,No,N/A,3600.2216124534607,60.003693540891014,9,8384.0,Gurobi Status: 9
F43,P43_4,3,1200000,1600000,1106,1227364.0,1228470.0,28470.0,Scheduled - Deadline Met,Yes,Yes,3600.2216124534607,60.003693540891014,9,8384.0,Gurobi Status: 9
F43,P43_5,8,1600000,2000000,1106,1689202.0,1690308.0,90308.0,Scheduled - Deadline Met,Yes,Yes,3600.2216124534607,60.003693540891014,9,8384.0,Gurobi Status: 9
F43,P43_6,3,2000000,2400000,1106,2087008.0,2088114.0,88114.0,Scheduled - Deadline Met,Yes,Yes,3600.2216124534607,60.003693540891014,9,8384.0,Gurobi Status: 9
F44,P44_1,8,0,50000,2532,,,,Optional Packets- Not Scheduled,No,N/A,3600.2216124534607,60.003693540891014,9,8384.0,Gurobi Status: 9
F44,P44_2,4,50000,100000,2532,57464.0,59996.0,9996.0,Scheduled - Deadline Met,Yes,Yes,3600.2216124534607,60.003693540891014,9,8384.0,Gurobi Status: 9
F44,P44_3,8,100000,150000,2532,103849.0,106381.0,6381.0,Scheduled - Deadline Met,Yes,Yes,3600.2216124534607,60.003693540891014,9,8384.0,Gurobi Status: 9
F44,P44_4,4,150000,200000,2532,194253.0,196785.0,46785.0,Scheduled - Deadline Met,Yes,Yes,3600.2216124534607,60.003693540891014,9,8384.0,Gurobi Status: 9
F44,P44_5,8,200000,250000,2532,245180.0,247712.0,47712.0,Scheduled - Deadline Met,Yes,Yes,3600.2216124534607,60.003693540891014,9,8384.0,Gurobi Status: 9
F44,P44_6,4,250000,300000,2532,294564.0,297096.0,47096.0,Scheduled - Deadline Met,Yes,Yes,3600.2216124534607,60.003693540891014,9,8384.0,Gurobi Status: 9
F44,P44_7,8,300000,350000,2532,307464.0,309996.0,9996.0,Scheduled - Deadline Met,Yes,Yes,3600.2216124534607,60.003693540891014,9,8384.0,Gurobi Status: 9
F44,P44_8,4,350000,400000,2532,358238.0,360770.0,10770.0,Scheduled - Deadline Met,Yes,Yes,3600.2216124534607,60.003693540891014,9,8384.0,Gurobi Status: 9
F44,P44_9,8,400000,450000,2532,,,,Optional Packets- Not Scheduled,No,N/A,3600.2216124534607,60.003693540891014,9,8384.0,Gurobi Status: 9
F44,P44_10,4,450000,500000,2532,470011.0,472543.0,22543.0,Scheduled - Deadline Met,Yes,Yes,3600.2216124534607,60.003693540891014,9,8384.0,Gurobi Status: 9
F44,P44_11,8,500000,550000,2532,,,,Optional Packets- Not Scheduled,No,N/A,3600.2216124534607,60.003693540891014,9,8384.0,Gurobi Status: 9
F44,P44_12,4,550000,600000,2532,576438.0,578970.0,28970.0,Scheduled - Deadline Met,Yes,Yes,3600.2216124534607,60.003693540891014,9,8384.0,Gurobi Status: 9
F44,P44_13,8,600000,650000,2532,,,,Optional Packets- Not Scheduled,No,N/A,3600.2216124534607,60.003693540891014,9,8384.0,Gurobi Status: 9
F44,P44_14,4,650000,700000,2532,697468.0,700000.0,50000.0,Scheduled - Deadline Met,Yes,Yes,3600.2216124534607,60.003693540891014,9,8384.0,Gurobi Status: 9
F44,P44_15,8,700000,750000,2532,740273.0,742805.0,42805.0,Scheduled - Deadline Met,Yes,Yes,3600.2216124534607,60.003693540891014,9,8384.0,Gurobi Status: 9
F44,P44_16,4,750000,800000,2532,771756.0,774288.0,24288.0,Scheduled - Deadline Met,Yes,Yes,3600.2216124534607,60.003693540891014,9,8384.0,Gurobi Status: 9
F44,P44_17,8,800000,850000,2532,,,,Optional Packets- Not Scheduled,No,N/A,3600.2216124534607,60.003693540891014,9,8384.0,Gurobi Status: 9
F44,P44_18,4,850000,900000,2532,895578.0,898110.0,48110.0,Scheduled - Deadline Met,Yes,Yes,3600.2216124534607,60.003693540891014,9,8384.0,Gurobi Status: 9
F44,P44_19,8,900000,950000,2532,947468.0,950000.0,50000.0,Scheduled - Deadline Met,Yes,Yes,3600.2216124534607,60.003693540891014,9,8384.0,Gurobi Status: 9
F44,P44_20,4,950000,1000000,2532,992242.0,994774.0,44774.0,Scheduled - Deadline Met,Yes,Yes,3600.2216124534607,60.003693540891014,9,8384.0,Gurobi Status: 9
F44,P44_21,8,1000000,1050000,2532,1033740.0,1036272.0,36272.0,Scheduled - Deadline Met,Yes,Yes,3600.2216124534607,60.003693540891014,9,8384.0,Gurobi Status: 9
F44,P44_22,4,1050000,1100000,2532,1084261.0,1086793.0,36793.0,Scheduled - Deadline Met,Yes,Yes,3600.2216124534607,60.003693540891014,9,8384.0,Gurobi Status: 9
F44,P44_23,8,1100000,1150000,2532,1129942.0,1132474.0,32474.0,Scheduled - Deadline Met,Yes,Yes,3600.2216124534607,60.003693540891014,9,8384.0,Gurobi Status: 9
F44,P44_24,4,1150000,1200000,2532,1193913.0,1196445.0,46445.0,Scheduled - Deadline Met,Yes,Yes,3600.2216124534607,60.003693540891014,9,8384.0,Gurobi Status: 9
F44,P44_25,8,1200000,1250000,2532,,,,Optional Packets- Not Scheduled,No,N/A,3600.2216124534607,60.003693540891014,9,8384.0,Gurobi Status: 9
F44,P44_26,4,1250000,1300000,2532,1269903.0,1272435.0,22435.0,Scheduled - Deadline Met,Yes,Yes,3600.2216124534607,60.003693540891014,9,8384.0,Gurobi Status: 9
F44,P44_27,8,1300000,1350000,2532,1303753.0,1306285.0,6285.0,Scheduled - Deadline Met,Yes,Yes,3600.2216124534607,60.003693540891014,9,8384.0,Gurobi Status: 9
F44,P44_28,4,1350000,1400000,2532,1376261.0,1378793.0,28793.0,Scheduled - Deadline Met,Yes,Yes,3600.2216124534607,60.003693540891014,9,8384.0,Gurobi Status: 9
F44,P44_29,8,1400000,1450000,2532,,,,Optional Packets- Not Scheduled,No,N/A,3600.2216124534607,60.003693540891014,9,8384.0,Gurobi Status: 9
F44,P44_30,4,1450000,1500000,2532,1497468.0,1500000.0,50000.0,Scheduled - Deadline Met,Yes,Yes,3600.2216124534607,60.003693540891014,9,8384.0,Gurobi Status: 9
F44,P44_31,8,1500000,1550000,2532,1527460.0,1529992.0,29992.0,Scheduled - Deadline Met,Yes,Yes,3600.2216124534607,60.003693540891014,9,8384.0,Gurobi Status: 9
F44,P44_32,4,1550000,1600000,2532,1597468.0,1600000.0,50000.0,Scheduled - Deadline Met,Yes,Yes,3600.2216124534607,60.003693540891014,9,8384.0,Gurobi Status: 9
F44,P44_33,8,1600000,1650000,2532,,,,Optional Packets- Not Scheduled,No,N/A,3600.2216124534607,60.003693540891014,9,8384.0,Gurobi Status: 9
F44,P44_34,4,1650000,1700000,2532,1670414.0,1672946.0,22946.0,Scheduled - Deadline Met,Yes,Yes,3600.2216124534607,60.003693540891014,9,8384.0,Gurobi Status: 9
F44,P44_35,8,1700000,1750000,2532,1722244.0,1724776.0,24776.0,Scheduled - Deadline Met,Yes,Yes,3600.2216124534607,60.003693540891014,9,8384.0,Gurobi Status: 9
F44,P44_36,4,1750000,1800000,2532,1797468.0,1800000.0,50000.0,Scheduled - Deadline Met,Yes,Yes,3600.2216124534607,60.003693540891014,9,8384.0,Gurobi Status: 9
F44,P44_37,8,1800000,1850000,2532,1820706.0,1823238.0,23238.0,Scheduled - Deadline Met,Yes,Yes,3600.2216124534607,60.003693540891014,9,8384.0,Gurobi Status: 9
F44,P44_38,4,1850000,1900000,2532,1891611.0,1894143.0,44143.0,Scheduled - Deadline Met,Yes,Yes,3600.2216124534607,60.003693540891014,9,8384.0,Gurobi Status: 9
F44,P44_39,8,1900000,1950000,2532,,,,Optional Packets- Not Scheduled,No,N/A,3600.2216124534607,60.003693540891014,9,8384.0,Gurobi Status: 9
F44,P44_40,4,1950000,2000000,2532,1980941.0,1983473.0,33473.0,Scheduled - Deadline Met,Yes,Yes,3600.2216124534607,60.003693540891014,9,8384.0,Gurobi Status: 9
F44,P44_41,8,2000000,2050000,2532,,,,Optional Packets- Not Scheduled,No,N/A,3600.2216124534607,60.003693540891014,9,8384.0,Gurobi Status: 9
F44,P44_42,4,2050000,2100000,2532,2094996.0,2097528.0,47528.0,Scheduled - Deadline Met,Yes,Yes,3600.2216124534607,60.003693540891014,9,8384.0,Gurobi Status: 9
F44,P44_43,8,2100000,2150000,2532,2122485.0,2125017.0,25017.0,Scheduled - Deadline Met,Yes,Yes,3600.2216124534607,60.003693540891014,9,8384.0,Gurobi Status: 9
F44,P44_44,4,2150000,2200000,2532,2172801.0,2175333.0,25333.0,Scheduled - Deadline Met,Yes,Yes,3600.2216124534607,60.003693540891014,9,8384.0,Gurobi Status: 9
F44,P44_45,8,2200000,2250000,2532,,,,Optional Packets- Not Scheduled,No,N/A,3600.2216124534607,60.003693540891014,9,8384.0,Gurobi Status: 9
F44,P44_46,4,2250000,2300000,2532,2273528.0,2276060.0,26060.0,Scheduled - Deadline Met,Yes,Yes,3600.2216124534607,60.003693540891014,9,8384.0,Gurobi Status: 9
F44,P44_47,8,2300000,2350000,2532,2303849.0,2306381.0,6381.0,Scheduled - Deadline Met,Yes,Yes,3600.2216124534607,60.003693540891014,9,8384.0,Gurobi Status: 9
F44,P44_48,4,2350000,2400000,2532,2374542.0,2377074.0,27074.0,Scheduled - Deadline Met,Yes,Yes,3600.2216124534607,60.003693540891014,9,8384.0,Gurobi Status: 9
F45,P45_1,8,0,400000,6050,77080.0,83130.0,83130.0,Scheduled - Deadline Met,Yes,Yes,3600.2216124534607,60.003693540891014,9,8384.0,Gurobi Status: 9
F45,P45_2,2,400000,800000,6050,408448.0,414498.0,14498.0,Scheduled - Deadline Met,Yes,Yes,3600.2216124534607,60.003693540891014,9,8384.0,Gurobi Status: 9
F45,P45_3,8,800000,1200000,6050,,,,Optional Packets- Not Scheduled,No,N/A,3600.2216124534607,60.003693540891014,9,8384.0,Gurobi Status: 9
F45,P45_4,2,1200000,1600000,6050,1354281.0,1360331.0,160331.0,Scheduled - Deadline Met,Yes,Yes,3600.2216124534607,60.003693540891014,9,8384.0,Gurobi Status: 9
F45,P45_5,8,1600000,2000000,6050,,,,Optional Packets- Not Scheduled,No,N/A,3600.2216124534607,60.003693540891014,9,8384.0,Gurobi Status: 9
F45,P45_6,2,2000000,2400000,6050,2136989.0,2143039.0,143039.0,Scheduled - Deadline Met,Yes,Yes,3600.2216124534607,60.003693540891014,9,8384.0,Gurobi Status: 9
F46,P46_1,8,0,200000,4193,,,,Optional Packets- Not Scheduled,No,N/A,3600.2216124534607,60.003693540891014,9,8384.0,Gurobi Status: 9
F46,P46_2,2,200000,400000,4193,395807.0,400000.0,200000.0,Scheduled - Deadline Met,Yes,Yes,3600.2216124534607,60.003693540891014,9,8384.0,Gurobi Status: 9
F46,P46_3,8,400000,600000,4193,,,,Optional Packets- Not Scheduled,No,N/A,3600.2216124534607,60.003693540891014,9,8384.0,Gurobi Status: 9
F46,P46_4,2,600000,800000,4193,707412.0,711605.0,111605.0,Scheduled - Deadline Met,Yes,Yes,3600.2216124534607,60.003693540891014,9,8384.0,Gurobi Status: 9
F46,P46_5,8,800000,1000000,4193,,,,Optional Packets- Not Scheduled,No,N/A,3600.2216124534607,60.003693540891014,9,8384.0,Gurobi Status: 9
F46,P46_6,2,1000000,1200000,4193,1007708.0,1011901.0,11901.0,Scheduled - Deadline Met,Yes,Yes,3600.2216124534607,60.003693540891014,9,8384.0,Gurobi Status: 9
F46,P46_7,8,1200000,1400000,4193,,,,Optional Packets- Not Scheduled,No,N/A,3600.2216124534607,60.003693540891014,9,8384.0,Gurobi Status: 9
F46,P46_8,2,1400000,1600000,4193,1503623.0,1507816.0,107816.0,Scheduled - Deadline Met,Yes,Yes,3600.2216124534607,60.003693540891014,9,8384.0,Gurobi Status: 9
F46,P46_9,8,1600000,1800000,4193,,,,Optional Packets- Not Scheduled,No,N/A,3600.2216124534607,60.003693540891014,9,8384.0,Gurobi Status: 9
F46,P46_10,2,1800000,2000000,4193,1960510.0,1964703.0,164703.0,Scheduled - Deadline Met,Yes,Yes,3600.2216124534607,60.003693540891014,9,8384.0,Gurobi Status: 9
F46,P46_11,8,2000000,2200000,4193,,,,Optional Packets- Not Scheduled,No,N/A,3600.2216124534607,60.003693540891014,9,8384.0,Gurobi Status: 9
F46,P46_12,2,2200000,2400000,4193,2350759.0,2354952.0,154952.0,Scheduled - Deadline Met,Yes,Yes,3600.2216124534607,60.003693540891014,9,8384.0,Gurobi Status: 9
F47,P47_1,8,0,200000,7316,,,,Optional Packets- Not Scheduled,No,N/A,3600.2216124534607,60.003693540891014,9,8384.0,Gurobi Status: 9
F47,P47_2,5,200000,400000,7316,343362.0,350678.0,150678.0,Scheduled - Deadline Met,Yes,Yes,3600.2216124534607,60.003693540891014,9,8384.0,Gurobi Status: 9
F47,P47_3,8,400000,600000,7316,,,,Optional Packets- Not Scheduled,No,N/A,3600.2216124534607,60.003693540891014,9,8384.0,Gurobi Status: 9
F47,P47_4,5,600000,800000,7316,700000.0,707316.0,107316.0,Scheduled - Deadline Met,Yes,Yes,3600.2216124534607,60.003693540891014,9,8384.0,Gurobi Status: 9
F47,P47_5,8,800000,1000000,7316,,,,Optional Packets- Not Scheduled,No,N/A,3600.2216124534607,60.003693540891014,9,8384.0,Gurobi Status: 9
F47,P47_6,5,1000000,1200000,7316,1165818.0,1173134.0,173134.0,Scheduled - Deadline Met,Yes,Yes,3600.2216124534607,60.003693540891014,9,8384.0,Gurobi Status: 9
F47,P47_7,8,1200000,1400000,7316,,,,Optional Packets- Not Scheduled,No,N/A,3600.2216124534607,60.003693540891014,9,8384.0,Gurobi Status: 9
F47,P47_8,5,1400000,1600000,7316,1590056.0,1597372.0,197372.0,Scheduled - Deadline Met,Yes,Yes,3600.2216124534607,60.003693540891014,9,8384.0,Gurobi Status: 9
F47,P47_9,8,1600000,1800000,7316,,,,Optional Packets- Not Scheduled,No,N/A,3600.2216124534607,60.003693540891014,9,8384.0,Gurobi Status: 9
F47,P47_10,5,1800000,2000000,7316,1972430.0,1979746.0,179746.0,Scheduled - Deadline Met,Yes,Yes,3600.2216124534607,60.003693540891014,9,8384.0,Gurobi Status: 9
F47,P47_11,8,2000000,2200000,7316,,,,Optional Packets- Not Scheduled,No,N/A,3600.2216124534607,60.003693540891014,9,8384.0,Gurobi Status: 9
F47,P47_12,5,2200000,2400000,7316,2355048.0,2362364.0,162364.0,Scheduled - Deadline Met,Yes,Yes,3600.2216124534607,60.003693540891014,9,8384.0,Gurobi Status: 9
F48,P48_1,7,0,400000,3459,130925.0,134384.0,134384.0,Scheduled - Deadline Met,Yes,Yes,3600.2216124534607,60.003693540891014,9,8384.0,Gurobi Status: 9
F48,P48_2,8,400000,800000,3459,483121.0,486580.0,86580.0,Scheduled - Deadline Met,Yes,Yes,3600.2216124534607,60.003693540891014,9,8384.0,Gurobi Status: 9
F48,P48_3,7,800000,1200000,3459,1196541.0,1200000.0,400000.0,Scheduled - Deadline Met,Yes,Yes,3600.2216124534607,60.003693540891014,9,8384.0,Gurobi Status: 9
F48,P48_4,8,1200000,1600000,3459,,,,Optional Packets- Not Scheduled,No,N/A,3600.2216124534607,60.003693540891014,9,8384.0,Gurobi Status: 9
F48,P48_5,7,1600000,2000000,3459,1664877.0,1668336.0,68336.0,Scheduled - Deadline Met,Yes,Yes,3600.2216124534607,60.003693540891014,9,8384.0,Gurobi Status: 9
F48,P48_6,8,2000000,2400000,3459,,,,Optional Packets- Not Scheduled,No,N/A,3600.2216124534607,60.003693540891014,9,8384.0,Gurobi Status: 9
F5,P5_1,5,0,400000,2475,190461.0,192936.0,192936.0,Scheduled - Deadline Met,Yes,Yes,3600.2216124534607,60.003693540891014,9,8384.0,Gurobi Status: 9
F5,P5_2,8,400000,800000,2475,489918.0,492393.0,92393.0,Scheduled - Deadline Met,Yes,Yes,3600.2216124534607,60.003693540891014,9,8384.0,Gurobi Status: 9
F5,P5_3,5,800000,1200000,2475,984957.0,987432.0,187432.0,Scheduled - Deadline Met,Yes,Yes,3600.2216124534607,60.003693540891014,9,8384.0,Gurobi Status: 9
F5,P5_4,5,1200000,1600000,2475,1228566.0,1231041.0,31041.0,Scheduled - Deadline Met,Yes,Yes,3600.2216124534607,60.003693540891014,9,8384.0,Gurobi Status: 9
F5,P5_5,8,1600000,2000000,2475,1685039.0,1687514.0,87514.0,Scheduled - Deadline Met,Yes,Yes,3600.2216124534607,60.003693540891014,9,8384.0,Gurobi Status: 9
F5,P5_6,5,2000000,2400000,2475,2092521.0,2094996.0,94996.0,Scheduled - Deadline Met,Yes,Yes,3600.2216124534607,60.003693540891014,9,8384.0,Gurobi Status: 9
F6,P6_1,1,0,400000,970,199030.0,200000.0,200000.0,Scheduled - Deadline Met,Yes,Yes,3600.2216124534607,60.003693540891014,9,8384.0,Gurobi Status: 9
F6,P6_2,8,400000,800000,970,492489.0,493459.0,93459.0,Scheduled - Deadline Met,Yes,Yes,3600.2216124534607,60.003693540891014,9,8384.0,Gurobi Status: 9
F6,P6_3,1,800000,1200000,970,913945.0,914915.0,114915.0,Scheduled - Deadline Met,Yes,Yes,3600.2216124534607,60.003693540891014,9,8384.0,Gurobi Status: 9
F6,P6_4,1,1200000,1600000,970,1398334.0,1399304.0,199304.0,Scheduled - Deadline Met,Yes,Yes,3600.2216124534607,60.003693540891014,9,8384.0,Gurobi Status: 9
F6,P6_5,8,1600000,2000000,970,1690404.0,1691374.0,91374.0,Scheduled - Deadline Met,Yes,Yes,3600.2216124534607,60.003693540891014,9,8384.0,Gurobi Status: 9
F6,P6_6,1,2000000,2400000,970,2106098.0,2107068.0,107068.0,Scheduled - Deadline Met,Yes,Yes,3600.2216124534607,60.003693540891014,9,8384.0,Gurobi Status: 9
F7,P7_1,3,0,50000,1003,6432.0,7435.0,7435.0,Scheduled - Deadline Met,Yes,Yes,3600.2216124534607,60.003693540891014,9,8384.0,Gurobi Status: 9
F7,P7_2,3,50000,100000,1003,71322.0,72325.0,22325.0,Scheduled - Deadline Met,Yes,Yes,3600.2216124534607,60.003693540891014,9,8384.0,Gurobi Status: 9
F7,P7_3,8,100000,150000,1003,106477.0,107480.0,7480.0,Scheduled - Deadline Met,Yes,Yes,3600.2216124534607,60.003693540891014,9,8384.0,Gurobi Status: 9
F7,P7_4,3,150000,200000,1003,154942.0,155945.0,5945.0,Scheduled - Deadline Met,Yes,Yes,3600.2216124534607,60.003693540891014,9,8384.0,Gurobi Status: 9
F7,P7_5,3,200000,250000,1003,200740.0,201743.0,1743.0,Scheduled - Deadline Met,Yes,Yes,3600.2216124534607,60.003693540891014,9,8384.0,Gurobi Status: 9
F7,P7_6,8,250000,300000,1003,298901.0,299904.0,49904.0,Scheduled - Deadline Met,Yes,Yes,3600.2216124534607,60.003693540891014,9,8384.0,Gurobi Status: 9
F7,P7_7,3,300000,350000,1003,335818.0,336821.0,36821.0,Scheduled - Deadline Met,Yes,Yes,3600.2216124534607,60.003693540891014,9,8384.0,Gurobi Status: 9
F7,P7_8,3,350000,400000,1003,377479.0,378482.0,28482.0,Scheduled - Deadline Met,Yes,Yes,3600.2216124534607,60.003693540891014,9,8384.0,Gurobi Status: 9
F7,P7_9,8,400000,450000,1003,422740.0,423743.0,23743.0,Scheduled - Deadline Met,Yes,Yes,3600.2216124534607,60.003693540891014,9,8384.0,Gurobi Status: 9
F7,P7_10,3,450000,500000,1003,468912.0,469915.0,19915.0,Scheduled - Deadline Met,Yes,Yes,3600.2216124534607,60.003693540891014,9,8384.0,Gurobi Status: 9
F7,P7_11,3,500000,550000,1003,542456.0,543459.0,43459.0,Scheduled - Deadline Met,Yes,Yes,3600.2216124534607,60.003693540891014,9,8384.0,Gurobi Status: 9
F7,P7_12,8,550000,600000,1003,587025.0,588028.0,38028.0,Scheduled - Deadline Met,Yes,Yes,3600.2216124534607,60.003693540891014,9,8384.0,Gurobi Status: 9
F7,P7_13,3,600000,650000,1003,621433.0,622436.0,22436.0,Scheduled - Deadline Met,Yes,Yes,3600.2216124534607,60.003693540891014,9,8384.0,Gurobi Status: 9
F7,P7_14,3,650000,700000,1003,690648.0,691651.0,41651.0,Scheduled - Deadline Met,Yes,Yes,3600.2216124534607,60.003693540891014,9,8384.0,Gurobi Status: 9
F7,P7_15,8,700000,750000,1003,742901.0,743904.0,43904.0,Scheduled - Deadline Met,Yes,Yes,3600.2216124534607,60.003693540891014,9,8384.0,Gurobi Status: 9
F7,P7_16,3,750000,800000,1003,794708.0,795711.0,45711.0,Scheduled - Deadline Met,Yes,Yes,3600.2216124534607,60.003693540891014,9,8384.0,Gurobi Status: 9
F7,P7_17,3,800000,850000,1003,800740.0,801743.0,1743.0,Scheduled - Deadline Met,Yes,Yes,3600.2216124534607,60.003693540891014,9,8384.0,Gurobi Status: 9
F7,P7_18,8,850000,900000,1003,898997.0,900000.0,50000.0,Scheduled - Deadline Met,Yes,Yes,3600.2216124534607,60.003693540891014,9,8384.0,Gurobi Status: 9
F7,P7_19,3,900000,950000,1003,933048.0,934051.0,34051.0,Scheduled - Deadline Met,Yes,Yes,3600.2216124534607,60.003693540891014,9,8384.0,Gurobi Status: 9
F7,P7_20,3,950000,1000000,1003,987432.0,988435.0,38435.0,Scheduled - Deadline Met,Yes,Yes,3600.2216124534607,60.003693540891014,9,8384.0,Gurobi Status: 9
F7,P7_21,8,1000000,1050000,1003,1038701.0,1039704.0,39704.0,Scheduled - Deadline Met,Yes,Yes,3600.2216124534607,60.003693540891014,9,8384.0,Gurobi Status: 9
F7,P7_22,3,1050000,1100000,1003,1089177.0,1090180.0,40180.0,Scheduled - Deadline Met,Yes,Yes,3600.2216124534607,60.003693540891014,9,8384.0,Gurobi Status: 9
F7,P7_23,3,1100000,1150000,1003,1121371.0,1122374.0,22374.0,Scheduled - Deadline Met,Yes,Yes,3600.2216124534607,60.003693540891014,9,8384.0,Gurobi Status: 9
F7,P7_24,8,1150000,1200000,1003,1180938.0,1181941.0,31941.0,Scheduled - Deadline Met,Yes,Yes,3600.2216124534607,60.003693540891014,9,8384.0,Gurobi Status: 9
F7,P7_25,3,1200000,1250000,1003,1212143.0,1213146.0,13146.0,Scheduled - Deadline Met,Yes,Yes,3600.2216124534607,60.003693540891014,9,8384.0,Gurobi Status: 9
F7,P7_26,3,1250000,1300000,1003,1260740.0,1261743.0,11743.0,Scheduled - Deadline Met,Yes,Yes,3600.2216124534607,60.003693540891014,9,8384.0,Gurobi Status: 9
F7,P7_27,8,1300000,1350000,1003,1306381.0,1307384.0,7384.0,Scheduled - Deadline Met,Yes,Yes,3600.2216124534607,60.003693540891014,9,8384.0,Gurobi Status: 9
F7,P7_28,3,1350000,1400000,1003,1374422.0,1375425.0,25425.0,Scheduled - Deadline Met,Yes,Yes,3600.2216124534607,60.003693540891014,9,8384.0,Gurobi Status: 9
F7,P7_29,3,1400000,1450000,1003,1400740.0,1401743.0,1743.0,Scheduled - Deadline Met,Yes,Yes,3600.2216124534607,60.003693540891014,9,8384.0,Gurobi Status: 9
F7,P7_30,8,1450000,1500000,1003,1476777.0,1477780.0,27780.0,Scheduled - Deadline Met,Yes,Yes,3600.2216124534607,60.003693540891014,9,8384.0,Gurobi Status: 9
F7,P7_31,3,1500000,1550000,1003,1518346.0,1519349.0,19349.0,Scheduled - Deadline Met,Yes,Yes,3600.2216124534607,60.003693540891014,9,8384.0,Gurobi Status: 9
F7,P7_32,3,1550000,1600000,1003,1553753.0,1554756.0,4756.0,Scheduled - Deadline Met,Yes,Yes,3600.2216124534607,60.003693540891014,9,8384.0,Gurobi Status: 9
F7,P7_33,8,1600000,1650000,1003,,,,Optional Packets- Not Scheduled,No,N/A,3600.2216124534607,60.003693540891014,9,8384.0,Gurobi Status: 9
F7,P7_34,3,1650000,1700000,1003,1669315.0,1670318.0,20318.0,Scheduled - Deadline Met,Yes,Yes,3600.2216124534607,60.003693540891014,9,8384.0,Gurobi Status: 9
F7,P7_35,3,1700000,1750000,1003,1721145.0,1722148.0,22148.0,Scheduled - Deadline Met,Yes,Yes,3600.2216124534607,60.003693540891014,9,8384.0,Gurobi Status: 9
F7,P7_36,8,1750000,1800000,1003,1763407.0,1764410.0,14410.0,Scheduled - Deadline Met,Yes,Yes,3600.2216124534607,60.003693540891014,9,8384.0,Gurobi Status: 9
F7,P7_37,3,1800000,1850000,1003,1802288.0,1803291.0,3291.0,Scheduled - Deadline Met,Yes,Yes,3600.2216124534607,60.003693540891014,9,8384.0,Gurobi Status: 9
F7,P7_38,3,1850000,1900000,1003,1873696.0,1874699.0,24699.0,Scheduled - Deadline Met,Yes,Yes,3600.2216124534607,60.003693540891014,9,8384.0,Gurobi Status: 9
F7,P7_39,8,1900000,1950000,1003,,,,Optional Packets- Not Scheduled,No,N/A,3600.2216124534607,60.003693540891014,9,8384.0,Gurobi Status: 9
F7,P7_40,3,1950000,2000000,1003,1979842.0,1980845.0,30845.0,Scheduled - Deadline Met,Yes,Yes,3600.2216124534607,60.003693540891014,9,8384.0,Gurobi Status: 9
F7,P7_41,3,2000000,2050000,1003,2000740.0,2001743.0,1743.0,Scheduled - Deadline Met,Yes,Yes,3600.2216124534607,60.003693540891014,9,8384.0,Gurobi Status: 9
F7,P7_42,8,2050000,2100000,1003,,,,Optional Packets- Not Scheduled,No,N/A,3600.2216124534607,60.003693540891014,9,8384.0,Gurobi Status: 9
F7,P7_43,3,2100000,2150000,1003,2148167.0,2149170.0,49170.0,Scheduled - Deadline Met,Yes,Yes,3600.2216124534607,60.003693540891014,9,8384.0,Gurobi Status: 9
F7,P7_44,3,2150000,2200000,1003,2195820.0,2196823.0,46823.0,Scheduled - Deadline Met,Yes,Yes,3600.2216124534607,60.003693540891014,9,8384.0,Gurobi Status: 9
F7,P7_45,8,2200000,2250000,1003,2231143.0,2232146.0,32146.0,Scheduled - Deadline Met,Yes,Yes,3600.2216124534607,60.003693540891014,9,8384.0,Gurobi Status: 9
F7,P7_46,3,2250000,2300000,1003,2272429.0,2273432.0,23432.0,Scheduled - Deadline Met,Yes,Yes,3600.2216124534607,60.003693540891014,9,8384.0,Gurobi Status: 9
F7,P7_47,3,2300000,2350000,1003,2330464.0,2331467.0,31467.0,Scheduled - Deadline Met,Yes,Yes,3600.2216124534607,60.003693540891014,9,8384.0,Gurobi Status: 9
F7,P7_48,8,2350000,2400000,1003,2387025.0,2388028.0,38028.0,Scheduled - Deadline Met,Yes,Yes,3600.2216124534607,60.003693540891014,9,8384.0,Gurobi Status: 9
F8,P8_1,4,0,400000,5631,25514.0,31145.0,31145.0,Scheduled - Deadline Met,Yes,Yes,3600.2216124534607,60.003693540891014,9,8384.0,Gurobi Status: 9
F8,P8_2,8,400000,800000,5631,472639.0,478270.0,78270.0,Scheduled - Deadline Met,Yes,Yes,3600.2216124534607,60.003693540891014,9,8384.0,Gurobi Status: 9
F8,P8_3,4,800000,1200000,5631,831316.0,836947.0,36947.0,Scheduled - Deadline Met,Yes,Yes,3600.2216124534607,60.003693540891014,9,8384.0,Gurobi Status: 9
F8,P8_4,4,1200000,1600000,5631,1232596.0,1238227.0,38227.0,Scheduled - Deadline Met,Yes,Yes,3600.2216124534607,60.003693540891014,9,8384.0,Gurobi Status: 9
F8,P8_5,8,1600000,2000000,5631,1673341.0,1678972.0,78972.0,Scheduled - Deadline Met,Yes,Yes,3600.2216124534607,60.003693540891014,9,8384.0,Gurobi Status: 9
F8,P8_6,4,2000000,2400000,5631,2019327.0,2024958.0,24958.0,Scheduled - Deadline Met,Yes,Yes,3600.2216124534607,60.003693540891014,9,8384.0,Gurobi Status: 9
F9,P9_1,1,0,400000,2149,196785.0,198934.0,198934.0,Scheduled - Deadline Met,Yes,Yes,3600.2216124534607,60.003693540891014,9,8384.0,Gurobi Status: 9
F9,P9_2,1,400000,800000,2149,582427.0,584576.0,184576.0,Scheduled - Deadline Met,Yes,Yes,3600.2216124534607,60.003693540891014,9,8384.0,Gurobi Status: 9
F9,P9_3,8,800000,1200000,2149,,,,Optional Packets- Not Scheduled,No,N/A,3600.2216124534607,60.003693540891014,9,8384.0,Gurobi Status: 9
F9,P9_4,1,1200000,1600000,2149,1378793.0,1380942.0,180942.0,Scheduled - Deadline Met,Yes,Yes,3600.2216124534607,60.003693540891014,9,8384.0,Gurobi Status: 9
F9,P9_5,1,1600000,2000000,2149,1907031.0,1909180.0,309180.0,Scheduled - Deadline Met,Yes,Yes,3600.2216124534607,60.003693540891014,9,8384.0,Gurobi Status: 9
F9,P9_6,8,2000000,2400000,2149,2107164.0,2109313.0,109313.0,Scheduled - Deadline Met,Yes,Yes,3600.2216124534607,60.003693540891014,9,8384.0,Gurobi Status: 9
