Flow,Packet,Class,Arrival,Deadline,Execution Time,Gate Open,Gate Close,Response Time,Status,Scheduled,Deadline Met,Solver_Execution_Time_Seconds,Solver_Execution_Time_Minutes,Solver_Status,Objective_Value,Stopping_Reason
F1,P1_1,2,0,200000,7466,24769.0,32235.0,32235.0,Scheduled - Deadline Met,Yes,Yes,3600.1365010738373,60.00227501789729,9,9657.0,Gurobi Status: 9
F1,P1_2,2,200000,400000,7466,224620.0,232086.0,32086.0,Scheduled - Deadline Met,Yes,Yes,3600.1365010738373,60.00227501789729,9,9657.0,Gurobi Status: 9
F1,P1_3,8,400000,600000,7466,,,,Optional Packets- Not Scheduled,No,N/A,3600.1365010738373,60.00227501789729,9,9657.0,Gurobi Status: 9
F1,P1_4,2,600000,800000,7466,671607.0,679073.0,79073.0,Scheduled - Deadline Met,Yes,Yes,3600.1365010738373,60.00227501789729,9,9657.0,Gurobi Status: 9
F1,P1_5,2,800000,1000000,7466,847705.0,855171.0,55171.0,Scheduled - Deadline Met,Yes,Yes,3600.1365010738373,60.00227501789729,9,9657.0,Gurobi Status: 9
F1,P1_6,8,1000000,1200000,7466,,,,Optional Packets- Not Scheduled,No,N/A,3600.1365010738373,60.00227501789729,9,9657.0,Gurobi Status: 9
F1,P1_7,2,1200000,1400000,7466,1274067.0,1281533.0,81533.0,Scheduled - Deadline Met,Yes,Yes,3600.1365010738373,60.00227501789729,9,9657.0,Gurobi Status: 9
F1,P1_8,2,1400000,1600000,7466,1443908.0,1451374.0,51374.0,Scheduled - Deadline Met,Yes,Yes,3600.1365010738373,60.00227501789729,9,9657.0,Gurobi Status: 9
F1,P1_9,8,1600000,1800000,7466,,,,Optional Packets- Not Scheduled,No,N/A,3600.1365010738373,60.00227501789729,9,9657.0,Gurobi Status: 9
F1,P1_10,2,1800000,2000000,7466,1873715.0,1881181.0,81181.0,Scheduled - Deadline Met,Yes,Yes,3600.1365010738373,60.00227501789729,9,9657.0,Gurobi Status: 9
F1,P1_11,2,2000000,2200000,7466,2047627.0,2055093.0,55093.0,Scheduled - Deadline Met,Yes,Yes,3600.1365010738373,60.00227501789729,9,9657.0,Gurobi Status: 9
F1,P1_12,8,2200000,2400000,7466,,,,Optional Packets- Not Scheduled,No,N/A,3600.1365010738373,60.00227501789729,9,9657.0,Gurobi Status: 9
F10,P10_1,8,0,400000,3645,,,,Optional Packets- Not Scheduled,No,N/A,3600.1365010738373,60.00227501789729,9,9657.0,Gurobi Status: 9
F10,P10_2,3,400000,800000,3645,593313.0,596958.0,196958.0,Scheduled - Deadline Met,Yes,Yes,3600.1365010738373,60.00227501789729,9,9657.0,Gurobi Status: 9
F10,P10_3,3,800000,1200000,3645,966047.0,969692.0,169692.0,Scheduled - Deadline Met,Yes,Yes,3600.1365010738373,60.00227501789729,9,9657.0,Gurobi Status: 9
F10,P10_4,8,1200000,1600000,3645,1309176.0,1312821.0,112821.0,Scheduled - Deadline Met,Yes,Yes,3600.1365010738373,60.00227501789729,9,9657.0,Gurobi Status: 9
F10,P10_5,3,1600000,2000000,3645,1781425.0,1785070.0,185070.0,Scheduled - Deadline Met,Yes,Yes,3600.1365010738373,60.00227501789729,9,9657.0,Gurobi Status: 9
F10,P10_6,3,2000000,2400000,3645,2086296.0,2089941.0,89941.0,Scheduled - Deadline Met,Yes,Yes,3600.1365010738373,60.00227501789729,9,9657.0,Gurobi Status: 9
F11,P11_1,8,0,400000,11901,,,,Optional Packets- Not Scheduled,No,N/A,3600.1365010738373,60.00227501789729,9,9657.0,Gurobi Status: 9
F11,P11_2,6,400000,800000,11901,496779.0,508680.0,108680.0,Scheduled - Deadline Met,Yes,Yes,3600.1365010738373,60.00227501789729,9,9657.0,Gurobi Status: 9
F11,P11_3,6,800000,1200000,11901,886344.0,898245.0,98245.0,Scheduled - Deadline Met,Yes,Yes,3600.1365010738373,60.00227501789729,9,9657.0,Gurobi Status: 9
F11,P11_4,8,1200000,1600000,11901,,,,Optional Packets- Not Scheduled,No,N/A,3600.1365010738373,60.00227501789729,9,9657.0,Gurobi Status: 9
F11,P11_5,6,1600000,2000000,11901,1727863.0,1739764.0,139764.0,Scheduled - Deadline Met,Yes,Yes,3600.1365010738373,60.00227501789729,9,9657.0,Gurobi Status: 9
F11,P11_6,6,2000000,2400000,11901,2065549.0,2077450.0,77450.0,Scheduled - Deadline Met,Yes,Yes,3600.1365010738373,60.00227501789729,9,9657.0,Gurobi Status: 9
F12,P12_1,4,0,400000,807,399193.0,400000.0,400000.0,Scheduled - Deadline Met,Yes,Yes,3600.1365010738373,60.00227501789729,9,9657.0,Gurobi Status: 9
F12,P12_2,8,400000,800000,807,539772.0,540579.0,140579.0,Scheduled - Deadline Met,Yes,Yes,3600.1365010738373,60.00227501789729,9,9657.0,Gurobi Status: 9
F12,P12_3,4,800000,1200000,807,1154227.0,1155034.0,355034.0,Scheduled - Deadline Met,Yes,Yes,3600.1365010738373,60.00227501789729,9,9657.0,Gurobi Status: 9
F12,P12_4,4,1200000,1600000,807,1593237.0,1594044.0,394044.0,Scheduled - Deadline Met,Yes,Yes,3600.1365010738373,60.00227501789729,9,9657.0,Gurobi Status: 9
F12,P12_5,8,1600000,2000000,807,,,,Optional Packets- Not Scheduled,No,N/A,3600.1365010738373,60.00227501789729,9,9657.0,Gurobi Status: 9
F12,P12_6,4,2000000,2400000,807,2098180.0,2098987.0,98987.0,Scheduled - Deadline Met,Yes,Yes,3600.1365010738373,60.00227501789729,9,9657.0,Gurobi Status: 9
F13,P13_1,4,0,400000,1241,373643.0,374884.0,374884.0,Scheduled - Deadline Met,Yes,Yes,3600.1365010738373,60.00227501789729,9,9657.0,Gurobi Status: 9
F13,P13_2,4,400000,800000,1241,758538.0,759779.0,359779.0,Scheduled - Deadline Met,Yes,Yes,3600.1365010738373,60.00227501789729,9,9657.0,Gurobi Status: 9
F13,P13_3,8,800000,1200000,1241,,,,Optional Packets- Not Scheduled,No,N/A,3600.1365010738373,60.00227501789729,9,9657.0,Gurobi Status: 9
F13,P13_4,4,1200000,1600000,1241,1588888.0,1590129.0,390129.0,Scheduled - Deadline Met,Yes,Yes,3600.1365010738373,60.00227501789729,9,9657.0,Gurobi Status: 9
F13,P13_5,4,1600000,2000000,1241,1663214.0,1664455.0,64455.0,Scheduled - Deadline Met,Yes,Yes,3600.1365010738373,60.00227501789729,9,9657.0,Gurobi Status: 9
F13,P13_6,8,2000000,2400000,1241,,,,Optional Packets- Not Scheduled,No,N/A,3600.1365010738373,60.00227501789729,9,9657.0,Gurobi Status: 9
F14,P14_1,7,0,400000,3925,353693.0,357618.0,357618.0,Scheduled - Deadline Met,Yes,Yes,3600.1365010738373,60.00227501789729,9,9657.0,Gurobi Status: 9
F14,P14_2,7,400000,800000,3925,468985.0,472910.0,72910.0,Scheduled - Deadline Met,Yes,Yes,3600.1365010738373,60.00227501789729,9,9657.0,Gurobi Status: 9
F14,P14_3,8,800000,1200000,3925,,,,Optional Packets- Not Scheduled,No,N/A,3600.1365010738373,60.00227501789729,9,9657.0,Gurobi Status: 9
F14,P14_4,7,1200000,1600000,3925,1340521.0,1344446.0,144446.0,Scheduled - Deadline Met,Yes,Yes,3600.1365010738373,60.00227501789729,9,9657.0,Gurobi Status: 9
F14,P14_5,7,1600000,2000000,3925,1697440.0,1701365.0,101365.0,Scheduled - Deadline Met,Yes,Yes,3600.1365010738373,60.00227501789729,9,9657.0,Gurobi Status: 9
F14,P14_6,8,2000000,2400000,3925,2124141.0,2128066.0,128066.0,Scheduled - Deadline Met,Yes,Yes,3600.1365010738373,60.00227501789729,9,9657.0,Gurobi Status: 9
F15,P15_1,2,0,200000,8529,7885.0,16414.0,16414.0,Scheduled - Deadline Met,Yes,Yes,3600.1365010738373,60.00227501789729,9,9657.0,Gurobi Status: 9
F15,P15_2,8,200000,400000,8529,249082.0,257611.0,57611.0,Scheduled - Deadline Met,Yes,Yes,3600.1365010738373,60.00227501789729,9,9657.0,Gurobi Status: 9
F15,P15_3,2,400000,600000,8529,449905.0,458434.0,58434.0,Scheduled - Deadline Met,Yes,Yes,3600.1365010738373,60.00227501789729,9,9657.0,Gurobi Status: 9
F15,P15_4,2,600000,800000,8529,654723.0,663252.0,63252.0,Scheduled - Deadline Met,Yes,Yes,3600.1365010738373,60.00227501789729,9,9657.0,Gurobi Status: 9
F15,P15_5,8,800000,1000000,8529,,,,Optional Packets- Not Scheduled,No,N/A,3600.1365010738373,60.00227501789729,9,9657.0,Gurobi Status: 9
F15,P15_6,2,1000000,1200000,8529,1027376.0,1035905.0,35905.0,Scheduled - Deadline Met,Yes,Yes,3600.1365010738373,60.00227501789729,9,9657.0,Gurobi Status: 9
F15,P15_7,2,1200000,1400000,8529,1250775.0,1259304.0,59304.0,Scheduled - Deadline Met,Yes,Yes,3600.1365010738373,60.00227501789729,9,9657.0,Gurobi Status: 9
F15,P15_8,8,1400000,1600000,8529,,,,Optional Packets- Not Scheduled,No,N/A,3600.1365010738373,60.00227501789729,9,9657.0,Gurobi Status: 9
F15,P15_9,2,1600000,1800000,8529,1646330.0,1654859.0,54859.0,Scheduled - Deadline Met,Yes,Yes,3600.1365010738373,60.00227501789729,9,9657.0,Gurobi Status: 9
F15,P15_10,2,1800000,2000000,8529,1854380.0,1862909.0,62909.0,Scheduled - Deadline Met,Yes,Yes,3600.1365010738373,60.00227501789729,9,9657.0,Gurobi Status: 9
F15,P15_11,8,2000000,2200000,8529,,,,Optional Packets- Not Scheduled,No,N/A,3600.1365010738373,60.00227501789729,9,9657.0,Gurobi Status: 9
F15,P15_12,2,2200000,2400000,8529,2242768.0,2251297.0,51297.0,Scheduled - Deadline Met,Yes,Yes,3600.1365010738373,60.00227501789729,9,9657.0,Gurobi Status: 9
F16,P16_1,5,0,50000,719,2314.0,3033.0,3033.0,Scheduled - Deadline Met,Yes,Yes,3600.1365010738373,60.00227501789729,9,9657.0,Gurobi Status: 9
F16,P16_2,8,50000,100000,719,99281.0,100000.0,50000.0,Scheduled - Deadline Met,Yes,Yes,3600.1365010738373,60.00227501789729,9,9657.0,Gurobi Status: 9
F16,P16_3,5,100000,150000,719,117162.0,117881.0,17881.0,Scheduled - Deadline Met,Yes,Yes,3600.1365010738373,60.00227501789729,9,9657.0,Gurobi Status: 9
F16,P16_4,5,150000,200000,719,178182.0,178901.0,28901.0,Scheduled - Deadline Met,Yes,Yes,3600.1365010738373,60.00227501789729,9,9657.0,Gurobi Status: 9
F16,P16_5,8,200000,250000,719,,,,Optional Packets- Not Scheduled,No,N/A,3600.1365010738373,60.00227501789729,9,9657.0,Gurobi Status: 9
F16,P16_6,5,250000,300000,719,297815.0,298534.0,48534.0,Scheduled - Deadline Met,Yes,Yes,3600.1365010738373,60.00227501789729,9,9657.0,Gurobi Status: 9
F16,P16_7,5,300000,350000,719,302314.0,303033.0,3033.0,Scheduled - Deadline Met,Yes,Yes,3600.1365010738373,60.00227501789729,9,9657.0,Gurobi Status: 9
F16,P16_8,8,350000,400000,719,380997.0,381716.0,31716.0,Scheduled - Deadline Met,Yes,Yes,3600.1365010738373,60.00227501789729,9,9657.0,Gurobi Status: 9
F16,P16_9,5,400000,450000,719,400000.0,400719.0,719.0,Scheduled - Deadline Met,Yes,Yes,3600.1365010738373,60.00227501789729,9,9657.0,Gurobi Status: 9
F16,P16_10,5,450000,500000,719,458434.0,459153.0,9153.0,Scheduled - Deadline Met,Yes,Yes,3600.1365010738373,60.00227501789729,9,9657.0,Gurobi Status: 9
F16,P16_11,8,500000,550000,719,548439.0,549158.0,49158.0,Scheduled - Deadline Met,Yes,Yes,3600.1365010738373,60.00227501789729,9,9657.0,Gurobi Status: 9
F16,P16_12,5,550000,600000,719,598067.0,598786.0,48786.0,Scheduled - Deadline Met,Yes,Yes,3600.1365010738373,60.00227501789729,9,9657.0,Gurobi Status: 9
F16,P16_13,5,600000,650000,719,600000.0,600719.0,719.0,Scheduled - Deadline Met,Yes,Yes,3600.1365010738373,60.00227501789729,9,9657.0,Gurobi Status: 9
F16,P16_14,8,650000,700000,719,699185.0,699904.0,49904.0,Scheduled - Deadline Met,Yes,Yes,3600.1365010738373,60.00227501789729,9,9657.0,Gurobi Status: 9
F16,P16_15,5,700000,750000,719,741034.0,741753.0,41753.0,Scheduled - Deadline Met,Yes,Yes,3600.1365010738373,60.00227501789729,9,9657.0,Gurobi Status: 9
F16,P16_16,5,750000,800000,719,783929.0,784648.0,34648.0,Scheduled - Deadline Met,Yes,Yes,3600.1365010738373,60.00227501789729,9,9657.0,Gurobi Status: 9
F16,P16_17,8,800000,850000,719,,,,Optional Packets- Not Scheduled,No,N/A,3600.1365010738373,60.00227501789729,9,9657.0,Gurobi Status: 9
F16,P16_18,5,850000,900000,719,877386.0,878105.0,28105.0,Scheduled - Deadline Met,Yes,Yes,3600.1365010738373,60.00227501789729,9,9657.0,Gurobi Status: 9
F16,P16_19,5,900000,950000,719,923663.0,924382.0,24382.0,Scheduled - Deadline Met,Yes,Yes,3600.1365010738373,60.00227501789729,9,9657.0,Gurobi Status: 9
F16,P16_20,8,950000,1000000,719,984005.0,984724.0,34724.0,Scheduled - Deadline Met,Yes,Yes,3600.1365010738373,60.00227501789729,9,9657.0,Gurobi Status: 9
F16,P16_21,5,1000000,1050000,719,1006628.0,1007347.0,7347.0,Scheduled - Deadline Met,Yes,Yes,3600.1365010738373,60.00227501789729,9,9657.0,Gurobi Status: 9
F16,P16_22,5,1050000,1100000,719,1086106.0,1086825.0,36825.0,Scheduled - Deadline Met,Yes,Yes,3600.1365010738373,60.00227501789729,9,9657.0,Gurobi Status: 9
F16,P16_23,8,1100000,1150000,719,1105326.0,1106045.0,6045.0,Scheduled - Deadline Met,Yes,Yes,3600.1365010738373,60.00227501789729,9,9657.0,Gurobi Status: 9
F16,P16_24,5,1150000,1200000,719,1155130.0,1155849.0,5849.0,Scheduled - Deadline Met,Yes,Yes,3600.1365010738373,60.00227501789729,9,9657.0,Gurobi Status: 9
F16,P16_25,5,1200000,1250000,719,1200000.0,1200719.0,719.0,Scheduled - Deadline Met,Yes,Yes,3600.1365010738373,60.00227501789729,9,9657.0,Gurobi Status: 9
F16,P16_26,8,1250000,1300000,719,,,,Optional Packets- Not Scheduled,No,N/A,3600.1365010738373,60.00227501789729,9,9657.0,Gurobi Status: 9
F16,P16_27,5,1300000,1350000,719,1300000.0,1300719.0,719.0,Scheduled - Deadline Met,Yes,Yes,3600.1365010738373,60.00227501789729,9,9657.0,Gurobi Status: 9
F16,P16_28,5,1350000,1400000,719,1381278.0,1381997.0,31997.0,Scheduled - Deadline Met,Yes,Yes,3600.1365010738373,60.00227501789729,9,9657.0,Gurobi Status: 9
F16,P16_29,8,1400000,1450000,719,1404217.0,1404936.0,4936.0,Scheduled - Deadline Met,Yes,Yes,3600.1365010738373,60.00227501789729,9,9657.0,Gurobi Status: 9
F16,P16_30,5,1450000,1500000,719,1493456.0,1494175.0,44175.0,Scheduled - Deadline Met,Yes,Yes,3600.1365010738373,60.00227501789729,9,9657.0,Gurobi Status: 9
F16,P16_31,5,1500000,1550000,719,1516557.0,1517276.0,17276.0,Scheduled - Deadline Met,Yes,Yes,3600.1365010738373,60.00227501789729,9,9657.0,Gurobi Status: 9
F16,P16_32,8,1550000,1600000,719,1567843.0,1568562.0,18562.0,Scheduled - Deadline Met,Yes,Yes,3600.1365010738373,60.00227501789729,9,9657.0,Gurobi Status: 9
F16,P16_33,5,1600000,1650000,719,1600000.0,1600719.0,719.0,Scheduled - Deadline Met,Yes,Yes,3600.1365010738373,60.00227501789729,9,9657.0,Gurobi Status: 9
F16,P16_34,5,1650000,1700000,719,1696721.0,1697440.0,47440.0,Scheduled - Deadline Met,Yes,Yes,3600.1365010738373,60.00227501789729,9,9657.0,Gurobi Status: 9
F16,P16_35,8,1700000,1750000,719,,,,Optional Packets- Not Scheduled,No,N/A,3600.1365010738373,60.00227501789729,9,9657.0,Gurobi Status: 9
F16,P16_36,5,1750000,1800000,719,1777804.0,1778523.0,28523.0,Scheduled - Deadline Met,Yes,Yes,3600.1365010738373,60.00227501789729,9,9657.0,Gurobi Status: 9
F16,P16_37,5,1800000,1850000,719,1842393.0,1843112.0,43112.0,Scheduled - Deadline Met,Yes,Yes,3600.1365010738373,60.00227501789729,9,9657.0,Gurobi Status: 9
F16,P16_38,8,1850000,1900000,719,1899185.0,1899904.0,49904.0,Scheduled - Deadline Met,Yes,Yes,3600.1365010738373,60.00227501789729,9,9657.0,Gurobi Status: 9
F16,P16_39,5,1900000,1950000,719,1921723.0,1922442.0,22442.0,Scheduled - Deadline Met,Yes,Yes,3600.1365010738373,60.00227501789729,9,9657.0,Gurobi Status: 9
F16,P16_40,5,1950000,2000000,719,1985618.0,1986337.0,36337.0,Scheduled - Deadline Met,Yes,Yes,3600.1365010738373,60.00227501789729,9,9657.0,Gurobi Status: 9
F16,P16_41,8,2000000,2050000,719,,,,Optional Packets- Not Scheduled,No,N/A,3600.1365010738373,60.00227501789729,9,9657.0,Gurobi Status: 9
F16,P16_42,5,2050000,2100000,719,2062207.0,2062926.0,12926.0,Scheduled - Deadline Met,Yes,Yes,3600.1365010738373,60.00227501789729,9,9657.0,Gurobi Status: 9
F16,P16_43,5,2100000,2150000,719,2146423.0,2147142.0,47142.0,Scheduled - Deadline Met,Yes,Yes,3600.1365010738373,60.00227501789729,9,9657.0,Gurobi Status: 9
F16,P16_44,8,2150000,2200000,719,2175521.0,2176240.0,26240.0,Scheduled - Deadline Met,Yes,Yes,3600.1365010738373,60.00227501789729,9,9657.0,Gurobi Status: 9
F16,P16_45,5,2200000,2250000,719,2200000.0,2200719.0,719.0,Scheduled - Deadline Met,Yes,Yes,3600.1365010738373,60.00227501789729,9,9657.0,Gurobi Status: 9
F16,P16_46,5,2250000,2300000,719,2271512.0,2272231.0,22231.0,Scheduled - Deadline Met,Yes,Yes,3600.1365010738373,60.00227501789729,9,9657.0,Gurobi Status: 9
F16,P16_47,8,2300000,2350000,719,2321914.0,2322633.0,22633.0,Scheduled - Deadline Met,Yes,Yes,3600.1365010738373,60.00227501789729,9,9657.0,Gurobi Status: 9
F16,P16_48,5,2350000,2400000,719,2359801.0,2360520.0,10520.0,Scheduled - Deadline Met,Yes,Yes,3600.1365010738373,60.00227501789729,9,9657.0,Gurobi Status: 9
F17,P17_1,2,0,400000,1488,55849.0,57337.0,57337.0,Scheduled - Deadline Met,Yes,Yes,3600.1365010738373,60.00227501789729,9,9657.0,Gurobi Status: 9
F17,P17_2,8,400000,800000,1488,535863.0,537351.0,137351.0,Scheduled - Deadline Met,Yes,Yes,3600.1365010738373,60.00227501789729,9,9657.0,Gurobi Status: 9
F17,P17_3,2,800000,1200000,1488,878201.0,879689.0,79689.0,Scheduled - Deadline Met,Yes,Yes,3600.1365010738373,60.00227501789729,9,9657.0,Gurobi Status: 9
F17,P17_4,2,1200000,1600000,1488,1289580.0,1291068.0,91068.0,Scheduled - Deadline Met,Yes,Yes,3600.1365010738373,60.00227501789729,9,9657.0,Gurobi Status: 9
F17,P17_5,8,1600000,2000000,1488,,,,Optional Packets- Not Scheduled,No,N/A,3600.1365010738373,60.00227501789729,9,9657.0,Gurobi Status: 9
F17,P17_6,2,2000000,2400000,1488,2090037.0,2091525.0,91525.0,Scheduled - Deadline Met,Yes,Yes,3600.1365010738373,60.00227501789729,9,9657.0,Gurobi Status: 9
F18,P18_1,2,0,50000,2153,5636.0,7789.0,7789.0,Scheduled - Deadline Met,Yes,Yes,3600.1365010738373,60.00227501789729,9,9657.0,Gurobi Status: 9
F18,P18_2,2,50000,100000,2153,72946.0,75099.0,25099.0,Scheduled - Deadline Met,Yes,Yes,3600.1365010738373,60.00227501789729,9,9657.0,Gurobi Status: 9
F18,P18_3,8,100000,150000,2153,100096.0,102249.0,2249.0,Scheduled - Deadline Met,Yes,Yes,3600.1365010738373,60.00227501789729,9,9657.0,Gurobi Status: 9
F18,P18_4,2,150000,200000,2153,162912.0,165065.0,15065.0,Scheduled - Deadline Met,Yes,Yes,3600.1365010738373,60.00227501789729,9,9657.0,Gurobi Status: 9
F18,P18_5,2,200000,250000,2153,202438.0,204591.0,4591.0,Scheduled - Deadline Met,Yes,Yes,3600.1365010738373,60.00227501789729,9,9657.0,Gurobi Status: 9
F18,P18_6,8,250000,300000,2153,268275.0,270428.0,20428.0,Scheduled - Deadline Met,Yes,Yes,3600.1365010738373,60.00227501789729,9,9657.0,Gurobi Status: 9
F18,P18_7,2,300000,350000,2153,303129.0,305282.0,5282.0,Scheduled - Deadline Met,Yes,Yes,3600.1365010738373,60.00227501789729,9,9657.0,Gurobi Status: 9
F18,P18_8,2,350000,400000,2153,368277.0,370430.0,20430.0,Scheduled - Deadline Met,Yes,Yes,3600.1365010738373,60.00227501789729,9,9657.0,Gurobi Status: 9
F18,P18_9,8,400000,450000,2153,,,,Optional Packets- Not Scheduled,No,N/A,3600.1365010738373,60.00227501789729,9,9657.0,Gurobi Status: 9
F18,P18_10,2,450000,500000,2153,491518.0,493671.0,43671.0,Scheduled - Deadline Met,Yes,Yes,3600.1365010738373,60.00227501789729,9,9657.0,Gurobi Status: 9
F18,P18_11,2,500000,550000,2153,516744.0,518897.0,18897.0,Scheduled - Deadline Met,Yes,Yes,3600.1365010738373,60.00227501789729,9,9657.0,Gurobi Status: 9
F18,P18_12,8,550000,600000,2153,,,,Optional Packets- Not Scheduled,No,N/A,3600.1365010738373,60.00227501789729,9,9657.0,Gurobi Status: 9
F18,P18_13,2,600000,650000,2153,603129.0,605282.0,5282.0,Scheduled - Deadline Met,Yes,Yes,3600.1365010738373,60.00227501789729,9,9657.0,Gurobi Status: 9
F18,P18_14,2,650000,700000,2153,687985.0,690138.0,40138.0,Scheduled - Deadline Met,Yes,Yes,3600.1365010738373,60.00227501789729,9,9657.0,Gurobi Status: 9
F18,P18_15,8,700000,750000,2153,700000.0,702153.0,2153.0,Scheduled - Deadline Met,Yes,Yes,3600.1365010738373,60.00227501789729,9,9657.0,Gurobi Status: 9
F18,P18_16,2,750000,800000,2153,769912.0,772065.0,22065.0,Scheduled - Deadline Met,Yes,Yes,3600.1365010738373,60.00227501789729,9,9657.0,Gurobi Status: 9
F18,P18_17,2,800000,850000,2153,804693.0,806846.0,6846.0,Scheduled - Deadline Met,Yes,Yes,3600.1365010738373,60.00227501789729,9,9657.0,Gurobi Status: 9
F18,P18_18,8,850000,900000,2153,,,,Optional Packets- Not Scheduled,No,N/A,3600.1365010738373,60.00227501789729,9,9657.0,Gurobi Status: 9
F18,P18_19,2,900000,950000,2153,912595.0,914748.0,14748.0,Scheduled - Deadline Met,Yes,Yes,3600.1365010738373,60.00227501789729,9,9657.0,Gurobi Status: 9
F18,P18_20,2,950000,1000000,2153,979853.0,982006.0,32006.0,Scheduled - Deadline Met,Yes,Yes,3600.1365010738373,60.00227501789729,9,9657.0,Gurobi Status: 9
F18,P18_21,8,1000000,1050000,2153,,,,Optional Packets- Not Scheduled,No,N/A,3600.1365010738373,60.00227501789729,9,9657.0,Gurobi Status: 9
F18,P18_22,2,1050000,1100000,2153,1086921.0,1089074.0,39074.0,Scheduled - Deadline Met,Yes,Yes,3600.1365010738373,60.00227501789729,9,9657.0,Gurobi Status: 9
F18,P18_23,2,1100000,1150000,2153,1120384.0,1122537.0,22537.0,Scheduled - Deadline Met,Yes,Yes,3600.1365010738373,60.00227501789729,9,9657.0,Gurobi Status: 9
F18,P18_24,8,1150000,1200000,2153,1183030.0,1185183.0,35183.0,Scheduled - Deadline Met,Yes,Yes,3600.1365010738373,60.00227501789729,9,9657.0,Gurobi Status: 9
F18,P18_25,2,1200000,1250000,2153,1221918.0,1224071.0,24071.0,Scheduled - Deadline Met,Yes,Yes,3600.1365010738373,60.00227501789729,9,9657.0,Gurobi Status: 9
F18,P18_26,2,1250000,1300000,2153,1293602.0,1295755.0,45755.0,Scheduled - Deadline Met,Yes,Yes,3600.1365010738373,60.00227501789729,9,9657.0,Gurobi Status: 9
F18,P18_27,8,1300000,1350000,2153,1321113.0,1323266.0,23266.0,Scheduled - Deadline Met,Yes,Yes,3600.1365010738373,60.00227501789729,9,9657.0,Gurobi Status: 9
F18,P18_28,2,1350000,1400000,2153,1379029.0,1381182.0,31182.0,Scheduled - Deadline Met,Yes,Yes,3600.1365010738373,60.00227501789729,9,9657.0,Gurobi Status: 9
F18,P18_29,2,1400000,1450000,2153,1419275.0,1421428.0,21428.0,Scheduled - Deadline Met,Yes,Yes,3600.1365010738373,60.00227501789729,9,9657.0,Gurobi Status: 9
F18,P18_30,8,1450000,1500000,2153,1497751.0,1499904.0,49904.0,Scheduled - Deadline Met,Yes,Yes,3600.1365010738373,60.00227501789729,9,9657.0,Gurobi Status: 9
F18,P18_31,2,1500000,1550000,2153,1517372.0,1519525.0,19525.0,Scheduled - Deadline Met,Yes,Yes,3600.1365010738373,60.00227501789729,9,9657.0,Gurobi Status: 9
F18,P18_32,2,1550000,1600000,2153,1584175.0,1586328.0,36328.0,Scheduled - Deadline Met,Yes,Yes,3600.1365010738373,60.00227501789729,9,9657.0,Gurobi Status: 9
F18,P18_33,8,1600000,1650000,2153,,,,Optional Packets- Not Scheduled,No,N/A,3600.1365010738373,60.00227501789729,9,9657.0,Gurobi Status: 9
F18,P18_34,2,1650000,1700000,2153,1675989.0,1678142.0,28142.0,Scheduled - Deadline Met,Yes,Yes,3600.1365010738373,60.00227501789729,9,9657.0,Gurobi Status: 9
F18,P18_35,2,1700000,1750000,2153,1744291.0,1746444.0,46444.0,Scheduled - Deadline Met,Yes,Yes,3600.1365010738373,60.00227501789729,9,9657.0,Gurobi Status: 9
F18,P18_36,8,1750000,1800000,2153,1797751.0,1799904.0,49904.0,Scheduled - Deadline Met,Yes,Yes,3600.1365010738373,60.00227501789729,9,9657.0,Gurobi Status: 9
F18,P18_37,2,1800000,1850000,2153,1843208.0,1845361.0,45361.0,Scheduled - Deadline Met,Yes,Yes,3600.1365010738373,60.00227501789729,9,9657.0,Gurobi Status: 9
F18,P18_38,2,1850000,1900000,2153,1891175.0,1893328.0,43328.0,Scheduled - Deadline Met,Yes,Yes,3600.1365010738373,60.00227501789729,9,9657.0,Gurobi Status: 9
F18,P18_39,8,1900000,1950000,2153,1900000.0,1902153.0,2153.0,Scheduled - Deadline Met,Yes,Yes,3600.1365010738373,60.00227501789729,9,9657.0,Gurobi Status: 9
F18,P18_40,2,1950000,2000000,2153,1982155.0,1984308.0,34308.0,Scheduled - Deadline Met,Yes,Yes,3600.1365010738373,60.00227501789729,9,9657.0,Gurobi Status: 9
F18,P18_41,2,2000000,2050000,2153,2015006.0,2017159.0,17159.0,Scheduled - Deadline Met,Yes,Yes,3600.1365010738373,60.00227501789729,9,9657.0,Gurobi Status: 9
F18,P18_42,8,2050000,2100000,2153,,,,Optional Packets- Not Scheduled,No,N/A,3600.1365010738373,60.00227501789729,9,9657.0,Gurobi Status: 9
F18,P18_43,2,2100000,2150000,2153,2147238.0,2149391.0,49391.0,Scheduled - Deadline Met,Yes,Yes,3600.1365010738373,60.00227501789729,9,9657.0,Gurobi Status: 9
F18,P18_44,2,2150000,2200000,2153,2190579.0,2192732.0,42732.0,Scheduled - Deadline Met,Yes,Yes,3600.1365010738373,60.00227501789729,9,9657.0,Gurobi Status: 9
F18,P18_45,8,2200000,2250000,2153,,,,Optional Packets- Not Scheduled,No,N/A,3600.1365010738373,60.00227501789729,9,9657.0,Gurobi Status: 9
F18,P18_46,2,2250000,2300000,2153,2264991.0,2267144.0,17144.0,Scheduled - Deadline Met,Yes,Yes,3600.1365010738373,60.00227501789729,9,9657.0,Gurobi Status: 9
F18,P18_47,2,2300000,2350000,2153,2314339.0,2316492.0,16492.0,Scheduled - Deadline Met,Yes,Yes,3600.1365010738373,60.00227501789729,9,9657.0,Gurobi Status: 9
F18,P18_48,8,2350000,2400000,2153,2385946.0,2388099.0,38099.0,Scheduled - Deadline Met,Yes,Yes,3600.1365010738373,60.00227501789729,9,9657.0,Gurobi Status: 9
F19,P19_1,8,0,400000,10692,,,,Optional Packets- Not Scheduled,No,N/A,3600.1365010738373,60.00227501789729,9,9657.0,Gurobi Status: 9
F19,P19_2,5,400000,800000,10692,439117.0,449809.0,49809.0,Scheduled - Deadline Met,Yes,Yes,3600.1365010738373,60.00227501789729,9,9657.0,Gurobi Status: 9
F19,P19_3,5,800000,1200000,10692,836917.0,847609.0,47609.0,Scheduled - Deadline Met,Yes,Yes,3600.1365010738373,60.00227501789729,9,9657.0,Gurobi Status: 9
F19,P19_4,8,1200000,1600000,10692,,,,Optional Packets- Not Scheduled,No,N/A,3600.1365010738373,60.00227501789729,9,9657.0,Gurobi Status: 9
F19,P19_5,5,1600000,2000000,10692,1605567.0,1616259.0,16259.0,Scheduled - Deadline Met,Yes,Yes,3600.1365010738373,60.00227501789729,9,9657.0,Gurobi Status: 9
F19,P19_6,5,2000000,2400000,10692,2001233.0,2011925.0,11925.0,Scheduled - Deadline Met,Yes,Yes,3600.1365010738373,60.00227501789729,9,9657.0,Gurobi Status: 9
F2,P2_1,5,0,200000,1137,3129.0,4266.0,4266.0,Scheduled - Deadline Met,Yes,Yes,3600.1365010738373,60.00227501789729,9,9657.0,Gurobi Status: 9
F2,P2_2,5,200000,400000,1137,296582.0,297719.0,97719.0,Scheduled - Deadline Met,Yes,Yes,3600.1365010738373,60.00227501789729,9,9657.0,Gurobi Status: 9
F2,P2_3,8,400000,600000,1137,,,,Optional Packets- Not Scheduled,No,N/A,3600.1365010738373,60.00227501789729,9,9657.0,Gurobi Status: 9
F2,P2_4,5,600000,800000,1137,714054.0,715191.0,115191.0,Scheduled - Deadline Met,Yes,Yes,3600.1365010738373,60.00227501789729,9,9657.0,Gurobi Status: 9
F2,P2_5,5,800000,1000000,1137,802724.0,803861.0,3861.0,Scheduled - Deadline Met,Yes,Yes,3600.1365010738373,60.00227501789729,9,9657.0,Gurobi Status: 9
F2,P2_6,8,1000000,1200000,1137,1069483.0,1070620.0,70620.0,Scheduled - Deadline Met,Yes,Yes,3600.1365010738373,60.00227501789729,9,9657.0,Gurobi Status: 9
F2,P2_7,5,1200000,1400000,1137,1298767.0,1299904.0,99904.0,Scheduled - Deadline Met,Yes,Yes,3600.1365010738373,60.00227501789729,9,9657.0,Gurobi Status: 9
F2,P2_8,5,1400000,1600000,1137,1490416.0,1491553.0,91553.0,Scheduled - Deadline Met,Yes,Yes,3600.1365010738373,60.00227501789729,9,9657.0,Gurobi Status: 9
F2,P2_9,8,1600000,1800000,1137,,,,Optional Packets- Not Scheduled,No,N/A,3600.1365010738373,60.00227501789729,9,9657.0,Gurobi Status: 9
F2,P2_10,5,1800000,2000000,1137,1917369.0,1918506.0,118506.0,Scheduled - Deadline Met,Yes,Yes,3600.1365010738373,60.00227501789729,9,9657.0,Gurobi Status: 9
F2,P2_11,5,2000000,2200000,1137,2000000.0,2001137.0,1137.0,Scheduled - Deadline Met,Yes,Yes,3600.1365010738373,60.00227501789729,9,9657.0,Gurobi Status: 9
F2,P2_12,8,2200000,2400000,1137,2295689.0,2296826.0,96826.0,Scheduled - Deadline Met,Yes,Yes,3600.1365010738373,60.00227501789729,9,9657.0,Gurobi Status: 9
F20,P20_1,8,0,50000,2342,,,,Optional Packets- Not Scheduled,No,N/A,3600.1365010738373,60.00227501789729,9,9657.0,Gurobi Status: 9
F20,P20_2,2,50000,100000,2342,70508.0,72850.0,22850.0,Scheduled - Deadline Met,Yes,Yes,3600.1365010738373,60.00227501789729,9,9657.0,Gurobi Status: 9
F20,P20_3,2,100000,150000,2342,117977.0,120319.0,20319.0,Scheduled - Deadline Met,Yes,Yes,3600.1365010738373,60.00227501789729,9,9657.0,Gurobi Status: 9
F20,P20_4,8,150000,200000,2342,178997.0,181339.0,31339.0,Scheduled - Deadline Met,Yes,Yes,3600.1365010738373,60.00227501789729,9,9657.0,Gurobi Status: 9
F20,P20_5,2,200000,250000,2342,200000.0,202342.0,2342.0,Scheduled - Deadline Met,Yes,Yes,3600.1365010738373,60.00227501789729,9,9657.0,Gurobi Status: 9
F20,P20_6,2,250000,300000,2342,288707.0,291049.0,41049.0,Scheduled - Deadline Met,Yes,Yes,3600.1365010738373,60.00227501789729,9,9657.0,Gurobi Status: 9
F20,P20_7,8,300000,350000,2342,305378.0,307720.0,7720.0,Scheduled - Deadline Met,Yes,Yes,3600.1365010738373,60.00227501789729,9,9657.0,Gurobi Status: 9
F20,P20_8,2,350000,400000,2342,357714.0,360056.0,10056.0,Scheduled - Deadline Met,Yes,Yes,3600.1365010738373,60.00227501789729,9,9657.0,Gurobi Status: 9
F20,P20_9,2,400000,450000,2342,400815.0,403157.0,3157.0,Scheduled - Deadline Met,Yes,Yes,3600.1365010738373,60.00227501789729,9,9657.0,Gurobi Status: 9
F20,P20_10,8,450000,500000,2342,,,,Optional Packets- Not Scheduled,No,N/A,3600.1365010738373,60.00227501789729,9,9657.0,Gurobi Status: 9
F20,P20_11,2,500000,550000,2342,514306.0,516648.0,16648.0,Scheduled - Deadline Met,Yes,Yes,3600.1365010738373,60.00227501789729,9,9657.0,Gurobi Status: 9
F20,P20_12,2,550000,600000,2342,582219.0,584561.0,34561.0,Scheduled - Deadline Met,Yes,Yes,3600.1365010738373,60.00227501789729,9,9657.0,Gurobi Status: 9
F20,P20_13,8,600000,650000,2342,608030.0,610372.0,10372.0,Scheduled - Deadline Met,Yes,Yes,3600.1365010738373,60.00227501789729,9,9657.0,Gurobi Status: 9
F20,P20_14,2,650000,700000,2342,685547.0,687889.0,37889.0,Scheduled - Deadline Met,Yes,Yes,3600.1365010738373,60.00227501789729,9,9657.0,Gurobi Status: 9
F20,P20_15,2,700000,750000,2342,715191.0,717533.0,17533.0,Scheduled - Deadline Met,Yes,Yes,3600.1365010738373,60.00227501789729,9,9657.0,Gurobi Status: 9
F20,P20_16,8,750000,800000,2342,784744.0,787086.0,37086.0,Scheduled - Deadline Met,Yes,Yes,3600.1365010738373,60.00227501789729,9,9657.0,Gurobi Status: 9
F20,P20_17,2,800000,850000,2342,800286.0,802628.0,2628.0,Scheduled - Deadline Met,Yes,Yes,3600.1365010738373,60.00227501789729,9,9657.0,Gurobi Status: 9
F20,P20_18,2,850000,900000,2342,879785.0,882127.0,32127.0,Scheduled - Deadline Met,Yes,Yes,3600.1365010738373,60.00227501789729,9,9657.0,Gurobi Status: 9
F20,P20_19,8,900000,950000,2342,924478.0,926820.0,26820.0,Scheduled - Deadline Met,Yes,Yes,3600.1365010738373,60.00227501789729,9,9657.0,Gurobi Status: 9
F20,P20_20,2,950000,1000000,2342,972498.0,974840.0,24840.0,Scheduled - Deadline Met,Yes,Yes,3600.1365010738373,60.00227501789729,9,9657.0,Gurobi Status: 9
F20,P20_21,2,1000000,1050000,2342,1001876.0,1004218.0,4218.0,Scheduled - Deadline Met,Yes,Yes,3600.1365010738373,60.00227501789729,9,9657.0,Gurobi Status: 9
F20,P20_22,8,1050000,1100000,2342,1097562.0,1099904.0,49904.0,Scheduled - Deadline Met,Yes,Yes,3600.1365010738373,60.00227501789729,9,9657.0,Gurobi Status: 9
F20,P20_23,2,1100000,1150000,2342,1117946.0,1120288.0,20288.0,Scheduled - Deadline Met,Yes,Yes,3600.1365010738373,60.00227501789729,9,9657.0,Gurobi Status: 9
F20,P20_24,2,1150000,1200000,2342,1178278.0,1180620.0,30620.0,Scheduled - Deadline Met,Yes,Yes,3600.1365010738373,60.00227501789729,9,9657.0,Gurobi Status: 9
F20,P20_25,8,1200000,1250000,2342,,,,Optional Packets- Not Scheduled,No,N/A,3600.1365010738373,60.00227501789729,9,9657.0,Gurobi Status: 9
F20,P20_26,2,1250000,1300000,2342,1291164.0,1293506.0,43506.0,Scheduled - Deadline Met,Yes,Yes,3600.1365010738373,60.00227501789729,9,9657.0,Gurobi Status: 9
F20,P20_27,2,1300000,1350000,2342,1338179.0,1340521.0,40521.0,Scheduled - Deadline Met,Yes,Yes,3600.1365010738373,60.00227501789729,9,9657.0,Gurobi Status: 9
F20,P20_28,8,1350000,1400000,2342,1397562.0,1399904.0,49904.0,Scheduled - Deadline Met,Yes,Yes,3600.1365010738373,60.00227501789729,9,9657.0,Gurobi Status: 9
F20,P20_29,2,1400000,1450000,2342,1416837.0,1419179.0,19179.0,Scheduled - Deadline Met,Yes,Yes,3600.1365010738373,60.00227501789729,9,9657.0,Gurobi Status: 9
F20,P20_30,2,1450000,1500000,2342,1484348.0,1486690.0,36690.0,Scheduled - Deadline Met,Yes,Yes,3600.1365010738373,60.00227501789729,9,9657.0,Gurobi Status: 9
F20,P20_31,8,1500000,1550000,2342,1500000.0,1502342.0,2342.0,Scheduled - Deadline Met,Yes,Yes,3600.1365010738373,60.00227501789729,9,9657.0,Gurobi Status: 9
F20,P20_32,2,1550000,1600000,2342,1581737.0,1584079.0,34079.0,Scheduled - Deadline Met,Yes,Yes,3600.1365010738373,60.00227501789729,9,9657.0,Gurobi Status: 9
F20,P20_33,2,1600000,1650000,2342,1600815.0,1603157.0,3157.0,Scheduled - Deadline Met,Yes,Yes,3600.1365010738373,60.00227501789729,9,9657.0,Gurobi Status: 9
F20,P20_34,8,1650000,1700000,2342,,,,Optional Packets- Not Scheduled,No,N/A,3600.1365010738373,60.00227501789729,9,9657.0,Gurobi Status: 9
F20,P20_35,2,1700000,1750000,2342,1725425.0,1727767.0,27767.0,Scheduled - Deadline Met,Yes,Yes,3600.1365010738373,60.00227501789729,9,9657.0,Gurobi Status: 9
F20,P20_36,2,1750000,1800000,2342,1785070.0,1787412.0,37412.0,Scheduled - Deadline Met,Yes,Yes,3600.1365010738373,60.00227501789729,9,9657.0,Gurobi Status: 9
F20,P20_37,8,1800000,1850000,2342,1800000.0,1802342.0,2342.0,Scheduled - Deadline Met,Yes,Yes,3600.1365010738373,60.00227501789729,9,9657.0,Gurobi Status: 9
F20,P20_38,2,1850000,1900000,2342,1887655.0,1889997.0,39997.0,Scheduled - Deadline Met,Yes,Yes,3600.1365010738373,60.00227501789729,9,9657.0,Gurobi Status: 9
F20,P20_39,2,1900000,1950000,2342,1922538.0,1924880.0,24880.0,Scheduled - Deadline Met,Yes,Yes,3600.1365010738373,60.00227501789729,9,9657.0,Gurobi Status: 9
F20,P20_40,8,1950000,2000000,2342,1950000.0,1952342.0,2342.0,Scheduled - Deadline Met,Yes,Yes,3600.1365010738373,60.00227501789729,9,9657.0,Gurobi Status: 9
F20,P20_41,2,2000000,2050000,2342,2012568.0,2014910.0,14910.0,Scheduled - Deadline Met,Yes,Yes,3600.1365010738373,60.00227501789729,9,9657.0,Gurobi Status: 9
F20,P20_42,2,2050000,2100000,2342,2091621.0,2093963.0,43963.0,Scheduled - Deadline Met,Yes,Yes,3600.1365010738373,60.00227501789729,9,9657.0,Gurobi Status: 9
F20,P20_43,8,2100000,2150000,2342,,,,Optional Packets- Not Scheduled,No,N/A,3600.1365010738373,60.00227501789729,9,9657.0,Gurobi Status: 9
F20,P20_44,2,2150000,2200000,2342,2188141.0,2190483.0,40483.0,Scheduled - Deadline Met,Yes,Yes,3600.1365010738373,60.00227501789729,9,9657.0,Gurobi Status: 9
F20,P20_45,2,2200000,2250000,2342,2200815.0,2203157.0,3157.0,Scheduled - Deadline Met,Yes,Yes,3600.1365010738373,60.00227501789729,9,9657.0,Gurobi Status: 9
F20,P20_46,8,2250000,2300000,2342,2297658.0,2300000.0,50000.0,Scheduled - Deadline Met,Yes,Yes,3600.1365010738373,60.00227501789729,9,9657.0,Gurobi Status: 9
F20,P20_47,2,2300000,2350000,2342,2311901.0,2314243.0,14243.0,Scheduled - Deadline Met,Yes,Yes,3600.1365010738373,60.00227501789729,9,9657.0,Gurobi Status: 9
F20,P20_48,2,2350000,2400000,2342,2355049.0,2357391.0,7391.0,Scheduled - Deadline Met,Yes,Yes,3600.1365010738373,60.00227501789729,9,9657.0,Gurobi Status: 9
F21,P21_1,7,0,400000,1154,394726.0,395880.0,395880.0,Scheduled - Deadline Met,Yes,Yes,3600.1365010738373,60.00227501789729,9,9657.0,Gurobi Status: 9
F21,P21_2,8,400000,800000,1154,537447.0,538601.0,138601.0,Scheduled - Deadline Met,Yes,Yes,3600.1365010738373,60.00227501789729,9,9657.0,Gurobi Status: 9
F21,P21_3,7,800000,1200000,1154,1150171.0,1151325.0,351325.0,Scheduled - Deadline Met,Yes,Yes,3600.1365010738373,60.00227501789729,9,9657.0,Gurobi Status: 9
F21,P21_4,7,1200000,1600000,1154,1586424.0,1587578.0,387578.0,Scheduled - Deadline Met,Yes,Yes,3600.1365010738373,60.00227501789729,9,9657.0,Gurobi Status: 9
F21,P21_5,8,1600000,2000000,1154,,,,Optional Packets- Not Scheduled,No,N/A,3600.1365010738373,60.00227501789729,9,9657.0,Gurobi Status: 9
F21,P21_6,7,2000000,2400000,1154,2155241.0,2156395.0,156395.0,Scheduled - Deadline Met,Yes,Yes,3600.1365010738373,60.00227501789729,9,9657.0,Gurobi Status: 9
F22,P22_1,2,0,200000,6282,32331.0,38613.0,38613.0,Scheduled - Deadline Met,Yes,Yes,3600.1365010738373,60.00227501789729,9,9657.0,Gurobi Status: 9
F22,P22_2,2,200000,400000,6282,282329.0,288611.0,88611.0,Scheduled - Deadline Met,Yes,Yes,3600.1365010738373,60.00227501789729,9,9657.0,Gurobi Status: 9
F22,P22_3,8,400000,600000,6282,,,,Optional Packets- Not Scheduled,No,N/A,3600.1365010738373,60.00227501789729,9,9657.0,Gurobi Status: 9
F22,P22_4,2,600000,800000,6282,679169.0,685451.0,85451.0,Scheduled - Deadline Met,Yes,Yes,3600.1365010738373,60.00227501789729,9,9657.0,Gurobi Status: 9
F22,P22_5,2,800000,1000000,6282,855267.0,861549.0,61549.0,Scheduled - Deadline Met,Yes,Yes,3600.1365010738373,60.00227501789729,9,9657.0,Gurobi Status: 9
F22,P22_6,8,1000000,1200000,6282,1060258.0,1066540.0,66540.0,Scheduled - Deadline Met,Yes,Yes,3600.1365010738373,60.00227501789729,9,9657.0,Gurobi Status: 9
F22,P22_7,2,1200000,1400000,6282,1281629.0,1287911.0,87911.0,Scheduled - Deadline Met,Yes,Yes,3600.1365010738373,60.00227501789729,9,9657.0,Gurobi Status: 9
F22,P22_8,2,1400000,1600000,6282,1451470.0,1457752.0,57752.0,Scheduled - Deadline Met,Yes,Yes,3600.1365010738373,60.00227501789729,9,9657.0,Gurobi Status: 9
F22,P22_9,8,1600000,1800000,6282,,,,Optional Packets- Not Scheduled,No,N/A,3600.1365010738373,60.00227501789729,9,9657.0,Gurobi Status: 9
F22,P22_10,2,1800000,2000000,6282,1881277.0,1887559.0,87559.0,Scheduled - Deadline Met,Yes,Yes,3600.1365010738373,60.00227501789729,9,9657.0,Gurobi Status: 9
F22,P22_11,2,2000000,2200000,6282,2055925.0,2062207.0,62207.0,Scheduled - Deadline Met,Yes,Yes,3600.1365010738373,60.00227501789729,9,9657.0,Gurobi Status: 9
F22,P22_12,8,2200000,2400000,6282,,,,Optional Packets- Not Scheduled,No,N/A,3600.1365010738373,60.00227501789729,9,9657.0,Gurobi Status: 9
F23,P23_1,8,0,400000,10391,,,,Optional Packets- Not Scheduled,No,N/A,3600.1365010738373,60.00227501789729,9,9657.0,Gurobi Status: 9
F23,P23_2,4,400000,800000,10391,481127.0,491518.0,91518.0,Scheduled - Deadline Met,Yes,Yes,3600.1365010738373,60.00227501789729,9,9657.0,Gurobi Status: 9
F23,P23_3,4,800000,1200000,10391,806942.0,817333.0,17333.0,Scheduled - Deadline Met,Yes,Yes,3600.1365010738373,60.00227501789729,9,9657.0,Gurobi Status: 9
F23,P23_4,8,1200000,1600000,10391,,,,Optional Packets- Not Scheduled,No,N/A,3600.1365010738373,60.00227501789729,9,9657.0,Gurobi Status: 9
F23,P23_5,4,1600000,2000000,10391,1616355.0,1626746.0,26746.0,Scheduled - Deadline Met,Yes,Yes,3600.1365010738373,60.00227501789729,9,9657.0,Gurobi Status: 9
F23,P23_6,4,2000000,2400000,10391,2017255.0,2027646.0,27646.0,Scheduled - Deadline Met,Yes,Yes,3600.1365010738373,60.00227501789729,9,9657.0,Gurobi Status: 9
F24,P24_1,8,0,400000,5807,,,,Optional Packets- Not Scheduled,No,N/A,3600.1365010738373,60.00227501789729,9,9657.0,Gurobi Status: 9
F24,P24_2,2,400000,800000,5807,473006.0,478813.0,78813.0,Scheduled - Deadline Met,Yes,Yes,3600.1365010738373,60.00227501789729,9,9657.0,Gurobi Status: 9
F24,P24_3,2,800000,1200000,5807,871579.0,877386.0,77386.0,Scheduled - Deadline Met,Yes,Yes,3600.1365010738373,60.00227501789729,9,9657.0,Gurobi Status: 9
F24,P24_4,8,1200000,1600000,5807,,,,Optional Packets- Not Scheduled,No,N/A,3600.1365010738373,60.00227501789729,9,9657.0,Gurobi Status: 9
F24,P24_5,2,1600000,2000000,5807,1667772.0,1673579.0,73579.0,Scheduled - Deadline Met,Yes,Yes,3600.1365010738373,60.00227501789729,9,9657.0,Gurobi Status: 9
F24,P24_6,2,2000000,2400000,5807,2080393.0,2086200.0,86200.0,Scheduled - Deadline Met,Yes,Yes,3600.1365010738373,60.00227501789729,9,9657.0,Gurobi Status: 9
F25,P25_1,8,0,400000,3631,85245.0,88876.0,88876.0,Scheduled - Deadline Met,Yes,Yes,3600.1365010738373,60.00227501789729,9,9657.0,Gurobi Status: 9
F25,P25_2,6,400000,800000,3631,573851.0,577482.0,177482.0,Scheduled - Deadline Met,Yes,Yes,3600.1365010738373,60.00227501789729,9,9657.0,Gurobi Status: 9
F25,P25_3,8,800000,1200000,3631,,,,Optional Packets- Not Scheduled,No,N/A,3600.1365010738373,60.00227501789729,9,9657.0,Gurobi Status: 9
F25,P25_4,6,1200000,1600000,3631,1346664.0,1350295.0,150295.0,Scheduled - Deadline Met,Yes,Yes,3600.1365010738373,60.00227501789729,9,9657.0,Gurobi Status: 9
F25,P25_5,8,1600000,2000000,3631,,,,Optional Packets- Not Scheduled,No,N/A,3600.1365010738373,60.00227501789729,9,9657.0,Gurobi Status: 9
F25,P25_6,6,2000000,2400000,3631,2149391.0,2153022.0,153022.0,Scheduled - Deadline Met,Yes,Yes,3600.1365010738373,60.00227501789729,9,9657.0,Gurobi Status: 9
F26,P26_1,8,0,200000,2355,,,,Optional Packets- Not Scheduled,No,N/A,3600.1365010738373,60.00227501789729,9,9657.0,Gurobi Status: 9
F26,P26_2,6,200000,400000,2355,339958.0,342313.0,142313.0,Scheduled - Deadline Met,Yes,Yes,3600.1365010738373,60.00227501789729,9,9657.0,Gurobi Status: 9
F26,P26_3,8,400000,600000,2355,,,,Optional Packets- Not Scheduled,No,N/A,3600.1365010738373,60.00227501789729,9,9657.0,Gurobi Status: 9
F26,P26_4,6,600000,800000,2355,605579.0,607934.0,7934.0,Scheduled - Deadline Met,Yes,Yes,3600.1365010738373,60.00227501789729,9,9657.0,Gurobi Status: 9
F26,P26_5,8,800000,1000000,2355,,,,Optional Packets- Not Scheduled,No,N/A,3600.1365010738373,60.00227501789729,9,9657.0,Gurobi Status: 9
F26,P26_6,6,1000000,1200000,2355,1095111.0,1097466.0,97466.0,Scheduled - Deadline Met,Yes,Yes,3600.1365010738373,60.00227501789729,9,9657.0,Gurobi Status: 9
F26,P26_7,8,1200000,1400000,2355,1235107.0,1237462.0,37462.0,Scheduled - Deadline Met,Yes,Yes,3600.1365010738373,60.00227501789729,9,9657.0,Gurobi Status: 9
F26,P26_8,6,1400000,1600000,2355,1421524.0,1423879.0,23879.0,Scheduled - Deadline Met,Yes,Yes,3600.1365010738373,60.00227501789729,9,9657.0,Gurobi Status: 9
F26,P26_9,8,1600000,1800000,2355,,,,Optional Packets- Not Scheduled,No,N/A,3600.1365010738373,60.00227501789729,9,9657.0,Gurobi Status: 9
F26,P26_10,6,1800000,2000000,2355,1871264.0,1873619.0,73619.0,Scheduled - Deadline Met,Yes,Yes,3600.1365010738373,60.00227501789729,9,9657.0,Gurobi Status: 9
F26,P26_11,8,2000000,2200000,2355,,,,Optional Packets- Not Scheduled,No,N/A,3600.1365010738373,60.00227501789729,9,9657.0,Gurobi Status: 9
F26,P26_12,6,2200000,2400000,2355,2240317.0,2242672.0,42672.0,Scheduled - Deadline Met,Yes,Yes,3600.1365010738373,60.00227501789729,9,9657.0,Gurobi Status: 9
F27,P27_1,8,0,50000,1013,,,,Optional Packets- Not Scheduled,No,N/A,3600.1365010738373,60.00227501789729,9,9657.0,Gurobi Status: 9
F27,P27_2,2,50000,100000,1013,77098.0,78111.0,28111.0,Scheduled - Deadline Met,Yes,Yes,3600.1365010738373,60.00227501789729,9,9657.0,Gurobi Status: 9
F27,P27_3,8,100000,150000,1013,104248.0,105261.0,5261.0,Scheduled - Deadline Met,Yes,Yes,3600.1365010738373,60.00227501789729,9,9657.0,Gurobi Status: 9
F27,P27_4,2,150000,200000,1013,177073.0,178086.0,28086.0,Scheduled - Deadline Met,Yes,Yes,3600.1365010738373,60.00227501789729,9,9657.0,Gurobi Status: 9
F27,P27_5,8,200000,250000,1013,236399.0,237412.0,37412.0,Scheduled - Deadline Met,Yes,Yes,3600.1365010738373,60.00227501789729,9,9657.0,Gurobi Status: 9
F27,P27_6,2,250000,300000,1013,298630.0,299643.0,49643.0,Scheduled - Deadline Met,Yes,Yes,3600.1365010738373,60.00227501789729,9,9657.0,Gurobi Status: 9
F27,P27_7,8,300000,350000,1013,309719.0,310732.0,10732.0,Scheduled - Deadline Met,Yes,Yes,3600.1365010738373,60.00227501789729,9,9657.0,Gurobi Status: 9
F27,P27_8,2,350000,400000,1013,393617.0,394630.0,44630.0,Scheduled - Deadline Met,Yes,Yes,3600.1365010738373,60.00227501789729,9,9657.0,Gurobi Status: 9
F27,P27_9,8,400000,450000,1013,407470.0,408483.0,8483.0,Scheduled - Deadline Met,Yes,Yes,3600.1365010738373,60.00227501789729,9,9657.0,Gurobi Status: 9
F27,P27_10,2,450000,500000,1013,495670.0,496683.0,46683.0,Scheduled - Deadline Met,Yes,Yes,3600.1365010738373,60.00227501789729,9,9657.0,Gurobi Status: 9
F27,P27_11,8,500000,550000,1013,547330.0,548343.0,48343.0,Scheduled - Deadline Met,Yes,Yes,3600.1365010738373,60.00227501789729,9,9657.0,Gurobi Status: 9
F27,P27_12,2,550000,600000,1013,596958.0,597971.0,47971.0,Scheduled - Deadline Met,Yes,Yes,3600.1365010738373,60.00227501789729,9,9657.0,Gurobi Status: 9
F27,P27_13,8,600000,650000,1013,612371.0,613384.0,13384.0,Scheduled - Deadline Met,Yes,Yes,3600.1365010738373,60.00227501789729,9,9657.0,Gurobi Status: 9
F27,P27_14,2,650000,700000,1013,693453.0,694466.0,44466.0,Scheduled - Deadline Met,Yes,Yes,3600.1365010738373,60.00227501789729,9,9657.0,Gurobi Status: 9
F27,P27_15,8,700000,750000,1013,728120.0,729133.0,29133.0,Scheduled - Deadline Met,Yes,Yes,3600.1365010738373,60.00227501789729,9,9657.0,Gurobi Status: 9
F27,P27_16,2,750000,800000,1013,798987.0,800000.0,50000.0,Scheduled - Deadline Met,Yes,Yes,3600.1365010738373,60.00227501789729,9,9657.0,Gurobi Status: 9
F27,P27_17,8,800000,850000,1013,,,,Optional Packets- Not Scheduled,No,N/A,3600.1365010738373,60.00227501789729,9,9657.0,Gurobi Status: 9
F27,P27_18,2,850000,900000,1013,898245.0,899258.0,49258.0,Scheduled - Deadline Met,Yes,Yes,3600.1365010738373,60.00227501789729,9,9657.0,Gurobi Status: 9
F27,P27_19,8,900000,950000,1013,928819.0,929832.0,29832.0,Scheduled - Deadline Met,Yes,Yes,3600.1365010738373,60.00227501789729,9,9657.0,Gurobi Status: 9
F27,P27_20,2,950000,1000000,1013,996625.0,997638.0,47638.0,Scheduled - Deadline Met,Yes,Yes,3600.1365010738373,60.00227501789729,9,9657.0,Gurobi Status: 9
F27,P27_21,8,1000000,1050000,1013,1047575.0,1048588.0,48588.0,Scheduled - Deadline Met,Yes,Yes,3600.1365010738373,60.00227501789729,9,9657.0,Gurobi Status: 9
F27,P27_22,2,1050000,1100000,1013,1094098.0,1095111.0,45111.0,Scheduled - Deadline Met,Yes,Yes,3600.1365010738373,60.00227501789729,9,9657.0,Gurobi Status: 9
F27,P27_23,8,1100000,1150000,1013,1104217.0,1105230.0,5230.0,Scheduled - Deadline Met,Yes,Yes,3600.1365010738373,60.00227501789729,9,9657.0,Gurobi Status: 9
F27,P27_24,2,1150000,1200000,1013,1198987.0,1200000.0,50000.0,Scheduled - Deadline Met,Yes,Yes,3600.1365010738373,60.00227501789729,9,9657.0,Gurobi Status: 9
F27,P27_25,8,1200000,1250000,1013,1204341.0,1205354.0,5354.0,Scheduled - Deadline Met,Yes,Yes,3600.1365010738373,60.00227501789729,9,9657.0,Gurobi Status: 9
F27,P27_26,2,1250000,1300000,1013,1297754.0,1298767.0,48767.0,Scheduled - Deadline Met,Yes,Yes,3600.1365010738373,60.00227501789729,9,9657.0,Gurobi Status: 9
F27,P27_27,8,1300000,1350000,1013,1325265.0,1326278.0,26278.0,Scheduled - Deadline Met,Yes,Yes,3600.1365010738373,60.00227501789729,9,9657.0,Gurobi Status: 9
F27,P27_28,2,1350000,1400000,1013,1396453.0,1397466.0,47466.0,Scheduled - Deadline Met,Yes,Yes,3600.1365010738373,60.00227501789729,9,9657.0,Gurobi Status: 9
F27,P27_29,8,1400000,1450000,1013,,,,Optional Packets- Not Scheduled,No,N/A,3600.1365010738373,60.00227501789729,9,9657.0,Gurobi Status: 9
F27,P27_30,2,1450000,1500000,1013,1494271.0,1495284.0,45284.0,Scheduled - Deadline Met,Yes,Yes,3600.1365010738373,60.00227501789729,9,9657.0,Gurobi Status: 9
F27,P27_31,8,1500000,1550000,1013,1530465.0,1531478.0,31478.0,Scheduled - Deadline Met,Yes,Yes,3600.1365010738373,60.00227501789729,9,9657.0,Gurobi Status: 9
F27,P27_32,2,1550000,1600000,1013,1592128.0,1593141.0,43141.0,Scheduled - Deadline Met,Yes,Yes,3600.1365010738373,60.00227501789729,9,9657.0,Gurobi Status: 9
F27,P27_33,8,1600000,1650000,1013,,,,Optional Packets- Not Scheduled,No,N/A,3600.1365010738373,60.00227501789729,9,9657.0,Gurobi Status: 9
F27,P27_34,2,1650000,1700000,1013,1695612.0,1696625.0,46625.0,Scheduled - Deadline Met,Yes,Yes,3600.1365010738373,60.00227501789729,9,9657.0,Gurobi Status: 9
F27,P27_35,8,1700000,1750000,1013,,,,Optional Packets- Not Scheduled,No,N/A,3600.1365010738373,60.00227501789729,9,9657.0,Gurobi Status: 9
F27,P27_36,2,1750000,1800000,1013,1796642.0,1797655.0,47655.0,Scheduled - Deadline Met,Yes,Yes,3600.1365010738373,60.00227501789729,9,9657.0,Gurobi Status: 9
F27,P27_37,8,1800000,1850000,1013,1804341.0,1805354.0,5354.0,Scheduled - Deadline Met,Yes,Yes,3600.1365010738373,60.00227501789729,9,9657.0,Gurobi Status: 9
F27,P27_38,2,1850000,1900000,1013,1895327.0,1896340.0,46340.0,Scheduled - Deadline Met,Yes,Yes,3600.1365010738373,60.00227501789729,9,9657.0,Gurobi Status: 9
F27,P27_39,8,1900000,1950000,1013,1933383.0,1934396.0,34396.0,Scheduled - Deadline Met,Yes,Yes,3600.1365010738373,60.00227501789729,9,9657.0,Gurobi Status: 9
F27,P27_40,2,1950000,2000000,1013,1988336.0,1989349.0,39349.0,Scheduled - Deadline Met,Yes,Yes,3600.1365010738373,60.00227501789729,9,9657.0,Gurobi Status: 9
F27,P27_41,8,2000000,2050000,1013,,,,Optional Packets- Not Scheduled,No,N/A,3600.1365010738373,60.00227501789729,9,9657.0,Gurobi Status: 9
F27,P27_42,2,2050000,2100000,1013,2098987.0,2100000.0,50000.0,Scheduled - Deadline Met,Yes,Yes,3600.1365010738373,60.00227501789729,9,9657.0,Gurobi Status: 9
F27,P27_43,8,2100000,2150000,1013,,,,Optional Packets- Not Scheduled,No,N/A,3600.1365010738373,60.00227501789729,9,9657.0,Gurobi Status: 9
F27,P27_44,2,2150000,2200000,1013,2198987.0,2200000.0,50000.0,Scheduled - Deadline Met,Yes,Yes,3600.1365010738373,60.00227501789729,9,9657.0,Gurobi Status: 9
F27,P27_45,8,2200000,2250000,1013,2227403.0,2228416.0,28416.0,Scheduled - Deadline Met,Yes,Yes,3600.1365010738373,60.00227501789729,9,9657.0,Gurobi Status: 9
F27,P27_46,2,2250000,2300000,1013,2270403.0,2271416.0,21416.0,Scheduled - Deadline Met,Yes,Yes,3600.1365010738373,60.00227501789729,9,9657.0,Gurobi Status: 9
F27,P27_47,8,2300000,2350000,1013,2320805.0,2321818.0,21818.0,Scheduled - Deadline Met,Yes,Yes,3600.1365010738373,60.00227501789729,9,9657.0,Gurobi Status: 9
F27,P27_48,2,2350000,2400000,1013,2362519.0,2363532.0,13532.0,Scheduled - Deadline Met,Yes,Yes,3600.1365010738373,60.00227501789729,9,9657.0,Gurobi Status: 9
F28,P28_1,8,0,200000,1316,78207.0,79523.0,79523.0,Scheduled - Deadline Met,Yes,Yes,3600.1365010738373,60.00227501789729,9,9657.0,Gurobi Status: 9
F28,P28_2,5,200000,400000,1316,291145.0,292461.0,92461.0,Scheduled - Deadline Met,Yes,Yes,3600.1365010738373,60.00227501789729,9,9657.0,Gurobi Status: 9
F28,P28_3,8,400000,600000,1316,,,,Optional Packets- Not Scheduled,No,N/A,3600.1365010738373,60.00227501789729,9,9657.0,Gurobi Status: 9
F28,P28_4,5,600000,800000,1316,690234.0,691550.0,91550.0,Scheduled - Deadline Met,Yes,Yes,3600.1365010738373,60.00227501789729,9,9657.0,Gurobi Status: 9
F28,P28_5,8,800000,1000000,1316,,,,Optional Packets- Not Scheduled,No,N/A,3600.1365010738373,60.00227501789729,9,9657.0,Gurobi Status: 9
F28,P28_6,5,1000000,1200000,1316,1036001.0,1037317.0,37317.0,Scheduled - Deadline Met,Yes,Yes,3600.1365010738373,60.00227501789729,9,9657.0,Gurobi Status: 9
F28,P28_7,8,1200000,1400000,1316,1237558.0,1238874.0,38874.0,Scheduled - Deadline Met,Yes,Yes,3600.1365010738373,60.00227501789729,9,9657.0,Gurobi Status: 9
F28,P28_8,5,1400000,1600000,1316,1489004.0,1490320.0,90320.0,Scheduled - Deadline Met,Yes,Yes,3600.1365010738373,60.00227501789729,9,9657.0,Gurobi Status: 9
F28,P28_9,8,1600000,1800000,1316,,,,Optional Packets- Not Scheduled,No,N/A,3600.1365010738373,60.00227501789729,9,9657.0,Gurobi Status: 9
F28,P28_10,5,1800000,2000000,1316,1915957.0,1917273.0,117273.0,Scheduled - Deadline Met,Yes,Yes,3600.1365010738373,60.00227501789729,9,9657.0,Gurobi Status: 9
F28,P28_11,8,2000000,2200000,1316,,,,Optional Packets- Not Scheduled,No,N/A,3600.1365010738373,60.00227501789729,9,9657.0,Gurobi Status: 9
F28,P28_12,5,2200000,2400000,1316,2269087.0,2270403.0,70403.0,Scheduled - Deadline Met,Yes,Yes,3600.1365010738373,60.00227501789729,9,9657.0,Gurobi Status: 9
F29,P29_1,8,0,100000,2710,,,,Optional Packets- Not Scheduled,No,N/A,3600.1365010738373,60.00227501789729,9,9657.0,Gurobi Status: 9
F29,P29_2,2,100000,200000,2710,154089.0,156799.0,56799.0,Scheduled - Deadline Met,Yes,Yes,3600.1365010738373,60.00227501789729,9,9657.0,Gurobi Status: 9
F29,P29_3,8,200000,300000,2710,245062.0,247772.0,47772.0,Scheduled - Deadline Met,Yes,Yes,3600.1365010738373,60.00227501789729,9,9657.0,Gurobi Status: 9
F29,P29_4,2,300000,400000,2710,342409.0,345119.0,45119.0,Scheduled - Deadline Met,Yes,Yes,3600.1365010738373,60.00227501789729,9,9657.0,Gurobi Status: 9
F29,P29_5,8,400000,500000,2710,412282.0,414992.0,14992.0,Scheduled - Deadline Met,Yes,Yes,3600.1365010738373,60.00227501789729,9,9657.0,Gurobi Status: 9
F29,P29_6,2,500000,600000,2710,577482.0,580192.0,80192.0,Scheduled - Deadline Met,Yes,Yes,3600.1365010738373,60.00227501789729,9,9657.0,Gurobi Status: 9
F29,P29_7,8,600000,700000,2710,629975.0,632685.0,32685.0,Scheduled - Deadline Met,Yes,Yes,3600.1365010738373,60.00227501789729,9,9657.0,Gurobi Status: 9
F29,P29_8,2,700000,800000,2710,759875.0,762585.0,62585.0,Scheduled - Deadline Met,Yes,Yes,3600.1365010738373,60.00227501789729,9,9657.0,Gurobi Status: 9
F29,P29_9,8,800000,900000,2710,,,,Optional Packets- Not Scheduled,No,N/A,3600.1365010738373,60.00227501789729,9,9657.0,Gurobi Status: 9
F29,P29_10,2,900000,1000000,2710,969692.0,972402.0,72402.0,Scheduled - Deadline Met,Yes,Yes,3600.1365010738373,60.00227501789729,9,9657.0,Gurobi Status: 9
F29,P29_11,8,1000000,1100000,2710,1056238.0,1058948.0,58948.0,Scheduled - Deadline Met,Yes,Yes,3600.1365010738373,60.00227501789729,9,9657.0,Gurobi Status: 9
F29,P29_12,2,1100000,1200000,2710,1151421.0,1154131.0,54131.0,Scheduled - Deadline Met,Yes,Yes,3600.1365010738373,60.00227501789729,9,9657.0,Gurobi Status: 9
F29,P29_13,8,1200000,1300000,2710,1227870.0,1230580.0,30580.0,Scheduled - Deadline Met,Yes,Yes,3600.1365010738373,60.00227501789729,9,9657.0,Gurobi Status: 9
F29,P29_14,2,1300000,1400000,2710,1363087.0,1365797.0,65797.0,Scheduled - Deadline Met,Yes,Yes,3600.1365010738373,60.00227501789729,9,9657.0,Gurobi Status: 9
F29,P29_15,8,1400000,1500000,2710,1465402.0,1468112.0,68112.0,Scheduled - Deadline Met,Yes,Yes,3600.1365010738373,60.00227501789729,9,9657.0,Gurobi Status: 9
F29,P29_16,2,1500000,1600000,2710,1550479.0,1553189.0,53189.0,Scheduled - Deadline Met,Yes,Yes,3600.1365010738373,60.00227501789729,9,9657.0,Gurobi Status: 9
F29,P29_17,8,1600000,1700000,2710,,,,Optional Packets- Not Scheduled,No,N/A,3600.1365010738373,60.00227501789729,9,9657.0,Gurobi Status: 9
F29,P29_18,2,1700000,1800000,2710,1778619.0,1781329.0,81329.0,Scheduled - Deadline Met,Yes,Yes,3600.1365010738373,60.00227501789729,9,9657.0,Gurobi Status: 9
F29,P29_19,8,1800000,1900000,2710,1821945.0,1824655.0,24655.0,Scheduled - Deadline Met,Yes,Yes,3600.1365010738373,60.00227501789729,9,9657.0,Gurobi Status: 9
F29,P29_20,2,1900000,2000000,2710,1977035.0,1979745.0,79745.0,Scheduled - Deadline Met,Yes,Yes,3600.1365010738373,60.00227501789729,9,9657.0,Gurobi Status: 9
F29,P29_21,8,2000000,2100000,2710,,,,Optional Packets- Not Scheduled,No,N/A,3600.1365010738373,60.00227501789729,9,9657.0,Gurobi Status: 9
F29,P29_22,2,2100000,2200000,2710,2170401.0,2173111.0,73111.0,Scheduled - Deadline Met,Yes,Yes,3600.1365010738373,60.00227501789729,9,9657.0,Gurobi Status: 9
F29,P29_23,8,2200000,2300000,2710,2288822.0,2291532.0,91532.0,Scheduled - Deadline Met,Yes,Yes,3600.1365010738373,60.00227501789729,9,9657.0,Gurobi Status: 9
F29,P29_24,2,2300000,2400000,2710,2352243.0,2354953.0,54953.0,Scheduled - Deadline Met,Yes,Yes,3600.1365010738373,60.00227501789729,9,9657.0,Gurobi Status: 9
F3,P3_1,8,0,400000,2527,92221.0,94748.0,94748.0,Scheduled - Deadline Met,Yes,Yes,3600.1365010738373,60.00227501789729,9,9657.0,Gurobi Status: 9
F3,P3_2,7,400000,800000,2527,750790.0,753317.0,353317.0,Scheduled - Deadline Met,Yes,Yes,3600.1365010738373,60.00227501789729,9,9657.0,Gurobi Status: 9
F3,P3_3,7,800000,1200000,2527,1147548.0,1150075.0,350075.0,Scheduled - Deadline Met,Yes,Yes,3600.1365010738373,60.00227501789729,9,9657.0,Gurobi Status: 9
F3,P3_4,8,1200000,1600000,2527,1316176.0,1318703.0,118703.0,Scheduled - Deadline Met,Yes,Yes,3600.1365010738373,60.00227501789729,9,9657.0,Gurobi Status: 9
F3,P3_5,7,1600000,2000000,2527,1722898.0,1725425.0,125425.0,Scheduled - Deadline Met,Yes,Yes,3600.1365010738373,60.00227501789729,9,9657.0,Gurobi Status: 9
F3,P3_6,7,2000000,2400000,2527,2062926.0,2065453.0,65453.0,Scheduled - Deadline Met,Yes,Yes,3600.1365010738373,60.00227501789729,9,9657.0,Gurobi Status: 9
F30,P30_1,8,0,400000,5530,79619.0,85149.0,85149.0,Scheduled - Deadline Met,Yes,Yes,3600.1365010738373,60.00227501789729,9,9657.0,Gurobi Status: 9
F30,P30_2,4,400000,800000,5530,508776.0,514306.0,114306.0,Scheduled - Deadline Met,Yes,Yes,3600.1365010738373,60.00227501789729,9,9657.0,Gurobi Status: 9
F30,P30_3,8,800000,1200000,5530,,,,Optional Packets- Not Scheduled,No,N/A,3600.1365010738373,60.00227501789729,9,9657.0,Gurobi Status: 9
F30,P30_4,4,1200000,1600000,5530,1260182.0,1265712.0,65712.0,Scheduled - Deadline Met,Yes,Yes,3600.1365010738373,60.00227501789729,9,9657.0,Gurobi Status: 9
F30,P30_5,8,1600000,2000000,5530,,,,Optional Packets- Not Scheduled,No,N/A,3600.1365010738373,60.00227501789729,9,9657.0,Gurobi Status: 9
F30,P30_6,4,2000000,2400000,5530,2038752.0,2044282.0,44282.0,Scheduled - Deadline Met,Yes,Yes,3600.1365010738373,60.00227501789729,9,9657.0,Gurobi Status: 9
F31,P31_1,8,0,200000,3121,,,,Optional Packets- Not Scheduled,No,N/A,3600.1365010738373,60.00227501789729,9,9657.0,Gurobi Status: 9
F31,P31_2,1,200000,400000,3121,395976.0,399097.0,199097.0,Scheduled - Deadline Met,Yes,Yes,3600.1365010738373,60.00227501789729,9,9657.0,Gurobi Status: 9
F31,P31_3,8,400000,600000,3121,527788.0,530909.0,130909.0,Scheduled - Deadline Met,Yes,Yes,3600.1365010738373,60.00227501789729,9,9657.0,Gurobi Status: 9
F31,P31_4,1,600000,800000,3121,720782.0,723903.0,123903.0,Scheduled - Deadline Met,Yes,Yes,3600.1365010738373,60.00227501789729,9,9657.0,Gurobi Status: 9
F31,P31_5,8,800000,1000000,3121,,,,Optional Packets- Not Scheduled,No,N/A,3600.1365010738373,60.00227501789729,9,9657.0,Gurobi Status: 9
F31,P31_6,1,1000000,1200000,3121,1089074.0,1092195.0,92195.0,Scheduled - Deadline Met,Yes,Yes,3600.1365010738373,60.00227501789729,9,9657.0,Gurobi Status: 9
F31,P31_7,8,1200000,1400000,3121,1231890.0,1235011.0,35011.0,Scheduled - Deadline Met,Yes,Yes,3600.1365010738373,60.00227501789729,9,9657.0,Gurobi Status: 9
F31,P31_8,1,1400000,1600000,3121,1481227.0,1484348.0,84348.0,Scheduled - Deadline Met,Yes,Yes,3600.1365010738373,60.00227501789729,9,9657.0,Gurobi Status: 9
F31,P31_9,8,1600000,1800000,3121,,,,Optional Packets- Not Scheduled,No,N/A,3600.1365010738373,60.00227501789729,9,9657.0,Gurobi Status: 9
F31,P31_10,1,1800000,2000000,3121,1918602.0,1921723.0,121723.0,Scheduled - Deadline Met,Yes,Yes,3600.1365010738373,60.00227501789729,9,9657.0,Gurobi Status: 9
F31,P31_11,8,2000000,2200000,3121,,,,Optional Packets- Not Scheduled,No,N/A,3600.1365010738373,60.00227501789729,9,9657.0,Gurobi Status: 9
F31,P31_12,1,2200000,2400000,3121,2261870.0,2264991.0,64991.0,Scheduled - Deadline Met,Yes,Yes,3600.1365010738373,60.00227501789729,9,9657.0,Gurobi Status: 9
F32,P32_1,8,0,400000,2027,94844.0,96871.0,96871.0,Scheduled - Deadline Met,Yes,Yes,3600.1365010738373,60.00227501789729,9,9657.0,Gurobi Status: 9
F32,P32_2,6,400000,800000,2027,580192.0,582219.0,182219.0,Scheduled - Deadline Met,Yes,Yes,3600.1365010738373,60.00227501789729,9,9657.0,Gurobi Status: 9
F32,P32_3,8,800000,1200000,2027,,,,Optional Packets- Not Scheduled,No,N/A,3600.1365010738373,60.00227501789729,9,9657.0,Gurobi Status: 9
F32,P32_4,6,1200000,1600000,2027,1365797.0,1367824.0,167824.0,Scheduled - Deadline Met,Yes,Yes,3600.1365010738373,60.00227501789729,9,9657.0,Gurobi Status: 9
F32,P32_5,8,1600000,2000000,2027,,,,Optional Packets- Not Scheduled,No,N/A,3600.1365010738373,60.00227501789729,9,9657.0,Gurobi Status: 9
F32,P32_6,6,2000000,2400000,2027,2153118.0,2155145.0,155145.0,Scheduled - Deadline Met,Yes,Yes,3600.1365010738373,60.00227501789729,9,9657.0,Gurobi Status: 9
F33,P33_1,2,0,200000,1477,47070.0,48547.0,48547.0,Scheduled - Deadline Met,Yes,Yes,3600.1365010738373,60.00227501789729,9,9657.0,Gurobi Status: 9
F33,P33_2,8,200000,400000,1477,265966.0,267443.0,67443.0,Scheduled - Deadline Met,Yes,Yes,3600.1365010738373,60.00227501789729,9,9657.0,Gurobi Status: 9
F33,P33_3,2,400000,600000,1477,467412.0,468889.0,68889.0,Scheduled - Deadline Met,Yes,Yes,3600.1365010738373,60.00227501789729,9,9657.0,Gurobi Status: 9
F33,P33_4,8,600000,800000,1477,694562.0,696039.0,96039.0,Scheduled - Deadline Met,Yes,Yes,3600.1365010738373,60.00227501789729,9,9657.0,Gurobi Status: 9
F33,P33_5,2,800000,1000000,1477,870006.0,871483.0,71483.0,Scheduled - Deadline Met,Yes,Yes,3600.1365010738373,60.00227501789729,9,9657.0,Gurobi Status: 9
F33,P33_6,8,1000000,1200000,1477,1066636.0,1068113.0,68113.0,Scheduled - Deadline Met,Yes,Yes,3600.1365010738373,60.00227501789729,9,9657.0,Gurobi Status: 9
F33,P33_7,2,1200000,1400000,1477,1288007.0,1289484.0,89484.0,Scheduled - Deadline Met,Yes,Yes,3600.1365010738373,60.00227501789729,9,9657.0,Gurobi Status: 9
F33,P33_8,8,1400000,1600000,1477,1495442.0,1496919.0,96919.0,Scheduled - Deadline Met,Yes,Yes,3600.1365010738373,60.00227501789729,9,9657.0,Gurobi Status: 9
F33,P33_9,2,1600000,1800000,1477,1666199.0,1667676.0,67676.0,Scheduled - Deadline Met,Yes,Yes,3600.1365010738373,60.00227501789729,9,9657.0,Gurobi Status: 9
F33,P33_10,8,1800000,2000000,1477,1825965.0,1827442.0,27442.0,Scheduled - Deadline Met,Yes,Yes,3600.1365010738373,60.00227501789729,9,9657.0,Gurobi Status: 9
F33,P33_11,2,2000000,2200000,1477,2077546.0,2079023.0,79023.0,Scheduled - Deadline Met,Yes,Yes,3600.1365010738373,60.00227501789729,9,9657.0,Gurobi Status: 9
F33,P33_12,8,2200000,2400000,1477,2292842.0,2294319.0,94319.0,Scheduled - Deadline Met,Yes,Yes,3600.1365010738373,60.00227501789729,9,9657.0,Gurobi Status: 9
F34,P34_1,8,0,400000,3153,88972.0,92125.0,92125.0,Scheduled - Deadline Met,Yes,Yes,3600.1365010738373,60.00227501789729,9,9657.0,Gurobi Status: 9
F34,P34_2,4,400000,800000,3153,717533.0,720686.0,320686.0,Scheduled - Deadline Met,Yes,Yes,3600.1365010738373,60.00227501789729,9,9657.0,Gurobi Status: 9
F34,P34_3,8,800000,1200000,3153,,,,Optional Packets- Not Scheduled,No,N/A,3600.1365010738373,60.00227501789729,9,9657.0,Gurobi Status: 9
F34,P34_4,4,1200000,1600000,3153,1543379.0,1546532.0,346532.0,Scheduled - Deadline Met,Yes,Yes,3600.1365010738373,60.00227501789729,9,9657.0,Gurobi Status: 9
F34,P34_5,8,1600000,2000000,3153,,,,Optional Packets- Not Scheduled,No,N/A,3600.1365010738373,60.00227501789729,9,9657.0,Gurobi Status: 9
F34,P34_6,4,2000000,2400000,3153,2044378.0,2047531.0,47531.0,Scheduled - Deadline Met,Yes,Yes,3600.1365010738373,60.00227501789729,9,9657.0,Gurobi Status: 9
F35,P35_1,5,0,400000,8265,38709.0,46974.0,46974.0,Scheduled - Deadline Met,Yes,Yes,3600.1365010738373,60.00227501789729,9,9657.0,Gurobi Status: 9
F35,P35_2,8,400000,800000,8265,,,,Optional Packets- Not Scheduled,No,N/A,3600.1365010738373,60.00227501789729,9,9657.0,Gurobi Status: 9
F35,P35_3,5,800000,1200000,8265,861645.0,869910.0,69910.0,Scheduled - Deadline Met,Yes,Yes,3600.1365010738373,60.00227501789729,9,9657.0,Gurobi Status: 9
F35,P35_4,8,1200000,1600000,8265,1300815.0,1309080.0,109080.0,Scheduled - Deadline Met,Yes,Yes,3600.1365010738373,60.00227501789729,9,9657.0,Gurobi Status: 9
F35,P35_5,5,1600000,2000000,8265,1678238.0,1686503.0,86503.0,Scheduled - Deadline Met,Yes,Yes,3600.1365010738373,60.00227501789729,9,9657.0,Gurobi Status: 9
F35,P35_6,8,2000000,2400000,8265,2108574.0,2116839.0,116839.0,Scheduled - Deadline Met,Yes,Yes,3600.1365010738373,60.00227501789729,9,9657.0,Gurobi Status: 9
F36,P36_1,8,0,100000,1118,,,,Optional Packets- Not Scheduled,No,N/A,3600.1365010738373,60.00227501789729,9,9657.0,Gurobi Status: 9
F36,P36_2,3,100000,200000,1118,173956.0,175074.0,75074.0,Scheduled - Deadline Met,Yes,Yes,3600.1365010738373,60.00227501789729,9,9657.0,Gurobi Status: 9
F36,P36_3,8,200000,300000,1118,247868.0,248986.0,48986.0,Scheduled - Deadline Met,Yes,Yes,3600.1365010738373,60.00227501789729,9,9657.0,Gurobi Status: 9
F36,P36_4,3,300000,400000,1118,370526.0,371644.0,71644.0,Scheduled - Deadline Met,Yes,Yes,3600.1365010738373,60.00227501789729,9,9657.0,Gurobi Status: 9
F36,P36_5,8,400000,500000,1118,415088.0,416206.0,16206.0,Scheduled - Deadline Met,Yes,Yes,3600.1365010738373,60.00227501789729,9,9657.0,Gurobi Status: 9
F36,P36_6,3,500000,600000,1118,598882.0,600000.0,100000.0,Scheduled - Deadline Met,Yes,Yes,3600.1365010738373,60.00227501789729,9,9657.0,Gurobi Status: 9
F36,P36_7,8,600000,700000,1118,632781.0,633899.0,33899.0,Scheduled - Deadline Met,Yes,Yes,3600.1365010738373,60.00227501789729,9,9657.0,Gurobi Status: 9
F36,P36_8,3,700000,800000,1118,762681.0,763799.0,63799.0,Scheduled - Deadline Met,Yes,Yes,3600.1365010738373,60.00227501789729,9,9657.0,Gurobi Status: 9
F36,P36_9,8,800000,900000,1118,,,,Optional Packets- Not Scheduled,No,N/A,3600.1365010738373,60.00227501789729,9,9657.0,Gurobi Status: 9
F36,P36_10,3,900000,1000000,1118,978639.0,979757.0,79757.0,Scheduled - Deadline Met,Yes,Yes,3600.1365010738373,60.00227501789729,9,9657.0,Gurobi Status: 9
F36,P36_11,8,1000000,1100000,1118,1059044.0,1060162.0,60162.0,Scheduled - Deadline Met,Yes,Yes,3600.1365010738373,60.00227501789729,9,9657.0,Gurobi Status: 9
F36,P36_12,3,1100000,1200000,1118,1142631.0,1143749.0,43749.0,Scheduled - Deadline Met,Yes,Yes,3600.1365010738373,60.00227501789729,9,9657.0,Gurobi Status: 9
F36,P36_13,8,1200000,1300000,1118,1230676.0,1231794.0,31794.0,Scheduled - Deadline Met,Yes,Yes,3600.1365010738373,60.00227501789729,9,9657.0,Gurobi Status: 9
F36,P36_14,3,1300000,1400000,1118,1391536.0,1392654.0,92654.0,Scheduled - Deadline Met,Yes,Yes,3600.1365010738373,60.00227501789729,9,9657.0,Gurobi Status: 9
F36,P36_15,8,1400000,1500000,1118,1468208.0,1469326.0,69326.0,Scheduled - Deadline Met,Yes,Yes,3600.1365010738373,60.00227501789729,9,9657.0,Gurobi Status: 9
F36,P36_16,3,1500000,1600000,1118,1587674.0,1588792.0,88792.0,Scheduled - Deadline Met,Yes,Yes,3600.1365010738373,60.00227501789729,9,9657.0,Gurobi Status: 9
F36,P36_17,8,1600000,1700000,1118,,,,Optional Packets- Not Scheduled,No,N/A,3600.1365010738373,60.00227501789729,9,9657.0,Gurobi Status: 9
F36,P36_18,3,1700000,1800000,1118,1791725.0,1792843.0,92843.0,Scheduled - Deadline Met,Yes,Yes,3600.1365010738373,60.00227501789729,9,9657.0,Gurobi Status: 9
F36,P36_19,8,1800000,1900000,1118,1824751.0,1825869.0,25869.0,Scheduled - Deadline Met,Yes,Yes,3600.1365010738373,60.00227501789729,9,9657.0,Gurobi Status: 9
F36,P36_20,3,1900000,2000000,1118,1984404.0,1985522.0,85522.0,Scheduled - Deadline Met,Yes,Yes,3600.1365010738373,60.00227501789729,9,9657.0,Gurobi Status: 9
F36,P36_21,8,2000000,2100000,1118,,,,Optional Packets- Not Scheduled,No,N/A,3600.1365010738373,60.00227501789729,9,9657.0,Gurobi Status: 9
F36,P36_22,3,2100000,2200000,1118,2165336.0,2166454.0,66454.0,Scheduled - Deadline Met,Yes,Yes,3600.1365010738373,60.00227501789729,9,9657.0,Gurobi Status: 9
F36,P36_23,8,2200000,2300000,1118,2291628.0,2292746.0,92746.0,Scheduled - Deadline Met,Yes,Yes,3600.1365010738373,60.00227501789729,9,9657.0,Gurobi Status: 9
F36,P36_24,3,2300000,2400000,1118,2338237.0,2339355.0,39355.0,Scheduled - Deadline Met,Yes,Yes,3600.1365010738373,60.00227501789729,9,9657.0,Gurobi Status: 9
F37,P37_1,8,0,100000,3607,,,,Optional Packets- Not Scheduled,No,N/A,3600.1365010738373,60.00227501789729,9,9657.0,Gurobi Status: 9
F37,P37_2,6,100000,200000,3607,159209.0,162816.0,62816.0,Scheduled - Deadline Met,Yes,Yes,3600.1365010738373,60.00227501789729,9,9657.0,Gurobi Status: 9
F37,P37_3,8,200000,300000,3607,241359.0,244966.0,44966.0,Scheduled - Deadline Met,Yes,Yes,3600.1365010738373,60.00227501789729,9,9657.0,Gurobi Status: 9
F37,P37_4,6,300000,400000,3607,374980.0,378587.0,78587.0,Scheduled - Deadline Met,Yes,Yes,3600.1365010738373,60.00227501789729,9,9657.0,Gurobi Status: 9
F37,P37_5,8,400000,500000,3607,408579.0,412186.0,12186.0,Scheduled - Deadline Met,Yes,Yes,3600.1365010738373,60.00227501789729,9,9657.0,Gurobi Status: 9
F37,P37_6,6,500000,600000,3607,586971.0,590578.0,90578.0,Scheduled - Deadline Met,Yes,Yes,3600.1365010738373,60.00227501789729,9,9657.0,Gurobi Status: 9
F37,P37_7,8,600000,700000,3607,626272.0,629879.0,29879.0,Scheduled - Deadline Met,Yes,Yes,3600.1365010738373,60.00227501789729,9,9657.0,Gurobi Status: 9
F37,P37_8,6,700000,800000,3607,766209.0,769816.0,69816.0,Scheduled - Deadline Met,Yes,Yes,3600.1365010738373,60.00227501789729,9,9657.0,Gurobi Status: 9
F37,P37_9,8,800000,900000,3607,,,,Optional Packets- Not Scheduled,No,N/A,3600.1365010738373,60.00227501789729,9,9657.0,Gurobi Status: 9
F37,P37_10,6,900000,1000000,3607,974936.0,978543.0,78543.0,Scheduled - Deadline Met,Yes,Yes,3600.1365010738373,60.00227501789729,9,9657.0,Gurobi Status: 9
F37,P37_11,8,1000000,1100000,3607,1052535.0,1056142.0,56142.0,Scheduled - Deadline Met,Yes,Yes,3600.1365010738373,60.00227501789729,9,9657.0,Gurobi Status: 9
F37,P37_12,6,1100000,1200000,3607,1143845.0,1147452.0,47452.0,Scheduled - Deadline Met,Yes,Yes,3600.1365010738373,60.00227501789729,9,9657.0,Gurobi Status: 9
F37,P37_13,8,1200000,1300000,3607,1224167.0,1227774.0,27774.0,Scheduled - Deadline Met,Yes,Yes,3600.1365010738373,60.00227501789729,9,9657.0,Gurobi Status: 9
F37,P37_14,6,1300000,1400000,3607,1392750.0,1396357.0,96357.0,Scheduled - Deadline Met,Yes,Yes,3600.1365010738373,60.00227501789729,9,9657.0,Gurobi Status: 9
F37,P37_15,8,1400000,1500000,3607,1461699.0,1465306.0,65306.0,Scheduled - Deadline Met,Yes,Yes,3600.1365010738373,60.00227501789729,9,9657.0,Gurobi Status: 9
F37,P37_16,6,1500000,1600000,3607,1596393.0,1600000.0,100000.0,Scheduled - Deadline Met,Yes,Yes,3600.1365010738373,60.00227501789729,9,9657.0,Gurobi Status: 9
F37,P37_17,8,1600000,1700000,3607,,,,Optional Packets- Not Scheduled,No,N/A,3600.1365010738373,60.00227501789729,9,9657.0,Gurobi Status: 9
F37,P37_18,6,1700000,1800000,3607,1792939.0,1796546.0,96546.0,Scheduled - Deadline Met,Yes,Yes,3600.1365010738373,60.00227501789729,9,9657.0,Gurobi Status: 9
F37,P37_19,8,1800000,1900000,3607,1818242.0,1821849.0,21849.0,Scheduled - Deadline Met,Yes,Yes,3600.1365010738373,60.00227501789729,9,9657.0,Gurobi Status: 9
F37,P37_20,6,1900000,2000000,3607,1946297.0,1949904.0,49904.0,Scheduled - Deadline Met,Yes,Yes,3600.1365010738373,60.00227501789729,9,9657.0,Gurobi Status: 9
F37,P37_21,8,2000000,2100000,3607,,,,Optional Packets- Not Scheduled,No,N/A,3600.1365010738373,60.00227501789729,9,9657.0,Gurobi Status: 9
F37,P37_22,6,2100000,2200000,3607,2193381.0,2196988.0,96988.0,Scheduled - Deadline Met,Yes,Yes,3600.1365010738373,60.00227501789729,9,9657.0,Gurobi Status: 9
F37,P37_23,8,2200000,2300000,3607,2285119.0,2288726.0,88726.0,Scheduled - Deadline Met,Yes,Yes,3600.1365010738373,60.00227501789729,9,9657.0,Gurobi Status: 9
F37,P37_24,6,2300000,2400000,3607,2334534.0,2338141.0,38141.0,Scheduled - Deadline Met,Yes,Yes,3600.1365010738373,60.00227501789729,9,9657.0,Gurobi Status: 9
F38,P38_1,4,0,400000,8382,345215.0,353597.0,353597.0,Scheduled - Deadline Met,Yes,Yes,3600.1365010738373,60.00227501789729,9,9657.0,Gurobi Status: 9
F38,P38_2,8,400000,800000,8382,,,,Optional Packets- Not Scheduled,No,N/A,3600.1365010738373,60.00227501789729,9,9657.0,Gurobi Status: 9
F38,P38_3,4,800000,1200000,8382,817429.0,825811.0,25811.0,Scheduled - Deadline Met,Yes,Yes,3600.1365010738373,60.00227501789729,9,9657.0,Gurobi Status: 9
F38,P38_4,8,1200000,1600000,8382,,,,Optional Packets- Not Scheduled,No,N/A,3600.1365010738373,60.00227501789729,9,9657.0,Gurobi Status: 9
F38,P38_5,4,1600000,2000000,8382,1626842.0,1635224.0,35224.0,Scheduled - Deadline Met,Yes,Yes,3600.1365010738373,60.00227501789729,9,9657.0,Gurobi Status: 9
F38,P38_6,8,2000000,2400000,8382,2100096.0,2108478.0,108478.0,Scheduled - Deadline Met,Yes,Yes,3600.1365010738373,60.00227501789729,9,9657.0,Gurobi Status: 9
F39,P39_1,8,0,200000,8827,,,,Optional Packets- Not Scheduled,No,N/A,3600.1365010738373,60.00227501789729,9,9657.0,Gurobi Status: 9
F39,P39_2,2,200000,400000,8827,215697.0,224524.0,24524.0,Scheduled - Deadline Met,Yes,Yes,3600.1365010738373,60.00227501789729,9,9657.0,Gurobi Status: 9
F39,P39_3,8,400000,600000,8827,,,,Optional Packets- Not Scheduled,No,N/A,3600.1365010738373,60.00227501789729,9,9657.0,Gurobi Status: 9
F39,P39_4,2,600000,800000,8827,645800.0,654627.0,54627.0,Scheduled - Deadline Met,Yes,Yes,3600.1365010738373,60.00227501789729,9,9657.0,Gurobi Status: 9
F39,P39_5,8,800000,1000000,8827,,,,Optional Packets- Not Scheduled,No,N/A,3600.1365010738373,60.00227501789729,9,9657.0,Gurobi Status: 9
F39,P39_6,2,1000000,1200000,8827,1018453.0,1027280.0,27280.0,Scheduled - Deadline Met,Yes,Yes,3600.1365010738373,60.00227501789729,9,9657.0,Gurobi Status: 9
F39,P39_7,8,1200000,1400000,8827,,,,Optional Packets- Not Scheduled,No,N/A,3600.1365010738373,60.00227501789729,9,9657.0,Gurobi Status: 9
F39,P39_8,2,1400000,1600000,8827,1434985.0,1443812.0,43812.0,Scheduled - Deadline Met,Yes,Yes,3600.1365010738373,60.00227501789729,9,9657.0,Gurobi Status: 9
F39,P39_9,8,1600000,1800000,8827,,,,Optional Packets- Not Scheduled,No,N/A,3600.1365010738373,60.00227501789729,9,9657.0,Gurobi Status: 9
F39,P39_10,2,1800000,2000000,8827,1845457.0,1854284.0,54284.0,Scheduled - Deadline Met,Yes,Yes,3600.1365010738373,60.00227501789729,9,9657.0,Gurobi Status: 9
F39,P39_11,8,2000000,2200000,8827,,,,Optional Packets- Not Scheduled,No,N/A,3600.1365010738373,60.00227501789729,9,9657.0,Gurobi Status: 9
F39,P39_12,2,2200000,2400000,8827,2216577.0,2225404.0,25404.0,Scheduled - Deadline Met,Yes,Yes,3600.1365010738373,60.00227501789729,9,9657.0,Gurobi Status: 9
F4,P4_1,1,0,400000,979,367202.0,368181.0,368181.0,Scheduled - Deadline Met,Yes,Yes,3600.1365010738373,60.00227501789729,9,9657.0,Gurobi Status: 9
F4,P4_2,8,400000,800000,979,538697.0,539676.0,139676.0,Scheduled - Deadline Met,Yes,Yes,3600.1365010738373,60.00227501789729,9,9657.0,Gurobi Status: 9
F4,P4_3,1,800000,1200000,979,1000897.0,1001876.0,201876.0,Scheduled - Deadline Met,Yes,Yes,3600.1365010738373,60.00227501789729,9,9657.0,Gurobi Status: 9
F4,P4_4,1,1200000,1600000,979,1220843.0,1221822.0,21822.0,Scheduled - Deadline Met,Yes,Yes,3600.1365010738373,60.00227501789729,9,9657.0,Gurobi Status: 9
F4,P4_5,8,1600000,2000000,979,,,,Optional Packets- Not Scheduled,No,N/A,3600.1365010738373,60.00227501789729,9,9657.0,Gurobi Status: 9
F4,P4_6,1,2000000,2400000,979,2145444.0,2146423.0,146423.0,Scheduled - Deadline Met,Yes,Yes,3600.1365010738373,60.00227501789729,9,9657.0,Gurobi Status: 9
F40,P40_1,6,0,400000,9653,122633.0,132286.0,132286.0,Scheduled - Deadline Met,Yes,Yes,3600.1365010738373,60.00227501789729,9,9657.0,Gurobi Status: 9
F40,P40_2,8,400000,800000,9653,,,,Optional Packets- Not Scheduled,No,N/A,3600.1365010738373,60.00227501789729,9,9657.0,Gurobi Status: 9
F40,P40_3,6,800000,1200000,9653,900628.0,910281.0,110281.0,Scheduled - Deadline Met,Yes,Yes,3600.1365010738373,60.00227501789729,9,9657.0,Gurobi Status: 9
F40,P40_4,8,1200000,1600000,9653,,,,Optional Packets- Not Scheduled,No,N/A,3600.1365010738373,60.00227501789729,9,9657.0,Gurobi Status: 9
F40,P40_5,6,1600000,2000000,9653,1755481.0,1765134.0,165134.0,Scheduled - Deadline Met,Yes,Yes,3600.1365010738373,60.00227501789729,9,9657.0,Gurobi Status: 9
F40,P40_6,8,2000000,2400000,9653,,,,Optional Packets- Not Scheduled,No,N/A,3600.1365010738373,60.00227501789729,9,9657.0,Gurobi Status: 9
F41,P41_1,8,0,100000,8845,,,,Optional Packets- Not Scheduled,No,N/A,3600.1365010738373,60.00227501789729,9,9657.0,Gurobi Status: 9
F41,P41_2,2,100000,200000,8845,141297.0,150142.0,50142.0,Scheduled - Deadline Met,Yes,Yes,3600.1365010738373,60.00227501789729,9,9657.0,Gurobi Status: 9
F41,P41_3,8,200000,300000,8845,,,,Optional Packets- Not Scheduled,No,N/A,3600.1365010738373,60.00227501789729,9,9657.0,Gurobi Status: 9
F41,P41_4,2,300000,400000,8845,322633.0,331478.0,31478.0,Scheduled - Deadline Met,Yes,Yes,3600.1365010738373,60.00227501789729,9,9657.0,Gurobi Status: 9
F41,P41_5,8,400000,500000,8845,,,,Optional Packets- Not Scheduled,No,N/A,3600.1365010738373,60.00227501789729,9,9657.0,Gurobi Status: 9
F41,P41_6,2,500000,600000,8845,561059.0,569904.0,69904.0,Scheduled - Deadline Met,Yes,Yes,3600.1365010738373,60.00227501789729,9,9657.0,Gurobi Status: 9
F41,P41_7,8,600000,700000,8845,613480.0,622325.0,22325.0,Scheduled - Deadline Met,Yes,Yes,3600.1365010738373,60.00227501789729,9,9657.0,Gurobi Status: 9
F41,P41_8,2,700000,800000,8845,741849.0,750694.0,50694.0,Scheduled - Deadline Met,Yes,Yes,3600.1365010738373,60.00227501789729,9,9657.0,Gurobi Status: 9
F41,P41_9,8,800000,900000,8845,,,,Optional Packets- Not Scheduled,No,N/A,3600.1365010738373,60.00227501789729,9,9657.0,Gurobi Status: 9
F41,P41_10,2,900000,1000000,8845,941733.0,950578.0,50578.0,Scheduled - Deadline Met,Yes,Yes,3600.1365010738373,60.00227501789729,9,9657.0,Gurobi Status: 9
F41,P41_11,8,1000000,1100000,8845,,,,Optional Packets- Not Scheduled,No,N/A,3600.1365010738373,60.00227501789729,9,9657.0,Gurobi Status: 9
F41,P41_12,2,1100000,1200000,8845,1122633.0,1131478.0,31478.0,Scheduled - Deadline Met,Yes,Yes,3600.1365010738373,60.00227501789729,9,9657.0,Gurobi Status: 9
F41,P41_13,8,1200000,1300000,8845,,,,Optional Packets- Not Scheduled,No,N/A,3600.1365010738373,60.00227501789729,9,9657.0,Gurobi Status: 9
F41,P41_14,2,1300000,1400000,8845,1350295.0,1359140.0,59140.0,Scheduled - Deadline Met,Yes,Yes,3600.1365010738373,60.00227501789729,9,9657.0,Gurobi Status: 9
F41,P41_15,8,1400000,1500000,8845,,,,Optional Packets- Not Scheduled,No,N/A,3600.1365010738373,60.00227501789729,9,9657.0,Gurobi Status: 9
F41,P41_16,2,1500000,1600000,8845,1519621.0,1528466.0,28466.0,Scheduled - Deadline Met,Yes,Yes,3600.1365010738373,60.00227501789729,9,9657.0,Gurobi Status: 9
F41,P41_17,8,1600000,1700000,8845,,,,Optional Packets- Not Scheduled,No,N/A,3600.1365010738373,60.00227501789729,9,9657.0,Gurobi Status: 9
F41,P41_18,2,1700000,1800000,8845,1746540.0,1755385.0,55385.0,Scheduled - Deadline Met,Yes,Yes,3600.1365010738373,60.00227501789729,9,9657.0,Gurobi Status: 9
F41,P41_19,8,1800000,1900000,8845,1805450.0,1814295.0,14295.0,Scheduled - Deadline Met,Yes,Yes,3600.1365010738373,60.00227501789729,9,9657.0,Gurobi Status: 9
F41,P41_20,2,1900000,2000000,8845,1964243.0,1973088.0,73088.0,Scheduled - Deadline Met,Yes,Yes,3600.1365010738373,60.00227501789729,9,9657.0,Gurobi Status: 9
F41,P41_21,8,2000000,2100000,8845,,,,Optional Packets- Not Scheduled,No,N/A,3600.1365010738373,60.00227501789729,9,9657.0,Gurobi Status: 9
F41,P41_22,2,2100000,2200000,8845,2156395.0,2165240.0,65240.0,Scheduled - Deadline Met,Yes,Yes,3600.1365010738373,60.00227501789729,9,9657.0,Gurobi Status: 9
F41,P41_23,8,2200000,2300000,8845,2272327.0,2281172.0,81172.0,Scheduled - Deadline Met,Yes,Yes,3600.1365010738373,60.00227501789729,9,9657.0,Gurobi Status: 9
F41,P41_24,2,2300000,2400000,8845,2339451.0,2348296.0,48296.0,Scheduled - Deadline Met,Yes,Yes,3600.1365010738373,60.00227501789729,9,9657.0,Gurobi Status: 9
F42,P42_1,3,0,400000,11714,57433.0,69147.0,69147.0,Scheduled - Deadline Met,Yes,Yes,3600.1365010738373,60.00227501789729,9,9657.0,Gurobi Status: 9
F42,P42_2,8,400000,800000,11714,,,,Optional Packets- Not Scheduled,No,N/A,3600.1365010738373,60.00227501789729,9,9657.0,Gurobi Status: 9
F42,P42_3,3,800000,1200000,11714,950578.0,962292.0,162292.0,Scheduled - Deadline Met,Yes,Yes,3600.1365010738373,60.00227501789729,9,9657.0,Gurobi Status: 9
F42,P42_4,8,1200000,1600000,11714,,,,Optional Packets- Not Scheduled,No,N/A,3600.1365010738373,60.00227501789729,9,9657.0,Gurobi Status: 9
F42,P42_5,3,1600000,2000000,11714,1701461.0,1713175.0,113175.0,Scheduled - Deadline Met,Yes,Yes,3600.1365010738373,60.00227501789729,9,9657.0,Gurobi Status: 9
F42,P42_6,8,2000000,2400000,11714,,,,Optional Packets- Not Scheduled,No,N/A,3600.1365010738373,60.00227501789729,9,9657.0,Gurobi Status: 9
F43,P43_1,8,0,50000,1807,,,,Optional Packets- Not Scheduled,No,N/A,3600.1365010738373,60.00227501789729,9,9657.0,Gurobi Status: 9
F43,P43_2,2,50000,100000,1807,75195.0,77002.0,27002.0,Scheduled - Deadline Met,Yes,Yes,3600.1365010738373,60.00227501789729,9,9657.0,Gurobi Status: 9
F43,P43_3,8,100000,150000,1807,102345.0,104152.0,4152.0,Scheduled - Deadline Met,Yes,Yes,3600.1365010738373,60.00227501789729,9,9657.0,Gurobi Status: 9
F43,P43_4,2,150000,200000,1807,175170.0,176977.0,26977.0,Scheduled - Deadline Met,Yes,Yes,3600.1365010738373,60.00227501789729,9,9657.0,Gurobi Status: 9
F43,P43_5,8,200000,250000,1807,234496.0,236303.0,36303.0,Scheduled - Deadline Met,Yes,Yes,3600.1365010738373,60.00227501789729,9,9657.0,Gurobi Status: 9
F43,P43_6,2,250000,300000,1807,294775.0,296582.0,46582.0,Scheduled - Deadline Met,Yes,Yes,3600.1365010738373,60.00227501789729,9,9657.0,Gurobi Status: 9
F43,P43_7,8,300000,350000,1807,307816.0,309623.0,9623.0,Scheduled - Deadline Met,Yes,Yes,3600.1365010738373,60.00227501789729,9,9657.0,Gurobi Status: 9
F43,P43_8,2,350000,400000,1807,371740.0,373547.0,23547.0,Scheduled - Deadline Met,Yes,Yes,3600.1365010738373,60.00227501789729,9,9657.0,Gurobi Status: 9
F43,P43_9,8,400000,450000,1807,405567.0,407374.0,7374.0,Scheduled - Deadline Met,Yes,Yes,3600.1365010738373,60.00227501789729,9,9657.0,Gurobi Status: 9
F43,P43_10,2,450000,500000,1807,493767.0,495574.0,45574.0,Scheduled - Deadline Met,Yes,Yes,3600.1365010738373,60.00227501789729,9,9657.0,Gurobi Status: 9
F43,P43_11,8,500000,550000,1807,545427.0,547234.0,47234.0,Scheduled - Deadline Met,Yes,Yes,3600.1365010738373,60.00227501789729,9,9657.0,Gurobi Status: 9
F43,P43_12,2,550000,600000,1807,590674.0,592481.0,42481.0,Scheduled - Deadline Met,Yes,Yes,3600.1365010738373,60.00227501789729,9,9657.0,Gurobi Status: 9
F43,P43_13,8,600000,650000,1807,610468.0,612275.0,12275.0,Scheduled - Deadline Met,Yes,Yes,3600.1365010738373,60.00227501789729,9,9657.0,Gurobi Status: 9
F43,P43_14,2,650000,700000,1807,691550.0,693357.0,43357.0,Scheduled - Deadline Met,Yes,Yes,3600.1365010738373,60.00227501789729,9,9657.0,Gurobi Status: 9
F43,P43_15,8,700000,750000,1807,726217.0,728024.0,28024.0,Scheduled - Deadline Met,Yes,Yes,3600.1365010738373,60.00227501789729,9,9657.0,Gurobi Status: 9
F43,P43_16,2,750000,800000,1807,782026.0,783833.0,33833.0,Scheduled - Deadline Met,Yes,Yes,3600.1365010738373,60.00227501789729,9,9657.0,Gurobi Status: 9
F43,P43_17,8,800000,850000,1807,,,,Optional Packets- Not Scheduled,No,N/A,3600.1365010738373,60.00227501789729,9,9657.0,Gurobi Status: 9
F43,P43_18,2,850000,900000,1807,884537.0,886344.0,36344.0,Scheduled - Deadline Met,Yes,Yes,3600.1365010738373,60.00227501789729,9,9657.0,Gurobi Status: 9
F43,P43_19,8,900000,950000,1807,926916.0,928723.0,28723.0,Scheduled - Deadline Met,Yes,Yes,3600.1365010738373,60.00227501789729,9,9657.0,Gurobi Status: 9
F43,P43_20,2,950000,1000000,1807,982102.0,983909.0,33909.0,Scheduled - Deadline Met,Yes,Yes,3600.1365010738373,60.00227501789729,9,9657.0,Gurobi Status: 9
F43,P43_21,8,1000000,1050000,1807,1045672.0,1047479.0,47479.0,Scheduled - Deadline Met,Yes,Yes,3600.1365010738373,60.00227501789729,9,9657.0,Gurobi Status: 9
F43,P43_22,2,1050000,1100000,1807,1092195.0,1094002.0,44002.0,Scheduled - Deadline Met,Yes,Yes,3600.1365010738373,60.00227501789729,9,9657.0,Gurobi Status: 9
F43,P43_23,8,1100000,1150000,1807,1102314.0,1104121.0,4121.0,Scheduled - Deadline Met,Yes,Yes,3600.1365010738373,60.00227501789729,9,9657.0,Gurobi Status: 9
F43,P43_24,2,1150000,1200000,1807,1197084.0,1198891.0,48891.0,Scheduled - Deadline Met,Yes,Yes,3600.1365010738373,60.00227501789729,9,9657.0,Gurobi Status: 9
F43,P43_25,8,1200000,1250000,1807,1202438.0,1204245.0,4245.0,Scheduled - Deadline Met,Yes,Yes,3600.1365010738373,60.00227501789729,9,9657.0,Gurobi Status: 9
F43,P43_26,2,1250000,1300000,1807,1295851.0,1297658.0,47658.0,Scheduled - Deadline Met,Yes,Yes,3600.1365010738373,60.00227501789729,9,9657.0,Gurobi Status: 9
F43,P43_27,8,1300000,1350000,1807,1323362.0,1325169.0,25169.0,Scheduled - Deadline Met,Yes,Yes,3600.1365010738373,60.00227501789729,9,9657.0,Gurobi Status: 9
F43,P43_28,2,1350000,1400000,1807,1389633.0,1391440.0,41440.0,Scheduled - Deadline Met,Yes,Yes,3600.1365010738373,60.00227501789729,9,9657.0,Gurobi Status: 9
F43,P43_29,8,1400000,1450000,1807,1402314.0,1404121.0,4121.0,Scheduled - Deadline Met,Yes,Yes,3600.1365010738373,60.00227501789729,9,9657.0,Gurobi Status: 9
F43,P43_30,2,1450000,1500000,1807,1491553.0,1493360.0,43360.0,Scheduled - Deadline Met,Yes,Yes,3600.1365010738373,60.00227501789729,9,9657.0,Gurobi Status: 9
F43,P43_31,8,1500000,1550000,1807,1528562.0,1530369.0,30369.0,Scheduled - Deadline Met,Yes,Yes,3600.1365010738373,60.00227501789729,9,9657.0,Gurobi Status: 9
F43,P43_32,2,1550000,1600000,1807,1590225.0,1592032.0,42032.0,Scheduled - Deadline Met,Yes,Yes,3600.1365010738373,60.00227501789729,9,9657.0,Gurobi Status: 9
F43,P43_33,8,1600000,1650000,1807,,,,Optional Packets- Not Scheduled,No,N/A,3600.1365010738373,60.00227501789729,9,9657.0,Gurobi Status: 9
F43,P43_34,2,1650000,1700000,1807,1693709.0,1695516.0,45516.0,Scheduled - Deadline Met,Yes,Yes,3600.1365010738373,60.00227501789729,9,9657.0,Gurobi Status: 9
F43,P43_35,8,1700000,1750000,1807,,,,Optional Packets- Not Scheduled,No,N/A,3600.1365010738373,60.00227501789729,9,9657.0,Gurobi Status: 9
F43,P43_36,2,1750000,1800000,1807,1789822.0,1791629.0,41629.0,Scheduled - Deadline Met,Yes,Yes,3600.1365010738373,60.00227501789729,9,9657.0,Gurobi Status: 9
F43,P43_37,8,1800000,1850000,1807,1802438.0,1804245.0,4245.0,Scheduled - Deadline Met,Yes,Yes,3600.1365010738373,60.00227501789729,9,9657.0,Gurobi Status: 9
F43,P43_38,2,1850000,1900000,1807,1893424.0,1895231.0,45231.0,Scheduled - Deadline Met,Yes,Yes,3600.1365010738373,60.00227501789729,9,9657.0,Gurobi Status: 9
F43,P43_39,8,1900000,1950000,1807,1902249.0,1904056.0,4056.0,Scheduled - Deadline Met,Yes,Yes,3600.1365010738373,60.00227501789729,9,9657.0,Gurobi Status: 9
F43,P43_40,2,1950000,2000000,1807,1986433.0,1988240.0,38240.0,Scheduled - Deadline Met,Yes,Yes,3600.1365010738373,60.00227501789729,9,9657.0,Gurobi Status: 9
F43,P43_41,8,2000000,2050000,1807,,,,Optional Packets- Not Scheduled,No,N/A,3600.1365010738373,60.00227501789729,9,9657.0,Gurobi Status: 9
F43,P43_42,2,2050000,2100000,1807,2096373.0,2098180.0,48180.0,Scheduled - Deadline Met,Yes,Yes,3600.1365010738373,60.00227501789729,9,9657.0,Gurobi Status: 9
F43,P43_43,8,2100000,2150000,1807,,,,Optional Packets- Not Scheduled,No,N/A,3600.1365010738373,60.00227501789729,9,9657.0,Gurobi Status: 9
F43,P43_44,2,2150000,2200000,1807,2197084.0,2198891.0,48891.0,Scheduled - Deadline Met,Yes,Yes,3600.1365010738373,60.00227501789729,9,9657.0,Gurobi Status: 9
F43,P43_45,8,2200000,2250000,1807,2225500.0,2227307.0,27307.0,Scheduled - Deadline Met,Yes,Yes,3600.1365010738373,60.00227501789729,9,9657.0,Gurobi Status: 9
F43,P43_46,2,2250000,2300000,1807,2267280.0,2269087.0,19087.0,Scheduled - Deadline Met,Yes,Yes,3600.1365010738373,60.00227501789729,9,9657.0,Gurobi Status: 9
F43,P43_47,8,2300000,2350000,1807,2318902.0,2320709.0,20709.0,Scheduled - Deadline Met,Yes,Yes,3600.1365010738373,60.00227501789729,9,9657.0,Gurobi Status: 9
F43,P43_48,2,2350000,2400000,1807,2360616.0,2362423.0,12423.0,Scheduled - Deadline Met,Yes,Yes,3600.1365010738373,60.00227501789729,9,9657.0,Gurobi Status: 9
F44,P44_1,7,0,400000,7110,48643.0,55753.0,55753.0,Scheduled - Deadline Met,Yes,Yes,3600.1365010738373,60.00227501789729,9,9657.0,Gurobi Status: 9
F44,P44_2,8,400000,800000,7110,,,,Optional Packets- Not Scheduled,No,N/A,3600.1365010738373,60.00227501789729,9,9657.0,Gurobi Status: 9
F44,P44_3,7,800000,1200000,7110,1131574.0,1138684.0,338684.0,Scheduled - Deadline Met,Yes,Yes,3600.1365010738373,60.00227501789729,9,9657.0,Gurobi Status: 9
F44,P44_4,8,1200000,1600000,7110,,,,Optional Packets- Not Scheduled,No,N/A,3600.1365010738373,60.00227501789729,9,9657.0,Gurobi Status: 9
F44,P44_5,7,1600000,2000000,7110,1686599.0,1693709.0,93709.0,Scheduled - Deadline Met,Yes,Yes,3600.1365010738373,60.00227501789729,9,9657.0,Gurobi Status: 9
F44,P44_6,8,2000000,2400000,7110,2116935.0,2124045.0,124045.0,Scheduled - Deadline Met,Yes,Yes,3600.1365010738373,60.00227501789729,9,9657.0,Gurobi Status: 9
F45,P45_1,6,0,400000,8915,132382.0,141297.0,141297.0,Scheduled - Deadline Met,Yes,Yes,3600.1365010738373,60.00227501789729,9,9657.0,Gurobi Status: 9
F45,P45_2,8,400000,800000,8915,,,,Optional Packets- Not Scheduled,No,N/A,3600.1365010738373,60.00227501789729,9,9657.0,Gurobi Status: 9
F45,P45_3,6,800000,1200000,8915,914748.0,923663.0,123663.0,Scheduled - Deadline Met,Yes,Yes,3600.1365010738373,60.00227501789729,9,9657.0,Gurobi Status: 9
F45,P45_4,8,1200000,1600000,8915,,,,Optional Packets- Not Scheduled,No,N/A,3600.1365010738373,60.00227501789729,9,9657.0,Gurobi Status: 9
F45,P45_5,6,1600000,2000000,8915,1768889.0,1777804.0,177804.0,Scheduled - Deadline Met,Yes,Yes,3600.1365010738373,60.00227501789729,9,9657.0,Gurobi Status: 9
F45,P45_6,8,2000000,2400000,8915,,,,Optional Packets- Not Scheduled,No,N/A,3600.1365010738373,60.00227501789729,9,9657.0,Gurobi Status: 9
F46,P46_1,1,0,400000,3163,336699.0,339862.0,339862.0,Scheduled - Deadline Met,Yes,Yes,3600.1365010738373,60.00227501789729,9,9657.0,Gurobi Status: 9
F46,P46_2,8,400000,800000,3163,531005.0,534168.0,134168.0,Scheduled - Deadline Met,Yes,Yes,3600.1365010738373,60.00227501789729,9,9657.0,Gurobi Status: 9
F46,P46_3,1,800000,1200000,3163,997638.0,1000801.0,200801.0,Scheduled - Deadline Met,Yes,Yes,3600.1365010738373,60.00227501789729,9,9657.0,Gurobi Status: 9
F46,P46_4,8,1200000,1600000,3163,1312917.0,1316080.0,116080.0,Scheduled - Deadline Met,Yes,Yes,3600.1365010738373,60.00227501789729,9,9657.0,Gurobi Status: 9
F46,P46_5,1,1600000,2000000,3163,1741128.0,1744291.0,144291.0,Scheduled - Deadline Met,Yes,Yes,3600.1365010738373,60.00227501789729,9,9657.0,Gurobi Status: 9
F46,P46_6,8,2000000,2400000,3163,2128162.0,2131325.0,131325.0,Scheduled - Deadline Met,Yes,Yes,3600.1365010738373,60.00227501789729,9,9657.0,Gurobi Status: 9
F47,P47_1,1,0,200000,640,199360.0,200000.0,200000.0,Scheduled - Deadline Met,Yes,Yes,3600.1365010738373,60.00227501789729,9,9657.0,Gurobi Status: 9
F47,P47_2,8,200000,400000,640,267539.0,268179.0,68179.0,Scheduled - Deadline Met,Yes,Yes,3600.1365010738373,60.00227501789729,9,9657.0,Gurobi Status: 9
F47,P47_3,1,400000,600000,640,592577.0,593217.0,193217.0,Scheduled - Deadline Met,Yes,Yes,3600.1365010738373,60.00227501789729,9,9657.0,Gurobi Status: 9
F47,P47_4,8,600000,800000,640,696135.0,696775.0,96775.0,Scheduled - Deadline Met,Yes,Yes,3600.1365010738373,60.00227501789729,9,9657.0,Gurobi Status: 9
F47,P47_5,1,800000,1000000,640,803957.0,804597.0,4597.0,Scheduled - Deadline Met,Yes,Yes,3600.1365010738373,60.00227501789729,9,9657.0,Gurobi Status: 9
F47,P47_6,8,1000000,1200000,640,1070716.0,1071356.0,71356.0,Scheduled - Deadline Met,Yes,Yes,3600.1365010738373,60.00227501789729,9,9657.0,Gurobi Status: 9
F47,P47_7,1,1200000,1400000,640,1200815.0,1201455.0,1455.0,Scheduled - Deadline Met,Yes,Yes,3600.1365010738373,60.00227501789729,9,9657.0,Gurobi Status: 9
F47,P47_8,8,1400000,1600000,640,1497015.0,1497655.0,97655.0,Scheduled - Deadline Met,Yes,Yes,3600.1365010738373,60.00227501789729,9,9657.0,Gurobi Status: 9
F47,P47_9,1,1600000,1800000,640,1713271.0,1713911.0,113911.0,Scheduled - Deadline Met,Yes,Yes,3600.1365010738373,60.00227501789729,9,9657.0,Gurobi Status: 9
F47,P47_10,8,1800000,2000000,640,1827538.0,1828178.0,28178.0,Scheduled - Deadline Met,Yes,Yes,3600.1365010738373,60.00227501789729,9,9657.0,Gurobi Status: 9
F47,P47_11,1,2000000,2200000,640,2055189.0,2055829.0,55829.0,Scheduled - Deadline Met,Yes,Yes,3600.1365010738373,60.00227501789729,9,9657.0,Gurobi Status: 9
F47,P47_12,8,2200000,2400000,640,2296922.0,2297562.0,97562.0,Scheduled - Deadline Met,Yes,Yes,3600.1365010738373,60.00227501789729,9,9657.0,Gurobi Status: 9
F48,P48_1,8,0,100000,3755,,,,Optional Packets- Not Scheduled,No,N/A,3600.1365010738373,60.00227501789729,9,9657.0,Gurobi Status: 9
F48,P48_2,2,100000,200000,3755,150238.0,153993.0,53993.0,Scheduled - Deadline Met,Yes,Yes,3600.1365010738373,60.00227501789729,9,9657.0,Gurobi Status: 9
F48,P48_3,8,200000,300000,3755,237508.0,241263.0,41263.0,Scheduled - Deadline Met,Yes,Yes,3600.1365010738373,60.00227501789729,9,9657.0,Gurobi Status: 9
F48,P48_4,2,300000,400000,3755,331574.0,335329.0,35329.0,Scheduled - Deadline Met,Yes,Yes,3600.1365010738373,60.00227501789729,9,9657.0,Gurobi Status: 9
F48,P48_5,8,400000,500000,3755,,,,Optional Packets- Not Scheduled,No,N/A,3600.1365010738373,60.00227501789729,9,9657.0,Gurobi Status: 9
F48,P48_6,2,500000,600000,3755,570000.0,573755.0,73755.0,Scheduled - Deadline Met,Yes,Yes,3600.1365010738373,60.00227501789729,9,9657.0,Gurobi Status: 9
F48,P48_7,8,600000,700000,3755,622421.0,626176.0,26176.0,Scheduled - Deadline Met,Yes,Yes,3600.1365010738373,60.00227501789729,9,9657.0,Gurobi Status: 9
F48,P48_8,2,700000,800000,3755,754687.0,758442.0,58442.0,Scheduled - Deadline Met,Yes,Yes,3600.1365010738373,60.00227501789729,9,9657.0,Gurobi Status: 9
F48,P48_9,8,800000,900000,3755,,,,Optional Packets- Not Scheduled,No,N/A,3600.1365010738373,60.00227501789729,9,9657.0,Gurobi Status: 9
F48,P48_10,2,900000,1000000,3755,962292.0,966047.0,66047.0,Scheduled - Deadline Met,Yes,Yes,3600.1365010738373,60.00227501789729,9,9657.0,Gurobi Status: 9
F48,P48_11,8,1000000,1100000,3755,1048684.0,1052439.0,52439.0,Scheduled - Deadline Met,Yes,Yes,3600.1365010738373,60.00227501789729,9,9657.0,Gurobi Status: 9
F48,P48_12,2,1100000,1200000,3755,1138780.0,1142535.0,42535.0,Scheduled - Deadline Met,Yes,Yes,3600.1365010738373,60.00227501789729,9,9657.0,Gurobi Status: 9
F48,P48_13,8,1200000,1300000,3755,,,,Optional Packets- Not Scheduled,No,N/A,3600.1365010738373,60.00227501789729,9,9657.0,Gurobi Status: 9
F48,P48_14,2,1300000,1400000,3755,1359236.0,1362991.0,62991.0,Scheduled - Deadline Met,Yes,Yes,3600.1365010738373,60.00227501789729,9,9657.0,Gurobi Status: 9
F48,P48_15,8,1400000,1500000,3755,1457848.0,1461603.0,61603.0,Scheduled - Deadline Met,Yes,Yes,3600.1365010738373,60.00227501789729,9,9657.0,Gurobi Status: 9
F48,P48_16,2,1500000,1600000,3755,1546628.0,1550383.0,50383.0,Scheduled - Deadline Met,Yes,Yes,3600.1365010738373,60.00227501789729,9,9657.0,Gurobi Status: 9
F48,P48_17,8,1600000,1700000,3755,,,,Optional Packets- Not Scheduled,No,N/A,3600.1365010738373,60.00227501789729,9,9657.0,Gurobi Status: 9
F48,P48_18,2,1700000,1800000,3755,1765134.0,1768889.0,68889.0,Scheduled - Deadline Met,Yes,Yes,3600.1365010738373,60.00227501789729,9,9657.0,Gurobi Status: 9
F48,P48_19,8,1800000,1900000,3755,1814391.0,1818146.0,18146.0,Scheduled - Deadline Met,Yes,Yes,3600.1365010738373,60.00227501789729,9,9657.0,Gurobi Status: 9
F48,P48_20,2,1900000,2000000,3755,1973184.0,1976939.0,76939.0,Scheduled - Deadline Met,Yes,Yes,3600.1365010738373,60.00227501789729,9,9657.0,Gurobi Status: 9
F48,P48_21,8,2000000,2100000,3755,,,,Optional Packets- Not Scheduled,No,N/A,3600.1365010738373,60.00227501789729,9,9657.0,Gurobi Status: 9
F48,P48_22,2,2100000,2200000,3755,2166550.0,2170305.0,70305.0,Scheduled - Deadline Met,Yes,Yes,3600.1365010738373,60.00227501789729,9,9657.0,Gurobi Status: 9
F48,P48_23,8,2200000,2300000,3755,2281268.0,2285023.0,85023.0,Scheduled - Deadline Met,Yes,Yes,3600.1365010738373,60.00227501789729,9,9657.0,Gurobi Status: 9
F48,P48_24,2,2300000,2400000,3755,2348392.0,2352147.0,52147.0,Scheduled - Deadline Met,Yes,Yes,3600.1365010738373,60.00227501789729,9,9657.0,Gurobi Status: 9
F5,P5_1,2,0,50000,2218,0.0,2218.0,2218.0,Scheduled - Deadline Met,Yes,Yes,3600.1365010738373,60.00227501789729,9,9657.0,Gurobi Status: 9
F5,P5_2,8,50000,100000,2218,96967.0,99185.0,49185.0,Scheduled - Deadline Met,Yes,Yes,3600.1365010738373,60.00227501789729,9,9657.0,Gurobi Status: 9
F5,P5_3,2,100000,150000,2218,120415.0,122633.0,22633.0,Scheduled - Deadline Met,Yes,Yes,3600.1365010738373,60.00227501789729,9,9657.0,Gurobi Status: 9
F5,P5_4,2,150000,200000,2218,156895.0,159113.0,9113.0,Scheduled - Deadline Met,Yes,Yes,3600.1365010738373,60.00227501789729,9,9657.0,Gurobi Status: 9
F5,P5_5,8,200000,250000,2218,232182.0,234400.0,34400.0,Scheduled - Deadline Met,Yes,Yes,3600.1365010738373,60.00227501789729,9,9657.0,Gurobi Status: 9
F5,P5_6,2,250000,300000,2218,292461.0,294679.0,44679.0,Scheduled - Deadline Met,Yes,Yes,3600.1365010738373,60.00227501789729,9,9657.0,Gurobi Status: 9
F5,P5_7,2,300000,350000,2218,300000.0,302218.0,2218.0,Scheduled - Deadline Met,Yes,Yes,3600.1365010738373,60.00227501789729,9,9657.0,Gurobi Status: 9
F5,P5_8,8,350000,400000,2218,378683.0,380901.0,30901.0,Scheduled - Deadline Met,Yes,Yes,3600.1365010738373,60.00227501789729,9,9657.0,Gurobi Status: 9
F5,P5_9,2,400000,450000,2218,403253.0,405471.0,5471.0,Scheduled - Deadline Met,Yes,Yes,3600.1365010738373,60.00227501789729,9,9657.0,Gurobi Status: 9
F5,P5_10,2,450000,500000,2218,478909.0,481127.0,31127.0,Scheduled - Deadline Met,Yes,Yes,3600.1365010738373,60.00227501789729,9,9657.0,Gurobi Status: 9
F5,P5_11,8,500000,550000,2218,543113.0,545331.0,45331.0,Scheduled - Deadline Met,Yes,Yes,3600.1365010738373,60.00227501789729,9,9657.0,Gurobi Status: 9
F5,P5_12,2,550000,600000,2218,584657.0,586875.0,36875.0,Scheduled - Deadline Met,Yes,Yes,3600.1365010738373,60.00227501789729,9,9657.0,Gurobi Status: 9
F5,P5_13,2,600000,650000,2218,600815.0,603033.0,3033.0,Scheduled - Deadline Met,Yes,Yes,3600.1365010738373,60.00227501789729,9,9657.0,Gurobi Status: 9
F5,P5_14,8,650000,700000,2218,696871.0,699089.0,49089.0,Scheduled - Deadline Met,Yes,Yes,3600.1365010738373,60.00227501789729,9,9657.0,Gurobi Status: 9
F5,P5_15,2,700000,750000,2218,723903.0,726121.0,26121.0,Scheduled - Deadline Met,Yes,Yes,3600.1365010738373,60.00227501789729,9,9657.0,Gurobi Status: 9
F5,P5_16,2,750000,800000,2218,763895.0,766113.0,16113.0,Scheduled - Deadline Met,Yes,Yes,3600.1365010738373,60.00227501789729,9,9657.0,Gurobi Status: 9
F5,P5_17,8,800000,850000,2218,,,,Optional Packets- Not Scheduled,No,N/A,3600.1365010738373,60.00227501789729,9,9657.0,Gurobi Status: 9
F5,P5_18,2,850000,900000,2218,882223.0,884441.0,34441.0,Scheduled - Deadline Met,Yes,Yes,3600.1365010738373,60.00227501789729,9,9657.0,Gurobi Status: 9
F5,P5_19,2,900000,950000,2218,910281.0,912499.0,12499.0,Scheduled - Deadline Met,Yes,Yes,3600.1365010738373,60.00227501789729,9,9657.0,Gurobi Status: 9
F5,P5_20,8,950000,1000000,2218,,,,Optional Packets- Not Scheduled,No,N/A,3600.1365010738373,60.00227501789729,9,9657.0,Gurobi Status: 9
F5,P5_21,2,1000000,1050000,2218,1004314.0,1006532.0,6532.0,Scheduled - Deadline Met,Yes,Yes,3600.1365010738373,60.00227501789729,9,9657.0,Gurobi Status: 9
F5,P5_22,2,1050000,1100000,2218,1083257.0,1085475.0,35475.0,Scheduled - Deadline Met,Yes,Yes,3600.1365010738373,60.00227501789729,9,9657.0,Gurobi Status: 9
F5,P5_23,8,1100000,1150000,2218,1100000.0,1102218.0,2218.0,Scheduled - Deadline Met,Yes,Yes,3600.1365010738373,60.00227501789729,9,9657.0,Gurobi Status: 9
F5,P5_24,2,1150000,1200000,2218,1180716.0,1182934.0,32934.0,Scheduled - Deadline Met,Yes,Yes,3600.1365010738373,60.00227501789729,9,9657.0,Gurobi Status: 9
F5,P5_25,2,1200000,1250000,2218,1218529.0,1220747.0,20747.0,Scheduled - Deadline Met,Yes,Yes,3600.1365010738373,60.00227501789729,9,9657.0,Gurobi Status: 9
F5,P5_26,8,1250000,1300000,2218,,,,Optional Packets- Not Scheduled,No,N/A,3600.1365010738373,60.00227501789729,9,9657.0,Gurobi Status: 9
F5,P5_27,2,1300000,1350000,2218,1344446.0,1346664.0,46664.0,Scheduled - Deadline Met,Yes,Yes,3600.1365010738373,60.00227501789729,9,9657.0,Gurobi Status: 9
F5,P5_28,2,1350000,1400000,2218,1376715.0,1378933.0,28933.0,Scheduled - Deadline Met,Yes,Yes,3600.1365010738373,60.00227501789729,9,9657.0,Gurobi Status: 9
F5,P5_29,8,1400000,1450000,2218,1400000.0,1402218.0,2218.0,Scheduled - Deadline Met,Yes,Yes,3600.1365010738373,60.00227501789729,9,9657.0,Gurobi Status: 9
F5,P5_30,2,1450000,1500000,2218,1486786.0,1489004.0,39004.0,Scheduled - Deadline Met,Yes,Yes,3600.1365010738373,60.00227501789729,9,9657.0,Gurobi Status: 9
F5,P5_31,2,1500000,1550000,2218,1514243.0,1516461.0,16461.0,Scheduled - Deadline Met,Yes,Yes,3600.1365010738373,60.00227501789729,9,9657.0,Gurobi Status: 9
F5,P5_32,8,1550000,1600000,2218,1565529.0,1567747.0,17747.0,Scheduled - Deadline Met,Yes,Yes,3600.1365010738373,60.00227501789729,9,9657.0,Gurobi Status: 9
F5,P5_33,2,1600000,1650000,2218,1603253.0,1605471.0,5471.0,Scheduled - Deadline Met,Yes,Yes,3600.1365010738373,60.00227501789729,9,9657.0,Gurobi Status: 9
F5,P5_34,2,1650000,1700000,2218,1673675.0,1675893.0,25893.0,Scheduled - Deadline Met,Yes,Yes,3600.1365010738373,60.00227501789729,9,9657.0,Gurobi Status: 9
F5,P5_35,8,1700000,1750000,2218,,,,Optional Packets- Not Scheduled,No,N/A,3600.1365010738373,60.00227501789729,9,9657.0,Gurobi Status: 9
F5,P5_36,2,1750000,1800000,2218,1787508.0,1789726.0,39726.0,Scheduled - Deadline Met,Yes,Yes,3600.1365010738373,60.00227501789729,9,9657.0,Gurobi Status: 9
F5,P5_37,2,1800000,1850000,2218,1840079.0,1842297.0,42297.0,Scheduled - Deadline Met,Yes,Yes,3600.1365010738373,60.00227501789729,9,9657.0,Gurobi Status: 9
F5,P5_38,8,1850000,1900000,2218,1896871.0,1899089.0,49089.0,Scheduled - Deadline Met,Yes,Yes,3600.1365010738373,60.00227501789729,9,9657.0,Gurobi Status: 9
F5,P5_39,2,1900000,1950000,2218,1924976.0,1927194.0,27194.0,Scheduled - Deadline Met,Yes,Yes,3600.1365010738373,60.00227501789729,9,9657.0,Gurobi Status: 9
F5,P5_40,2,1950000,2000000,2218,1979841.0,1982059.0,32059.0,Scheduled - Deadline Met,Yes,Yes,3600.1365010738373,60.00227501789729,9,9657.0,Gurobi Status: 9
F5,P5_41,8,2000000,2050000,2218,,,,Optional Packets- Not Scheduled,No,N/A,3600.1365010738373,60.00227501789729,9,9657.0,Gurobi Status: 9
F5,P5_42,2,2050000,2100000,2218,2094059.0,2096277.0,46277.0,Scheduled - Deadline Met,Yes,Yes,3600.1365010738373,60.00227501789729,9,9657.0,Gurobi Status: 9
F5,P5_43,2,2100000,2150000,2218,2143226.0,2145444.0,45444.0,Scheduled - Deadline Met,Yes,Yes,3600.1365010738373,60.00227501789729,9,9657.0,Gurobi Status: 9
F5,P5_44,8,2150000,2200000,2218,2173207.0,2175425.0,25425.0,Scheduled - Deadline Met,Yes,Yes,3600.1365010738373,60.00227501789729,9,9657.0,Gurobi Status: 9
F5,P5_45,2,2200000,2250000,2218,2203253.0,2205471.0,5471.0,Scheduled - Deadline Met,Yes,Yes,3600.1365010738373,60.00227501789729,9,9657.0,Gurobi Status: 9
F5,P5_46,2,2250000,2300000,2218,2259652.0,2261870.0,11870.0,Scheduled - Deadline Met,Yes,Yes,3600.1365010738373,60.00227501789729,9,9657.0,Gurobi Status: 9
F5,P5_47,8,2300000,2350000,2218,2316588.0,2318806.0,18806.0,Scheduled - Deadline Met,Yes,Yes,3600.1365010738373,60.00227501789729,9,9657.0,Gurobi Status: 9
F5,P5_48,2,2350000,2400000,2218,2357487.0,2359705.0,9705.0,Scheduled - Deadline Met,Yes,Yes,3600.1365010738373,60.00227501789729,9,9657.0,Gurobi Status: 9
F6,P6_1,3,0,200000,1178,4362.0,5540.0,5540.0,Scheduled - Deadline Met,Yes,Yes,3600.1365010738373,60.00227501789729,9,9657.0,Gurobi Status: 9
F6,P6_2,3,200000,400000,1178,335425.0,336603.0,136603.0,Scheduled - Deadline Met,Yes,Yes,3600.1365010738373,60.00227501789729,9,9657.0,Gurobi Status: 9
F6,P6_3,8,400000,600000,1178,,,,Optional Packets- Not Scheduled,No,N/A,3600.1365010738373,60.00227501789729,9,9657.0,Gurobi Status: 9
F6,P6_4,3,600000,800000,1178,753413.0,754591.0,154591.0,Scheduled - Deadline Met,Yes,Yes,3600.1365010738373,60.00227501789729,9,9657.0,Gurobi Status: 9
F6,P6_5,3,800000,1000000,1178,899354.0,900532.0,100532.0,Scheduled - Deadline Met,Yes,Yes,3600.1365010738373,60.00227501789729,9,9657.0,Gurobi Status: 9
F6,P6_6,8,1000000,1200000,1178,1068209.0,1069387.0,69387.0,Scheduled - Deadline Met,Yes,Yes,3600.1365010738373,60.00227501789729,9,9657.0,Gurobi Status: 9
F6,P6_7,3,1200000,1400000,1178,1217255.0,1218433.0,18433.0,Scheduled - Deadline Met,Yes,Yes,3600.1365010738373,60.00227501789729,9,9657.0,Gurobi Status: 9
F6,P6_8,3,1400000,1600000,1178,1580463.0,1581641.0,181641.0,Scheduled - Deadline Met,Yes,Yes,3600.1365010738373,60.00227501789729,9,9657.0,Gurobi Status: 9
F6,P6_9,8,1600000,1800000,1178,,,,Optional Packets- Not Scheduled,No,N/A,3600.1365010738373,60.00227501789729,9,9657.0,Gurobi Status: 9
F6,P6_10,3,1800000,2000000,1178,1889997.0,1891175.0,91175.0,Scheduled - Deadline Met,Yes,Yes,3600.1365010738373,60.00227501789729,9,9657.0,Gurobi Status: 9
F6,P6_11,3,2000000,2200000,1178,2079119.0,2080297.0,80297.0,Scheduled - Deadline Met,Yes,Yes,3600.1365010738373,60.00227501789729,9,9657.0,Gurobi Status: 9
F6,P6_12,8,2200000,2400000,1178,2294415.0,2295593.0,95593.0,Scheduled - Deadline Met,Yes,Yes,3600.1365010738373,60.00227501789729,9,9657.0,Gurobi Status: 9
F7,P7_1,3,0,400000,8795,165065.0,173860.0,173860.0,Scheduled - Deadline Met,Yes,Yes,3600.1365010738373,60.00227501789729,9,9657.0,Gurobi Status: 9
F7,P7_2,3,400000,800000,8795,518897.0,527692.0,127692.0,Scheduled - Deadline Met,Yes,Yes,3600.1365010738373,60.00227501789729,9,9657.0,Gurobi Status: 9
F7,P7_3,8,800000,1200000,8795,,,,Optional Packets- Not Scheduled,No,N/A,3600.1365010738373,60.00227501789729,9,9657.0,Gurobi Status: 9
F7,P7_4,3,1200000,1600000,8795,1367920.0,1376715.0,176715.0,Scheduled - Deadline Met,Yes,Yes,3600.1365010738373,60.00227501789729,9,9657.0,Gurobi Status: 9
F7,P7_5,3,1600000,2000000,8795,1714007.0,1722802.0,122802.0,Scheduled - Deadline Met,Yes,Yes,3600.1365010738373,60.00227501789729,9,9657.0,Gurobi Status: 9
F7,P7_6,8,2000000,2400000,8795,,,,Optional Packets- Not Scheduled,No,N/A,3600.1365010738373,60.00227501789729,9,9657.0,Gurobi Status: 9
F8,P8_1,8,0,200000,10914,,,,Optional Packets- Not Scheduled,No,N/A,3600.1365010738373,60.00227501789729,9,9657.0,Gurobi Status: 9
F8,P8_2,2,200000,400000,10914,204687.0,215601.0,15601.0,Scheduled - Deadline Met,Yes,Yes,3600.1365010738373,60.00227501789729,9,9657.0,Gurobi Status: 9
F8,P8_3,2,400000,600000,10914,428107.0,439021.0,39021.0,Scheduled - Deadline Met,Yes,Yes,3600.1365010738373,60.00227501789729,9,9657.0,Gurobi Status: 9
F8,P8_4,8,600000,800000,10914,,,,Optional Packets- Not Scheduled,No,N/A,3600.1365010738373,60.00227501789729,9,9657.0,Gurobi Status: 9
F8,P8_5,2,800000,1000000,10914,825907.0,836821.0,36821.0,Scheduled - Deadline Met,Yes,Yes,3600.1365010738373,60.00227501789729,9,9657.0,Gurobi Status: 9
F8,P8_6,2,1000000,1200000,10914,1007443.0,1018357.0,18357.0,Scheduled - Deadline Met,Yes,Yes,3600.1365010738373,60.00227501789729,9,9657.0,Gurobi Status: 9
F8,P8_7,8,1200000,1400000,10914,,,,Optional Packets- Not Scheduled,No,N/A,3600.1365010738373,60.00227501789729,9,9657.0,Gurobi Status: 9
F8,P8_8,2,1400000,1600000,10914,1423975.0,1434889.0,34889.0,Scheduled - Deadline Met,Yes,Yes,3600.1365010738373,60.00227501789729,9,9657.0,Gurobi Status: 9
F8,P8_9,2,1600000,1800000,10914,1635320.0,1646234.0,46234.0,Scheduled - Deadline Met,Yes,Yes,3600.1365010738373,60.00227501789729,9,9657.0,Gurobi Status: 9
F8,P8_10,8,1800000,2000000,10914,,,,Optional Packets- Not Scheduled,No,N/A,3600.1365010738373,60.00227501789729,9,9657.0,Gurobi Status: 9
F8,P8_11,2,2000000,2200000,10914,2027742.0,2038656.0,38656.0,Scheduled - Deadline Met,Yes,Yes,3600.1365010738373,60.00227501789729,9,9657.0,Gurobi Status: 9
F8,P8_12,2,2200000,2400000,10914,2205567.0,2216481.0,16481.0,Scheduled - Deadline Met,Yes,Yes,3600.1365010738373,60.00227501789729,9,9657.0,Gurobi Status: 9
F9,P9_1,2,0,200000,8163,16510.0,24673.0,24673.0,Scheduled - Deadline Met,Yes,Yes,3600.1365010738373,60.00227501789729,9,9657.0,Gurobi Status: 9
F9,P9_2,8,200000,400000,8163,257707.0,265870.0,65870.0,Scheduled - Deadline Met,Yes,Yes,3600.1365010738373,60.00227501789729,9,9657.0,Gurobi Status: 9
F9,P9_3,2,400000,600000,8163,459153.0,467316.0,67316.0,Scheduled - Deadline Met,Yes,Yes,3600.1365010738373,60.00227501789729,9,9657.0,Gurobi Status: 9
F9,P9_4,2,600000,800000,8163,663348.0,671511.0,71511.0,Scheduled - Deadline Met,Yes,Yes,3600.1365010738373,60.00227501789729,9,9657.0,Gurobi Status: 9
F9,P9_5,8,800000,1000000,8163,,,,Optional Packets- Not Scheduled,No,N/A,3600.1365010738373,60.00227501789729,9,9657.0,Gurobi Status: 9
F9,P9_6,2,1000000,1200000,8163,1037413.0,1045576.0,45576.0,Scheduled - Deadline Met,Yes,Yes,3600.1365010738373,60.00227501789729,9,9657.0,Gurobi Status: 9
F9,P9_7,2,1200000,1400000,8163,1265808.0,1273971.0,73971.0,Scheduled - Deadline Met,Yes,Yes,3600.1365010738373,60.00227501789729,9,9657.0,Gurobi Status: 9
F9,P9_8,8,1400000,1600000,8163,,,,Optional Packets- Not Scheduled,No,N/A,3600.1365010738373,60.00227501789729,9,9657.0,Gurobi Status: 9
F9,P9_9,2,1600000,1800000,8163,1654955.0,1663118.0,63118.0,Scheduled - Deadline Met,Yes,Yes,3600.1365010738373,60.00227501789729,9,9657.0,Gurobi Status: 9
F9,P9_10,2,1800000,2000000,8163,1863005.0,1871168.0,71168.0,Scheduled - Deadline Met,Yes,Yes,3600.1365010738373,60.00227501789729,9,9657.0,Gurobi Status: 9
F9,P9_11,8,2000000,2200000,8163,,,,Optional Packets- Not Scheduled,No,N/A,3600.1365010738373,60.00227501789729,9,9657.0,Gurobi Status: 9
F9,P9_12,2,2200000,2400000,8163,2251393.0,2259556.0,59556.0,Scheduled - Deadline Met,Yes,Yes,3600.1365010738373,60.00227501789729,9,9657.0,Gurobi Status: 9
