Flow,Packet,Class,Arrival,Deadline,Execution Time,Gate Open,Gate Close,Response Time,Status,Scheduled,Deadline Met,Solver_Execution_Time_Seconds,Solver_Execution_Time_Minutes,Solver_Status,Objective_Value,Stopping_Reason
F1,P1_1,8,0,400000,1970,,,,Optional Packets- Not Scheduled,No,N/A,3600.249494075775,60.004158234596254,9,15056.0,Gurobi Status: 9
F1,P1_2,6,400000,800000,1970,483820.0,485790.0,85790.0,Scheduled - Deadline Met,Yes,Yes,3600.249494075775,60.004158234596254,9,15056.0,Gurobi Status: 9
F1,P1_3,6,800000,1200000,1970,845392.0,847362.0,47362.0,Scheduled - Deadline Met,Yes,Yes,3600.249494075775,60.004158234596254,9,15056.0,Gurobi Status: 9
F1,P1_4,8,1200000,1600000,1970,,,,Optional Packets- Not Scheduled,No,N/A,3600.249494075775,60.004158234596254,9,15056.0,Gurobi Status: 9
F1,P1_5,6,1600000,2000000,1970,1734538.0,1736508.0,136508.0,Scheduled - Deadline Met,Yes,Yes,3600.249494075775,60.004158234596254,9,15056.0,Gurobi Status: 9
F1,P1_6,6,2000000,2400000,1970,2057988.0,2059958.0,59958.0,Scheduled - Deadline Met,Yes,Yes,3600.249494075775,60.004158234596254,9,15056.0,Gurobi Status: 9
F10,P10_1,1,0,200000,6047,18504.0,24551.0,24551.0,Scheduled - Deadline Met,Yes,Yes,3600.249494075775,60.004158234596254,9,15056.0,Gurobi Status: 9
F10,P10_2,1,200000,400000,6047,201482.0,207529.0,7529.0,Scheduled - Deadline Met,Yes,Yes,3600.249494075775,60.004158234596254,9,15056.0,Gurobi Status: 9
F10,P10_3,8,400000,600000,6047,,,,Optional Packets- Not Scheduled,No,N/A,3600.249494075775,60.004158234596254,9,15056.0,Gurobi Status: 9
F10,P10_4,1,600000,800000,6047,649493.0,655540.0,55540.0,Scheduled - Deadline Met,Yes,Yes,3600.249494075775,60.004158234596254,9,15056.0,Gurobi Status: 9
F10,P10_5,1,800000,1000000,6047,808652.0,814699.0,14699.0,Scheduled - Deadline Met,Yes,Yes,3600.249494075775,60.004158234596254,9,15056.0,Gurobi Status: 9
F10,P10_6,8,1000000,1200000,6047,1087139.0,1093186.0,93186.0,Scheduled - Deadline Met,Yes,Yes,3600.249494075775,60.004158234596254,9,15056.0,Gurobi Status: 9
F10,P10_7,1,1200000,1400000,6047,1234250.0,1240297.0,40297.0,Scheduled - Deadline Met,Yes,Yes,3600.249494075775,60.004158234596254,9,15056.0,Gurobi Status: 9
F10,P10_8,1,1400000,1600000,6047,1457869.0,1463916.0,63916.0,Scheduled - Deadline Met,Yes,Yes,3600.249494075775,60.004158234596254,9,15056.0,Gurobi Status: 9
F10,P10_9,8,1600000,1800000,6047,,,,Optional Packets- Not Scheduled,No,N/A,3600.249494075775,60.004158234596254,9,15056.0,Gurobi Status: 9
F10,P10_10,1,1800000,2000000,6047,1864482.0,1870529.0,70529.0,Scheduled - Deadline Met,Yes,Yes,3600.249494075775,60.004158234596254,9,15056.0,Gurobi Status: 9
F10,P10_11,1,2000000,2200000,6047,2000000.0,2006047.0,6047.0,Scheduled - Deadline Met,Yes,Yes,3600.249494075775,60.004158234596254,9,15056.0,Gurobi Status: 9
F10,P10_12,8,2200000,2400000,6047,2324859.0,2330906.0,130906.0,Scheduled - Deadline Met,Yes,Yes,3600.249494075775,60.004158234596254,9,15056.0,Gurobi Status: 9
F11,P11_1,5,0,50000,2421,8817.0,11238.0,11238.0,Scheduled - Deadline Met,Yes,Yes,3600.249494075775,60.004158234596254,9,15056.0,Gurobi Status: 9
F11,P11_2,8,50000,100000,2421,97579.0,100000.0,50000.0,Scheduled - Deadline Met,Yes,Yes,3600.249494075775,60.004158234596254,9,15056.0,Gurobi Status: 9
F11,P11_3,5,100000,150000,2421,134947.0,137368.0,37368.0,Scheduled - Deadline Met,Yes,Yes,3600.249494075775,60.004158234596254,9,15056.0,Gurobi Status: 9
F11,P11_4,5,150000,200000,2421,184880.0,187301.0,37301.0,Scheduled - Deadline Met,Yes,Yes,3600.249494075775,60.004158234596254,9,15056.0,Gurobi Status: 9
F11,P11_5,8,200000,250000,2421,214795.0,217216.0,17216.0,Scheduled - Deadline Met,Yes,Yes,3600.249494075775,60.004158234596254,9,15056.0,Gurobi Status: 9
F11,P11_6,5,250000,300000,2421,293914.0,296335.0,46335.0,Scheduled - Deadline Met,Yes,Yes,3600.249494075775,60.004158234596254,9,15056.0,Gurobi Status: 9
F11,P11_7,5,300000,350000,2421,300000.0,302421.0,2421.0,Scheduled - Deadline Met,Yes,Yes,3600.249494075775,60.004158234596254,9,15056.0,Gurobi Status: 9
F11,P11_8,8,350000,400000,2421,377836.0,380257.0,30257.0,Scheduled - Deadline Met,Yes,Yes,3600.249494075775,60.004158234596254,9,15056.0,Gurobi Status: 9
F11,P11_9,5,400000,450000,2421,402903.0,405324.0,5324.0,Scheduled - Deadline Met,Yes,Yes,3600.249494075775,60.004158234596254,9,15056.0,Gurobi Status: 9
F11,P11_10,5,450000,500000,2421,477050.0,479471.0,29471.0,Scheduled - Deadline Met,Yes,Yes,3600.249494075775,60.004158234596254,9,15056.0,Gurobi Status: 9
F11,P11_11,8,500000,550000,2421,527686.0,530107.0,30107.0,Scheduled - Deadline Met,Yes,Yes,3600.249494075775,60.004158234596254,9,15056.0,Gurobi Status: 9
F11,P11_12,5,550000,600000,2421,569856.0,572277.0,22277.0,Scheduled - Deadline Met,Yes,Yes,3600.249494075775,60.004158234596254,9,15056.0,Gurobi Status: 9
F11,P11_13,5,600000,650000,2421,600000.0,602421.0,2421.0,Scheduled - Deadline Met,Yes,Yes,3600.249494075775,60.004158234596254,9,15056.0,Gurobi Status: 9
F11,P11_14,8,650000,700000,2421,697579.0,700000.0,50000.0,Scheduled - Deadline Met,Yes,Yes,3600.249494075775,60.004158234596254,9,15056.0,Gurobi Status: 9
F11,P11_15,5,700000,750000,2421,725673.0,728094.0,28094.0,Scheduled - Deadline Met,Yes,Yes,3600.249494075775,60.004158234596254,9,15056.0,Gurobi Status: 9
F11,P11_16,5,750000,800000,2421,776505.0,778926.0,28926.0,Scheduled - Deadline Met,Yes,Yes,3600.249494075775,60.004158234596254,9,15056.0,Gurobi Status: 9
F11,P11_17,8,800000,850000,2421,,,,Optional Packets- Not Scheduled,No,N/A,3600.249494075775,60.004158234596254,9,15056.0,Gurobi Status: 9
F11,P11_18,5,850000,900000,2421,879263.0,881684.0,31684.0,Scheduled - Deadline Met,Yes,Yes,3600.249494075775,60.004158234596254,9,15056.0,Gurobi Status: 9
F11,P11_19,5,900000,950000,2421,900000.0,902421.0,2421.0,Scheduled - Deadline Met,Yes,Yes,3600.249494075775,60.004158234596254,9,15056.0,Gurobi Status: 9
F11,P11_20,8,950000,1000000,2421,950000.0,952421.0,2421.0,Scheduled - Deadline Met,Yes,Yes,3600.249494075775,60.004158234596254,9,15056.0,Gurobi Status: 9
F11,P11_21,5,1000000,1050000,2421,1000000.0,1002421.0,2421.0,Scheduled - Deadline Met,Yes,Yes,3600.249494075775,60.004158234596254,9,15056.0,Gurobi Status: 9
F11,P11_22,5,1050000,1100000,2421,1081044.0,1083465.0,33465.0,Scheduled - Deadline Met,Yes,Yes,3600.249494075775,60.004158234596254,9,15056.0,Gurobi Status: 9
F11,P11_23,8,1100000,1150000,2421,1106281.0,1108702.0,8702.0,Scheduled - Deadline Met,Yes,Yes,3600.249494075775,60.004158234596254,9,15056.0,Gurobi Status: 9
F11,P11_24,5,1150000,1200000,2421,1174323.0,1176744.0,26744.0,Scheduled - Deadline Met,Yes,Yes,3600.249494075775,60.004158234596254,9,15056.0,Gurobi Status: 9
F11,P11_25,5,1200000,1250000,2421,1203754.0,1206175.0,6175.0,Scheduled - Deadline Met,Yes,Yes,3600.249494075775,60.004158234596254,9,15056.0,Gurobi Status: 9
F11,P11_26,8,1250000,1300000,2421,,,,Optional Packets- Not Scheduled,No,N/A,3600.249494075775,60.004158234596254,9,15056.0,Gurobi Status: 9
F11,P11_27,5,1300000,1350000,2421,1327719.0,1330140.0,30140.0,Scheduled - Deadline Met,Yes,Yes,3600.249494075775,60.004158234596254,9,15056.0,Gurobi Status: 9
F11,P11_28,5,1350000,1400000,2421,1383894.0,1386315.0,36315.0,Scheduled - Deadline Met,Yes,Yes,3600.249494075775,60.004158234596254,9,15056.0,Gurobi Status: 9
F11,P11_29,8,1400000,1450000,2421,1417029.0,1419450.0,19450.0,Scheduled - Deadline Met,Yes,Yes,3600.249494075775,60.004158234596254,9,15056.0,Gurobi Status: 9
F11,P11_30,5,1450000,1500000,2421,1484268.0,1486689.0,36689.0,Scheduled - Deadline Met,Yes,Yes,3600.249494075775,60.004158234596254,9,15056.0,Gurobi Status: 9
F11,P11_31,5,1500000,1550000,2421,1537081.0,1539502.0,39502.0,Scheduled - Deadline Met,Yes,Yes,3600.249494075775,60.004158234596254,9,15056.0,Gurobi Status: 9
F11,P11_32,8,1550000,1600000,2421,1574241.0,1576662.0,26662.0,Scheduled - Deadline Met,Yes,Yes,3600.249494075775,60.004158234596254,9,15056.0,Gurobi Status: 9
F11,P11_33,5,1600000,1650000,2421,1604385.0,1606806.0,6806.0,Scheduled - Deadline Met,Yes,Yes,3600.249494075775,60.004158234596254,9,15056.0,Gurobi Status: 9
F11,P11_34,5,1650000,1700000,2421,1680909.0,1683330.0,33330.0,Scheduled - Deadline Met,Yes,Yes,3600.249494075775,60.004158234596254,9,15056.0,Gurobi Status: 9
F11,P11_35,8,1700000,1750000,2421,1713912.0,1716333.0,16333.0,Scheduled - Deadline Met,Yes,Yes,3600.249494075775,60.004158234596254,9,15056.0,Gurobi Status: 9
F11,P11_36,5,1750000,1800000,2421,1767120.0,1769541.0,19541.0,Scheduled - Deadline Met,Yes,Yes,3600.249494075775,60.004158234596254,9,15056.0,Gurobi Status: 9
F11,P11_37,5,1800000,1850000,2421,1836001.0,1838422.0,38422.0,Scheduled - Deadline Met,Yes,Yes,3600.249494075775,60.004158234596254,9,15056.0,Gurobi Status: 9
F11,P11_38,8,1850000,1900000,2421,,,,Optional Packets- Not Scheduled,No,N/A,3600.249494075775,60.004158234596254,9,15056.0,Gurobi Status: 9
F11,P11_39,5,1900000,1950000,2421,1932531.0,1934952.0,34952.0,Scheduled - Deadline Met,Yes,Yes,3600.249494075775,60.004158234596254,9,15056.0,Gurobi Status: 9
F11,P11_40,5,1950000,2000000,2421,1957415.0,1959836.0,9836.0,Scheduled - Deadline Met,Yes,Yes,3600.249494075775,60.004158234596254,9,15056.0,Gurobi Status: 9
F11,P11_41,8,2000000,2050000,2421,,,,Optional Packets- Not Scheduled,No,N/A,3600.249494075775,60.004158234596254,9,15056.0,Gurobi Status: 9
F11,P11_42,5,2050000,2100000,2421,2065302.0,2067723.0,17723.0,Scheduled - Deadline Met,Yes,Yes,3600.249494075775,60.004158234596254,9,15056.0,Gurobi Status: 9
F11,P11_43,5,2100000,2150000,2421,2114612.0,2117033.0,17033.0,Scheduled - Deadline Met,Yes,Yes,3600.249494075775,60.004158234596254,9,15056.0,Gurobi Status: 9
F11,P11_44,8,2150000,2200000,2421,2150096.0,2152517.0,2517.0,Scheduled - Deadline Met,Yes,Yes,3600.249494075775,60.004158234596254,9,15056.0,Gurobi Status: 9
F11,P11_45,5,2200000,2250000,2421,2202860.0,2205281.0,5281.0,Scheduled - Deadline Met,Yes,Yes,3600.249494075775,60.004158234596254,9,15056.0,Gurobi Status: 9
F11,P11_46,5,2250000,2300000,2421,2276052.0,2278473.0,28473.0,Scheduled - Deadline Met,Yes,Yes,3600.249494075775,60.004158234596254,9,15056.0,Gurobi Status: 9
F11,P11_47,8,2300000,2350000,2421,2344001.0,2346422.0,46422.0,Scheduled - Deadline Met,Yes,Yes,3600.249494075775,60.004158234596254,9,15056.0,Gurobi Status: 9
F11,P11_48,5,2350000,2400000,2421,2384466.0,2386887.0,36887.0,Scheduled - Deadline Met,Yes,Yes,3600.249494075775,60.004158234596254,9,15056.0,Gurobi Status: 9
F12,P12_1,1,0,400000,1674,59092.0,60766.0,60766.0,Scheduled - Deadline Met,Yes,Yes,3600.249494075775,60.004158234596254,9,15056.0,Gurobi Status: 9
F12,P12_2,1,400000,800000,1674,454207.0,455881.0,55881.0,Scheduled - Deadline Met,Yes,Yes,3600.249494075775,60.004158234596254,9,15056.0,Gurobi Status: 9
F12,P12_3,8,800000,1200000,1674,934154.0,935828.0,135828.0,Scheduled - Deadline Met,Yes,Yes,3600.249494075775,60.004158234596254,9,15056.0,Gurobi Status: 9
F12,P12_4,1,1200000,1600000,1674,1259442.0,1261116.0,61116.0,Scheduled - Deadline Met,Yes,Yes,3600.249494075775,60.004158234596254,9,15056.0,Gurobi Status: 9
F12,P12_5,1,1600000,2000000,1674,1632325.0,1633999.0,33999.0,Scheduled - Deadline Met,Yes,Yes,3600.249494075775,60.004158234596254,9,15056.0,Gurobi Status: 9
F12,P12_6,8,2000000,2400000,1674,2136385.0,2138059.0,138059.0,Scheduled - Deadline Met,Yes,Yes,3600.249494075775,60.004158234596254,9,15056.0,Gurobi Status: 9
F13,P13_1,2,0,400000,8379,176501.0,184880.0,184880.0,Scheduled - Deadline Met,Yes,Yes,3600.249494075775,60.004158234596254,9,15056.0,Gurobi Status: 9
F13,P13_2,2,400000,800000,8379,572277.0,580656.0,180656.0,Scheduled - Deadline Met,Yes,Yes,3600.249494075775,60.004158234596254,9,15056.0,Gurobi Status: 9
F13,P13_3,8,800000,1200000,8379,,,,Optional Packets- Not Scheduled,No,N/A,3600.249494075775,60.004158234596254,9,15056.0,Gurobi Status: 9
F13,P13_4,2,1200000,1600000,8379,1370750.0,1379129.0,179129.0,Scheduled - Deadline Met,Yes,Yes,3600.249494075775,60.004158234596254,9,15056.0,Gurobi Status: 9
F13,P13_5,2,1600000,2000000,8379,1751724.0,1760103.0,160103.0,Scheduled - Deadline Met,Yes,Yes,3600.249494075775,60.004158234596254,9,15056.0,Gurobi Status: 9
F13,P13_6,8,2000000,2400000,8379,,,,Optional Packets- Not Scheduled,No,N/A,3600.249494075775,60.004158234596254,9,15056.0,Gurobi Status: 9
F14,P14_1,5,0,400000,2366,129650.0,132016.0,132016.0,Scheduled - Deadline Met,Yes,Yes,3600.249494075775,60.004158234596254,9,15056.0,Gurobi Status: 9
F14,P14_2,8,400000,800000,2366,516653.0,519019.0,119019.0,Scheduled - Deadline Met,Yes,Yes,3600.249494075775,60.004158234596254,9,15056.0,Gurobi Status: 9
F14,P14_3,5,800000,1200000,2366,875717.0,878083.0,78083.0,Scheduled - Deadline Met,Yes,Yes,3600.249494075775,60.004158234596254,9,15056.0,Gurobi Status: 9
F14,P14_4,5,1200000,1600000,2366,1313744.0,1316110.0,116110.0,Scheduled - Deadline Met,Yes,Yes,3600.249494075775,60.004158234596254,9,15056.0,Gurobi Status: 9
F14,P14_5,8,1600000,2000000,2366,1700744.0,1703110.0,103110.0,Scheduled - Deadline Met,Yes,Yes,3600.249494075775,60.004158234596254,9,15056.0,Gurobi Status: 9
F14,P14_6,5,2000000,2400000,2366,2052306.0,2054672.0,54672.0,Scheduled - Deadline Met,Yes,Yes,3600.249494075775,60.004158234596254,9,15056.0,Gurobi Status: 9
F15,P15_1,3,0,200000,7074,11334.0,18408.0,18408.0,Scheduled - Deadline Met,Yes,Yes,3600.249494075775,60.004158234596254,9,15056.0,Gurobi Status: 9
F15,P15_2,3,200000,400000,7074,207625.0,214699.0,14699.0,Scheduled - Deadline Met,Yes,Yes,3600.249494075775,60.004158234596254,9,15056.0,Gurobi Status: 9
F15,P15_3,8,400000,600000,7074,,,,Optional Packets- Not Scheduled,No,N/A,3600.249494075775,60.004158234596254,9,15056.0,Gurobi Status: 9
F15,P15_4,3,600000,800000,7074,638540.0,645614.0,45614.0,Scheduled - Deadline Met,Yes,Yes,3600.249494075775,60.004158234596254,9,15056.0,Gurobi Status: 9
F15,P15_5,3,800000,1000000,7074,801482.0,808556.0,8556.0,Scheduled - Deadline Met,Yes,Yes,3600.249494075775,60.004158234596254,9,15056.0,Gurobi Status: 9
F15,P15_6,8,1000000,1200000,7074,,,,Optional Packets- Not Scheduled,No,N/A,3600.249494075775,60.004158234596254,9,15056.0,Gurobi Status: 9
F15,P15_7,3,1200000,1400000,7074,1245375.0,1252449.0,52449.0,Scheduled - Deadline Met,Yes,Yes,3600.249494075775,60.004158234596254,9,15056.0,Gurobi Status: 9
F15,P15_8,3,1400000,1600000,7074,1401482.0,1408556.0,8556.0,Scheduled - Deadline Met,Yes,Yes,3600.249494075775,60.004158234596254,9,15056.0,Gurobi Status: 9
F15,P15_9,8,1600000,1800000,7074,,,,Optional Packets- Not Scheduled,No,N/A,3600.249494075775,60.004158234596254,9,15056.0,Gurobi Status: 9
F15,P15_10,3,1800000,2000000,7074,1855934.0,1863008.0,63008.0,Scheduled - Deadline Met,Yes,Yes,3600.249494075775,60.004158234596254,9,15056.0,Gurobi Status: 9
F15,P15_11,3,2000000,2200000,7074,2011762.0,2018836.0,18836.0,Scheduled - Deadline Met,Yes,Yes,3600.249494075775,60.004158234596254,9,15056.0,Gurobi Status: 9
F15,P15_12,8,2200000,2400000,7074,2317689.0,2324763.0,124763.0,Scheduled - Deadline Met,Yes,Yes,3600.249494075775,60.004158234596254,9,15056.0,Gurobi Status: 9
F16,P16_1,2,0,200000,9343,146281.0,155624.0,155624.0,Scheduled - Deadline Met,Yes,Yes,3600.249494075775,60.004158234596254,9,15056.0,Gurobi Status: 9
F16,P16_2,2,200000,400000,9343,332581.0,341924.0,141924.0,Scheduled - Deadline Met,Yes,Yes,3600.249494075775,60.004158234596254,9,15056.0,Gurobi Status: 9
F16,P16_3,8,400000,600000,9343,,,,Optional Packets- Not Scheduled,No,N/A,3600.249494075775,60.004158234596254,9,15056.0,Gurobi Status: 9
F16,P16_4,2,600000,800000,9343,728094.0,737437.0,137437.0,Scheduled - Deadline Met,Yes,Yes,3600.249494075775,60.004158234596254,9,15056.0,Gurobi Status: 9
F16,P16_5,2,800000,1000000,9343,830152.0,839495.0,39495.0,Scheduled - Deadline Met,Yes,Yes,3600.249494075775,60.004158234596254,9,15056.0,Gurobi Status: 9
F16,P16_6,8,1000000,1200000,9343,,,,Optional Packets- Not Scheduled,No,N/A,3600.249494075775,60.004158234596254,9,15056.0,Gurobi Status: 9
F16,P16_7,2,1200000,1400000,9343,1361311.0,1370654.0,170654.0,Scheduled - Deadline Met,Yes,Yes,3600.249494075775,60.004158234596254,9,15056.0,Gurobi Status: 9
F16,P16_8,2,1400000,1600000,9343,1539502.0,1548845.0,148845.0,Scheduled - Deadline Met,Yes,Yes,3600.249494075775,60.004158234596254,9,15056.0,Gurobi Status: 9
F16,P16_9,8,1600000,1800000,9343,,,,Optional Packets- Not Scheduled,No,N/A,3600.249494075775,60.004158234596254,9,15056.0,Gurobi Status: 9
F16,P16_10,2,1800000,2000000,9343,1945347.0,1954690.0,154690.0,Scheduled - Deadline Met,Yes,Yes,3600.249494075775,60.004158234596254,9,15056.0,Gurobi Status: 9
F16,P16_11,2,2000000,2200000,9343,2033380.0,2042723.0,42723.0,Scheduled - Deadline Met,Yes,Yes,3600.249494075775,60.004158234596254,9,15056.0,Gurobi Status: 9
F16,P16_12,8,2200000,2400000,9343,2308250.0,2317593.0,117593.0,Scheduled - Deadline Met,Yes,Yes,3600.249494075775,60.004158234596254,9,15056.0,Gurobi Status: 9
F17,P17_1,8,0,400000,2314,,,,Optional Packets- Not Scheduled,No,N/A,3600.249494075775,60.004158234596254,9,15056.0,Gurobi Status: 9
F17,P17_2,3,400000,800000,2314,446891.0,449205.0,49205.0,Scheduled - Deadline Met,Yes,Yes,3600.249494075775,60.004158234596254,9,15056.0,Gurobi Status: 9
F17,P17_3,3,800000,1200000,2314,862446.0,864760.0,64760.0,Scheduled - Deadline Met,Yes,Yes,3600.249494075775,60.004158234596254,9,15056.0,Gurobi Status: 9
F17,P17_4,8,1200000,1600000,2314,,,,Optional Packets- Not Scheduled,No,N/A,3600.249494075775,60.004158234596254,9,15056.0,Gurobi Status: 9
F17,P17_5,3,1600000,2000000,2314,1658449.0,1660763.0,60763.0,Scheduled - Deadline Met,Yes,Yes,3600.249494075775,60.004158234596254,9,15056.0,Gurobi Status: 9
F17,P17_6,3,2000000,2400000,2314,2049896.0,2052210.0,52210.0,Scheduled - Deadline Met,Yes,Yes,3600.249494075775,60.004158234596254,9,15056.0,Gurobi Status: 9
F18,P18_1,8,0,50000,1386,28535.0,29921.0,29921.0,Scheduled - Deadline Met,Yes,Yes,3600.249494075775,60.004158234596254,9,15056.0,Gurobi Status: 9
F18,P18_2,6,50000,100000,1386,70986.0,72372.0,22372.0,Scheduled - Deadline Met,Yes,Yes,3600.249494075775,60.004158234596254,9,15056.0,Gurobi Status: 9
F18,P18_3,6,100000,150000,1386,133465.0,134851.0,34851.0,Scheduled - Deadline Met,Yes,Yes,3600.249494075775,60.004158234596254,9,15056.0,Gurobi Status: 9
F18,P18_4,8,150000,200000,1386,,,,Optional Packets- Not Scheduled,No,N/A,3600.249494075775,60.004158234596254,9,15056.0,Gurobi Status: 9
F18,P18_5,6,200000,250000,1386,200000.0,201386.0,1386.0,Scheduled - Deadline Met,Yes,Yes,3600.249494075775,60.004158234596254,9,15056.0,Gurobi Status: 9
F18,P18_6,6,250000,300000,1386,298614.0,300000.0,50000.0,Scheduled - Deadline Met,Yes,Yes,3600.249494075775,60.004158234596254,9,15056.0,Gurobi Status: 9
F18,P18_7,8,300000,350000,1386,320186.0,321572.0,21572.0,Scheduled - Deadline Met,Yes,Yes,3600.249494075775,60.004158234596254,9,15056.0,Gurobi Status: 9
F18,P18_8,6,350000,400000,1386,357380.0,358766.0,8766.0,Scheduled - Deadline Met,Yes,Yes,3600.249494075775,60.004158234596254,9,15056.0,Gurobi Status: 9
F18,P18_9,6,400000,450000,1386,405420.0,406806.0,6806.0,Scheduled - Deadline Met,Yes,Yes,3600.249494075775,60.004158234596254,9,15056.0,Gurobi Status: 9
F18,P18_10,8,450000,500000,1386,,,,Optional Packets- Not Scheduled,No,N/A,3600.249494075775,60.004158234596254,9,15056.0,Gurobi Status: 9
F18,P18_11,6,500000,550000,1386,546638.0,548024.0,48024.0,Scheduled - Deadline Met,Yes,Yes,3600.249494075775,60.004158234596254,9,15056.0,Gurobi Status: 9
F18,P18_12,6,550000,600000,1386,590718.0,592104.0,42104.0,Scheduled - Deadline Met,Yes,Yes,3600.249494075775,60.004158234596254,9,15056.0,Gurobi Status: 9
F18,P18_13,8,600000,650000,1386,613514.0,614900.0,14900.0,Scheduled - Deadline Met,Yes,Yes,3600.249494075775,60.004158234596254,9,15056.0,Gurobi Status: 9
F18,P18_14,6,650000,700000,1386,675751.0,677137.0,27137.0,Scheduled - Deadline Met,Yes,Yes,3600.249494075775,60.004158234596254,9,15056.0,Gurobi Status: 9
F18,P18_15,6,700000,750000,1386,737437.0,738823.0,38823.0,Scheduled - Deadline Met,Yes,Yes,3600.249494075775,60.004158234596254,9,15056.0,Gurobi Status: 9
F18,P18_16,8,750000,800000,1386,788785.0,790171.0,40171.0,Scheduled - Deadline Met,Yes,Yes,3600.249494075775,60.004158234596254,9,15056.0,Gurobi Status: 9
F18,P18_17,6,800000,850000,1386,800000.0,801386.0,1386.0,Scheduled - Deadline Met,Yes,Yes,3600.249494075775,60.004158234596254,9,15056.0,Gurobi Status: 9
F18,P18_18,6,850000,900000,1386,870154.0,871540.0,21540.0,Scheduled - Deadline Met,Yes,Yes,3600.249494075775,60.004158234596254,9,15056.0,Gurobi Status: 9
F18,P18_19,8,900000,950000,1386,947338.0,948724.0,48724.0,Scheduled - Deadline Met,Yes,Yes,3600.249494075775,60.004158234596254,9,15056.0,Gurobi Status: 9
F18,P18_20,6,950000,1000000,1386,998614.0,1000000.0,50000.0,Scheduled - Deadline Met,Yes,Yes,3600.249494075775,60.004158234596254,9,15056.0,Gurobi Status: 9
F18,P18_21,6,1000000,1050000,1386,1012688.0,1014074.0,14074.0,Scheduled - Deadline Met,Yes,Yes,3600.249494075775,60.004158234596254,9,15056.0,Gurobi Status: 9
F18,P18_22,8,1050000,1100000,1386,1098614.0,1100000.0,50000.0,Scheduled - Deadline Met,Yes,Yes,3600.249494075775,60.004158234596254,9,15056.0,Gurobi Status: 9
F18,P18_23,6,1100000,1150000,1386,1138627.0,1140013.0,40013.0,Scheduled - Deadline Met,Yes,Yes,3600.249494075775,60.004158234596254,9,15056.0,Gurobi Status: 9
F18,P18_24,6,1150000,1200000,1386,1186217.0,1187603.0,37603.0,Scheduled - Deadline Met,Yes,Yes,3600.249494075775,60.004158234596254,9,15056.0,Gurobi Status: 9
F18,P18_25,8,1200000,1250000,1386,,,,Optional Packets- Not Scheduled,No,N/A,3600.249494075775,60.004158234596254,9,15056.0,Gurobi Status: 9
F18,P18_26,6,1250000,1300000,1386,1261116.0,1262502.0,12502.0,Scheduled - Deadline Met,Yes,Yes,3600.249494075775,60.004158234596254,9,15056.0,Gurobi Status: 9
F18,P18_27,6,1300000,1350000,1386,1306433.0,1307819.0,7819.0,Scheduled - Deadline Met,Yes,Yes,3600.249494075775,60.004158234596254,9,15056.0,Gurobi Status: 9
F18,P18_28,8,1350000,1400000,1386,1350096.0,1351482.0,1482.0,Scheduled - Deadline Met,Yes,Yes,3600.249494075775,60.004158234596254,9,15056.0,Gurobi Status: 9
F18,P18_29,6,1400000,1450000,1386,1400000.0,1401386.0,1386.0,Scheduled - Deadline Met,Yes,Yes,3600.249494075775,60.004158234596254,9,15056.0,Gurobi Status: 9
F18,P18_30,6,1450000,1500000,1386,1494327.0,1495713.0,45713.0,Scheduled - Deadline Met,Yes,Yes,3600.249494075775,60.004158234596254,9,15056.0,Gurobi Status: 9
F18,P18_31,8,1500000,1550000,1386,1524686.0,1526072.0,26072.0,Scheduled - Deadline Met,Yes,Yes,3600.249494075775,60.004158234596254,9,15056.0,Gurobi Status: 9
F18,P18_32,6,1550000,1600000,1386,1586491.0,1587877.0,37877.0,Scheduled - Deadline Met,Yes,Yes,3600.249494075775,60.004158234596254,9,15056.0,Gurobi Status: 9
F18,P18_33,6,1600000,1650000,1386,1601549.0,1602935.0,2935.0,Scheduled - Deadline Met,Yes,Yes,3600.249494075775,60.004158234596254,9,15056.0,Gurobi Status: 9
F18,P18_34,8,1650000,1700000,1386,,,,Optional Packets- Not Scheduled,No,N/A,3600.249494075775,60.004158234596254,9,15056.0,Gurobi Status: 9
F18,P18_35,6,1700000,1750000,1386,1736604.0,1737990.0,37990.0,Scheduled - Deadline Met,Yes,Yes,3600.249494075775,60.004158234596254,9,15056.0,Gurobi Status: 9
F18,P18_36,6,1750000,1800000,1386,1769637.0,1771023.0,21023.0,Scheduled - Deadline Met,Yes,Yes,3600.249494075775,60.004158234596254,9,15056.0,Gurobi Status: 9
F18,P18_37,8,1800000,1850000,1386,1808583.0,1809969.0,9969.0,Scheduled - Deadline Met,Yes,Yes,3600.249494075775,60.004158234596254,9,15056.0,Gurobi Status: 9
F18,P18_38,6,1850000,1900000,1386,1887120.0,1888506.0,38506.0,Scheduled - Deadline Met,Yes,Yes,3600.249494075775,60.004158234596254,9,15056.0,Gurobi Status: 9
F18,P18_39,6,1900000,1950000,1386,1935048.0,1936434.0,36434.0,Scheduled - Deadline Met,Yes,Yes,3600.249494075775,60.004158234596254,9,15056.0,Gurobi Status: 9
F18,P18_40,8,1950000,2000000,1386,1972291.0,1973677.0,23677.0,Scheduled - Deadline Met,Yes,Yes,3600.249494075775,60.004158234596254,9,15056.0,Gurobi Status: 9
F18,P18_41,6,2000000,2050000,1386,2020969.0,2022355.0,22355.0,Scheduled - Deadline Met,Yes,Yes,3600.249494075775,60.004158234596254,9,15056.0,Gurobi Status: 9
F18,P18_42,6,2050000,2100000,1386,2075896.0,2077282.0,27282.0,Scheduled - Deadline Met,Yes,Yes,3600.249494075775,60.004158234596254,9,15056.0,Gurobi Status: 9
F18,P18_43,8,2100000,2150000,1386,2147434.0,2148820.0,48820.0,Scheduled - Deadline Met,Yes,Yes,3600.249494075775,60.004158234596254,9,15056.0,Gurobi Status: 9
F18,P18_44,6,2150000,2200000,1386,2186217.0,2187603.0,37603.0,Scheduled - Deadline Met,Yes,Yes,3600.249494075775,60.004158234596254,9,15056.0,Gurobi Status: 9
F18,P18_45,6,2200000,2250000,1386,2200000.0,2201386.0,1386.0,Scheduled - Deadline Met,Yes,Yes,3600.249494075775,60.004158234596254,9,15056.0,Gurobi Status: 9
F18,P18_46,8,2250000,2300000,1386,,,,Optional Packets- Not Scheduled,No,N/A,3600.249494075775,60.004158234596254,9,15056.0,Gurobi Status: 9
F18,P18_47,6,2300000,2350000,1386,2306768.0,2308154.0,8154.0,Scheduled - Deadline Met,Yes,Yes,3600.249494075775,60.004158234596254,9,15056.0,Gurobi Status: 9
F18,P18_48,6,2350000,2400000,1386,2390031.0,2391417.0,41417.0,Scheduled - Deadline Met,Yes,Yes,3600.249494075775,60.004158234596254,9,15056.0,Gurobi Status: 9
F19,P19_1,8,0,400000,9829,,,,Optional Packets- Not Scheduled,No,N/A,3600.249494075775,60.004158234596254,9,15056.0,Gurobi Status: 9
F19,P19_2,2,400000,800000,9829,550470.0,560299.0,160299.0,Scheduled - Deadline Met,Yes,Yes,3600.249494075775,60.004158234596254,9,15056.0,Gurobi Status: 9
F19,P19_3,2,800000,1200000,9829,887869.0,897698.0,97698.0,Scheduled - Deadline Met,Yes,Yes,3600.249494075775,60.004158234596254,9,15056.0,Gurobi Status: 9
F19,P19_4,8,1200000,1600000,9829,,,,Optional Packets- Not Scheduled,No,N/A,3600.249494075775,60.004158234596254,9,15056.0,Gurobi Status: 9
F19,P19_5,2,1600000,2000000,9829,1741799.0,1751628.0,151628.0,Scheduled - Deadline Met,Yes,Yes,3600.249494075775,60.004158234596254,9,15056.0,Gurobi Status: 9
F19,P19_6,2,2000000,2400000,9829,2083915.0,2093744.0,93744.0,Scheduled - Deadline Met,Yes,Yes,3600.249494075775,60.004158234596254,9,15056.0,Gurobi Status: 9
F2,P2_1,6,0,400000,808,66951.0,67759.0,67759.0,Scheduled - Deadline Met,Yes,Yes,3600.249494075775,60.004158234596254,9,15056.0,Gurobi Status: 9
F2,P2_2,8,400000,800000,808,519115.0,519923.0,119923.0,Scheduled - Deadline Met,Yes,Yes,3600.249494075775,60.004158234596254,9,15056.0,Gurobi Status: 9
F2,P2_3,6,800000,1200000,808,869250.0,870058.0,70058.0,Scheduled - Deadline Met,Yes,Yes,3600.249494075775,60.004158234596254,9,15056.0,Gurobi Status: 9
F2,P2_4,6,1200000,1600000,808,1252545.0,1253353.0,53353.0,Scheduled - Deadline Met,Yes,Yes,3600.249494075775,60.004158234596254,9,15056.0,Gurobi Status: 9
F2,P2_5,8,1600000,2000000,808,1704645.0,1705453.0,105453.0,Scheduled - Deadline Met,Yes,Yes,3600.249494075775,60.004158234596254,9,15056.0,Gurobi Status: 9
F2,P2_6,6,2000000,2400000,808,2068903.0,2069711.0,69711.0,Scheduled - Deadline Met,Yes,Yes,3600.249494075775,60.004158234596254,9,15056.0,Gurobi Status: 9
F20,P20_1,8,0,200000,1453,,,,Optional Packets- Not Scheduled,No,N/A,3600.249494075775,60.004158234596254,9,15056.0,Gurobi Status: 9
F20,P20_2,1,200000,400000,1453,260870.0,262323.0,62323.0,Scheduled - Deadline Met,Yes,Yes,3600.249494075775,60.004158234596254,9,15056.0,Gurobi Status: 9
F20,P20_3,1,400000,600000,1453,400000.0,401453.0,1453.0,Scheduled - Deadline Met,Yes,Yes,3600.249494075775,60.004158234596254,9,15056.0,Gurobi Status: 9
F20,P20_4,8,600000,800000,1453,692623.0,694076.0,94076.0,Scheduled - Deadline Met,Yes,Yes,3600.249494075775,60.004158234596254,9,15056.0,Gurobi Status: 9
F20,P20_5,1,800000,1000000,1453,820414.0,821867.0,21867.0,Scheduled - Deadline Met,Yes,Yes,3600.249494075775,60.004158234596254,9,15056.0,Gurobi Status: 9
F20,P20_6,1,1000000,1200000,1453,1062409.0,1063862.0,63862.0,Scheduled - Deadline Met,Yes,Yes,3600.249494075775,60.004158234596254,9,15056.0,Gurobi Status: 9
F20,P20_7,8,1200000,1400000,1453,1281738.0,1283191.0,83191.0,Scheduled - Deadline Met,Yes,Yes,3600.249494075775,60.004158234596254,9,15056.0,Gurobi Status: 9
F20,P20_8,1,1400000,1600000,1453,1492874.0,1494327.0,94327.0,Scheduled - Deadline Met,Yes,Yes,3600.249494075775,60.004158234596254,9,15056.0,Gurobi Status: 9
F20,P20_9,1,1600000,1800000,1453,1600000.0,1601453.0,1453.0,Scheduled - Deadline Met,Yes,Yes,3600.249494075775,60.004158234596254,9,15056.0,Gurobi Status: 9
F20,P20_10,8,1800000,2000000,1453,1897185.0,1898638.0,98638.0,Scheduled - Deadline Met,Yes,Yes,3600.249494075775,60.004158234596254,9,15056.0,Gurobi Status: 9
F20,P20_11,1,2000000,2200000,1453,2031558.0,2033011.0,33011.0,Scheduled - Deadline Met,Yes,Yes,3600.249494075775,60.004158234596254,9,15056.0,Gurobi Status: 9
F20,P20_12,1,2200000,2400000,1453,2222820.0,2224273.0,24273.0,Scheduled - Deadline Met,Yes,Yes,3600.249494075775,60.004158234596254,9,15056.0,Gurobi Status: 9
F21,P21_1,8,0,400000,765,96022.0,96787.0,96787.0,Scheduled - Deadline Met,Yes,Yes,3600.249494075775,60.004158234596254,9,15056.0,Gurobi Status: 9
F21,P21_2,3,400000,800000,765,455977.0,456742.0,56742.0,Scheduled - Deadline Met,Yes,Yes,3600.249494075775,60.004158234596254,9,15056.0,Gurobi Status: 9
F21,P21_3,3,800000,1200000,765,871636.0,872401.0,72401.0,Scheduled - Deadline Met,Yes,Yes,3600.249494075775,60.004158234596254,9,15056.0,Gurobi Status: 9
F21,P21_4,8,1200000,1600000,765,,,,Optional Packets- Not Scheduled,No,N/A,3600.249494075775,60.004158234596254,9,15056.0,Gurobi Status: 9
F21,P21_5,3,1600000,2000000,765,1661555.0,1662320.0,62320.0,Scheduled - Deadline Met,Yes,Yes,3600.249494075775,60.004158234596254,9,15056.0,Gurobi Status: 9
F21,P21_6,3,2000000,2400000,765,2062197.0,2062962.0,62962.0,Scheduled - Deadline Met,Yes,Yes,3600.249494075775,60.004158234596254,9,15056.0,Gurobi Status: 9
F22,P22_1,4,0,400000,4331,349037.0,353368.0,353368.0,Scheduled - Deadline Met,Yes,Yes,3600.249494075775,60.004158234596254,9,15056.0,Gurobi Status: 9
F22,P22_2,8,400000,800000,4331,509616.0,513947.0,113947.0,Scheduled - Deadline Met,Yes,Yes,3600.249494075775,60.004158234596254,9,15056.0,Gurobi Status: 9
F22,P22_3,4,800000,1200000,4331,962250.0,966581.0,166581.0,Scheduled - Deadline Met,Yes,Yes,3600.249494075775,60.004158234596254,9,15056.0,Gurobi Status: 9
F22,P22_4,4,1200000,1600000,4331,1299263.0,1303594.0,103594.0,Scheduled - Deadline Met,Yes,Yes,3600.249494075775,60.004158234596254,9,15056.0,Gurobi Status: 9
F22,P22_5,8,1600000,2000000,4331,,,,Optional Packets- Not Scheduled,No,N/A,3600.249494075775,60.004158234596254,9,15056.0,Gurobi Status: 9
F22,P22_6,4,2000000,2400000,4331,2077282.0,2081613.0,81613.0,Scheduled - Deadline Met,Yes,Yes,3600.249494075775,60.004158234596254,9,15056.0,Gurobi Status: 9
F23,P23_1,8,0,200000,5523,,,,Optional Packets- Not Scheduled,No,N/A,3600.249494075775,60.004158234596254,9,15056.0,Gurobi Status: 9
F23,P23_2,5,200000,400000,5523,280290.0,285813.0,85813.0,Scheduled - Deadline Met,Yes,Yes,3600.249494075775,60.004158234596254,9,15056.0,Gurobi Status: 9
F23,P23_3,5,400000,600000,5523,441272.0,446795.0,46795.0,Scheduled - Deadline Met,Yes,Yes,3600.249494075775,60.004158234596254,9,15056.0,Gurobi Status: 9
F23,P23_4,8,600000,800000,5523,682824.0,688347.0,88347.0,Scheduled - Deadline Met,Yes,Yes,3600.249494075775,60.004158234596254,9,15056.0,Gurobi Status: 9
F23,P23_5,5,800000,1000000,5523,814795.0,820318.0,20318.0,Scheduled - Deadline Met,Yes,Yes,3600.249494075775,60.004158234596254,9,15056.0,Gurobi Status: 9
F23,P23_6,5,1000000,1200000,5523,1065457.0,1070980.0,70980.0,Scheduled - Deadline Met,Yes,Yes,3600.249494075775,60.004158234596254,9,15056.0,Gurobi Status: 9
F23,P23_7,8,1200000,1400000,5523,,,,Optional Packets- Not Scheduled,No,N/A,3600.249494075775,60.004158234596254,9,15056.0,Gurobi Status: 9
F23,P23_8,5,1400000,1600000,5523,1450872.0,1456395.0,56395.0,Scheduled - Deadline Met,Yes,Yes,3600.249494075775,60.004158234596254,9,15056.0,Gurobi Status: 9
F23,P23_9,5,1600000,1800000,5523,1643819.0,1649342.0,49342.0,Scheduled - Deadline Met,Yes,Yes,3600.249494075775,60.004158234596254,9,15056.0,Gurobi Status: 9
F23,P23_10,8,1800000,2000000,5523,,,,Optional Packets- Not Scheduled,No,N/A,3600.249494075775,60.004158234596254,9,15056.0,Gurobi Status: 9
F23,P23_11,5,2000000,2200000,5523,2006143.0,2011666.0,11666.0,Scheduled - Deadline Met,Yes,Yes,3600.249494075775,60.004158234596254,9,15056.0,Gurobi Status: 9
F23,P23_12,5,2200000,2400000,5523,2217201.0,2222724.0,22724.0,Scheduled - Deadline Met,Yes,Yes,3600.249494075775,60.004158234596254,9,15056.0,Gurobi Status: 9
F24,P24_1,6,0,200000,3658,44739.0,48397.0,48397.0,Scheduled - Deadline Met,Yes,Yes,3600.249494075775,60.004158234596254,9,15056.0,Gurobi Status: 9
F24,P24_2,8,200000,400000,3658,302517.0,306175.0,106175.0,Scheduled - Deadline Met,Yes,Yes,3600.249494075775,60.004158234596254,9,15056.0,Gurobi Status: 9
F24,P24_3,6,400000,600000,3658,450453.0,454111.0,54111.0,Scheduled - Deadline Met,Yes,Yes,3600.249494075775,60.004158234596254,9,15056.0,Gurobi Status: 9
F24,P24_4,6,600000,800000,3658,660159.0,663817.0,63817.0,Scheduled - Deadline Met,Yes,Yes,3600.249494075775,60.004158234596254,9,15056.0,Gurobi Status: 9
F24,P24_5,8,800000,1000000,3658,,,,Optional Packets- Not Scheduled,No,N/A,3600.249494075775,60.004158234596254,9,15056.0,Gurobi Status: 9
F24,P24_6,6,1000000,1200000,3658,1134873.0,1138531.0,138531.0,Scheduled - Deadline Met,Yes,Yes,3600.249494075775,60.004158234596254,9,15056.0,Gurobi Status: 9
F24,P24_7,6,1200000,1400000,3658,1200000.0,1203658.0,3658.0,Scheduled - Deadline Met,Yes,Yes,3600.249494075775,60.004158234596254,9,15056.0,Gurobi Status: 9
F24,P24_8,8,1400000,1600000,3658,1507017.0,1510675.0,110675.0,Scheduled - Deadline Met,Yes,Yes,3600.249494075775,60.004158234596254,9,15056.0,Gurobi Status: 9
F24,P24_9,6,1600000,1800000,3658,1654695.0,1658353.0,58353.0,Scheduled - Deadline Met,Yes,Yes,3600.249494075775,60.004158234596254,9,15056.0,Gurobi Status: 9
F24,P24_10,6,1800000,2000000,3658,1883366.0,1887024.0,87024.0,Scheduled - Deadline Met,Yes,Yes,3600.249494075775,60.004158234596254,9,15056.0,Gurobi Status: 9
F24,P24_11,8,2000000,2200000,3658,,,,Optional Packets- Not Scheduled,No,N/A,3600.249494075775,60.004158234596254,9,15056.0,Gurobi Status: 9
F24,P24_12,6,2200000,2400000,3658,2303014.0,2306672.0,106672.0,Scheduled - Deadline Met,Yes,Yes,3600.249494075775,60.004158234596254,9,15056.0,Gurobi Status: 9
F25,P25_1,8,0,200000,8281,,,,Optional Packets- Not Scheduled,No,N/A,3600.249494075775,60.004158234596254,9,15056.0,Gurobi Status: 9
F25,P25_2,5,200000,400000,8281,249046.0,257327.0,57327.0,Scheduled - Deadline Met,Yes,Yes,3600.249494075775,60.004158234596254,9,15056.0,Gurobi Status: 9
F25,P25_3,8,400000,600000,8281,,,,Optional Packets- Not Scheduled,No,N/A,3600.249494075775,60.004158234596254,9,15056.0,Gurobi Status: 9
F25,P25_4,5,600000,800000,8281,716014.0,724295.0,124295.0,Scheduled - Deadline Met,Yes,Yes,3600.249494075775,60.004158234596254,9,15056.0,Gurobi Status: 9
F25,P25_5,8,800000,1000000,8281,,,,Optional Packets- Not Scheduled,No,N/A,3600.249494075775,60.004158234596254,9,15056.0,Gurobi Status: 9
F25,P25_6,5,1000000,1200000,8281,1053131.0,1061412.0,61412.0,Scheduled - Deadline Met,Yes,Yes,3600.249494075775,60.004158234596254,9,15056.0,Gurobi Status: 9
F25,P25_7,8,1200000,1400000,8281,,,,Optional Packets- Not Scheduled,No,N/A,3600.249494075775,60.004158234596254,9,15056.0,Gurobi Status: 9
F25,P25_8,5,1400000,1600000,8281,1408652.0,1416933.0,16933.0,Scheduled - Deadline Met,Yes,Yes,3600.249494075775,60.004158234596254,9,15056.0,Gurobi Status: 9
F25,P25_9,8,1600000,1800000,8281,,,,Optional Packets- Not Scheduled,No,N/A,3600.249494075775,60.004158234596254,9,15056.0,Gurobi Status: 9
F25,P25_10,5,1800000,2000000,8281,1924154.0,1932435.0,132435.0,Scheduled - Deadline Met,Yes,Yes,3600.249494075775,60.004158234596254,9,15056.0,Gurobi Status: 9
F25,P25_11,8,2000000,2200000,8281,,,,Optional Packets- Not Scheduled,No,N/A,3600.249494075775,60.004158234596254,9,15056.0,Gurobi Status: 9
F25,P25_12,5,2200000,2400000,8281,2208824.0,2217105.0,17105.0,Scheduled - Deadline Met,Yes,Yes,3600.249494075775,60.004158234596254,9,15056.0,Gurobi Status: 9
F26,P26_1,5,0,400000,7925,121629.0,129554.0,129554.0,Scheduled - Deadline Met,Yes,Yes,3600.249494075775,60.004158234596254,9,15056.0,Gurobi Status: 9
F26,P26_2,8,400000,800000,7925,,,,Optional Packets- Not Scheduled,No,N/A,3600.249494075775,60.004158234596254,9,15056.0,Gurobi Status: 9
F26,P26_3,5,800000,1200000,7925,847458.0,855383.0,55383.0,Scheduled - Deadline Met,Yes,Yes,3600.249494075775,60.004158234596254,9,15056.0,Gurobi Status: 9
F26,P26_4,8,1200000,1600000,7925,,,,Optional Packets- Not Scheduled,No,N/A,3600.249494075775,60.004158234596254,9,15056.0,Gurobi Status: 9
F26,P26_5,5,1600000,2000000,7925,1672888.0,1680813.0,80813.0,Scheduled - Deadline Met,Yes,Yes,3600.249494075775,60.004158234596254,9,15056.0,Gurobi Status: 9
F26,P26_6,8,2000000,2400000,7925,,,,Optional Packets- Not Scheduled,No,N/A,3600.249494075775,60.004158234596254,9,15056.0,Gurobi Status: 9
F27,P27_1,8,0,100000,1353,33557.0,34910.0,34910.0,Scheduled - Deadline Met,Yes,Yes,3600.249494075775,60.004158234596254,9,15056.0,Gurobi Status: 9
F27,P27_2,1,100000,200000,1353,132016.0,133369.0,33369.0,Scheduled - Deadline Met,Yes,Yes,3600.249494075775,60.004158234596254,9,15056.0,Gurobi Status: 9
F27,P27_3,8,200000,300000,1353,234081.0,235434.0,35434.0,Scheduled - Deadline Met,Yes,Yes,3600.249494075775,60.004158234596254,9,15056.0,Gurobi Status: 9
F27,P27_4,1,300000,400000,1353,358862.0,360215.0,60215.0,Scheduled - Deadline Met,Yes,Yes,3600.249494075775,60.004158234596254,9,15056.0,Gurobi Status: 9
F27,P27_5,8,400000,500000,1353,430090.0,431443.0,31443.0,Scheduled - Deadline Met,Yes,Yes,3600.249494075775,60.004158234596254,9,15056.0,Gurobi Status: 9
F27,P27_6,1,500000,600000,1353,549021.0,550374.0,50374.0,Scheduled - Deadline Met,Yes,Yes,3600.249494075775,60.004158234596254,9,15056.0,Gurobi Status: 9
F27,P27_7,8,600000,700000,1353,681375.0,682728.0,82728.0,Scheduled - Deadline Met,Yes,Yes,3600.249494075775,60.004158234596254,9,15056.0,Gurobi Status: 9
F27,P27_8,1,700000,800000,1353,738919.0,740272.0,40272.0,Scheduled - Deadline Met,Yes,Yes,3600.249494075775,60.004158234596254,9,15056.0,Gurobi Status: 9
F27,P27_9,8,800000,900000,1353,,,,Optional Packets- Not Scheduled,No,N/A,3600.249494075775,60.004158234596254,9,15056.0,Gurobi Status: 9
F27,P27_10,1,900000,1000000,1353,902517.0,903870.0,3870.0,Scheduled - Deadline Met,Yes,Yes,3600.249494075775,60.004158234596254,9,15056.0,Gurobi Status: 9
F27,P27_11,8,1000000,1100000,1353,1038502.0,1039855.0,39855.0,Scheduled - Deadline Met,Yes,Yes,3600.249494075775,60.004158234596254,9,15056.0,Gurobi Status: 9
F27,P27_12,1,1100000,1200000,1353,1145069.0,1146422.0,46422.0,Scheduled - Deadline Met,Yes,Yes,3600.249494075775,60.004158234596254,9,15056.0,Gurobi Status: 9
F27,P27_13,8,1200000,1300000,1353,1268536.0,1269889.0,69889.0,Scheduled - Deadline Met,Yes,Yes,3600.249494075775,60.004158234596254,9,15056.0,Gurobi Status: 9
F27,P27_14,1,1300000,1400000,1353,1324927.0,1326280.0,26280.0,Scheduled - Deadline Met,Yes,Yes,3600.249494075775,60.004158234596254,9,15056.0,Gurobi Status: 9
F27,P27_15,8,1400000,1500000,1353,1436315.0,1437668.0,37668.0,Scheduled - Deadline Met,Yes,Yes,3600.249494075775,60.004158234596254,9,15056.0,Gurobi Status: 9
F27,P27_16,1,1500000,1600000,1353,1548941.0,1550294.0,50294.0,Scheduled - Deadline Met,Yes,Yes,3600.249494075775,60.004158234596254,9,15056.0,Gurobi Status: 9
F27,P27_17,8,1600000,1700000,1353,1686117.0,1687470.0,87470.0,Scheduled - Deadline Met,Yes,Yes,3600.249494075775,60.004158234596254,9,15056.0,Gurobi Status: 9
F27,P27_18,1,1700000,1800000,1353,1740446.0,1741799.0,41799.0,Scheduled - Deadline Met,Yes,Yes,3600.249494075775,60.004158234596254,9,15056.0,Gurobi Status: 9
F27,P27_19,8,1800000,1900000,1353,1817419.0,1818772.0,18772.0,Scheduled - Deadline Met,Yes,Yes,3600.249494075775,60.004158234596254,9,15056.0,Gurobi Status: 9
F27,P27_20,1,1900000,2000000,1353,1954786.0,1956139.0,56139.0,Scheduled - Deadline Met,Yes,Yes,3600.249494075775,60.004158234596254,9,15056.0,Gurobi Status: 9
F27,P27_21,8,2000000,2100000,1353,2096200.0,2097553.0,97553.0,Scheduled - Deadline Met,Yes,Yes,3600.249494075775,60.004158234596254,9,15056.0,Gurobi Status: 9
F27,P27_22,1,2100000,2200000,1353,2171163.0,2172516.0,72516.0,Scheduled - Deadline Met,Yes,Yes,3600.249494075775,60.004158234596254,9,15056.0,Gurobi Status: 9
F27,P27_23,8,2200000,2300000,1353,2250477.0,2251830.0,51830.0,Scheduled - Deadline Met,Yes,Yes,3600.249494075775,60.004158234596254,9,15056.0,Gurobi Status: 9
F27,P27_24,1,2300000,2400000,1353,2368646.0,2369999.0,69999.0,Scheduled - Deadline Met,Yes,Yes,3600.249494075775,60.004158234596254,9,15056.0,Gurobi Status: 9
F28,P28_1,8,0,200000,8503,,,,Optional Packets- Not Scheduled,No,N/A,3600.249494075775,60.004158234596254,9,15056.0,Gurobi Status: 9
F28,P28_2,6,200000,400000,8503,268412.0,276915.0,76915.0,Scheduled - Deadline Met,Yes,Yes,3600.249494075775,60.004158234596254,9,15056.0,Gurobi Status: 9
F28,P28_3,8,400000,600000,8503,,,,Optional Packets- Not Scheduled,No,N/A,3600.249494075775,60.004158234596254,9,15056.0,Gurobi Status: 9
F28,P28_4,6,600000,800000,8503,602517.0,611020.0,11020.0,Scheduled - Deadline Met,Yes,Yes,3600.249494075775,60.004158234596254,9,15056.0,Gurobi Status: 9
F28,P28_5,8,800000,1000000,8503,,,,Optional Packets- Not Scheduled,No,N/A,3600.249494075775,60.004158234596254,9,15056.0,Gurobi Status: 9
F28,P28_6,6,1000000,1200000,8503,1118531.0,1127034.0,127034.0,Scheduled - Deadline Met,Yes,Yes,3600.249494075775,60.004158234596254,9,15056.0,Gurobi Status: 9
F28,P28_7,8,1200000,1400000,8503,,,,Optional Packets- Not Scheduled,No,N/A,3600.249494075775,60.004158234596254,9,15056.0,Gurobi Status: 9
F28,P28_8,6,1400000,1600000,8503,1464012.0,1472515.0,72515.0,Scheduled - Deadline Met,Yes,Yes,3600.249494075775,60.004158234596254,9,15056.0,Gurobi Status: 9
F28,P28_9,8,1600000,1800000,8503,,,,Optional Packets- Not Scheduled,No,N/A,3600.249494075775,60.004158234596254,9,15056.0,Gurobi Status: 9
F28,P28_10,6,1800000,2000000,8503,1838518.0,1847021.0,47021.0,Scheduled - Deadline Met,Yes,Yes,3600.249494075775,60.004158234596254,9,15056.0,Gurobi Status: 9
F28,P28_11,8,2000000,2200000,8503,,,,Optional Packets- Not Scheduled,No,N/A,3600.249494075775,60.004158234596254,9,15056.0,Gurobi Status: 9
F28,P28_12,6,2200000,2400000,8503,2287686.0,2296189.0,96189.0,Scheduled - Deadline Met,Yes,Yes,3600.249494075775,60.004158234596254,9,15056.0,Gurobi Status: 9
F29,P29_1,7,0,200000,2047,68939.0,70986.0,70986.0,Scheduled - Deadline Met,Yes,Yes,3600.249494075775,60.004158234596254,9,15056.0,Gurobi Status: 9
F29,P29_2,8,200000,400000,2047,306271.0,308318.0,108318.0,Scheduled - Deadline Met,Yes,Yes,3600.249494075775,60.004158234596254,9,15056.0,Gurobi Status: 9
F29,P29_3,7,400000,600000,2047,479471.0,481518.0,81518.0,Scheduled - Deadline Met,Yes,Yes,3600.249494075775,60.004158234596254,9,15056.0,Gurobi Status: 9
F29,P29_4,8,600000,800000,2047,688443.0,690490.0,90490.0,Scheduled - Deadline Met,Yes,Yes,3600.249494075775,60.004158234596254,9,15056.0,Gurobi Status: 9
F29,P29_5,7,800000,1000000,2047,855479.0,857526.0,57526.0,Scheduled - Deadline Met,Yes,Yes,3600.249494075775,60.004158234596254,9,15056.0,Gurobi Status: 9
F29,P29_6,8,1000000,1200000,2047,1093282.0,1095329.0,95329.0,Scheduled - Deadline Met,Yes,Yes,3600.249494075775,60.004158234596254,9,15056.0,Gurobi Status: 9
F29,P29_7,7,1200000,1400000,2047,1304386.0,1306433.0,106433.0,Scheduled - Deadline Met,Yes,Yes,3600.249494075775,60.004158234596254,9,15056.0,Gurobi Status: 9
F29,P29_8,8,1400000,1600000,2047,1510771.0,1512818.0,112818.0,Scheduled - Deadline Met,Yes,Yes,3600.249494075775,60.004158234596254,9,15056.0,Gurobi Status: 9
F29,P29_9,7,1600000,1800000,2047,1630182.0,1632229.0,32229.0,Scheduled - Deadline Met,Yes,Yes,3600.249494075775,60.004158234596254,9,15056.0,Gurobi Status: 9
F29,P29_10,8,1800000,2000000,2047,1822088.0,1824135.0,24135.0,Scheduled - Deadline Met,Yes,Yes,3600.249494075775,60.004158234596254,9,15056.0,Gurobi Status: 9
F29,P29_11,7,2000000,2200000,2047,2060054.0,2062101.0,62101.0,Scheduled - Deadline Met,Yes,Yes,3600.249494075775,60.004158234596254,9,15056.0,Gurobi Status: 9
F29,P29_12,8,2200000,2400000,2047,2331002.0,2333049.0,133049.0,Scheduled - Deadline Met,Yes,Yes,3600.249494075775,60.004158234596254,9,15056.0,Gurobi Status: 9
F3,P3_1,8,0,200000,805,,,,Optional Packets- Not Scheduled,No,N/A,3600.249494075775,60.004158234596254,9,15056.0,Gurobi Status: 9
F3,P3_2,7,200000,400000,805,297809.0,298614.0,98614.0,Scheduled - Deadline Met,Yes,Yes,3600.249494075775,60.004158234596254,9,15056.0,Gurobi Status: 9
F3,P3_3,7,400000,600000,805,548120.0,548925.0,148925.0,Scheduled - Deadline Met,Yes,Yes,3600.249494075775,60.004158234596254,9,15056.0,Gurobi Status: 9
F3,P3_4,8,600000,800000,805,696678.0,697483.0,97483.0,Scheduled - Deadline Met,Yes,Yes,3600.249494075775,60.004158234596254,9,15056.0,Gurobi Status: 9
F3,P3_5,7,800000,1000000,805,861545.0,862350.0,62350.0,Scheduled - Deadline Met,Yes,Yes,3600.249494075775,60.004158234596254,9,15056.0,Gurobi Status: 9
F3,P3_6,7,1000000,1200000,805,1061508.0,1062313.0,62313.0,Scheduled - Deadline Met,Yes,Yes,3600.249494075775,60.004158234596254,9,15056.0,Gurobi Status: 9
F3,P3_7,8,1200000,1400000,805,1286019.0,1286824.0,86824.0,Scheduled - Deadline Met,Yes,Yes,3600.249494075775,60.004158234596254,9,15056.0,Gurobi Status: 9
F3,P3_8,7,1400000,1600000,805,1495713.0,1496518.0,96518.0,Scheduled - Deadline Met,Yes,Yes,3600.249494075775,60.004158234596254,9,15056.0,Gurobi Status: 9
F3,P3_9,7,1600000,1800000,805,1671987.0,1672792.0,72792.0,Scheduled - Deadline Met,Yes,Yes,3600.249494075775,60.004158234596254,9,15056.0,Gurobi Status: 9
F3,P3_10,8,1800000,2000000,805,1901240.0,1902045.0,102045.0,Scheduled - Deadline Met,Yes,Yes,3600.249494075775,60.004158234596254,9,15056.0,Gurobi Status: 9
F3,P3_11,7,2000000,2200000,805,2064497.0,2065302.0,65302.0,Scheduled - Deadline Met,Yes,Yes,3600.249494075775,60.004158234596254,9,15056.0,Gurobi Status: 9
F3,P3_12,7,2200000,2400000,805,2275247.0,2276052.0,76052.0,Scheduled - Deadline Met,Yes,Yes,3600.249494075775,60.004158234596254,9,15056.0,Gurobi Status: 9
F30,P30_1,8,0,400000,1343,94583.0,95926.0,95926.0,Scheduled - Deadline Met,Yes,Yes,3600.249494075775,60.004158234596254,9,15056.0,Gurobi Status: 9
F30,P30_2,5,400000,800000,1343,475611.0,476954.0,76954.0,Scheduled - Deadline Met,Yes,Yes,3600.249494075775,60.004158234596254,9,15056.0,Gurobi Status: 9
F30,P30_3,8,800000,1200000,1343,935924.0,937267.0,137267.0,Scheduled - Deadline Met,Yes,Yes,3600.249494075775,60.004158234596254,9,15056.0,Gurobi Status: 9
F30,P30_4,5,1200000,1600000,1343,1326280.0,1327623.0,127623.0,Scheduled - Deadline Met,Yes,Yes,3600.249494075775,60.004158234596254,9,15056.0,Gurobi Status: 9
F30,P30_5,8,1600000,2000000,1343,1703206.0,1704549.0,104549.0,Scheduled - Deadline Met,Yes,Yes,3600.249494075775,60.004158234596254,9,15056.0,Gurobi Status: 9
F30,P30_6,5,2000000,2400000,1343,2063058.0,2064401.0,64401.0,Scheduled - Deadline Met,Yes,Yes,3600.249494075775,60.004158234596254,9,15056.0,Gurobi Status: 9
F31,P31_1,8,0,400000,3734,90753.0,94487.0,94487.0,Scheduled - Deadline Met,Yes,Yes,3600.249494075775,60.004158234596254,9,15056.0,Gurobi Status: 9
F31,P31_2,6,400000,800000,3734,470793.0,474527.0,74527.0,Scheduled - Deadline Met,Yes,Yes,3600.249494075775,60.004158234596254,9,15056.0,Gurobi Status: 9
F31,P31_3,8,800000,1200000,3734,930324.0,934058.0,134058.0,Scheduled - Deadline Met,Yes,Yes,3600.249494075775,60.004158234596254,9,15056.0,Gurobi Status: 9
F31,P31_4,6,1200000,1600000,3734,1241545.0,1245279.0,45279.0,Scheduled - Deadline Met,Yes,Yes,3600.249494075775,60.004158234596254,9,15056.0,Gurobi Status: 9
F31,P31_5,8,1600000,2000000,3734,1696914.0,1700648.0,100648.0,Scheduled - Deadline Met,Yes,Yes,3600.249494075775,60.004158234596254,9,15056.0,Gurobi Status: 9
F31,P31_6,6,2000000,2400000,3734,2026374.0,2030108.0,30108.0,Scheduled - Deadline Met,Yes,Yes,3600.249494075775,60.004158234596254,9,15056.0,Gurobi Status: 9
F32,P32_1,8,0,50000,2302,26137.0,28439.0,28439.0,Scheduled - Deadline Met,Yes,Yes,3600.249494075775,60.004158234596254,9,15056.0,Gurobi Status: 9
F32,P32_2,3,50000,100000,2302,72468.0,74770.0,24770.0,Scheduled - Deadline Met,Yes,Yes,3600.249494075775,60.004158234596254,9,15056.0,Gurobi Status: 9
F32,P32_3,8,100000,150000,2302,106281.0,108583.0,8583.0,Scheduled - Deadline Met,Yes,Yes,3600.249494075775,60.004158234596254,9,15056.0,Gurobi Status: 9
F32,P32_4,3,150000,200000,2302,193884.0,196186.0,46186.0,Scheduled - Deadline Met,Yes,Yes,3600.249494075775,60.004158234596254,9,15056.0,Gurobi Status: 9
F32,P32_5,8,200000,250000,2302,217312.0,219614.0,19614.0,Scheduled - Deadline Met,Yes,Yes,3600.249494075775,60.004158234596254,9,15056.0,Gurobi Status: 9
F32,P32_6,3,250000,300000,2302,291516.0,293818.0,43818.0,Scheduled - Deadline Met,Yes,Yes,3600.249494075775,60.004158234596254,9,15056.0,Gurobi Status: 9
F32,P32_7,8,300000,350000,2302,317788.0,320090.0,20090.0,Scheduled - Deadline Met,Yes,Yes,3600.249494075775,60.004158234596254,9,15056.0,Gurobi Status: 9
F32,P32_8,3,350000,400000,2302,397698.0,400000.0,50000.0,Scheduled - Deadline Met,Yes,Yes,3600.249494075775,60.004158234596254,9,15056.0,Gurobi Status: 9
F32,P32_9,8,400000,450000,2302,420338.0,422640.0,22640.0,Scheduled - Deadline Met,Yes,Yes,3600.249494075775,60.004158234596254,9,15056.0,Gurobi Status: 9
F32,P32_10,3,450000,500000,2302,481518.0,483820.0,33820.0,Scheduled - Deadline Met,Yes,Yes,3600.249494075775,60.004158234596254,9,15056.0,Gurobi Status: 9
F32,P32_11,8,500000,550000,2302,530203.0,532505.0,32505.0,Scheduled - Deadline Met,Yes,Yes,3600.249494075775,60.004158234596254,9,15056.0,Gurobi Status: 9
F32,P32_12,3,550000,600000,2302,593884.0,596186.0,46186.0,Scheduled - Deadline Met,Yes,Yes,3600.249494075775,60.004158234596254,9,15056.0,Gurobi Status: 9
F32,P32_13,8,600000,650000,2302,611116.0,613418.0,13418.0,Scheduled - Deadline Met,Yes,Yes,3600.249494075775,60.004158234596254,9,15056.0,Gurobi Status: 9
F32,P32_14,3,650000,700000,2302,670002.0,672304.0,22304.0,Scheduled - Deadline Met,Yes,Yes,3600.249494075775,60.004158234596254,9,15056.0,Gurobi Status: 9
F32,P32_15,8,700000,750000,2302,741186.0,743488.0,43488.0,Scheduled - Deadline Met,Yes,Yes,3600.249494075775,60.004158234596254,9,15056.0,Gurobi Status: 9
F32,P32_16,3,750000,800000,2302,786387.0,788689.0,38689.0,Scheduled - Deadline Met,Yes,Yes,3600.249494075775,60.004158234596254,9,15056.0,Gurobi Status: 9
F32,P32_17,8,800000,850000,2302,,,,Optional Packets- Not Scheduled,No,N/A,3600.249494075775,60.004158234596254,9,15056.0,Gurobi Status: 9
F32,P32_18,3,850000,900000,2302,897698.0,900000.0,50000.0,Scheduled - Deadline Met,Yes,Yes,3600.249494075775,60.004158234596254,9,15056.0,Gurobi Status: 9
F32,P32_19,8,900000,950000,2302,944940.0,947242.0,47242.0,Scheduled - Deadline Met,Yes,Yes,3600.249494075775,60.004158234596254,9,15056.0,Gurobi Status: 9
F32,P32_20,3,950000,1000000,2302,995954.0,998256.0,48256.0,Scheduled - Deadline Met,Yes,Yes,3600.249494075775,60.004158234596254,9,15056.0,Gurobi Status: 9
F32,P32_21,8,1000000,1050000,2302,1021733.0,1024035.0,24035.0,Scheduled - Deadline Met,Yes,Yes,3600.249494075775,60.004158234596254,9,15056.0,Gurobi Status: 9
F32,P32_22,3,1050000,1100000,2302,1083561.0,1085863.0,35863.0,Scheduled - Deadline Met,Yes,Yes,3600.249494075775,60.004158234596254,9,15056.0,Gurobi Status: 9
F32,P32_23,8,1100000,1150000,2302,1146518.0,1148820.0,48820.0,Scheduled - Deadline Met,Yes,Yes,3600.249494075775,60.004158234596254,9,15056.0,Gurobi Status: 9
F32,P32_24,3,1150000,1200000,2302,1197698.0,1200000.0,50000.0,Scheduled - Deadline Met,Yes,Yes,3600.249494075775,60.004158234596254,9,15056.0,Gurobi Status: 9
F32,P32_25,8,1200000,1250000,2302,1206271.0,1208573.0,8573.0,Scheduled - Deadline Met,Yes,Yes,3600.249494075775,60.004158234596254,9,15056.0,Gurobi Status: 9
F32,P32_26,3,1250000,1300000,2302,1262598.0,1264900.0,14900.0,Scheduled - Deadline Met,Yes,Yes,3600.249494075775,60.004158234596254,9,15056.0,Gurobi Status: 9
F32,P32_27,8,1300000,1350000,2302,1346518.0,1348820.0,48820.0,Scheduled - Deadline Met,Yes,Yes,3600.249494075775,60.004158234596254,9,15056.0,Gurobi Status: 9
F32,P32_28,3,1350000,1400000,2302,1397698.0,1400000.0,50000.0,Scheduled - Deadline Met,Yes,Yes,3600.249494075775,60.004158234596254,9,15056.0,Gurobi Status: 9
F32,P32_29,8,1400000,1450000,2302,1419546.0,1421848.0,21848.0,Scheduled - Deadline Met,Yes,Yes,3600.249494075775,60.004158234596254,9,15056.0,Gurobi Status: 9
F32,P32_30,3,1450000,1500000,2302,1496518.0,1498820.0,48820.0,Scheduled - Deadline Met,Yes,Yes,3600.249494075775,60.004158234596254,9,15056.0,Gurobi Status: 9
F32,P32_31,8,1500000,1550000,2302,1522288.0,1524590.0,24590.0,Scheduled - Deadline Met,Yes,Yes,3600.249494075775,60.004158234596254,9,15056.0,Gurobi Status: 9
F32,P32_32,3,1550000,1600000,2302,1597698.0,1600000.0,50000.0,Scheduled - Deadline Met,Yes,Yes,3600.249494075775,60.004158234596254,9,15056.0,Gurobi Status: 9
F32,P32_33,8,1600000,1650000,2302,1616871.0,1619173.0,19173.0,Scheduled - Deadline Met,Yes,Yes,3600.249494075775,60.004158234596254,9,15056.0,Gurobi Status: 9
F32,P32_34,3,1650000,1700000,2302,1669685.0,1671987.0,21987.0,Scheduled - Deadline Met,Yes,Yes,3600.249494075775,60.004158234596254,9,15056.0,Gurobi Status: 9
F32,P32_35,8,1700000,1750000,2302,1716429.0,1718731.0,18731.0,Scheduled - Deadline Met,Yes,Yes,3600.249494075775,60.004158234596254,9,15056.0,Gurobi Status: 9
F32,P32_36,3,1750000,1800000,2302,1788785.0,1791087.0,41087.0,Scheduled - Deadline Met,Yes,Yes,3600.249494075775,60.004158234596254,9,15056.0,Gurobi Status: 9
F32,P32_37,8,1800000,1850000,2302,1806185.0,1808487.0,8487.0,Scheduled - Deadline Met,Yes,Yes,3600.249494075775,60.004158234596254,9,15056.0,Gurobi Status: 9
F32,P32_38,3,1850000,1900000,2302,1894787.0,1897089.0,47089.0,Scheduled - Deadline Met,Yes,Yes,3600.249494075775,60.004158234596254,9,15056.0,Gurobi Status: 9
F32,P32_39,8,1900000,1950000,2302,1910843.0,1913145.0,13145.0,Scheduled - Deadline Met,Yes,Yes,3600.249494075775,60.004158234596254,9,15056.0,Gurobi Status: 9
F32,P32_40,3,1950000,2000000,2302,1983506.0,1985808.0,35808.0,Scheduled - Deadline Met,Yes,Yes,3600.249494075775,60.004158234596254,9,15056.0,Gurobi Status: 9
F32,P32_41,8,2000000,2050000,2302,,,,Optional Packets- Not Scheduled,No,N/A,3600.249494075775,60.004158234596254,9,15056.0,Gurobi Status: 9
F32,P32_42,3,2050000,2100000,2302,2081613.0,2083915.0,33915.0,Scheduled - Deadline Met,Yes,Yes,3600.249494075775,60.004158234596254,9,15056.0,Gurobi Status: 9
F32,P32_43,8,2100000,2150000,2302,2145036.0,2147338.0,47338.0,Scheduled - Deadline Met,Yes,Yes,3600.249494075775,60.004158234596254,9,15056.0,Gurobi Status: 9
F32,P32_44,3,2150000,2200000,2302,2197698.0,2200000.0,50000.0,Scheduled - Deadline Met,Yes,Yes,3600.249494075775,60.004158234596254,9,15056.0,Gurobi Status: 9
F32,P32_45,8,2200000,2250000,2302,2231908.0,2234210.0,34210.0,Scheduled - Deadline Met,Yes,Yes,3600.249494075775,60.004158234596254,9,15056.0,Gurobi Status: 9
F32,P32_46,3,2250000,2300000,2302,2296189.0,2298491.0,48491.0,Scheduled - Deadline Met,Yes,Yes,3600.249494075775,60.004158234596254,9,15056.0,Gurobi Status: 9
F32,P32_47,8,2300000,2350000,2302,2346518.0,2348820.0,48820.0,Scheduled - Deadline Met,Yes,Yes,3600.249494075775,60.004158234596254,9,15056.0,Gurobi Status: 9
F32,P32_48,3,2350000,2400000,2302,2397698.0,2400000.0,50000.0,Scheduled - Deadline Met,Yes,Yes,3600.249494075775,60.004158234596254,9,15056.0,Gurobi Status: 9
F33,P33_1,8,0,200000,4427,,,,Optional Packets- Not Scheduled,No,N/A,3600.249494075775,60.004158234596254,9,15056.0,Gurobi Status: 9
F33,P33_2,6,200000,400000,4427,285909.0,290336.0,90336.0,Scheduled - Deadline Met,Yes,Yes,3600.249494075775,60.004158234596254,9,15056.0,Gurobi Status: 9
F33,P33_3,8,400000,600000,4427,485886.0,490313.0,90313.0,Scheduled - Deadline Met,Yes,Yes,3600.249494075775,60.004158234596254,9,15056.0,Gurobi Status: 9
F33,P33_4,6,600000,800000,4427,655636.0,660063.0,60063.0,Scheduled - Deadline Met,Yes,Yes,3600.249494075775,60.004158234596254,9,15056.0,Gurobi Status: 9
F33,P33_5,8,800000,1000000,4427,907199.0,911626.0,111626.0,Scheduled - Deadline Met,Yes,Yes,3600.249494075775,60.004158234596254,9,15056.0,Gurobi Status: 9
F33,P33_6,6,1000000,1200000,4427,1130350.0,1134777.0,134777.0,Scheduled - Deadline Met,Yes,Yes,3600.249494075775,60.004158234596254,9,15056.0,Gurobi Status: 9
F33,P33_7,8,1200000,1400000,4427,1269985.0,1274412.0,74412.0,Scheduled - Deadline Met,Yes,Yes,3600.249494075775,60.004158234596254,9,15056.0,Gurobi Status: 9
F33,P33_8,6,1400000,1600000,4427,1476394.0,1480821.0,80821.0,Scheduled - Deadline Met,Yes,Yes,3600.249494075775,60.004158234596254,9,15056.0,Gurobi Status: 9
F33,P33_9,8,1600000,1800000,4427,1687566.0,1691993.0,91993.0,Scheduled - Deadline Met,Yes,Yes,3600.249494075775,60.004158234596254,9,15056.0,Gurobi Status: 9
F33,P33_10,6,1800000,2000000,4427,1874072.0,1878499.0,78499.0,Scheduled - Deadline Met,Yes,Yes,3600.249494075775,60.004158234596254,9,15056.0,Gurobi Status: 9
F33,P33_11,8,2000000,2200000,4427,,,,Optional Packets- Not Scheduled,No,N/A,3600.249494075775,60.004158234596254,9,15056.0,Gurobi Status: 9
F33,P33_12,6,2200000,2400000,4427,2298491.0,2302918.0,102918.0,Scheduled - Deadline Met,Yes,Yes,3600.249494075775,60.004158234596254,9,15056.0,Gurobi Status: 9
F34,P34_1,8,0,100000,3718,,,,Optional Packets- Not Scheduled,No,N/A,3600.249494075775,60.004158234596254,9,15056.0,Gurobi Status: 9
F34,P34_2,2,100000,200000,3718,196282.0,200000.0,100000.0,Scheduled - Deadline Met,Yes,Yes,3600.249494075775,60.004158234596254,9,15056.0,Gurobi Status: 9
F34,P34_3,8,200000,300000,3718,227907.0,231625.0,31625.0,Scheduled - Deadline Met,Yes,Yes,3600.249494075775,60.004158234596254,9,15056.0,Gurobi Status: 9
F34,P34_4,2,300000,400000,3718,370482.0,374200.0,74200.0,Scheduled - Deadline Met,Yes,Yes,3600.249494075775,60.004158234596254,9,15056.0,Gurobi Status: 9
F34,P34_5,8,400000,500000,3718,423916.0,427634.0,27634.0,Scheduled - Deadline Met,Yes,Yes,3600.249494075775,60.004158234596254,9,15056.0,Gurobi Status: 9
F34,P34_6,2,500000,600000,3718,596282.0,600000.0,100000.0,Scheduled - Deadline Met,Yes,Yes,3600.249494075775,60.004158234596254,9,15056.0,Gurobi Status: 9
F34,P34_7,8,600000,700000,3718,616176.0,619894.0,19894.0,Scheduled - Deadline Met,Yes,Yes,3600.249494075775,60.004158234596254,9,15056.0,Gurobi Status: 9
F34,P34_8,2,700000,800000,3718,765674.0,769392.0,69392.0,Scheduled - Deadline Met,Yes,Yes,3600.249494075775,60.004158234596254,9,15056.0,Gurobi Status: 9
F34,P34_9,8,800000,900000,3718,,,,Optional Packets- Not Scheduled,No,N/A,3600.249494075775,60.004158234596254,9,15056.0,Gurobi Status: 9
F34,P34_10,2,900000,1000000,3718,975398.0,979116.0,79116.0,Scheduled - Deadline Met,Yes,Yes,3600.249494075775,60.004158234596254,9,15056.0,Gurobi Status: 9
F34,P34_11,8,1000000,1100000,3718,1032328.0,1036046.0,36046.0,Scheduled - Deadline Met,Yes,Yes,3600.249494075775,60.004158234596254,9,15056.0,Gurobi Status: 9
F34,P34_12,2,1100000,1200000,3718,1187699.0,1191417.0,91417.0,Scheduled - Deadline Met,Yes,Yes,3600.249494075775,60.004158234596254,9,15056.0,Gurobi Status: 9
F34,P34_13,8,1200000,1300000,3718,1209849.0,1213567.0,13567.0,Scheduled - Deadline Met,Yes,Yes,3600.249494075775,60.004158234596254,9,15056.0,Gurobi Status: 9
F34,P34_14,2,1300000,1400000,3718,1386519.0,1390237.0,90237.0,Scheduled - Deadline Met,Yes,Yes,3600.249494075775,60.004158234596254,9,15056.0,Gurobi Status: 9
F34,P34_15,8,1400000,1500000,3718,1430141.0,1433859.0,33859.0,Scheduled - Deadline Met,Yes,Yes,3600.249494075775,60.004158234596254,9,15056.0,Gurobi Status: 9
F34,P34_16,2,1500000,1600000,3718,1570427.0,1574145.0,74145.0,Scheduled - Deadline Met,Yes,Yes,3600.249494075775,60.004158234596254,9,15056.0,Gurobi Status: 9
F34,P34_17,8,1600000,1700000,3718,,,,Optional Packets- Not Scheduled,No,N/A,3600.249494075775,60.004158234596254,9,15056.0,Gurobi Status: 9
F34,P34_18,2,1700000,1800000,3718,1784971.0,1788689.0,88689.0,Scheduled - Deadline Met,Yes,Yes,3600.249494075775,60.004158234596254,9,15056.0,Gurobi Status: 9
F34,P34_19,8,1800000,1900000,3718,1811245.0,1814963.0,14963.0,Scheduled - Deadline Met,Yes,Yes,3600.249494075775,60.004158234596254,9,15056.0,Gurobi Status: 9
F34,P34_20,2,1900000,2000000,3718,1959932.0,1963650.0,63650.0,Scheduled - Deadline Met,Yes,Yes,3600.249494075775,60.004158234596254,9,15056.0,Gurobi Status: 9
F34,P34_21,8,2000000,2100000,3718,,,,Optional Packets- Not Scheduled,No,N/A,3600.249494075775,60.004158234596254,9,15056.0,Gurobi Status: 9
F34,P34_22,2,2100000,2200000,3718,2187699.0,2191417.0,91417.0,Scheduled - Deadline Met,Yes,Yes,3600.249494075775,60.004158234596254,9,15056.0,Gurobi Status: 9
F34,P34_23,8,2200000,2300000,3718,2244303.0,2248021.0,48021.0,Scheduled - Deadline Met,Yes,Yes,3600.249494075775,60.004158234596254,9,15056.0,Gurobi Status: 9
F34,P34_24,2,2300000,2400000,3718,2372455.0,2376173.0,76173.0,Scheduled - Deadline Met,Yes,Yes,3600.249494075775,60.004158234596254,9,15056.0,Gurobi Status: 9
F35,P35_1,8,0,200000,1282,82096.0,83378.0,83378.0,Scheduled - Deadline Met,Yes,Yes,3600.249494075775,60.004158234596254,9,15056.0,Gurobi Status: 9
F35,P35_2,7,200000,400000,1282,296431.0,297713.0,97713.0,Scheduled - Deadline Met,Yes,Yes,3600.249494075775,60.004158234596254,9,15056.0,Gurobi Status: 9
F35,P35_3,8,400000,600000,1282,497639.0,498921.0,98921.0,Scheduled - Deadline Met,Yes,Yes,3600.249494075775,60.004158234596254,9,15056.0,Gurobi Status: 9
F35,P35_4,7,600000,800000,1282,724391.0,725673.0,125673.0,Scheduled - Deadline Met,Yes,Yes,3600.249494075775,60.004158234596254,9,15056.0,Gurobi Status: 9
F35,P35_5,8,800000,1000000,1282,918952.0,920234.0,120234.0,Scheduled - Deadline Met,Yes,Yes,3600.249494075775,60.004158234596254,9,15056.0,Gurobi Status: 9
F35,P35_6,7,1000000,1200000,1282,1014170.0,1015452.0,15452.0,Scheduled - Deadline Met,Yes,Yes,3600.249494075775,60.004158234596254,9,15056.0,Gurobi Status: 9
F35,P35_7,8,1200000,1400000,1282,1283287.0,1284569.0,84569.0,Scheduled - Deadline Met,Yes,Yes,3600.249494075775,60.004158234596254,9,15056.0,Gurobi Status: 9
F35,P35_8,7,1400000,1600000,1282,1456491.0,1457773.0,57773.0,Scheduled - Deadline Met,Yes,Yes,3600.249494075775,60.004158234596254,9,15056.0,Gurobi Status: 9
F35,P35_9,8,1600000,1800000,1282,1695536.0,1696818.0,96818.0,Scheduled - Deadline Met,Yes,Yes,3600.249494075775,60.004158234596254,9,15056.0,Gurobi Status: 9
F35,P35_10,7,1800000,2000000,1282,1863104.0,1864386.0,64386.0,Scheduled - Deadline Met,Yes,Yes,3600.249494075775,60.004158234596254,9,15056.0,Gurobi Status: 9
F35,P35_11,8,2000000,2200000,1282,2117729.0,2119011.0,119011.0,Scheduled - Deadline Met,Yes,Yes,3600.249494075775,60.004158234596254,9,15056.0,Gurobi Status: 9
F35,P35_12,7,2200000,2400000,1282,2201482.0,2202764.0,2764.0,Scheduled - Deadline Met,Yes,Yes,3600.249494075775,60.004158234596254,9,15056.0,Gurobi Status: 9
F36,P36_1,3,0,400000,5705,48493.0,54198.0,54198.0,Scheduled - Deadline Met,Yes,Yes,3600.249494075775,60.004158234596254,9,15056.0,Gurobi Status: 9
F36,P36_2,8,400000,800000,5705,499017.0,504722.0,104722.0,Scheduled - Deadline Met,Yes,Yes,3600.249494075775,60.004158234596254,9,15056.0,Gurobi Status: 9
F36,P36_3,3,800000,1200000,5705,839591.0,845296.0,45296.0,Scheduled - Deadline Met,Yes,Yes,3600.249494075775,60.004158234596254,9,15056.0,Gurobi Status: 9
F36,P36_4,8,1200000,1600000,5705,,,,Optional Packets- Not Scheduled,No,N/A,3600.249494075775,60.004158234596254,9,15056.0,Gurobi Status: 9
F36,P36_5,3,1600000,2000000,5705,1634095.0,1639800.0,39800.0,Scheduled - Deadline Met,Yes,Yes,3600.249494075775,60.004158234596254,9,15056.0,Gurobi Status: 9
F36,P36_6,8,2000000,2400000,5705,2119107.0,2124812.0,124812.0,Scheduled - Deadline Met,Yes,Yes,3600.249494075775,60.004158234596254,9,15056.0,Gurobi Status: 9
F37,P37_1,5,0,200000,1941,119592.0,121533.0,121533.0,Scheduled - Deadline Met,Yes,Yes,3600.249494075775,60.004158234596254,9,15056.0,Gurobi Status: 9
F37,P37_2,8,200000,400000,1941,308414.0,310355.0,110355.0,Scheduled - Deadline Met,Yes,Yes,3600.249494075775,60.004158234596254,9,15056.0,Gurobi Status: 9
F37,P37_3,5,400000,600000,1941,456838.0,458779.0,58779.0,Scheduled - Deadline Met,Yes,Yes,3600.249494075775,60.004158234596254,9,15056.0,Gurobi Status: 9
F37,P37_4,8,600000,800000,1941,690586.0,692527.0,92527.0,Scheduled - Deadline Met,Yes,Yes,3600.249494075775,60.004158234596254,9,15056.0,Gurobi Status: 9
F37,P37_5,5,800000,1000000,1941,821963.0,823904.0,23904.0,Scheduled - Deadline Met,Yes,Yes,3600.249494075775,60.004158234596254,9,15056.0,Gurobi Status: 9
F37,P37_6,8,1000000,1200000,1941,1095425.0,1097366.0,97366.0,Scheduled - Deadline Met,Yes,Yes,3600.249494075775,60.004158234596254,9,15056.0,Gurobi Status: 9
F37,P37_7,5,1200000,1400000,1941,1232213.0,1234154.0,34154.0,Scheduled - Deadline Met,Yes,Yes,3600.249494075775,60.004158234596254,9,15056.0,Gurobi Status: 9
F37,P37_8,8,1400000,1600000,1941,1512914.0,1514855.0,114855.0,Scheduled - Deadline Met,Yes,Yes,3600.249494075775,60.004158234596254,9,15056.0,Gurobi Status: 9
F37,P37_9,5,1600000,1800000,1941,1649438.0,1651379.0,51379.0,Scheduled - Deadline Met,Yes,Yes,3600.249494075775,60.004158234596254,9,15056.0,Gurobi Status: 9
F37,P37_10,8,1800000,2000000,1941,1824231.0,1826172.0,26172.0,Scheduled - Deadline Met,Yes,Yes,3600.249494075775,60.004158234596254,9,15056.0,Gurobi Status: 9
F37,P37_11,5,2000000,2200000,1941,2018932.0,2020873.0,20873.0,Scheduled - Deadline Met,Yes,Yes,3600.249494075775,60.004158234596254,9,15056.0,Gurobi Status: 9
F37,P37_12,8,2200000,2400000,1941,2333145.0,2335086.0,135086.0,Scheduled - Deadline Met,Yes,Yes,3600.249494075775,60.004158234596254,9,15056.0,Gurobi Status: 9
F38,P38_1,8,0,100000,2264,31197.0,33461.0,33461.0,Scheduled - Deadline Met,Yes,Yes,3600.249494075775,60.004158234596254,9,15056.0,Gurobi Status: 9
F38,P38_2,3,100000,200000,2264,155720.0,157984.0,57984.0,Scheduled - Deadline Met,Yes,Yes,3600.249494075775,60.004158234596254,9,15056.0,Gurobi Status: 9
F38,P38_3,8,200000,300000,2264,231721.0,233985.0,33985.0,Scheduled - Deadline Met,Yes,Yes,3600.249494075775,60.004158234596254,9,15056.0,Gurobi Status: 9
F38,P38_4,3,300000,400000,2264,375476.0,377740.0,77740.0,Scheduled - Deadline Met,Yes,Yes,3600.249494075775,60.004158234596254,9,15056.0,Gurobi Status: 9
F38,P38_5,8,400000,500000,2264,427730.0,429994.0,29994.0,Scheduled - Deadline Met,Yes,Yes,3600.249494075775,60.004158234596254,9,15056.0,Gurobi Status: 9
F38,P38_6,3,500000,600000,2264,567496.0,569760.0,69760.0,Scheduled - Deadline Met,Yes,Yes,3600.249494075775,60.004158234596254,9,15056.0,Gurobi Status: 9
F38,P38_7,8,600000,700000,2264,679015.0,681279.0,81279.0,Scheduled - Deadline Met,Yes,Yes,3600.249494075775,60.004158234596254,9,15056.0,Gurobi Status: 9
F38,P38_8,3,700000,800000,2264,763314.0,765578.0,65578.0,Scheduled - Deadline Met,Yes,Yes,3600.249494075775,60.004158234596254,9,15056.0,Gurobi Status: 9
F38,P38_9,8,800000,900000,2264,,,,Optional Packets- Not Scheduled,No,N/A,3600.249494075775,60.004158234596254,9,15056.0,Gurobi Status: 9
F38,P38_10,3,900000,1000000,2264,979212.0,981476.0,81476.0,Scheduled - Deadline Met,Yes,Yes,3600.249494075775,60.004158234596254,9,15056.0,Gurobi Status: 9
F38,P38_11,8,1000000,1100000,2264,1036142.0,1038406.0,38406.0,Scheduled - Deadline Met,Yes,Yes,3600.249494075775,60.004158234596254,9,15056.0,Gurobi Status: 9
F38,P38_12,3,1100000,1200000,2264,1176840.0,1179104.0,79104.0,Scheduled - Deadline Met,Yes,Yes,3600.249494075775,60.004158234596254,9,15056.0,Gurobi Status: 9
F38,P38_13,8,1200000,1300000,2264,1266176.0,1268440.0,68440.0,Scheduled - Deadline Met,Yes,Yes,3600.249494075775,60.004158234596254,9,15056.0,Gurobi Status: 9
F38,P38_14,3,1300000,1400000,2264,1337973.0,1340237.0,40237.0,Scheduled - Deadline Met,Yes,Yes,3600.249494075775,60.004158234596254,9,15056.0,Gurobi Status: 9
F38,P38_15,8,1400000,1500000,2264,1433955.0,1436219.0,36219.0,Scheduled - Deadline Met,Yes,Yes,3600.249494075775,60.004158234596254,9,15056.0,Gurobi Status: 9
F38,P38_16,3,1500000,1600000,2264,1587973.0,1590237.0,90237.0,Scheduled - Deadline Met,Yes,Yes,3600.249494075775,60.004158234596254,9,15056.0,Gurobi Status: 9
F38,P38_17,8,1600000,1700000,2264,1683757.0,1686021.0,86021.0,Scheduled - Deadline Met,Yes,Yes,3600.249494075775,60.004158234596254,9,15056.0,Gurobi Status: 9
F38,P38_18,3,1700000,1800000,2264,1738086.0,1740350.0,40350.0,Scheduled - Deadline Met,Yes,Yes,3600.249494075775,60.004158234596254,9,15056.0,Gurobi Status: 9
F38,P38_19,8,1800000,1900000,2264,1815059.0,1817323.0,17323.0,Scheduled - Deadline Met,Yes,Yes,3600.249494075775,60.004158234596254,9,15056.0,Gurobi Status: 9
F38,P38_20,3,1900000,2000000,2264,1963746.0,1966010.0,66010.0,Scheduled - Deadline Met,Yes,Yes,3600.249494075775,60.004158234596254,9,15056.0,Gurobi Status: 9
F38,P38_21,8,2000000,2100000,2264,2093840.0,2096104.0,96104.0,Scheduled - Deadline Met,Yes,Yes,3600.249494075775,60.004158234596254,9,15056.0,Gurobi Status: 9
F38,P38_22,3,2100000,2200000,2264,2173792.0,2176056.0,76056.0,Scheduled - Deadline Met,Yes,Yes,3600.249494075775,60.004158234596254,9,15056.0,Gurobi Status: 9
F38,P38_23,8,2200000,2300000,2264,2248117.0,2250381.0,50381.0,Scheduled - Deadline Met,Yes,Yes,3600.249494075775,60.004158234596254,9,15056.0,Gurobi Status: 9
F38,P38_24,3,2300000,2400000,2264,2370095.0,2372359.0,72359.0,Scheduled - Deadline Met,Yes,Yes,3600.249494075775,60.004158234596254,9,15056.0,Gurobi Status: 9
F39,P39_1,1,0,200000,1056,24647.0,25703.0,25703.0,Scheduled - Deadline Met,Yes,Yes,3600.249494075775,60.004158234596254,9,15056.0,Gurobi Status: 9
F39,P39_2,8,200000,400000,1056,310451.0,311507.0,111507.0,Scheduled - Deadline Met,Yes,Yes,3600.249494075775,60.004158234596254,9,15056.0,Gurobi Status: 9
F39,P39_3,1,400000,600000,1056,449301.0,450357.0,50357.0,Scheduled - Deadline Met,Yes,Yes,3600.249494075775,60.004158234596254,9,15056.0,Gurobi Status: 9
F39,P39_4,8,600000,800000,1056,695526.0,696582.0,96582.0,Scheduled - Deadline Met,Yes,Yes,3600.249494075775,60.004158234596254,9,15056.0,Gurobi Status: 9
F39,P39_5,1,800000,1000000,1056,868098.0,869154.0,69154.0,Scheduled - Deadline Met,Yes,Yes,3600.249494075775,60.004158234596254,9,15056.0,Gurobi Status: 9
F39,P39_6,8,1000000,1200000,1056,1097462.0,1098518.0,98518.0,Scheduled - Deadline Met,Yes,Yes,3600.249494075775,60.004158234596254,9,15056.0,Gurobi Status: 9
F39,P39_7,1,1200000,1400000,1056,1240393.0,1241449.0,41449.0,Scheduled - Deadline Met,Yes,Yes,3600.249494075775,60.004158234596254,9,15056.0,Gurobi Status: 9
F39,P39_8,8,1400000,1600000,1056,1514951.0,1516007.0,116007.0,Scheduled - Deadline Met,Yes,Yes,3600.249494075775,60.004158234596254,9,15056.0,Gurobi Status: 9
F39,P39_9,1,1600000,1800000,1056,1606902.0,1607958.0,7958.0,Scheduled - Deadline Met,Yes,Yes,3600.249494075775,60.004158234596254,9,15056.0,Gurobi Status: 9
F39,P39_10,8,1800000,2000000,1056,1900088.0,1901144.0,101144.0,Scheduled - Deadline Met,Yes,Yes,3600.249494075775,60.004158234596254,9,15056.0,Gurobi Status: 9
F39,P39_11,1,2000000,2200000,1056,2042819.0,2043875.0,43875.0,Scheduled - Deadline Met,Yes,Yes,3600.249494075775,60.004158234596254,9,15056.0,Gurobi Status: 9
F39,P39_12,8,2200000,2400000,1056,2335182.0,2336238.0,136238.0,Scheduled - Deadline Met,Yes,Yes,3600.249494075775,60.004158234596254,9,15056.0,Gurobi Status: 9
F4,P4_1,8,0,200000,3124,,,,Optional Packets- Not Scheduled,No,N/A,3600.249494075775,60.004158234596254,9,15056.0,Gurobi Status: 9
F4,P4_2,2,200000,400000,3124,354160.0,357284.0,157284.0,Scheduled - Deadline Met,Yes,Yes,3600.249494075775,60.004158234596254,9,15056.0,Gurobi Status: 9
F4,P4_3,2,400000,600000,3124,543514.0,546638.0,146638.0,Scheduled - Deadline Met,Yes,Yes,3600.249494075775,60.004158234596254,9,15056.0,Gurobi Status: 9
F4,P4_4,8,600000,800000,3124,,,,Optional Packets- Not Scheduled,No,N/A,3600.249494075775,60.004158234596254,9,15056.0,Gurobi Status: 9
F4,P4_5,2,800000,1000000,3124,872497.0,875621.0,75621.0,Scheduled - Deadline Met,Yes,Yes,3600.249494075775,60.004158234596254,9,15056.0,Gurobi Status: 9
F4,P4_6,2,1000000,1200000,3124,1127130.0,1130254.0,130254.0,Scheduled - Deadline Met,Yes,Yes,3600.249494075775,60.004158234596254,9,15056.0,Gurobi Status: 9
F4,P4_7,8,1200000,1400000,3124,,,,Optional Packets- Not Scheduled,No,N/A,3600.249494075775,60.004158234596254,9,15056.0,Gurobi Status: 9
F4,P4_8,2,1400000,1600000,3124,1550390.0,1553514.0,153514.0,Scheduled - Deadline Met,Yes,Yes,3600.249494075775,60.004158234596254,9,15056.0,Gurobi Status: 9
F4,P4_9,2,1600000,1800000,3124,1651475.0,1654599.0,54599.0,Scheduled - Deadline Met,Yes,Yes,3600.249494075775,60.004158234596254,9,15056.0,Gurobi Status: 9
F4,P4_10,8,1800000,2000000,3124,1818868.0,1821992.0,21992.0,Scheduled - Deadline Met,Yes,Yes,3600.249494075775,60.004158234596254,9,15056.0,Gurobi Status: 9
F4,P4_11,2,2000000,2200000,3124,2054768.0,2057892.0,57892.0,Scheduled - Deadline Met,Yes,Yes,3600.249494075775,60.004158234596254,9,15056.0,Gurobi Status: 9
F4,P4_12,2,2200000,2400000,3124,2278473.0,2281597.0,81597.0,Scheduled - Deadline Met,Yes,Yes,3600.249494075775,60.004158234596254,9,15056.0,Gurobi Status: 9
F40,P40_1,8,0,50000,1084,30017.0,31101.0,31101.0,Scheduled - Deadline Met,Yes,Yes,3600.249494075775,60.004158234596254,9,15056.0,Gurobi Status: 9
F40,P40_2,1,50000,100000,1084,67759.0,68843.0,18843.0,Scheduled - Deadline Met,Yes,Yes,3600.249494075775,60.004158234596254,9,15056.0,Gurobi Status: 9
F40,P40_3,8,100000,150000,1084,108679.0,109763.0,9763.0,Scheduled - Deadline Met,Yes,Yes,3600.249494075775,60.004158234596254,9,15056.0,Gurobi Status: 9
F40,P40_4,1,150000,200000,1084,158080.0,159164.0,9164.0,Scheduled - Deadline Met,Yes,Yes,3600.249494075775,60.004158234596254,9,15056.0,Gurobi Status: 9
F40,P40_5,8,200000,250000,1084,219710.0,220794.0,20794.0,Scheduled - Deadline Met,Yes,Yes,3600.249494075775,60.004158234596254,9,15056.0,Gurobi Status: 9
F40,P40_6,1,250000,300000,1084,290336.0,291420.0,41420.0,Scheduled - Deadline Met,Yes,Yes,3600.249494075775,60.004158234596254,9,15056.0,Gurobi Status: 9
F40,P40_7,8,300000,350000,1084,321668.0,322752.0,22752.0,Scheduled - Deadline Met,Yes,Yes,3600.249494075775,60.004158234596254,9,15056.0,Gurobi Status: 9
F40,P40_8,1,350000,400000,1084,374296.0,375380.0,25380.0,Scheduled - Deadline Met,Yes,Yes,3600.249494075775,60.004158234596254,9,15056.0,Gurobi Status: 9
F40,P40_9,8,400000,450000,1084,422736.0,423820.0,23820.0,Scheduled - Deadline Met,Yes,Yes,3600.249494075775,60.004158234596254,9,15056.0,Gurobi Status: 9
F40,P40_10,1,450000,500000,1084,474527.0,475611.0,25611.0,Scheduled - Deadline Met,Yes,Yes,3600.249494075775,60.004158234596254,9,15056.0,Gurobi Status: 9
F40,P40_11,8,500000,550000,1084,532601.0,533685.0,33685.0,Scheduled - Deadline Met,Yes,Yes,3600.249494075775,60.004158234596254,9,15056.0,Gurobi Status: 9
F40,P40_12,1,550000,600000,1084,592704.0,593788.0,43788.0,Scheduled - Deadline Met,Yes,Yes,3600.249494075775,60.004158234596254,9,15056.0,Gurobi Status: 9
F40,P40_13,8,600000,650000,1084,614996.0,616080.0,16080.0,Scheduled - Deadline Met,Yes,Yes,3600.249494075775,60.004158234596254,9,15056.0,Gurobi Status: 9
F40,P40_14,1,650000,700000,1084,677835.0,678919.0,28919.0,Scheduled - Deadline Met,Yes,Yes,3600.249494075775,60.004158234596254,9,15056.0,Gurobi Status: 9
F40,P40_15,8,700000,750000,1084,743584.0,744668.0,44668.0,Scheduled - Deadline Met,Yes,Yes,3600.249494075775,60.004158234596254,9,15056.0,Gurobi Status: 9
F40,P40_16,1,750000,800000,1084,779022.0,780106.0,30106.0,Scheduled - Deadline Met,Yes,Yes,3600.249494075775,60.004158234596254,9,15056.0,Gurobi Status: 9
F40,P40_17,8,800000,850000,1084,,,,Optional Packets- Not Scheduled,No,N/A,3600.249494075775,60.004158234596254,9,15056.0,Gurobi Status: 9
F40,P40_18,1,850000,900000,1084,878083.0,879167.0,29167.0,Scheduled - Deadline Met,Yes,Yes,3600.249494075775,60.004158234596254,9,15056.0,Gurobi Status: 9
F40,P40_19,8,900000,950000,1084,948820.0,949904.0,49904.0,Scheduled - Deadline Met,Yes,Yes,3600.249494075775,60.004158234596254,9,15056.0,Gurobi Status: 9
F40,P40_20,1,950000,1000000,1084,981572.0,982656.0,32656.0,Scheduled - Deadline Met,Yes,Yes,3600.249494075775,60.004158234596254,9,15056.0,Gurobi Status: 9
F40,P40_21,8,1000000,1050000,1084,1024131.0,1025215.0,25215.0,Scheduled - Deadline Met,Yes,Yes,3600.249494075775,60.004158234596254,9,15056.0,Gurobi Status: 9
F40,P40_22,1,1050000,1100000,1084,1085959.0,1087043.0,37043.0,Scheduled - Deadline Met,Yes,Yes,3600.249494075775,60.004158234596254,9,15056.0,Gurobi Status: 9
F40,P40_23,8,1100000,1150000,1084,1148916.0,1150000.0,50000.0,Scheduled - Deadline Met,Yes,Yes,3600.249494075775,60.004158234596254,9,15056.0,Gurobi Status: 9
F40,P40_24,1,1150000,1200000,1084,1173143.0,1174227.0,24227.0,Scheduled - Deadline Met,Yes,Yes,3600.249494075775,60.004158234596254,9,15056.0,Gurobi Status: 9
F40,P40_25,8,1200000,1250000,1084,1208669.0,1209753.0,9753.0,Scheduled - Deadline Met,Yes,Yes,3600.249494075775,60.004158234596254,9,15056.0,Gurobi Status: 9
F40,P40_26,1,1250000,1300000,1084,1264996.0,1266080.0,16080.0,Scheduled - Deadline Met,Yes,Yes,3600.249494075775,60.004158234596254,9,15056.0,Gurobi Status: 9
F40,P40_27,8,1300000,1350000,1084,1348916.0,1350000.0,50000.0,Scheduled - Deadline Met,Yes,Yes,3600.249494075775,60.004158234596254,9,15056.0,Gurobi Status: 9
F40,P40_28,1,1350000,1400000,1084,1390333.0,1391417.0,41417.0,Scheduled - Deadline Met,Yes,Yes,3600.249494075775,60.004158234596254,9,15056.0,Gurobi Status: 9
F40,P40_29,8,1400000,1450000,1084,1421944.0,1423028.0,23028.0,Scheduled - Deadline Met,Yes,Yes,3600.249494075775,60.004158234596254,9,15056.0,Gurobi Status: 9
F40,P40_30,1,1450000,1500000,1084,1498916.0,1500000.0,50000.0,Scheduled - Deadline Met,Yes,Yes,3600.249494075775,60.004158234596254,9,15056.0,Gurobi Status: 9
F40,P40_31,8,1500000,1550000,1084,1526168.0,1527252.0,27252.0,Scheduled - Deadline Met,Yes,Yes,3600.249494075775,60.004158234596254,9,15056.0,Gurobi Status: 9
F40,P40_32,1,1550000,1600000,1084,1590333.0,1591417.0,41417.0,Scheduled - Deadline Met,Yes,Yes,3600.249494075775,60.004158234596254,9,15056.0,Gurobi Status: 9
F40,P40_33,8,1600000,1650000,1084,1619269.0,1620353.0,20353.0,Scheduled - Deadline Met,Yes,Yes,3600.249494075775,60.004158234596254,9,15056.0,Gurobi Status: 9
F40,P40_34,1,1650000,1700000,1084,1662320.0,1663404.0,13404.0,Scheduled - Deadline Met,Yes,Yes,3600.249494075775,60.004158234596254,9,15056.0,Gurobi Status: 9
F40,P40_35,8,1700000,1750000,1084,1718827.0,1719911.0,19911.0,Scheduled - Deadline Met,Yes,Yes,3600.249494075775,60.004158234596254,9,15056.0,Gurobi Status: 9
F40,P40_36,1,1750000,1800000,1084,1771119.0,1772203.0,22203.0,Scheduled - Deadline Met,Yes,Yes,3600.249494075775,60.004158234596254,9,15056.0,Gurobi Status: 9
F40,P40_37,8,1800000,1850000,1084,1810065.0,1811149.0,11149.0,Scheduled - Deadline Met,Yes,Yes,3600.249494075775,60.004158234596254,9,15056.0,Gurobi Status: 9
F40,P40_38,1,1850000,1900000,1084,1882282.0,1883366.0,33366.0,Scheduled - Deadline Met,Yes,Yes,3600.249494075775,60.004158234596254,9,15056.0,Gurobi Status: 9
F40,P40_39,8,1900000,1950000,1084,1913241.0,1914325.0,14325.0,Scheduled - Deadline Met,Yes,Yes,3600.249494075775,60.004158234596254,9,15056.0,Gurobi Status: 9
F40,P40_40,1,1950000,2000000,1084,1956235.0,1957319.0,7319.0,Scheduled - Deadline Met,Yes,Yes,3600.249494075775,60.004158234596254,9,15056.0,Gurobi Status: 9
F40,P40_41,8,2000000,2050000,1084,,,,Optional Packets- Not Scheduled,No,N/A,3600.249494075775,60.004158234596254,9,15056.0,Gurobi Status: 9
F40,P40_42,1,2050000,2100000,1084,2067819.0,2068903.0,18903.0,Scheduled - Deadline Met,Yes,Yes,3600.249494075775,60.004158234596254,9,15056.0,Gurobi Status: 9
F40,P40_43,8,2100000,2150000,1084,2148916.0,2150000.0,50000.0,Scheduled - Deadline Met,Yes,Yes,3600.249494075775,60.004158234596254,9,15056.0,Gurobi Status: 9
F40,P40_44,1,2150000,2200000,1084,2172612.0,2173696.0,23696.0,Scheduled - Deadline Met,Yes,Yes,3600.249494075775,60.004158234596254,9,15056.0,Gurobi Status: 9
F40,P40_45,8,2200000,2250000,1084,2236106.0,2237190.0,37190.0,Scheduled - Deadline Met,Yes,Yes,3600.249494075775,60.004158234596254,9,15056.0,Gurobi Status: 9
F40,P40_46,1,2250000,2300000,1084,2274163.0,2275247.0,25247.0,Scheduled - Deadline Met,Yes,Yes,3600.249494075775,60.004158234596254,9,15056.0,Gurobi Status: 9
F40,P40_47,8,2300000,2350000,1084,2348916.0,2350000.0,50000.0,Scheduled - Deadline Met,Yes,Yes,3600.249494075775,60.004158234596254,9,15056.0,Gurobi Status: 9
F40,P40_48,1,2350000,2400000,1084,2383286.0,2384370.0,34370.0,Scheduled - Deadline Met,Yes,Yes,3600.249494075775,60.004158234596254,9,15056.0,Gurobi Status: 9
F41,P41_1,2,0,400000,2514,191370.0,193884.0,193884.0,Scheduled - Deadline Met,Yes,Yes,3600.249494075775,60.004158234596254,9,15056.0,Gurobi Status: 9
F41,P41_2,8,400000,800000,2514,514043.0,516557.0,116557.0,Scheduled - Deadline Met,Yes,Yes,3600.249494075775,60.004158234596254,9,15056.0,Gurobi Status: 9
F41,P41_3,2,800000,1200000,2514,903870.0,906384.0,106384.0,Scheduled - Deadline Met,Yes,Yes,3600.249494075775,60.004158234596254,9,15056.0,Gurobi Status: 9
F41,P41_4,8,1200000,1600000,2514,1286920.0,1289434.0,89434.0,Scheduled - Deadline Met,Yes,Yes,3600.249494075775,60.004158234596254,9,15056.0,Gurobi Status: 9
F41,P41_5,2,1600000,2000000,2514,1776272.0,1778786.0,178786.0,Scheduled - Deadline Met,Yes,Yes,3600.249494075775,60.004158234596254,9,15056.0,Gurobi Status: 9
F41,P41_6,8,2000000,2400000,2514,2133775.0,2136289.0,136289.0,Scheduled - Deadline Met,Yes,Yes,3600.249494075775,60.004158234596254,9,15056.0,Gurobi Status: 9
F42,P42_1,8,0,400000,600,96883.0,97483.0,97483.0,Scheduled - Deadline Met,Yes,Yes,3600.249494075775,60.004158234596254,9,15056.0,Gurobi Status: 9
F42,P42_2,2,400000,800000,600,592104.0,592704.0,192704.0,Scheduled - Deadline Met,Yes,Yes,3600.249494075775,60.004158234596254,9,15056.0,Gurobi Status: 9
F42,P42_3,8,800000,1200000,600,938059.0,938659.0,138659.0,Scheduled - Deadline Met,Yes,Yes,3600.249494075775,60.004158234596254,9,15056.0,Gurobi Status: 9
F42,P42_4,2,1200000,1600000,600,1383294.0,1383894.0,183894.0,Scheduled - Deadline Met,Yes,Yes,3600.249494075775,60.004158234596254,9,15056.0,Gurobi Status: 9
F42,P42_5,8,1600000,2000000,600,1705549.0,1706149.0,106149.0,Scheduled - Deadline Met,Yes,Yes,3600.249494075775,60.004158234596254,9,15056.0,Gurobi Status: 9
F42,P42_6,2,2000000,2400000,600,2117033.0,2117633.0,117633.0,Scheduled - Deadline Met,Yes,Yes,3600.249494075775,60.004158234596254,9,15056.0,Gurobi Status: 9
F43,P43_1,8,0,100000,6921,,,,Optional Packets- Not Scheduled,No,N/A,3600.249494075775,60.004158234596254,9,15056.0,Gurobi Status: 9
F43,P43_2,6,100000,200000,6921,159260.0,166181.0,66181.0,Scheduled - Deadline Met,Yes,Yes,3600.249494075775,60.004158234596254,9,15056.0,Gurobi Status: 9
F43,P43_3,8,200000,300000,6921,220890.0,227811.0,27811.0,Scheduled - Deadline Met,Yes,Yes,3600.249494075775,60.004158234596254,9,15056.0,Gurobi Status: 9
F43,P43_4,6,300000,400000,6921,342020.0,348941.0,48941.0,Scheduled - Deadline Met,Yes,Yes,3600.249494075775,60.004158234596254,9,15056.0,Gurobi Status: 9
F43,P43_5,8,400000,500000,6921,,,,Optional Packets- Not Scheduled,No,N/A,3600.249494075775,60.004158234596254,9,15056.0,Gurobi Status: 9
F43,P43_6,6,500000,600000,6921,560479.0,567400.0,67400.0,Scheduled - Deadline Met,Yes,Yes,3600.249494075775,60.004158234596254,9,15056.0,Gurobi Status: 9
F43,P43_7,8,600000,700000,6921,,,,Optional Packets- Not Scheduled,No,N/A,3600.249494075775,60.004158234596254,9,15056.0,Gurobi Status: 9
F43,P43_8,6,700000,800000,6921,769488.0,776409.0,76409.0,Scheduled - Deadline Met,Yes,Yes,3600.249494075775,60.004158234596254,9,15056.0,Gurobi Status: 9
F43,P43_9,8,800000,900000,6921,,,,Optional Packets- Not Scheduled,No,N/A,3600.249494075775,60.004158234596254,9,15056.0,Gurobi Status: 9
F43,P43_10,6,900000,1000000,6921,982752.0,989673.0,89673.0,Scheduled - Deadline Met,Yes,Yes,3600.249494075775,60.004158234596254,9,15056.0,Gurobi Status: 9
F43,P43_11,8,1000000,1100000,6921,1025311.0,1032232.0,32232.0,Scheduled - Deadline Met,Yes,Yes,3600.249494075775,60.004158234596254,9,15056.0,Gurobi Status: 9
F43,P43_12,6,1100000,1200000,6921,1179200.0,1186121.0,86121.0,Scheduled - Deadline Met,Yes,Yes,3600.249494075775,60.004158234596254,9,15056.0,Gurobi Status: 9
F43,P43_13,8,1200000,1300000,6921,,,,Optional Packets- Not Scheduled,No,N/A,3600.249494075775,60.004158234596254,9,15056.0,Gurobi Status: 9
F43,P43_14,6,1300000,1400000,6921,1330956.0,1337877.0,37877.0,Scheduled - Deadline Met,Yes,Yes,3600.249494075775,60.004158234596254,9,15056.0,Gurobi Status: 9
F43,P43_15,8,1400000,1500000,6921,1423124.0,1430045.0,30045.0,Scheduled - Deadline Met,Yes,Yes,3600.249494075775,60.004158234596254,9,15056.0,Gurobi Status: 9
F43,P43_16,6,1500000,1600000,6921,1500000.0,1506921.0,6921.0,Scheduled - Deadline Met,Yes,Yes,3600.249494075775,60.004158234596254,9,15056.0,Gurobi Status: 9
F43,P43_17,8,1600000,1700000,6921,,,,Optional Packets- Not Scheduled,No,N/A,3600.249494075775,60.004158234596254,9,15056.0,Gurobi Status: 9
F43,P43_18,6,1700000,1800000,6921,1760103.0,1767024.0,67024.0,Scheduled - Deadline Met,Yes,Yes,3600.249494075775,60.004158234596254,9,15056.0,Gurobi Status: 9
F43,P43_19,8,1800000,1900000,6921,,,,Optional Packets- Not Scheduled,No,N/A,3600.249494075775,60.004158234596254,9,15056.0,Gurobi Status: 9
F43,P43_20,6,1900000,2000000,6921,1993079.0,2000000.0,100000.0,Scheduled - Deadline Met,Yes,Yes,3600.249494075775,60.004158234596254,9,15056.0,Gurobi Status: 9
F43,P43_21,8,2000000,2100000,6921,,,,Optional Packets- Not Scheduled,No,N/A,3600.249494075775,60.004158234596254,9,15056.0,Gurobi Status: 9
F43,P43_22,6,2100000,2200000,6921,2176152.0,2183073.0,83073.0,Scheduled - Deadline Met,Yes,Yes,3600.249494075775,60.004158234596254,9,15056.0,Gurobi Status: 9
F43,P43_23,8,2200000,2300000,6921,2237286.0,2244207.0,44207.0,Scheduled - Deadline Met,Yes,Yes,3600.249494075775,60.004158234596254,9,15056.0,Gurobi Status: 9
F43,P43_24,6,2300000,2400000,6921,2376269.0,2383190.0,83190.0,Scheduled - Deadline Met,Yes,Yes,3600.249494075775,60.004158234596254,9,15056.0,Gurobi Status: 9
F44,P44_1,8,0,200000,3351,78649.0,82000.0,82000.0,Scheduled - Deadline Met,Yes,Yes,3600.249494075775,60.004158234596254,9,15056.0,Gurobi Status: 9
F44,P44_2,1,200000,400000,3351,257423.0,260774.0,60774.0,Scheduled - Deadline Met,Yes,Yes,3600.249494075775,60.004158234596254,9,15056.0,Gurobi Status: 9
F44,P44_3,8,400000,600000,3351,494192.0,497543.0,97543.0,Scheduled - Deadline Met,Yes,Yes,3600.249494075775,60.004158234596254,9,15056.0,Gurobi Status: 9
F44,P44_4,1,600000,800000,3351,672400.0,675751.0,75751.0,Scheduled - Deadline Met,Yes,Yes,3600.249494075775,60.004158234596254,9,15056.0,Gurobi Status: 9
F44,P44_5,8,800000,1000000,3351,915505.0,918856.0,118856.0,Scheduled - Deadline Met,Yes,Yes,3600.249494075775,60.004158234596254,9,15056.0,Gurobi Status: 9
F44,P44_6,1,1000000,1200000,3351,1049684.0,1053035.0,53035.0,Scheduled - Deadline Met,Yes,Yes,3600.249494075775,60.004158234596254,9,15056.0,Gurobi Status: 9
F44,P44_7,8,1200000,1400000,3351,1278291.0,1281642.0,81642.0,Scheduled - Deadline Met,Yes,Yes,3600.249494075775,60.004158234596254,9,15056.0,Gurobi Status: 9
F44,P44_8,1,1400000,1600000,3351,1480917.0,1484268.0,84268.0,Scheduled - Deadline Met,Yes,Yes,3600.249494075775,60.004158234596254,9,15056.0,Gurobi Status: 9
F44,P44_9,8,1600000,1800000,3351,1692089.0,1695440.0,95440.0,Scheduled - Deadline Met,Yes,Yes,3600.249494075775,60.004158234596254,9,15056.0,Gurobi Status: 9
F44,P44_10,1,1800000,2000000,3351,1870625.0,1873976.0,73976.0,Scheduled - Deadline Met,Yes,Yes,3600.249494075775,60.004158234596254,9,15056.0,Gurobi Status: 9
F44,P44_11,8,2000000,2200000,3351,2101432.0,2104783.0,104783.0,Scheduled - Deadline Met,Yes,Yes,3600.249494075775,60.004158234596254,9,15056.0,Gurobi Status: 9
F44,P44_12,1,2200000,2400000,3351,2205377.0,2208728.0,8728.0,Scheduled - Deadline Met,Yes,Yes,3600.249494075775,60.004158234596254,9,15056.0,Gurobi Status: 9
F45,P45_1,8,0,200000,3687,74866.0,78553.0,78553.0,Scheduled - Deadline Met,Yes,Yes,3600.249494075775,60.004158234596254,9,15056.0,Gurobi Status: 9
F45,P45_2,3,200000,400000,3687,245263.0,248950.0,48950.0,Scheduled - Deadline Met,Yes,Yes,3600.249494075775,60.004158234596254,9,15056.0,Gurobi Status: 9
F45,P45_3,8,400000,600000,3687,490409.0,494096.0,94096.0,Scheduled - Deadline Met,Yes,Yes,3600.249494075775,60.004158234596254,9,15056.0,Gurobi Status: 9
F45,P45_4,3,600000,800000,3687,645710.0,649397.0,49397.0,Scheduled - Deadline Met,Yes,Yes,3600.249494075775,60.004158234596254,9,15056.0,Gurobi Status: 9
F45,P45_5,8,800000,1000000,3687,911722.0,915409.0,115409.0,Scheduled - Deadline Met,Yes,Yes,3600.249494075775,60.004158234596254,9,15056.0,Gurobi Status: 9
F45,P45_6,3,1000000,1200000,3687,1071076.0,1074763.0,74763.0,Scheduled - Deadline Met,Yes,Yes,3600.249494075775,60.004158234596254,9,15056.0,Gurobi Status: 9
F45,P45_7,8,1200000,1400000,3687,1274508.0,1278195.0,78195.0,Scheduled - Deadline Met,Yes,Yes,3600.249494075775,60.004158234596254,9,15056.0,Gurobi Status: 9
F45,P45_8,3,1400000,1600000,3687,1472611.0,1476298.0,76298.0,Scheduled - Deadline Met,Yes,Yes,3600.249494075775,60.004158234596254,9,15056.0,Gurobi Status: 9
F45,P45_9,8,1600000,1800000,3687,,,,Optional Packets- Not Scheduled,No,N/A,3600.249494075775,60.004158234596254,9,15056.0,Gurobi Status: 9
F45,P45_10,3,1800000,2000000,3687,1878595.0,1882282.0,82282.0,Scheduled - Deadline Met,Yes,Yes,3600.249494075775,60.004158234596254,9,15056.0,Gurobi Status: 9
F45,P45_11,8,2000000,2200000,3687,2097649.0,2101336.0,101336.0,Scheduled - Deadline Met,Yes,Yes,3600.249494075775,60.004158234596254,9,15056.0,Gurobi Status: 9
F45,P45_12,3,2200000,2400000,3687,2270476.0,2274163.0,74163.0,Scheduled - Deadline Met,Yes,Yes,3600.249494075775,60.004158234596254,9,15056.0,Gurobi Status: 9
F46,P46_1,8,0,50000,6089,,,,Optional Packets- Not Scheduled,No,N/A,3600.249494075775,60.004158234596254,9,15056.0,Gurobi Status: 9
F46,P46_2,3,50000,100000,6089,60766.0,66855.0,16855.0,Scheduled - Deadline Met,Yes,Yes,3600.249494075775,60.004158234596254,9,15056.0,Gurobi Status: 9
F46,P46_3,8,100000,150000,6089,100096.0,106185.0,6185.0,Scheduled - Deadline Met,Yes,Yes,3600.249494075775,60.004158234596254,9,15056.0,Gurobi Status: 9
F46,P46_4,3,150000,200000,6089,170316.0,176405.0,26405.0,Scheduled - Deadline Met,Yes,Yes,3600.249494075775,60.004158234596254,9,15056.0,Gurobi Status: 9
F46,P46_5,8,200000,250000,6089,,,,Optional Packets- Not Scheduled,No,N/A,3600.249494075775,60.004158234596254,9,15056.0,Gurobi Status: 9
F46,P46_6,3,250000,300000,6089,262323.0,268412.0,18412.0,Scheduled - Deadline Met,Yes,Yes,3600.249494075775,60.004158234596254,9,15056.0,Gurobi Status: 9
F46,P46_7,8,300000,350000,6089,311603.0,317692.0,17692.0,Scheduled - Deadline Met,Yes,Yes,3600.249494075775,60.004158234596254,9,15056.0,Gurobi Status: 9
F46,P46_8,3,350000,400000,6089,391513.0,397602.0,47602.0,Scheduled - Deadline Met,Yes,Yes,3600.249494075775,60.004158234596254,9,15056.0,Gurobi Status: 9
F46,P46_9,8,400000,450000,6089,,,,Optional Packets- Not Scheduled,No,N/A,3600.249494075775,60.004158234596254,9,15056.0,Gurobi Status: 9
F46,P46_10,3,450000,500000,6089,458779.0,464868.0,14868.0,Scheduled - Deadline Met,Yes,Yes,3600.249494075775,60.004158234596254,9,15056.0,Gurobi Status: 9
F46,P46_11,8,500000,550000,6089,521501.0,527590.0,27590.0,Scheduled - Deadline Met,Yes,Yes,3600.249494075775,60.004158234596254,9,15056.0,Gurobi Status: 9
F46,P46_12,3,550000,600000,6089,580656.0,586745.0,36745.0,Scheduled - Deadline Met,Yes,Yes,3600.249494075775,60.004158234596254,9,15056.0,Gurobi Status: 9
F46,P46_13,8,600000,650000,6089,,,,Optional Packets- Not Scheduled,No,N/A,3600.249494075775,60.004158234596254,9,15056.0,Gurobi Status: 9
F46,P46_14,3,650000,700000,6089,663817.0,669906.0,19906.0,Scheduled - Deadline Met,Yes,Yes,3600.249494075775,60.004158234596254,9,15056.0,Gurobi Status: 9
F46,P46_15,8,700000,750000,6089,700096.0,706185.0,6185.0,Scheduled - Deadline Met,Yes,Yes,3600.249494075775,60.004158234596254,9,15056.0,Gurobi Status: 9
F46,P46_16,3,750000,800000,6089,780202.0,786291.0,36291.0,Scheduled - Deadline Met,Yes,Yes,3600.249494075775,60.004158234596254,9,15056.0,Gurobi Status: 9
F46,P46_17,8,800000,850000,6089,,,,Optional Packets- Not Scheduled,No,N/A,3600.249494075775,60.004158234596254,9,15056.0,Gurobi Status: 9
F46,P46_18,3,850000,900000,6089,881780.0,887869.0,37869.0,Scheduled - Deadline Met,Yes,Yes,3600.249494075775,60.004158234596254,9,15056.0,Gurobi Status: 9
F46,P46_19,8,900000,950000,6089,938755.0,944844.0,44844.0,Scheduled - Deadline Met,Yes,Yes,3600.249494075775,60.004158234596254,9,15056.0,Gurobi Status: 9
F46,P46_20,3,950000,1000000,6089,989769.0,995858.0,45858.0,Scheduled - Deadline Met,Yes,Yes,3600.249494075775,60.004158234596254,9,15056.0,Gurobi Status: 9
F46,P46_21,8,1000000,1050000,6089,1015548.0,1021637.0,21637.0,Scheduled - Deadline Met,Yes,Yes,3600.249494075775,60.004158234596254,9,15056.0,Gurobi Status: 9
F46,P46_22,3,1050000,1100000,6089,1074859.0,1080948.0,30948.0,Scheduled - Deadline Met,Yes,Yes,3600.249494075775,60.004158234596254,9,15056.0,Gurobi Status: 9
F46,P46_23,8,1100000,1150000,6089,1100096.0,1106185.0,6185.0,Scheduled - Deadline Met,Yes,Yes,3600.249494075775,60.004158234596254,9,15056.0,Gurobi Status: 9
F46,P46_24,3,1150000,1200000,6089,1191513.0,1197602.0,47602.0,Scheduled - Deadline Met,Yes,Yes,3600.249494075775,60.004158234596254,9,15056.0,Gurobi Status: 9
F46,P46_25,8,1200000,1250000,6089,,,,Optional Packets- Not Scheduled,No,N/A,3600.249494075775,60.004158234596254,9,15056.0,Gurobi Status: 9
F46,P46_26,3,1250000,1300000,6089,1253353.0,1259442.0,9442.0,Scheduled - Deadline Met,Yes,Yes,3600.249494075775,60.004158234596254,9,15056.0,Gurobi Status: 9
F46,P46_27,8,1300000,1350000,6089,1340333.0,1346422.0,46422.0,Scheduled - Deadline Met,Yes,Yes,3600.249494075775,60.004158234596254,9,15056.0,Gurobi Status: 9
F46,P46_28,3,1350000,1400000,6089,1391513.0,1397602.0,47602.0,Scheduled - Deadline Met,Yes,Yes,3600.249494075775,60.004158234596254,9,15056.0,Gurobi Status: 9
F46,P46_29,8,1400000,1450000,6089,,,,Optional Packets- Not Scheduled,No,N/A,3600.249494075775,60.004158234596254,9,15056.0,Gurobi Status: 9
F46,P46_30,3,1450000,1500000,6089,1486785.0,1492874.0,42874.0,Scheduled - Deadline Met,Yes,Yes,3600.249494075775,60.004158234596254,9,15056.0,Gurobi Status: 9
F46,P46_31,8,1500000,1550000,6089,1516103.0,1522192.0,22192.0,Scheduled - Deadline Met,Yes,Yes,3600.249494075775,60.004158234596254,9,15056.0,Gurobi Status: 9
F46,P46_32,3,1550000,1600000,6089,1591513.0,1597602.0,47602.0,Scheduled - Deadline Met,Yes,Yes,3600.249494075775,60.004158234596254,9,15056.0,Gurobi Status: 9
F46,P46_33,8,1600000,1650000,6089,,,,Optional Packets- Not Scheduled,No,N/A,3600.249494075775,60.004158234596254,9,15056.0,Gurobi Status: 9
F46,P46_34,3,1650000,1700000,6089,1663500.0,1669589.0,19589.0,Scheduled - Deadline Met,Yes,Yes,3600.249494075775,60.004158234596254,9,15056.0,Gurobi Status: 9
F46,P46_35,8,1700000,1750000,6089,1707727.0,1713816.0,13816.0,Scheduled - Deadline Met,Yes,Yes,3600.249494075775,60.004158234596254,9,15056.0,Gurobi Status: 9
F46,P46_36,3,1750000,1800000,6089,1778786.0,1784875.0,34875.0,Scheduled - Deadline Met,Yes,Yes,3600.249494075775,60.004158234596254,9,15056.0,Gurobi Status: 9
F46,P46_37,8,1800000,1850000,6089,1800000.0,1806089.0,6089.0,Scheduled - Deadline Met,Yes,Yes,3600.249494075775,60.004158234596254,9,15056.0,Gurobi Status: 9
F46,P46_38,3,1850000,1900000,6089,1888602.0,1894691.0,44691.0,Scheduled - Deadline Met,Yes,Yes,3600.249494075775,60.004158234596254,9,15056.0,Gurobi Status: 9
F46,P46_39,8,1900000,1950000,6089,1904658.0,1910747.0,10747.0,Scheduled - Deadline Met,Yes,Yes,3600.249494075775,60.004158234596254,9,15056.0,Gurobi Status: 9
F46,P46_40,3,1950000,2000000,6089,1966106.0,1972195.0,22195.0,Scheduled - Deadline Met,Yes,Yes,3600.249494075775,60.004158234596254,9,15056.0,Gurobi Status: 9
F46,P46_41,8,2000000,2050000,6089,,,,Optional Packets- Not Scheduled,No,N/A,3600.249494075775,60.004158234596254,9,15056.0,Gurobi Status: 9
F46,P46_42,3,2050000,2100000,6089,2069711.0,2075800.0,25800.0,Scheduled - Deadline Met,Yes,Yes,3600.249494075775,60.004158234596254,9,15056.0,Gurobi Status: 9
F46,P46_43,8,2100000,2150000,6089,2138851.0,2144940.0,44940.0,Scheduled - Deadline Met,Yes,Yes,3600.249494075775,60.004158234596254,9,15056.0,Gurobi Status: 9
F46,P46_44,3,2150000,2200000,6089,2191513.0,2197602.0,47602.0,Scheduled - Deadline Met,Yes,Yes,3600.249494075775,60.004158234596254,9,15056.0,Gurobi Status: 9
F46,P46_45,8,2200000,2250000,6089,2225723.0,2231812.0,31812.0,Scheduled - Deadline Met,Yes,Yes,3600.249494075775,60.004158234596254,9,15056.0,Gurobi Status: 9
F46,P46_46,3,2250000,2300000,6089,2281597.0,2287686.0,37686.0,Scheduled - Deadline Met,Yes,Yes,3600.249494075775,60.004158234596254,9,15056.0,Gurobi Status: 9
F46,P46_47,8,2300000,2350000,6089,2337816.0,2343905.0,43905.0,Scheduled - Deadline Met,Yes,Yes,3600.249494075775,60.004158234596254,9,15056.0,Gurobi Status: 9
F46,P46_48,3,2350000,2400000,6089,2391513.0,2397602.0,47602.0,Scheduled - Deadline Met,Yes,Yes,3600.249494075775,60.004158234596254,9,15056.0,Gurobi Status: 9
F47,P47_1,8,0,400000,5829,84828.0,90657.0,90657.0,Scheduled - Deadline Met,Yes,Yes,3600.249494075775,60.004158234596254,9,15056.0,Gurobi Status: 9
F47,P47_2,5,400000,800000,5829,464868.0,470697.0,70697.0,Scheduled - Deadline Met,Yes,Yes,3600.249494075775,60.004158234596254,9,15056.0,Gurobi Status: 9
F47,P47_3,8,800000,1200000,5829,920330.0,926159.0,126159.0,Scheduled - Deadline Met,Yes,Yes,3600.249494075775,60.004158234596254,9,15056.0,Gurobi Status: 9
F47,P47_4,5,1200000,1600000,5829,1307819.0,1313648.0,113648.0,Scheduled - Deadline Met,Yes,Yes,3600.249494075775,60.004158234596254,9,15056.0,Gurobi Status: 9
F47,P47_5,8,1600000,2000000,5829,,,,Optional Packets- Not Scheduled,No,N/A,3600.249494075775,60.004158234596254,9,15056.0,Gurobi Status: 9
F47,P47_6,5,2000000,2400000,5829,2043971.0,2049800.0,49800.0,Scheduled - Deadline Met,Yes,Yes,3600.249494075775,60.004158234596254,9,15056.0,Gurobi Status: 9
F48,P48_1,6,0,400000,4702,54294.0,58996.0,58996.0,Scheduled - Deadline Met,Yes,Yes,3600.249494075775,60.004158234596254,9,15056.0,Gurobi Status: 9
F48,P48_2,8,400000,800000,4702,504818.0,509520.0,109520.0,Scheduled - Deadline Met,Yes,Yes,3600.249494075775,60.004158234596254,9,15056.0,Gurobi Status: 9
F48,P48_3,6,800000,1200000,4702,825354.0,830056.0,30056.0,Scheduled - Deadline Met,Yes,Yes,3600.249494075775,60.004158234596254,9,15056.0,Gurobi Status: 9
F48,P48_4,8,1200000,1600000,4702,,,,Optional Packets- Not Scheduled,No,N/A,3600.249494075775,60.004158234596254,9,15056.0,Gurobi Status: 9
F48,P48_5,6,1600000,2000000,4702,1729740.0,1734442.0,134442.0,Scheduled - Deadline Met,Yes,Yes,3600.249494075775,60.004158234596254,9,15056.0,Gurobi Status: 9
F48,P48_6,8,2000000,2400000,4702,2124908.0,2129610.0,129610.0,Scheduled - Deadline Met,Yes,Yes,3600.249494075775,60.004158234596254,9,15056.0,Gurobi Status: 9
F5,P5_1,8,0,200000,1258,83474.0,84732.0,84732.0,Scheduled - Deadline Met,Yes,Yes,3600.249494075775,60.004158234596254,9,15056.0,Gurobi Status: 9
F5,P5_2,4,200000,400000,1258,360311.0,361569.0,161569.0,Scheduled - Deadline Met,Yes,Yes,3600.249494075775,60.004158234596254,9,15056.0,Gurobi Status: 9
F5,P5_3,4,400000,600000,1258,401549.0,402807.0,2807.0,Scheduled - Deadline Met,Yes,Yes,3600.249494075775,60.004158234596254,9,15056.0,Gurobi Status: 9
F5,P5_4,8,600000,800000,1258,694172.0,695430.0,95430.0,Scheduled - Deadline Met,Yes,Yes,3600.249494075775,60.004158234596254,9,15056.0,Gurobi Status: 9
F5,P5_5,4,800000,1000000,1258,824000.0,825258.0,25258.0,Scheduled - Deadline Met,Yes,Yes,3600.249494075775,60.004158234596254,9,15056.0,Gurobi Status: 9
F5,P5_6,4,1000000,1200000,1258,1011334.0,1012592.0,12592.0,Scheduled - Deadline Met,Yes,Yes,3600.249494075775,60.004158234596254,9,15056.0,Gurobi Status: 9
F5,P5_7,8,1200000,1400000,1258,1284665.0,1285923.0,85923.0,Scheduled - Deadline Met,Yes,Yes,3600.249494075775,60.004158234596254,9,15056.0,Gurobi Status: 9
F5,P5_8,4,1400000,1600000,1258,1449518.0,1450776.0,50776.0,Scheduled - Deadline Met,Yes,Yes,3600.249494075775,60.004158234596254,9,15056.0,Gurobi Status: 9
F5,P5_9,4,1600000,1800000,1258,1603031.0,1604289.0,4289.0,Scheduled - Deadline Met,Yes,Yes,3600.249494075775,60.004158234596254,9,15056.0,Gurobi Status: 9
F5,P5_10,8,1800000,2000000,1258,1898734.0,1899992.0,99992.0,Scheduled - Deadline Met,Yes,Yes,3600.249494075775,60.004158234596254,9,15056.0,Gurobi Status: 9
F5,P5_11,4,2000000,2200000,1258,2030204.0,2031462.0,31462.0,Scheduled - Deadline Met,Yes,Yes,3600.249494075775,60.004158234596254,9,15056.0,Gurobi Status: 9
F5,P5_12,4,2200000,2400000,1258,2224369.0,2225627.0,25627.0,Scheduled - Deadline Met,Yes,Yes,3600.249494075775,60.004158234596254,9,15056.0,Gurobi Status: 9
F6,P6_1,2,0,400000,3973,187301.0,191274.0,191274.0,Scheduled - Deadline Met,Yes,Yes,3600.249494075775,60.004158234596254,9,15056.0,Gurobi Status: 9
F6,P6_2,2,400000,800000,3973,586745.0,590718.0,190718.0,Scheduled - Deadline Met,Yes,Yes,3600.249494075775,60.004158234596254,9,15056.0,Gurobi Status: 9
F6,P6_3,8,800000,1200000,3973,926255.0,930228.0,130228.0,Scheduled - Deadline Met,Yes,Yes,3600.249494075775,60.004158234596254,9,15056.0,Gurobi Status: 9
F6,P6_4,2,1200000,1600000,3973,1379225.0,1383198.0,183198.0,Scheduled - Deadline Met,Yes,Yes,3600.249494075775,60.004158234596254,9,15056.0,Gurobi Status: 9
F6,P6_5,2,1600000,2000000,3973,1772203.0,1776176.0,176176.0,Scheduled - Deadline Met,Yes,Yes,3600.249494075775,60.004158234596254,9,15056.0,Gurobi Status: 9
F6,P6_6,8,2000000,2400000,3973,2129706.0,2133679.0,133679.0,Scheduled - Deadline Met,Yes,Yes,3600.249494075775,60.004158234596254,9,15056.0,Gurobi Status: 9
F7,P7_1,8,0,400000,3827,,,,Optional Packets- Not Scheduled,No,N/A,3600.249494075775,60.004158234596254,9,15056.0,Gurobi Status: 9
F7,P7_2,3,400000,800000,3827,415719.0,419546.0,19546.0,Scheduled - Deadline Met,Yes,Yes,3600.249494075775,60.004158234596254,9,15056.0,Gurobi Status: 9
F7,P7_3,3,800000,1200000,3827,857622.0,861449.0,61449.0,Scheduled - Deadline Met,Yes,Yes,3600.249494075775,60.004158234596254,9,15056.0,Gurobi Status: 9
F7,P7_4,8,1200000,1600000,3827,,,,Optional Packets- Not Scheduled,No,N/A,3600.249494075775,60.004158234596254,9,15056.0,Gurobi Status: 9
F7,P7_5,3,1600000,2000000,3827,1639896.0,1643723.0,43723.0,Scheduled - Deadline Met,Yes,Yes,3600.249494075775,60.004158234596254,9,15056.0,Gurobi Status: 9
F7,P7_6,3,2000000,2400000,3827,2022451.0,2026278.0,26278.0,Scheduled - Deadline Met,Yes,Yes,3600.249494075775,60.004158234596254,9,15056.0,Gurobi Status: 9
F8,P8_1,4,0,400000,600,353464.0,354064.0,354064.0,Scheduled - Deadline Met,Yes,Yes,3600.249494075775,60.004158234596254,9,15056.0,Gurobi Status: 9
F8,P8_2,4,400000,800000,600,419642.0,420242.0,20242.0,Scheduled - Deadline Met,Yes,Yes,3600.249494075775,60.004158234596254,9,15056.0,Gurobi Status: 9
F8,P8_3,8,800000,1200000,600,937363.0,937963.0,137963.0,Scheduled - Deadline Met,Yes,Yes,3600.249494075775,60.004158234596254,9,15056.0,Gurobi Status: 9
F8,P8_4,4,1200000,1600000,600,1303690.0,1304290.0,104290.0,Scheduled - Deadline Met,Yes,Yes,3600.249494075775,60.004158234596254,9,15056.0,Gurobi Status: 9
F8,P8_5,4,1600000,2000000,600,1660859.0,1661459.0,61459.0,Scheduled - Deadline Met,Yes,Yes,3600.249494075775,60.004158234596254,9,15056.0,Gurobi Status: 9
F8,P8_6,8,2000000,2400000,600,2138155.0,2138755.0,138755.0,Scheduled - Deadline Met,Yes,Yes,3600.249494075775,60.004158234596254,9,15056.0,Gurobi Status: 9
F9,P9_1,3,0,100000,8721,0.0,8721.0,8721.0,Scheduled - Deadline Met,Yes,Yes,3600.249494075775,60.004158234596254,9,15056.0,Gurobi Status: 9
F9,P9_2,3,100000,200000,8721,137464.0,146185.0,46185.0,Scheduled - Deadline Met,Yes,Yes,3600.249494075775,60.004158234596254,9,15056.0,Gurobi Status: 9
F9,P9_3,8,200000,300000,8721,,,,Optional Packets- Not Scheduled,No,N/A,3600.249494075775,60.004158234596254,9,15056.0,Gurobi Status: 9
F9,P9_4,3,300000,400000,8721,361665.0,370386.0,70386.0,Scheduled - Deadline Met,Yes,Yes,3600.249494075775,60.004158234596254,9,15056.0,Gurobi Status: 9
F9,P9_5,3,400000,500000,8721,406902.0,415623.0,15623.0,Scheduled - Deadline Met,Yes,Yes,3600.249494075775,60.004158234596254,9,15056.0,Gurobi Status: 9
F9,P9_6,8,500000,600000,8721,,,,Optional Packets- Not Scheduled,No,N/A,3600.249494075775,60.004158234596254,9,15056.0,Gurobi Status: 9
F9,P9_7,3,600000,700000,8721,629723.0,638444.0,38444.0,Scheduled - Deadline Met,Yes,Yes,3600.249494075775,60.004158234596254,9,15056.0,Gurobi Status: 9
F9,P9_8,3,700000,800000,8721,754497.0,763218.0,63218.0,Scheduled - Deadline Met,Yes,Yes,3600.249494075775,60.004158234596254,9,15056.0,Gurobi Status: 9
F9,P9_9,8,800000,900000,8721,,,,Optional Packets- Not Scheduled,No,N/A,3600.249494075775,60.004158234596254,9,15056.0,Gurobi Status: 9
F9,P9_10,3,900000,1000000,8721,966581.0,975302.0,75302.0,Scheduled - Deadline Met,Yes,Yes,3600.249494075775,60.004158234596254,9,15056.0,Gurobi Status: 9
F9,P9_11,3,1000000,1100000,8721,1002517.0,1011238.0,11238.0,Scheduled - Deadline Met,Yes,Yes,3600.249494075775,60.004158234596254,9,15056.0,Gurobi Status: 9
F9,P9_12,8,1100000,1200000,8721,1150096.0,1158817.0,58817.0,Scheduled - Deadline Met,Yes,Yes,3600.249494075775,60.004158234596254,9,15056.0,Gurobi Status: 9
F9,P9_13,3,1200000,1300000,8721,1223396.0,1232117.0,32117.0,Scheduled - Deadline Met,Yes,Yes,3600.249494075775,60.004158234596254,9,15056.0,Gurobi Status: 9
F9,P9_14,3,1300000,1400000,8721,1316110.0,1324831.0,24831.0,Scheduled - Deadline Met,Yes,Yes,3600.249494075775,60.004158234596254,9,15056.0,Gurobi Status: 9
F9,P9_15,8,1400000,1500000,8721,,,,Optional Packets- Not Scheduled,No,N/A,3600.249494075775,60.004158234596254,9,15056.0,Gurobi Status: 9
F9,P9_16,3,1500000,1600000,8721,1553610.0,1562331.0,62331.0,Scheduled - Deadline Met,Yes,Yes,3600.249494075775,60.004158234596254,9,15056.0,Gurobi Status: 9
F9,P9_17,3,1600000,1700000,8721,1608054.0,1616775.0,16775.0,Scheduled - Deadline Met,Yes,Yes,3600.249494075775,60.004158234596254,9,15056.0,Gurobi Status: 9
F9,P9_18,8,1700000,1800000,8721,1791183.0,1799904.0,99904.0,Scheduled - Deadline Met,Yes,Yes,3600.249494075775,60.004158234596254,9,15056.0,Gurobi Status: 9
F9,P9_19,3,1800000,1900000,8721,1847117.0,1855838.0,55838.0,Scheduled - Deadline Met,Yes,Yes,3600.249494075775,60.004158234596254,9,15056.0,Gurobi Status: 9
F9,P9_20,3,1900000,2000000,8721,1936530.0,1945251.0,45251.0,Scheduled - Deadline Met,Yes,Yes,3600.249494075775,60.004158234596254,9,15056.0,Gurobi Status: 9
F9,P9_21,8,2000000,2100000,8721,,,,Optional Packets- Not Scheduled,No,N/A,3600.249494075775,60.004158234596254,9,15056.0,Gurobi Status: 9
F9,P9_22,3,2100000,2200000,8721,2162346.0,2171067.0,71067.0,Scheduled - Deadline Met,Yes,Yes,3600.249494075775,60.004158234596254,9,15056.0,Gurobi Status: 9
F9,P9_23,3,2200000,2300000,8721,2261659.0,2270380.0,70380.0,Scheduled - Deadline Met,Yes,Yes,3600.249494075775,60.004158234596254,9,15056.0,Gurobi Status: 9
F9,P9_24,8,2300000,2400000,8721,2350096.0,2358817.0,58817.0,Scheduled - Deadline Met,Yes,Yes,3600.249494075775,60.004158234596254,9,15056.0,Gurobi Status: 9
