Flow,Packet,Class,Arrival,Deadline,Execution Time,Gate Open,Gate Close,Response Time,Status,Scheduled,Deadline Met,Solver_Execution_Time_Seconds,Solver_Execution_Time_Minutes,Solver_Status,Objective_Value,Stopping_Reason
F1,P1_1,8,0,200000,9503,,,,Optional Packets- Not Scheduled,No,N/A,3600.3555834293365,60.005926390488945,9,14446.0,Gurobi Status: 9
F1,P1_2,5,200000,400000,9503,258937.0,268440.0,68440.0,Scheduled - Deadline Met,Yes,Yes,3600.3555834293365,60.005926390488945,9,14446.0,Gurobi Status: 9
F1,P1_3,5,400000,600000,9503,446587.0,456090.0,56090.0,Scheduled - Deadline Met,Yes,Yes,3600.3555834293365,60.005926390488945,9,14446.0,Gurobi Status: 9
F1,P1_4,8,600000,800000,9503,651100.0,660603.0,60603.0,Scheduled - Deadline Met,Yes,Yes,3600.3555834293365,60.005926390488945,9,14446.0,Gurobi Status: 9
F1,P1_5,5,800000,1000000,9503,800000.0,809503.0,9503.0,Scheduled - Deadline Met,Yes,Yes,3600.3555834293365,60.005926390488945,9,14446.0,Gurobi Status: 9
F1,P1_6,5,1000000,1200000,9503,1008550.0,1018053.0,18053.0,Scheduled - Deadline Met,Yes,Yes,3600.3555834293365,60.005926390488945,9,14446.0,Gurobi Status: 9
F1,P1_7,8,1200000,1400000,9503,,,,Optional Packets- Not Scheduled,No,N/A,3600.3555834293365,60.005926390488945,9,14446.0,Gurobi Status: 9
F1,P1_8,5,1400000,1600000,9503,1418824.0,1428327.0,28327.0,Scheduled - Deadline Met,Yes,Yes,3600.3555834293365,60.005926390488945,9,14446.0,Gurobi Status: 9
F1,P1_9,5,1600000,1800000,9503,1617774.0,1627277.0,27277.0,Scheduled - Deadline Met,Yes,Yes,3600.3555834293365,60.005926390488945,9,14446.0,Gurobi Status: 9
F1,P1_10,8,1800000,2000000,9503,1899353.0,1908856.0,108856.0,Scheduled - Deadline Met,Yes,Yes,3600.3555834293365,60.005926390488945,9,14446.0,Gurobi Status: 9
F1,P1_11,5,2000000,2200000,9503,2014112.0,2023615.0,23615.0,Scheduled - Deadline Met,Yes,Yes,3600.3555834293365,60.005926390488945,9,14446.0,Gurobi Status: 9
F1,P1_12,5,2200000,2400000,9503,2249093.0,2258596.0,58596.0,Scheduled - Deadline Met,Yes,Yes,3600.3555834293365,60.005926390488945,9,14446.0,Gurobi Status: 9
F10,P10_1,8,0,400000,6651,,,,Optional Packets- Not Scheduled,No,N/A,3600.3555834293365,60.005926390488945,9,14446.0,Gurobi Status: 9
F10,P10_2,3,400000,800000,6651,566533.0,573184.0,173184.0,Scheduled - Deadline Met,Yes,Yes,3600.3555834293365,60.005926390488945,9,14446.0,Gurobi Status: 9
F10,P10_3,3,800000,1200000,6651,894236.0,900887.0,100887.0,Scheduled - Deadline Met,Yes,Yes,3600.3555834293365,60.005926390488945,9,14446.0,Gurobi Status: 9
F10,P10_4,8,1200000,1600000,6651,,,,Optional Packets- Not Scheduled,No,N/A,3600.3555834293365,60.005926390488945,9,14446.0,Gurobi Status: 9
F10,P10_5,3,1600000,2000000,6651,1702696.0,1709347.0,109347.0,Scheduled - Deadline Met,Yes,Yes,3600.3555834293365,60.005926390488945,9,14446.0,Gurobi Status: 9
F10,P10_6,3,2000000,2400000,6651,2129824.0,2136475.0,136475.0,Scheduled - Deadline Met,Yes,Yes,3600.3555834293365,60.005926390488945,9,14446.0,Gurobi Status: 9
F11,P11_1,7,0,100000,1233,6797.0,8030.0,8030.0,Scheduled - Deadline Met,Yes,Yes,3600.3555834293365,60.005926390488945,9,14446.0,Gurobi Status: 9
F11,P11_2,8,100000,200000,1233,151290.0,152523.0,52523.0,Scheduled - Deadline Met,Yes,Yes,3600.3555834293365,60.005926390488945,9,14446.0,Gurobi Status: 9
F11,P11_3,7,200000,300000,1233,200000.0,201233.0,1233.0,Scheduled - Deadline Met,Yes,Yes,3600.3555834293365,60.005926390488945,9,14446.0,Gurobi Status: 9
F11,P11_4,7,300000,400000,1233,384727.0,385960.0,85960.0,Scheduled - Deadline Met,Yes,Yes,3600.3555834293365,60.005926390488945,9,14446.0,Gurobi Status: 9
F11,P11_5,8,400000,500000,1233,,,,Optional Packets- Not Scheduled,No,N/A,3600.3555834293365,60.005926390488945,9,14446.0,Gurobi Status: 9
F11,P11_6,7,500000,600000,1233,596539.0,597772.0,97772.0,Scheduled - Deadline Met,Yes,Yes,3600.3555834293365,60.005926390488945,9,14446.0,Gurobi Status: 9
F11,P11_7,7,600000,700000,1233,672486.0,673719.0,73719.0,Scheduled - Deadline Met,Yes,Yes,3600.3555834293365,60.005926390488945,9,14446.0,Gurobi Status: 9
F11,P11_8,8,700000,800000,1233,752142.0,753375.0,53375.0,Scheduled - Deadline Met,Yes,Yes,3600.3555834293365,60.005926390488945,9,14446.0,Gurobi Status: 9
F11,P11_9,7,800000,900000,1233,880823.0,882056.0,82056.0,Scheduled - Deadline Met,Yes,Yes,3600.3555834293365,60.005926390488945,9,14446.0,Gurobi Status: 9
F11,P11_10,7,900000,1000000,1233,997724.0,998957.0,98957.0,Scheduled - Deadline Met,Yes,Yes,3600.3555834293365,60.005926390488945,9,14446.0,Gurobi Status: 9
F11,P11_11,8,1000000,1100000,1233,1054403.0,1055636.0,55636.0,Scheduled - Deadline Met,Yes,Yes,3600.3555834293365,60.005926390488945,9,14446.0,Gurobi Status: 9
F11,P11_12,7,1100000,1200000,1233,1194078.0,1195311.0,95311.0,Scheduled - Deadline Met,Yes,Yes,3600.3555834293365,60.005926390488945,9,14446.0,Gurobi Status: 9
F11,P11_13,7,1200000,1300000,1233,1213147.0,1214380.0,14380.0,Scheduled - Deadline Met,Yes,Yes,3600.3555834293365,60.005926390488945,9,14446.0,Gurobi Status: 9
F11,P11_14,8,1300000,1400000,1233,1398767.0,1400000.0,100000.0,Scheduled - Deadline Met,Yes,Yes,3600.3555834293365,60.005926390488945,9,14446.0,Gurobi Status: 9
F11,P11_15,7,1400000,1500000,1233,1428423.0,1429656.0,29656.0,Scheduled - Deadline Met,Yes,Yes,3600.3555834293365,60.005926390488945,9,14446.0,Gurobi Status: 9
F11,P11_16,7,1500000,1600000,1233,1595454.0,1596687.0,96687.0,Scheduled - Deadline Met,Yes,Yes,3600.3555834293365,60.005926390488945,9,14446.0,Gurobi Status: 9
F11,P11_17,8,1600000,1700000,1233,,,,Optional Packets- Not Scheduled,No,N/A,3600.3555834293365,60.005926390488945,9,14446.0,Gurobi Status: 9
F11,P11_18,7,1700000,1800000,1233,1789403.0,1790636.0,90636.0,Scheduled - Deadline Met,Yes,Yes,3600.3555834293365,60.005926390488945,9,14446.0,Gurobi Status: 9
F11,P11_19,7,1800000,1900000,1233,1869577.0,1870810.0,70810.0,Scheduled - Deadline Met,Yes,Yes,3600.3555834293365,60.005926390488945,9,14446.0,Gurobi Status: 9
F11,P11_20,8,1900000,2000000,1233,1998671.0,1999904.0,99904.0,Scheduled - Deadline Met,Yes,Yes,3600.3555834293365,60.005926390488945,9,14446.0,Gurobi Status: 9
F11,P11_21,7,2000000,2100000,1233,2012783.0,2014016.0,14016.0,Scheduled - Deadline Met,Yes,Yes,3600.3555834293365,60.005926390488945,9,14446.0,Gurobi Status: 9
F11,P11_22,7,2100000,2200000,1233,2193742.0,2194975.0,94975.0,Scheduled - Deadline Met,Yes,Yes,3600.3555834293365,60.005926390488945,9,14446.0,Gurobi Status: 9
F11,P11_23,8,2200000,2300000,1233,2281180.0,2282413.0,82413.0,Scheduled - Deadline Met,Yes,Yes,3600.3555834293365,60.005926390488945,9,14446.0,Gurobi Status: 9
F11,P11_24,7,2300000,2400000,1233,2355824.0,2357057.0,57057.0,Scheduled - Deadline Met,Yes,Yes,3600.3555834293365,60.005926390488945,9,14446.0,Gurobi Status: 9
F12,P12_1,8,0,400000,3802,,,,Optional Packets- Not Scheduled,No,N/A,3600.3555834293365,60.005926390488945,9,14446.0,Gurobi Status: 9
F12,P12_2,4,400000,800000,3802,600000.0,603802.0,203802.0,Scheduled - Deadline Met,Yes,Yes,3600.3555834293365,60.005926390488945,9,14446.0,Gurobi Status: 9
F12,P12_3,4,800000,1200000,3802,843829.0,847631.0,47631.0,Scheduled - Deadline Met,Yes,Yes,3600.3555834293365,60.005926390488945,9,14446.0,Gurobi Status: 9
F12,P12_4,8,1200000,1600000,3802,,,,Optional Packets- Not Scheduled,No,N/A,3600.3555834293365,60.005926390488945,9,14446.0,Gurobi Status: 9
F12,P12_5,4,1600000,2000000,3802,1809721.0,1813523.0,213523.0,Scheduled - Deadline Met,Yes,Yes,3600.3555834293365,60.005926390488945,9,14446.0,Gurobi Status: 9
F12,P12_6,4,2000000,2400000,3802,2057708.0,2061510.0,61510.0,Scheduled - Deadline Met,Yes,Yes,3600.3555834293365,60.005926390488945,9,14446.0,Gurobi Status: 9
F13,P13_1,5,0,400000,685,65455.0,66140.0,66140.0,Scheduled - Deadline Met,Yes,Yes,3600.3555834293365,60.005926390488945,9,14446.0,Gurobi Status: 9
F13,P13_2,5,400000,800000,685,469335.0,470020.0,70020.0,Scheduled - Deadline Met,Yes,Yes,3600.3555834293365,60.005926390488945,9,14446.0,Gurobi Status: 9
F13,P13_3,8,800000,1200000,685,939393.0,940078.0,140078.0,Scheduled - Deadline Met,Yes,Yes,3600.3555834293365,60.005926390488945,9,14446.0,Gurobi Status: 9
F13,P13_4,5,1200000,1600000,685,1265407.0,1266092.0,66092.0,Scheduled - Deadline Met,Yes,Yes,3600.3555834293365,60.005926390488945,9,14446.0,Gurobi Status: 9
F13,P13_5,5,1600000,2000000,685,1686853.0,1687538.0,87538.0,Scheduled - Deadline Met,Yes,Yes,3600.3555834293365,60.005926390488945,9,14446.0,Gurobi Status: 9
F13,P13_6,8,2000000,2400000,685,2083592.0,2084277.0,84277.0,Scheduled - Deadline Met,Yes,Yes,3600.3555834293365,60.005926390488945,9,14446.0,Gurobi Status: 9
F14,P14_1,2,0,400000,1047,116700.0,117747.0,117747.0,Scheduled - Deadline Met,Yes,Yes,3600.3555834293365,60.005926390488945,9,14446.0,Gurobi Status: 9
F14,P14_2,2,400000,800000,1047,479303.0,480350.0,80350.0,Scheduled - Deadline Met,Yes,Yes,3600.3555834293365,60.005926390488945,9,14446.0,Gurobi Status: 9
F14,P14_3,8,800000,1200000,1047,,,,Optional Packets- Not Scheduled,No,N/A,3600.3555834293365,60.005926390488945,9,14446.0,Gurobi Status: 9
F14,P14_4,2,1200000,1600000,1047,1281447.0,1282494.0,82494.0,Scheduled - Deadline Met,Yes,Yes,3600.3555834293365,60.005926390488945,9,14446.0,Gurobi Status: 9
F14,P14_5,2,1600000,2000000,1047,1688770.0,1689817.0,89817.0,Scheduled - Deadline Met,Yes,Yes,3600.3555834293365,60.005926390488945,9,14446.0,Gurobi Status: 9
F14,P14_6,8,2000000,2400000,1047,2082449.0,2083496.0,83496.0,Scheduled - Deadline Met,Yes,Yes,3600.3555834293365,60.005926390488945,9,14446.0,Gurobi Status: 9
F15,P15_1,5,0,100000,6701,0.0,6701.0,6701.0,Scheduled - Deadline Met,Yes,Yes,3600.3555834293365,60.005926390488945,9,14446.0,Gurobi Status: 9
F15,P15_2,5,100000,200000,6701,105061.0,111762.0,11762.0,Scheduled - Deadline Met,Yes,Yes,3600.3555834293365,60.005926390488945,9,14446.0,Gurobi Status: 9
F15,P15_3,8,200000,300000,6701,208264.0,214965.0,14965.0,Scheduled - Deadline Met,Yes,Yes,3600.3555834293365,60.005926390488945,9,14446.0,Gurobi Status: 9
F15,P15_4,5,300000,400000,6701,353766.0,360467.0,60467.0,Scheduled - Deadline Met,Yes,Yes,3600.3555834293365,60.005926390488945,9,14446.0,Gurobi Status: 9
F15,P15_5,5,400000,500000,6701,439790.0,446491.0,46491.0,Scheduled - Deadline Met,Yes,Yes,3600.3555834293365,60.005926390488945,9,14446.0,Gurobi Status: 9
F15,P15_6,8,500000,600000,6701,,,,Optional Packets- Not Scheduled,No,N/A,3600.3555834293365,60.005926390488945,9,14446.0,Gurobi Status: 9
F15,P15_7,5,600000,700000,6701,603802.0,610503.0,10503.0,Scheduled - Deadline Met,Yes,Yes,3600.3555834293365,60.005926390488945,9,14446.0,Gurobi Status: 9
F15,P15_8,5,700000,800000,6701,712522.0,719223.0,19223.0,Scheduled - Deadline Met,Yes,Yes,3600.3555834293365,60.005926390488945,9,14446.0,Gurobi Status: 9
F15,P15_9,8,800000,900000,6701,,,,Optional Packets- Not Scheduled,No,N/A,3600.3555834293365,60.005926390488945,9,14446.0,Gurobi Status: 9
F15,P15_10,5,900000,1000000,6701,954885.0,961586.0,61586.0,Scheduled - Deadline Met,Yes,Yes,3600.3555834293365,60.005926390488945,9,14446.0,Gurobi Status: 9
F15,P15_11,5,1000000,1100000,6701,1001753.0,1008454.0,8454.0,Scheduled - Deadline Met,Yes,Yes,3600.3555834293365,60.005926390488945,9,14446.0,Gurobi Status: 9
F15,P15_12,8,1100000,1200000,6701,1160242.0,1166943.0,66943.0,Scheduled - Deadline Met,Yes,Yes,3600.3555834293365,60.005926390488945,9,14446.0,Gurobi Status: 9
F15,P15_13,5,1200000,1300000,6701,1200000.0,1206701.0,6701.0,Scheduled - Deadline Met,Yes,Yes,3600.3555834293365,60.005926390488945,9,14446.0,Gurobi Status: 9
F15,P15_14,5,1300000,1400000,6701,1324391.0,1331092.0,31092.0,Scheduled - Deadline Met,Yes,Yes,3600.3555834293365,60.005926390488945,9,14446.0,Gurobi Status: 9
F15,P15_15,8,1400000,1500000,6701,,,,Optional Packets- Not Scheduled,No,N/A,3600.3555834293365,60.005926390488945,9,14446.0,Gurobi Status: 9
F15,P15_16,5,1500000,1600000,6701,1560969.0,1567670.0,67670.0,Scheduled - Deadline Met,Yes,Yes,3600.3555834293365,60.005926390488945,9,14446.0,Gurobi Status: 9
F15,P15_17,5,1600000,1700000,6701,1600000.0,1606701.0,6701.0,Scheduled - Deadline Met,Yes,Yes,3600.3555834293365,60.005926390488945,9,14446.0,Gurobi Status: 9
F15,P15_18,8,1700000,1800000,6701,,,,Optional Packets- Not Scheduled,No,N/A,3600.3555834293365,60.005926390488945,9,14446.0,Gurobi Status: 9
F15,P15_19,5,1800000,1900000,6701,1814219.0,1820920.0,20920.0,Scheduled - Deadline Met,Yes,Yes,3600.3555834293365,60.005926390488945,9,14446.0,Gurobi Status: 9
F15,P15_20,5,1900000,2000000,6701,1966048.0,1972749.0,72749.0,Scheduled - Deadline Met,Yes,Yes,3600.3555834293365,60.005926390488945,9,14446.0,Gurobi Status: 9
F15,P15_21,8,2000000,2100000,6701,,,,Optional Packets- Not Scheduled,No,N/A,3600.3555834293365,60.005926390488945,9,14446.0,Gurobi Status: 9
F15,P15_22,5,2100000,2200000,6701,2109435.0,2116136.0,16136.0,Scheduled - Deadline Met,Yes,Yes,3600.3555834293365,60.005926390488945,9,14446.0,Gurobi Status: 9
F15,P15_23,5,2200000,2300000,6701,2200000.0,2206701.0,6701.0,Scheduled - Deadline Met,Yes,Yes,3600.3555834293365,60.005926390488945,9,14446.0,Gurobi Status: 9
F15,P15_24,8,2300000,2400000,6701,2369157.0,2375858.0,75858.0,Scheduled - Deadline Met,Yes,Yes,3600.3555834293365,60.005926390488945,9,14446.0,Gurobi Status: 9
F16,P16_1,5,0,200000,6967,41182.0,48149.0,48149.0,Scheduled - Deadline Met,Yes,Yes,3600.3555834293365,60.005926390488945,9,14446.0,Gurobi Status: 9
F16,P16_2,5,200000,400000,6967,283402.0,290369.0,90369.0,Scheduled - Deadline Met,Yes,Yes,3600.3555834293365,60.005926390488945,9,14446.0,Gurobi Status: 9
F16,P16_3,8,400000,600000,6967,,,,Optional Packets- Not Scheduled,No,N/A,3600.3555834293365,60.005926390488945,9,14446.0,Gurobi Status: 9
F16,P16_4,5,600000,800000,6967,610599.0,617566.0,17566.0,Scheduled - Deadline Met,Yes,Yes,3600.3555834293365,60.005926390488945,9,14446.0,Gurobi Status: 9
F16,P16_5,5,800000,1000000,6967,824465.0,831432.0,31432.0,Scheduled - Deadline Met,Yes,Yes,3600.3555834293365,60.005926390488945,9,14446.0,Gurobi Status: 9
F16,P16_6,8,1000000,1200000,6967,1058661.0,1065628.0,65628.0,Scheduled - Deadline Met,Yes,Yes,3600.3555834293365,60.005926390488945,9,14446.0,Gurobi Status: 9
F16,P16_7,5,1200000,1400000,6967,1258344.0,1265311.0,65311.0,Scheduled - Deadline Met,Yes,Yes,3600.3555834293365,60.005926390488945,9,14446.0,Gurobi Status: 9
F16,P16_8,5,1400000,1600000,6967,1484455.0,1491422.0,91422.0,Scheduled - Deadline Met,Yes,Yes,3600.3555834293365,60.005926390488945,9,14446.0,Gurobi Status: 9
F16,P16_9,8,1600000,1800000,6967,,,,Optional Packets- Not Scheduled,No,N/A,3600.3555834293365,60.005926390488945,9,14446.0,Gurobi Status: 9
F16,P16_10,5,1800000,2000000,6967,1862514.0,1869481.0,69481.0,Scheduled - Deadline Met,Yes,Yes,3600.3555834293365,60.005926390488945,9,14446.0,Gurobi Status: 9
F16,P16_11,5,2000000,2200000,6967,2042306.0,2049273.0,49273.0,Scheduled - Deadline Met,Yes,Yes,3600.3555834293365,60.005926390488945,9,14446.0,Gurobi Status: 9
F16,P16_12,8,2200000,2400000,6967,2293081.0,2300048.0,100048.0,Scheduled - Deadline Met,Yes,Yes,3600.3555834293365,60.005926390488945,9,14446.0,Gurobi Status: 9
F17,P17_1,3,0,200000,7547,84463.0,92010.0,92010.0,Scheduled - Deadline Met,Yes,Yes,3600.3555834293365,60.005926390488945,9,14446.0,Gurobi Status: 9
F17,P17_2,3,200000,400000,7547,332547.0,340094.0,140094.0,Scheduled - Deadline Met,Yes,Yes,3600.3555834293365,60.005926390488945,9,14446.0,Gurobi Status: 9
F17,P17_3,8,400000,600000,7547,493004.0,500551.0,100551.0,Scheduled - Deadline Met,Yes,Yes,3600.3555834293365,60.005926390488945,9,14446.0,Gurobi Status: 9
F17,P17_4,3,600000,800000,7547,765258.0,772805.0,172805.0,Scheduled - Deadline Met,Yes,Yes,3600.3555834293365,60.005926390488945,9,14446.0,Gurobi Status: 9
F17,P17_5,3,800000,1000000,7547,831528.0,839075.0,39075.0,Scheduled - Deadline Met,Yes,Yes,3600.3555834293365,60.005926390488945,9,14446.0,Gurobi Status: 9
F17,P17_6,8,1000000,1200000,7547,,,,Optional Packets- Not Scheduled,No,N/A,3600.3555834293365,60.005926390488945,9,14446.0,Gurobi Status: 9
F17,P17_7,3,1200000,1400000,7547,1286901.0,1294448.0,94448.0,Scheduled - Deadline Met,Yes,Yes,3600.3555834293365,60.005926390488945,9,14446.0,Gurobi Status: 9
F17,P17_8,3,1400000,1600000,7547,1512127.0,1519674.0,119674.0,Scheduled - Deadline Met,Yes,Yes,3600.3555834293365,60.005926390488945,9,14446.0,Gurobi Status: 9
F17,P17_9,8,1600000,1800000,7547,,,,Optional Packets- Not Scheduled,No,N/A,3600.3555834293365,60.005926390488945,9,14446.0,Gurobi Status: 9
F17,P17_10,3,1800000,2000000,7547,1942795.0,1950342.0,150342.0,Scheduled - Deadline Met,Yes,Yes,3600.3555834293365,60.005926390488945,9,14446.0,Gurobi Status: 9
F17,P17_11,3,2000000,2200000,7547,2050065.0,2057612.0,57612.0,Scheduled - Deadline Met,Yes,Yes,3600.3555834293365,60.005926390488945,9,14446.0,Gurobi Status: 9
F17,P17_12,8,2200000,2400000,7547,2285438.0,2292985.0,92985.0,Scheduled - Deadline Met,Yes,Yes,3600.3555834293365,60.005926390488945,9,14446.0,Gurobi Status: 9
F18,P18_1,1,0,200000,817,66236.0,67053.0,67053.0,Scheduled - Deadline Met,Yes,Yes,3600.3555834293365,60.005926390488945,9,14446.0,Gurobi Status: 9
F18,P18_2,8,200000,400000,817,310678.0,311495.0,111495.0,Scheduled - Deadline Met,Yes,Yes,3600.3555834293365,60.005926390488945,9,14446.0,Gurobi Status: 9
F18,P18_3,1,400000,600000,817,468422.0,469239.0,69239.0,Scheduled - Deadline Met,Yes,Yes,3600.3555834293365,60.005926390488945,9,14446.0,Gurobi Status: 9
F18,P18_4,1,600000,800000,817,693753.0,694570.0,94570.0,Scheduled - Deadline Met,Yes,Yes,3600.3555834293365,60.005926390488945,9,14446.0,Gurobi Status: 9
F18,P18_5,8,800000,1000000,817,,,,Optional Packets- Not Scheduled,No,N/A,3600.3555834293365,60.005926390488945,9,14446.0,Gurobi Status: 9
F18,P18_6,1,1000000,1200000,817,1116690.0,1117507.0,117507.0,Scheduled - Deadline Met,Yes,Yes,3600.3555834293365,60.005926390488945,9,14446.0,Gurobi Status: 9
F18,P18_7,1,1200000,1400000,817,1337431.0,1338248.0,138248.0,Scheduled - Deadline Met,Yes,Yes,3600.3555834293365,60.005926390488945,9,14446.0,Gurobi Status: 9
F18,P18_8,8,1400000,1600000,817,1539100.0,1539917.0,139917.0,Scheduled - Deadline Met,Yes,Yes,3600.3555834293365,60.005926390488945,9,14446.0,Gurobi Status: 9
F18,P18_9,1,1600000,1800000,817,1671154.0,1671971.0,71971.0,Scheduled - Deadline Met,Yes,Yes,3600.3555834293365,60.005926390488945,9,14446.0,Gurobi Status: 9
F18,P18_10,1,1800000,2000000,817,1941882.0,1942699.0,142699.0,Scheduled - Deadline Met,Yes,Yes,3600.3555834293365,60.005926390488945,9,14446.0,Gurobi Status: 9
F18,P18_11,8,2000000,2200000,817,2081536.0,2082353.0,82353.0,Scheduled - Deadline Met,Yes,Yes,3600.3555834293365,60.005926390488945,9,14446.0,Gurobi Status: 9
F18,P18_12,1,2200000,2400000,817,2346030.0,2346847.0,146847.0,Scheduled - Deadline Met,Yes,Yes,3600.3555834293365,60.005926390488945,9,14446.0,Gurobi Status: 9
F19,P19_1,8,0,200000,833,129402.0,130235.0,130235.0,Scheduled - Deadline Met,Yes,Yes,3600.3555834293365,60.005926390488945,9,14446.0,Gurobi Status: 9
F19,P19_2,3,200000,400000,833,375244.0,376077.0,176077.0,Scheduled - Deadline Met,Yes,Yes,3600.3555834293365,60.005926390488945,9,14446.0,Gurobi Status: 9
F19,P19_3,3,400000,600000,833,533838.0,534671.0,134671.0,Scheduled - Deadline Met,Yes,Yes,3600.3555834293365,60.005926390488945,9,14446.0,Gurobi Status: 9
F19,P19_4,8,600000,800000,833,742635.0,743468.0,143468.0,Scheduled - Deadline Met,Yes,Yes,3600.3555834293365,60.005926390488945,9,14446.0,Gurobi Status: 9
F19,P19_5,3,800000,1000000,833,839171.0,840004.0,40004.0,Scheduled - Deadline Met,Yes,Yes,3600.3555834293365,60.005926390488945,9,14446.0,Gurobi Status: 9
F19,P19_6,3,1000000,1200000,833,1117603.0,1118436.0,118436.0,Scheduled - Deadline Met,Yes,Yes,3600.3555834293365,60.005926390488945,9,14446.0,Gurobi Status: 9
F19,P19_7,8,1200000,1400000,833,1308751.0,1309584.0,109584.0,Scheduled - Deadline Met,Yes,Yes,3600.3555834293365,60.005926390488945,9,14446.0,Gurobi Status: 9
F19,P19_8,3,1400000,1600000,833,1576916.0,1577749.0,177749.0,Scheduled - Deadline Met,Yes,Yes,3600.3555834293365,60.005926390488945,9,14446.0,Gurobi Status: 9
F19,P19_9,3,1600000,1800000,833,1682322.0,1683155.0,83155.0,Scheduled - Deadline Met,Yes,Yes,3600.3555834293365,60.005926390488945,9,14446.0,Gurobi Status: 9
F19,P19_10,8,1800000,2000000,833,1921188.0,1922021.0,122021.0,Scheduled - Deadline Met,Yes,Yes,3600.3555834293365,60.005926390488945,9,14446.0,Gurobi Status: 9
F19,P19_11,3,2000000,2200000,833,2071815.0,2072648.0,72648.0,Scheduled - Deadline Met,Yes,Yes,3600.3555834293365,60.005926390488945,9,14446.0,Gurobi Status: 9
F19,P19_12,3,2200000,2400000,833,2334559.0,2335392.0,135392.0,Scheduled - Deadline Met,Yes,Yes,3600.3555834293365,60.005926390488945,9,14446.0,Gurobi Status: 9
F2,P2_1,8,0,100000,6845,,,,Optional Packets- Not Scheduled,No,N/A,3600.3555834293365,60.005926390488945,9,14446.0,Gurobi Status: 9
F2,P2_2,1,100000,200000,6845,178575.0,185420.0,85420.0,Scheduled - Deadline Met,Yes,Yes,3600.3555834293365,60.005926390488945,9,14446.0,Gurobi Status: 9
F2,P2_3,1,200000,300000,6845,276461.0,283306.0,83306.0,Scheduled - Deadline Met,Yes,Yes,3600.3555834293365,60.005926390488945,9,14446.0,Gurobi Status: 9
F2,P2_4,8,300000,400000,6845,313819.0,320664.0,20664.0,Scheduled - Deadline Met,Yes,Yes,3600.3555834293365,60.005926390488945,9,14446.0,Gurobi Status: 9
F2,P2_5,1,400000,500000,6845,428813.0,435658.0,35658.0,Scheduled - Deadline Met,Yes,Yes,3600.3555834293365,60.005926390488945,9,14446.0,Gurobi Status: 9
F2,P2_6,1,500000,600000,6845,544403.0,551248.0,51248.0,Scheduled - Deadline Met,Yes,Yes,3600.3555834293365,60.005926390488945,9,14446.0,Gurobi Status: 9
F2,P2_7,8,600000,700000,6845,624597.0,631442.0,31442.0,Scheduled - Deadline Met,Yes,Yes,3600.3555834293365,60.005926390488945,9,14446.0,Gurobi Status: 9
F2,P2_8,1,700000,800000,6845,723458.0,730303.0,30303.0,Scheduled - Deadline Met,Yes,Yes,3600.3555834293365,60.005926390488945,9,14446.0,Gurobi Status: 9
F2,P2_9,1,800000,900000,6845,817524.0,824369.0,24369.0,Scheduled - Deadline Met,Yes,Yes,3600.3555834293365,60.005926390488945,9,14446.0,Gurobi Status: 9
F2,P2_10,8,900000,1000000,6845,,,,Optional Packets- Not Scheduled,No,N/A,3600.3555834293365,60.005926390488945,9,14446.0,Gurobi Status: 9
F2,P2_11,1,1000000,1100000,6845,1018149.0,1024994.0,24994.0,Scheduled - Deadline Met,Yes,Yes,3600.3555834293365,60.005926390488945,9,14446.0,Gurobi Status: 9
F2,P2_12,1,1100000,1200000,6845,1151080.0,1157925.0,57925.0,Scheduled - Deadline Met,Yes,Yes,3600.3555834293365,60.005926390488945,9,14446.0,Gurobi Status: 9
F2,P2_13,8,1200000,1300000,6845,,,,Optional Packets- Not Scheduled,No,N/A,3600.3555834293365,60.005926390488945,9,14446.0,Gurobi Status: 9
F2,P2_14,1,1300000,1400000,6845,1367584.0,1374429.0,74429.0,Scheduled - Deadline Met,Yes,Yes,3600.3555834293365,60.005926390488945,9,14446.0,Gurobi Status: 9
F2,P2_15,1,1400000,1500000,6845,1411883.0,1418728.0,18728.0,Scheduled - Deadline Met,Yes,Yes,3600.3555834293365,60.005926390488945,9,14446.0,Gurobi Status: 9
F2,P2_16,8,1500000,1600000,6845,1542241.0,1549086.0,49086.0,Scheduled - Deadline Met,Yes,Yes,3600.3555834293365,60.005926390488945,9,14446.0,Gurobi Status: 9
F2,P2_17,1,1600000,1700000,6845,1606797.0,1613642.0,13642.0,Scheduled - Deadline Met,Yes,Yes,3600.3555834293365,60.005926390488945,9,14446.0,Gurobi Status: 9
F2,P2_18,1,1700000,1800000,6845,1757061.0,1763906.0,63906.0,Scheduled - Deadline Met,Yes,Yes,3600.3555834293365,60.005926390488945,9,14446.0,Gurobi Status: 9
F2,P2_19,8,1800000,1900000,6845,1829594.0,1836439.0,36439.0,Scheduled - Deadline Met,Yes,Yes,3600.3555834293365,60.005926390488945,9,14446.0,Gurobi Status: 9
F2,P2_20,1,1900000,2000000,6845,1959107.0,1965952.0,65952.0,Scheduled - Deadline Met,Yes,Yes,3600.3555834293365,60.005926390488945,9,14446.0,Gurobi Status: 9
F2,P2_21,1,2000000,2100000,6845,2031636.0,2038481.0,38481.0,Scheduled - Deadline Met,Yes,Yes,3600.3555834293365,60.005926390488945,9,14446.0,Gurobi Status: 9
F2,P2_22,8,2100000,2200000,6845,2138799.0,2145644.0,45644.0,Scheduled - Deadline Met,Yes,Yes,3600.3555834293365,60.005926390488945,9,14446.0,Gurobi Status: 9
F2,P2_23,1,2200000,2300000,6845,2206797.0,2213642.0,13642.0,Scheduled - Deadline Met,Yes,Yes,3600.3555834293365,60.005926390488945,9,14446.0,Gurobi Status: 9
F2,P2_24,1,2300000,2400000,6845,2348883.0,2355728.0,55728.0,Scheduled - Deadline Met,Yes,Yes,3600.3555834293365,60.005926390488945,9,14446.0,Gurobi Status: 9
F20,P20_1,1,0,100000,3940,14476.0,18416.0,18416.0,Scheduled - Deadline Met,Yes,Yes,3600.3555834293365,60.005926390488945,9,14446.0,Gurobi Status: 9
F20,P20_2,1,100000,200000,3940,196060.0,200000.0,100000.0,Scheduled - Deadline Met,Yes,Yes,3600.3555834293365,60.005926390488945,9,14446.0,Gurobi Status: 9
F20,P20_3,8,200000,300000,3940,224211.0,228151.0,28151.0,Scheduled - Deadline Met,Yes,Yes,3600.3555834293365,60.005926390488945,9,14446.0,Gurobi Status: 9
F20,P20_4,1,300000,400000,3940,396060.0,400000.0,100000.0,Scheduled - Deadline Met,Yes,Yes,3600.3555834293365,60.005926390488945,9,14446.0,Gurobi Status: 9
F20,P20_5,1,400000,500000,3940,435754.0,439694.0,39694.0,Scheduled - Deadline Met,Yes,Yes,3600.3555834293365,60.005926390488945,9,14446.0,Gurobi Status: 9
F20,P20_6,8,500000,600000,3940,,,,Optional Packets- Not Scheduled,No,N/A,3600.3555834293365,60.005926390488945,9,14446.0,Gurobi Status: 9
F20,P20_7,1,600000,700000,3940,680165.0,684105.0,84105.0,Scheduled - Deadline Met,Yes,Yes,3600.3555834293365,60.005926390488945,9,14446.0,Gurobi Status: 9
F20,P20_8,1,700000,800000,3940,791864.0,795804.0,95804.0,Scheduled - Deadline Met,Yes,Yes,3600.3555834293365,60.005926390488945,9,14446.0,Gurobi Status: 9
F20,P20_9,8,800000,900000,3940,,,,Optional Packets- Not Scheduled,No,N/A,3600.3555834293365,60.005926390488945,9,14446.0,Gurobi Status: 9
F20,P20_10,1,900000,1000000,3940,992692.0,996632.0,96632.0,Scheduled - Deadline Met,Yes,Yes,3600.3555834293365,60.005926390488945,9,14446.0,Gurobi Status: 9
F20,P20_11,1,1000000,1100000,3940,1025090.0,1029030.0,29030.0,Scheduled - Deadline Met,Yes,Yes,3600.3555834293365,60.005926390488945,9,14446.0,Gurobi Status: 9
F20,P20_12,8,1100000,1200000,3940,1167039.0,1170979.0,70979.0,Scheduled - Deadline Met,Yes,Yes,3600.3555834293365,60.005926390488945,9,14446.0,Gurobi Status: 9
F20,P20_13,1,1200000,1300000,3940,1268116.0,1272056.0,72056.0,Scheduled - Deadline Met,Yes,Yes,3600.3555834293365,60.005926390488945,9,14446.0,Gurobi Status: 9
F20,P20_14,1,1300000,1400000,3940,1394731.0,1398671.0,98671.0,Scheduled - Deadline Met,Yes,Yes,3600.3555834293365,60.005926390488945,9,14446.0,Gurobi Status: 9
F20,P20_15,8,1400000,1500000,3940,1441804.0,1445744.0,45744.0,Scheduled - Deadline Met,Yes,Yes,3600.3555834293365,60.005926390488945,9,14446.0,Gurobi Status: 9
F20,P20_16,1,1500000,1600000,3940,1591418.0,1595358.0,95358.0,Scheduled - Deadline Met,Yes,Yes,3600.3555834293365,60.005926390488945,9,14446.0,Gurobi Status: 9
F20,P20_17,1,1600000,1700000,3940,1613738.0,1617678.0,17678.0,Scheduled - Deadline Met,Yes,Yes,3600.3555834293365,60.005926390488945,9,14446.0,Gurobi Status: 9
F20,P20_18,8,1700000,1800000,3940,1793898.0,1797838.0,97838.0,Scheduled - Deadline Met,Yes,Yes,3600.3555834293365,60.005926390488945,9,14446.0,Gurobi Status: 9
F20,P20_19,1,1800000,1900000,3940,1876749.0,1880689.0,80689.0,Scheduled - Deadline Met,Yes,Yes,3600.3555834293365,60.005926390488945,9,14446.0,Gurobi Status: 9
F20,P20_20,1,1900000,2000000,3940,1991005.0,1994945.0,94945.0,Scheduled - Deadline Met,Yes,Yes,3600.3555834293365,60.005926390488945,9,14446.0,Gurobi Status: 9
F20,P20_21,8,2000000,2100000,3940,,,,Optional Packets- Not Scheduled,No,N/A,3600.3555834293365,60.005926390488945,9,14446.0,Gurobi Status: 9
F20,P20_22,1,2100000,2200000,3940,2195071.0,2199011.0,99011.0,Scheduled - Deadline Met,Yes,Yes,3600.3555834293365,60.005926390488945,9,14446.0,Gurobi Status: 9
F20,P20_23,1,2200000,2300000,3940,2258692.0,2262632.0,62632.0,Scheduled - Deadline Met,Yes,Yes,3600.3555834293365,60.005926390488945,9,14446.0,Gurobi Status: 9
F20,P20_24,8,2300000,2400000,3940,2375954.0,2379894.0,79894.0,Scheduled - Deadline Met,Yes,Yes,3600.3555834293365,60.005926390488945,9,14446.0,Gurobi Status: 9
F21,P21_1,1,0,100000,6254,8126.0,14380.0,14380.0,Scheduled - Deadline Met,Yes,Yes,3600.3555834293365,60.005926390488945,9,14446.0,Gurobi Status: 9
F21,P21_2,8,100000,200000,6254,144940.0,151194.0,51194.0,Scheduled - Deadline Met,Yes,Yes,3600.3555834293365,60.005926390488945,9,14446.0,Gurobi Status: 9
F21,P21_3,1,200000,300000,6254,290465.0,296719.0,96719.0,Scheduled - Deadline Met,Yes,Yes,3600.3555834293365,60.005926390488945,9,14446.0,Gurobi Status: 9
F21,P21_4,1,300000,400000,6254,368894.0,375148.0,75148.0,Scheduled - Deadline Met,Yes,Yes,3600.3555834293365,60.005926390488945,9,14446.0,Gurobi Status: 9
F21,P21_5,8,400000,500000,6254,,,,Optional Packets- Not Scheduled,No,N/A,3600.3555834293365,60.005926390488945,9,14446.0,Gurobi Status: 9
F21,P21_6,1,500000,600000,6254,573184.0,579438.0,79438.0,Scheduled - Deadline Met,Yes,Yes,3600.3555834293365,60.005926390488945,9,14446.0,Gurobi Status: 9
F21,P21_7,1,600000,700000,6254,673815.0,680069.0,80069.0,Scheduled - Deadline Met,Yes,Yes,3600.3555834293365,60.005926390488945,9,14446.0,Gurobi Status: 9
F21,P21_8,8,700000,800000,6254,745792.0,752046.0,52046.0,Scheduled - Deadline Met,Yes,Yes,3600.3555834293365,60.005926390488945,9,14446.0,Gurobi Status: 9
F21,P21_9,1,800000,900000,6254,882152.0,888406.0,88406.0,Scheduled - Deadline Met,Yes,Yes,3600.3555834293365,60.005926390488945,9,14446.0,Gurobi Status: 9
F21,P21_10,1,900000,1000000,6254,924077.0,930331.0,30331.0,Scheduled - Deadline Met,Yes,Yes,3600.3555834293365,60.005926390488945,9,14446.0,Gurobi Status: 9
F21,P21_11,8,1000000,1100000,6254,1031354.0,1037608.0,37608.0,Scheduled - Deadline Met,Yes,Yes,3600.3555834293365,60.005926390488945,9,14446.0,Gurobi Status: 9
F21,P21_12,1,1100000,1200000,6254,1182862.0,1189116.0,89116.0,Scheduled - Deadline Met,Yes,Yes,3600.3555834293365,60.005926390488945,9,14446.0,Gurobi Status: 9
F21,P21_13,1,1200000,1300000,6254,1206797.0,1213051.0,13051.0,Scheduled - Deadline Met,Yes,Yes,3600.3555834293365,60.005926390488945,9,14446.0,Gurobi Status: 9
F21,P21_14,8,1300000,1400000,6254,,,,Optional Packets- Not Scheduled,No,N/A,3600.3555834293365,60.005926390488945,9,14446.0,Gurobi Status: 9
F21,P21_15,1,1400000,1500000,6254,1491518.0,1497772.0,97772.0,Scheduled - Deadline Met,Yes,Yes,3600.3555834293365,60.005926390488945,9,14446.0,Gurobi Status: 9
F21,P21_16,1,1500000,1600000,6254,1528439.0,1534693.0,34693.0,Scheduled - Deadline Met,Yes,Yes,3600.3555834293365,60.005926390488945,9,14446.0,Gurobi Status: 9
F21,P21_17,8,1600000,1700000,6254,,,,Optional Packets- Not Scheduled,No,N/A,3600.3555834293365,60.005926390488945,9,14446.0,Gurobi Status: 9
F21,P21_18,1,1700000,1800000,6254,1772758.0,1779012.0,79012.0,Scheduled - Deadline Met,Yes,Yes,3600.3555834293365,60.005926390488945,9,14446.0,Gurobi Status: 9
F21,P21_19,1,1800000,1900000,6254,1821016.0,1827270.0,27270.0,Scheduled - Deadline Met,Yes,Yes,3600.3555834293365,60.005926390488945,9,14446.0,Gurobi Status: 9
F21,P21_20,8,1900000,2000000,6254,,,,Optional Packets- Not Scheduled,No,N/A,3600.3555834293365,60.005926390488945,9,14446.0,Gurobi Status: 9
F21,P21_21,1,2000000,2100000,6254,2061606.0,2067860.0,67860.0,Scheduled - Deadline Met,Yes,Yes,3600.3555834293365,60.005926390488945,9,14446.0,Gurobi Status: 9
F21,P21_22,1,2100000,2200000,6254,2173222.0,2179476.0,79476.0,Scheduled - Deadline Met,Yes,Yes,3600.3555834293365,60.005926390488945,9,14446.0,Gurobi Status: 9
F21,P21_23,8,2200000,2300000,6254,,,,Optional Packets- Not Scheduled,No,N/A,3600.3555834293365,60.005926390488945,9,14446.0,Gurobi Status: 9
F21,P21_24,1,2300000,2400000,6254,2361818.0,2368072.0,68072.0,Scheduled - Deadline Met,Yes,Yes,3600.3555834293365,60.005926390488945,9,14446.0,Gurobi Status: 9
F22,P22_1,7,0,400000,6691,67149.0,73840.0,73840.0,Scheduled - Deadline Met,Yes,Yes,3600.3555834293365,60.005926390488945,9,14446.0,Gurobi Status: 9
F22,P22_2,7,400000,800000,6691,537712.0,544403.0,144403.0,Scheduled - Deadline Met,Yes,Yes,3600.3555834293365,60.005926390488945,9,14446.0,Gurobi Status: 9
F22,P22_3,8,800000,1200000,6691,,,,Optional Packets- Not Scheduled,No,N/A,3600.3555834293365,60.005926390488945,9,14446.0,Gurobi Status: 9
F22,P22_4,7,1200000,1600000,6691,1294544.0,1301235.0,101235.0,Scheduled - Deadline Met,Yes,Yes,3600.3555834293365,60.005926390488945,9,14446.0,Gurobi Status: 9
F22,P22_5,7,1600000,2000000,6691,1765078.0,1771769.0,171769.0,Scheduled - Deadline Met,Yes,Yes,3600.3555834293365,60.005926390488945,9,14446.0,Gurobi Status: 9
F22,P22_6,8,2000000,2400000,6691,,,,Optional Packets- Not Scheduled,No,N/A,3600.3555834293365,60.005926390488945,9,14446.0,Gurobi Status: 9
F23,P23_1,8,0,400000,656,141264.0,141920.0,141920.0,Scheduled - Deadline Met,Yes,Yes,3600.3555834293365,60.005926390488945,9,14446.0,Gurobi Status: 9
F23,P23_2,3,400000,800000,656,581954.0,582610.0,182610.0,Scheduled - Deadline Met,Yes,Yes,3600.3555834293365,60.005926390488945,9,14446.0,Gurobi Status: 9
F23,P23_3,3,800000,1200000,656,900983.0,901639.0,101639.0,Scheduled - Deadline Met,Yes,Yes,3600.3555834293365,60.005926390488945,9,14446.0,Gurobi Status: 9
F23,P23_4,8,1200000,1600000,656,,,,Optional Packets- Not Scheduled,No,N/A,3600.3555834293365,60.005926390488945,9,14446.0,Gurobi Status: 9
F23,P23_5,3,1600000,2000000,656,1714381.0,1715037.0,115037.0,Scheduled - Deadline Met,Yes,Yes,3600.3555834293365,60.005926390488945,9,14446.0,Gurobi Status: 9
F23,P23_6,3,2000000,2400000,656,2163144.0,2163800.0,163800.0,Scheduled - Deadline Met,Yes,Yes,3600.3555834293365,60.005926390488945,9,14446.0,Gurobi Status: 9
F24,P24_1,3,0,200000,8395,73936.0,82331.0,82331.0,Scheduled - Deadline Met,Yes,Yes,3600.3555834293365,60.005926390488945,9,14446.0,Gurobi Status: 9
F24,P24_2,8,200000,400000,8395,238659.0,247054.0,47054.0,Scheduled - Deadline Met,Yes,Yes,3600.3555834293365,60.005926390488945,9,14446.0,Gurobi Status: 9
F24,P24_3,3,400000,600000,8395,470812.0,479207.0,79207.0,Scheduled - Deadline Met,Yes,Yes,3600.3555834293365,60.005926390488945,9,14446.0,Gurobi Status: 9
F24,P24_4,3,600000,800000,8395,694666.0,703061.0,103061.0,Scheduled - Deadline Met,Yes,Yes,3600.3555834293365,60.005926390488945,9,14446.0,Gurobi Status: 9
F24,P24_5,8,800000,1000000,8395,,,,Optional Packets- Not Scheduled,No,N/A,3600.3555834293365,60.005926390488945,9,14446.0,Gurobi Status: 9
F24,P24_6,3,1000000,1200000,8395,1096318.0,1104713.0,104713.0,Scheduled - Deadline Met,Yes,Yes,3600.3555834293365,60.005926390488945,9,14446.0,Gurobi Status: 9
F24,P24_7,3,1200000,1400000,8395,1272152.0,1280547.0,80547.0,Scheduled - Deadline Met,Yes,Yes,3600.3555834293365,60.005926390488945,9,14446.0,Gurobi Status: 9
F24,P24_8,8,1400000,1600000,8395,1456252.0,1464647.0,64647.0,Scheduled - Deadline Met,Yes,Yes,3600.3555834293365,60.005926390488945,9,14446.0,Gurobi Status: 9
F24,P24_9,3,1600000,1800000,8395,1639027.0,1647422.0,47422.0,Scheduled - Deadline Met,Yes,Yes,3600.3555834293365,60.005926390488945,9,14446.0,Gurobi Status: 9
F24,P24_10,3,1800000,2000000,8395,1881685.0,1890080.0,90080.0,Scheduled - Deadline Met,Yes,Yes,3600.3555834293365,60.005926390488945,9,14446.0,Gurobi Status: 9
F24,P24_11,8,2000000,2200000,8395,,,,Optional Packets- Not Scheduled,No,N/A,3600.3555834293365,60.005926390488945,9,14446.0,Gurobi Status: 9
F24,P24_12,3,2200000,2400000,8395,2271789.0,2280184.0,80184.0,Scheduled - Deadline Met,Yes,Yes,3600.3555834293365,60.005926390488945,9,14446.0,Gurobi Status: 9
F25,P25_1,8,0,200000,7324,117843.0,125167.0,125167.0,Scheduled - Deadline Met,Yes,Yes,3600.3555834293365,60.005926390488945,9,14446.0,Gurobi Status: 9
F25,P25_2,1,200000,400000,7324,298947.0,306271.0,106271.0,Scheduled - Deadline Met,Yes,Yes,3600.3555834293365,60.005926390488945,9,14446.0,Gurobi Status: 9
F25,P25_3,8,400000,600000,7324,500647.0,507971.0,107971.0,Scheduled - Deadline Met,Yes,Yes,3600.3555834293365,60.005926390488945,9,14446.0,Gurobi Status: 9
F25,P25_4,1,600000,800000,7324,686333.0,693657.0,93657.0,Scheduled - Deadline Met,Yes,Yes,3600.3555834293365,60.005926390488945,9,14446.0,Gurobi Status: 9
F25,P25_5,8,800000,1000000,7324,,,,Optional Packets- Not Scheduled,No,N/A,3600.3555834293365,60.005926390488945,9,14446.0,Gurobi Status: 9
F25,P25_6,1,1000000,1200000,7324,1104809.0,1112133.0,112133.0,Scheduled - Deadline Met,Yes,Yes,3600.3555834293365,60.005926390488945,9,14446.0,Gurobi Status: 9
F25,P25_7,8,1200000,1400000,7324,1301331.0,1308655.0,108655.0,Scheduled - Deadline Met,Yes,Yes,3600.3555834293365,60.005926390488945,9,14446.0,Gurobi Status: 9
F25,P25_8,1,1400000,1600000,7324,1500000.0,1507324.0,107324.0,Scheduled - Deadline Met,Yes,Yes,3600.3555834293365,60.005926390488945,9,14446.0,Gurobi Status: 9
F25,P25_9,8,1600000,1800000,7324,,,,Optional Packets- Not Scheduled,No,N/A,3600.3555834293365,60.005926390488945,9,14446.0,Gurobi Status: 9
F25,P25_10,1,1800000,2000000,7324,1890176.0,1897500.0,97500.0,Scheduled - Deadline Met,Yes,Yes,3600.3555834293365,60.005926390488945,9,14446.0,Gurobi Status: 9
F25,P25_11,8,2000000,2200000,7324,,,,Optional Packets- Not Scheduled,No,N/A,3600.3555834293365,60.005926390488945,9,14446.0,Gurobi Status: 9
F25,P25_12,1,2200000,2400000,7324,2318470.0,2325794.0,125794.0,Scheduled - Deadline Met,Yes,Yes,3600.3555834293365,60.005926390488945,9,14446.0,Gurobi Status: 9
F26,P26_1,8,0,400000,2849,134060.0,136909.0,136909.0,Scheduled - Deadline Met,Yes,Yes,3600.3555834293365,60.005926390488945,9,14446.0,Gurobi Status: 9
F26,P26_2,1,400000,800000,2849,534767.0,537616.0,137616.0,Scheduled - Deadline Met,Yes,Yes,3600.3555834293365,60.005926390488945,9,14446.0,Gurobi Status: 9
F26,P26_3,8,800000,1200000,2849,,,,Optional Packets- Not Scheduled,No,N/A,3600.3555834293365,60.005926390488945,9,14446.0,Gurobi Status: 9
F26,P26_4,1,1200000,1600000,2849,1352868.0,1355717.0,155717.0,Scheduled - Deadline Met,Yes,Yes,3600.3555834293365,60.005926390488945,9,14446.0,Gurobi Status: 9
F26,P26_5,8,1600000,2000000,2849,1724205.0,1727054.0,127054.0,Scheduled - Deadline Met,Yes,Yes,3600.3555834293365,60.005926390488945,9,14446.0,Gurobi Status: 9
F26,P26_6,1,2000000,2400000,2849,2169605.0,2172454.0,172454.0,Scheduled - Deadline Met,Yes,Yes,3600.3555834293365,60.005926390488945,9,14446.0,Gurobi Status: 9
F27,P27_1,1,0,400000,4842,111762.0,116604.0,116604.0,Scheduled - Deadline Met,Yes,Yes,3600.3555834293365,60.005926390488945,9,14446.0,Gurobi Status: 9
F27,P27_2,8,400000,800000,4842,,,,Optional Packets- Not Scheduled,No,N/A,3600.3555834293365,60.005926390488945,9,14446.0,Gurobi Status: 9
F27,P27_3,1,800000,1200000,4842,906046.0,910888.0,110888.0,Scheduled - Deadline Met,Yes,Yes,3600.3555834293365,60.005926390488945,9,14446.0,Gurobi Status: 9
F27,P27_4,8,1200000,1600000,4842,,,,Optional Packets- Not Scheduled,No,N/A,3600.3555834293365,60.005926390488945,9,14446.0,Gurobi Status: 9
F27,P27_5,1,1600000,2000000,4842,1709443.0,1714285.0,114285.0,Scheduled - Deadline Met,Yes,Yes,3600.3555834293365,60.005926390488945,9,14446.0,Gurobi Status: 9
F27,P27_6,8,2000000,2400000,4842,,,,Optional Packets- Not Scheduled,No,N/A,3600.3555834293365,60.005926390488945,9,14446.0,Gurobi Status: 9
F28,P28_1,8,0,100000,1306,26821.0,28127.0,28127.0,Scheduled - Deadline Met,Yes,Yes,3600.3555834293365,60.005926390488945,9,14446.0,Gurobi Status: 9
F28,P28_2,2,100000,200000,1306,164406.0,165712.0,65712.0,Scheduled - Deadline Met,Yes,Yes,3600.3555834293365,60.005926390488945,9,14446.0,Gurobi Status: 9
F28,P28_3,8,200000,300000,1306,234328.0,235634.0,35634.0,Scheduled - Deadline Met,Yes,Yes,3600.3555834293365,60.005926390488945,9,14446.0,Gurobi Status: 9
F28,P28_4,2,300000,400000,1306,394658.0,395964.0,95964.0,Scheduled - Deadline Met,Yes,Yes,3600.3555834293365,60.005926390488945,9,14446.0,Gurobi Status: 9
F28,P28_5,8,400000,500000,1306,,,,Optional Packets- Not Scheduled,No,N/A,3600.3555834293365,60.005926390488945,9,14446.0,Gurobi Status: 9
F28,P28_6,2,500000,600000,1306,582610.0,583916.0,83916.0,Scheduled - Deadline Met,Yes,Yes,3600.3555834293365,60.005926390488945,9,14446.0,Gurobi Status: 9
F28,P28_7,8,600000,700000,1306,646769.0,648075.0,48075.0,Scheduled - Deadline Met,Yes,Yes,3600.3555834293365,60.005926390488945,9,14446.0,Gurobi Status: 9
F28,P28_8,2,700000,800000,1306,789230.0,790536.0,90536.0,Scheduled - Deadline Met,Yes,Yes,3600.3555834293365,60.005926390488945,9,14446.0,Gurobi Status: 9
F28,P28_9,8,800000,900000,1306,856036.0,857342.0,57342.0,Scheduled - Deadline Met,Yes,Yes,3600.3555834293365,60.005926390488945,9,14446.0,Gurobi Status: 9
F28,P28_10,2,900000,1000000,1306,910888.0,912194.0,12194.0,Scheduled - Deadline Met,Yes,Yes,3600.3555834293365,60.005926390488945,9,14446.0,Gurobi Status: 9
F28,P28_11,8,1000000,1100000,1306,1053001.0,1054307.0,54307.0,Scheduled - Deadline Met,Yes,Yes,3600.3555834293365,60.005926390488945,9,14446.0,Gurobi Status: 9
F28,P28_12,2,1100000,1200000,1306,1149678.0,1150984.0,50984.0,Scheduled - Deadline Met,Yes,Yes,3600.3555834293365,60.005926390488945,9,14446.0,Gurobi Status: 9
F28,P28_13,8,1200000,1300000,1306,1233557.0,1234863.0,34863.0,Scheduled - Deadline Met,Yes,Yes,3600.3555834293365,60.005926390488945,9,14446.0,Gurobi Status: 9
F28,P28_14,2,1300000,1400000,1306,1378094.0,1379400.0,79400.0,Scheduled - Deadline Met,Yes,Yes,3600.3555834293365,60.005926390488945,9,14446.0,Gurobi Status: 9
F28,P28_15,8,1400000,1500000,1306,1451921.0,1453227.0,53227.0,Scheduled - Deadline Met,Yes,Yes,3600.3555834293365,60.005926390488945,9,14446.0,Gurobi Status: 9
F28,P28_16,2,1500000,1600000,1306,1588833.0,1590139.0,90139.0,Scheduled - Deadline Met,Yes,Yes,3600.3555834293365,60.005926390488945,9,14446.0,Gurobi Status: 9
F28,P28_17,8,1600000,1700000,1306,1650725.0,1652031.0,52031.0,Scheduled - Deadline Met,Yes,Yes,3600.3555834293365,60.005926390488945,9,14446.0,Gurobi Status: 9
F28,P28_18,2,1700000,1800000,1306,1790732.0,1792038.0,92038.0,Scheduled - Deadline Met,Yes,Yes,3600.3555834293365,60.005926390488945,9,14446.0,Gurobi Status: 9
F28,P28_19,8,1800000,1900000,1306,,,,Optional Packets- Not Scheduled,No,N/A,3600.3555834293365,60.005926390488945,9,14446.0,Gurobi Status: 9
F28,P28_20,2,1900000,2000000,1306,1996273.0,1997579.0,97579.0,Scheduled - Deadline Met,Yes,Yes,3600.3555834293365,60.005926390488945,9,14446.0,Gurobi Status: 9
F28,P28_21,8,2000000,2100000,1306,,,,Optional Packets- Not Scheduled,No,N/A,3600.3555834293365,60.005926390488945,9,14446.0,Gurobi Status: 9
F28,P28_22,2,2100000,2200000,1306,2161838.0,2163144.0,63144.0,Scheduled - Deadline Met,Yes,Yes,3600.3555834293365,60.005926390488945,9,14446.0,Gurobi Status: 9
F28,P28_23,8,2200000,2300000,1306,2231197.0,2232503.0,32503.0,Scheduled - Deadline Met,Yes,Yes,3600.3555834293365,60.005926390488945,9,14446.0,Gurobi Status: 9
F28,P28_24,2,2300000,2400000,1306,2391777.0,2393083.0,93083.0,Scheduled - Deadline Met,Yes,Yes,3600.3555834293365,60.005926390488945,9,14446.0,Gurobi Status: 9
F29,P29_1,8,0,100000,672,,,,Optional Packets- Not Scheduled,No,N/A,3600.3555834293365,60.005926390488945,9,14446.0,Gurobi Status: 9
F29,P29_2,6,100000,200000,672,172480.0,173152.0,73152.0,Scheduled - Deadline Met,Yes,Yes,3600.3555834293365,60.005926390488945,9,14446.0,Gurobi Status: 9
F29,P29_3,8,200000,300000,672,237891.0,238563.0,38563.0,Scheduled - Deadline Met,Yes,Yes,3600.3555834293365,60.005926390488945,9,14446.0,Gurobi Status: 9
F29,P29_4,6,300000,400000,672,352998.0,353670.0,53670.0,Scheduled - Deadline Met,Yes,Yes,3600.3555834293365,60.005926390488945,9,14446.0,Gurobi Status: 9
F29,P29_5,8,400000,500000,672,483567.0,484239.0,84239.0,Scheduled - Deadline Met,Yes,Yes,3600.3555834293365,60.005926390488945,9,14446.0,Gurobi Status: 9
F29,P29_6,6,500000,600000,672,584012.0,584684.0,84684.0,Scheduled - Deadline Met,Yes,Yes,3600.3555834293365,60.005926390488945,9,14446.0,Gurobi Status: 9
F29,P29_7,8,600000,700000,672,650332.0,651004.0,51004.0,Scheduled - Deadline Met,Yes,Yes,3600.3555834293365,60.005926390488945,9,14446.0,Gurobi Status: 9
F29,P29_8,6,700000,800000,672,774270.0,774942.0,74942.0,Scheduled - Deadline Met,Yes,Yes,3600.3555834293365,60.005926390488945,9,14446.0,Gurobi Status: 9
F29,P29_9,8,800000,900000,672,859599.0,860271.0,60271.0,Scheduled - Deadline Met,Yes,Yes,3600.3555834293365,60.005926390488945,9,14446.0,Gurobi Status: 9
F29,P29_10,6,900000,1000000,672,988054.0,988726.0,88726.0,Scheduled - Deadline Met,Yes,Yes,3600.3555834293365,60.005926390488945,9,14446.0,Gurobi Status: 9
F29,P29_11,8,1000000,1100000,672,1057893.0,1058565.0,58565.0,Scheduled - Deadline Met,Yes,Yes,3600.3555834293365,60.005926390488945,9,14446.0,Gurobi Status: 9
F29,P29_12,6,1100000,1200000,672,1118532.0,1119204.0,19204.0,Scheduled - Deadline Met,Yes,Yes,3600.3555834293365,60.005926390488945,9,14446.0,Gurobi Status: 9
F29,P29_13,8,1200000,1300000,672,1237120.0,1237792.0,37792.0,Scheduled - Deadline Met,Yes,Yes,3600.3555834293365,60.005926390488945,9,14446.0,Gurobi Status: 9
F29,P29_14,6,1300000,1400000,672,1377326.0,1377998.0,77998.0,Scheduled - Deadline Met,Yes,Yes,3600.3555834293365,60.005926390488945,9,14446.0,Gurobi Status: 9
F29,P29_15,8,1400000,1500000,672,1455484.0,1456156.0,56156.0,Scheduled - Deadline Met,Yes,Yes,3600.3555834293365,60.005926390488945,9,14446.0,Gurobi Status: 9
F29,P29_16,6,1500000,1600000,672,1585854.0,1586526.0,86526.0,Scheduled - Deadline Met,Yes,Yes,3600.3555834293365,60.005926390488945,9,14446.0,Gurobi Status: 9
F29,P29_17,8,1600000,1700000,672,1654288.0,1654960.0,54960.0,Scheduled - Deadline Met,Yes,Yes,3600.3555834293365,60.005926390488945,9,14446.0,Gurobi Status: 9
F29,P29_18,6,1700000,1800000,672,1792134.0,1792806.0,92806.0,Scheduled - Deadline Met,Yes,Yes,3600.3555834293365,60.005926390488945,9,14446.0,Gurobi Status: 9
F29,P29_19,8,1800000,1900000,672,1898585.0,1899257.0,99257.0,Scheduled - Deadline Met,Yes,Yes,3600.3555834293365,60.005926390488945,9,14446.0,Gurobi Status: 9
F29,P29_20,6,1900000,2000000,672,1990237.0,1990909.0,90909.0,Scheduled - Deadline Met,Yes,Yes,3600.3555834293365,60.005926390488945,9,14446.0,Gurobi Status: 9
F29,P29_21,8,2000000,2100000,672,2080768.0,2081440.0,81440.0,Scheduled - Deadline Met,Yes,Yes,3600.3555834293365,60.005926390488945,9,14446.0,Gurobi Status: 9
F29,P29_22,6,2100000,2200000,672,2172454.0,2173126.0,73126.0,Scheduled - Deadline Met,Yes,Yes,3600.3555834293365,60.005926390488945,9,14446.0,Gurobi Status: 9
F29,P29_23,8,2200000,2300000,672,2284670.0,2285342.0,85342.0,Scheduled - Deadline Met,Yes,Yes,3600.3555834293365,60.005926390488945,9,14446.0,Gurobi Status: 9
F29,P29_24,6,2300000,2400000,672,2346943.0,2347615.0,47615.0,Scheduled - Deadline Met,Yes,Yes,3600.3555834293365,60.005926390488945,9,14446.0,Gurobi Status: 9
F3,P3_1,1,0,400000,10159,92106.0,102265.0,102265.0,Scheduled - Deadline Met,Yes,Yes,3600.3555834293365,60.005926390488945,9,14446.0,Gurobi Status: 9
F3,P3_2,1,400000,800000,10159,519854.0,530013.0,130013.0,Scheduled - Deadline Met,Yes,Yes,3600.3555834293365,60.005926390488945,9,14446.0,Gurobi Status: 9
F3,P3_3,8,800000,1200000,10159,,,,Optional Packets- Not Scheduled,No,N/A,3600.3555834293365,60.005926390488945,9,14446.0,Gurobi Status: 9
F3,P3_4,1,1200000,1600000,10159,1338344.0,1348503.0,148503.0,Scheduled - Deadline Met,Yes,Yes,3600.3555834293365,60.005926390488945,9,14446.0,Gurobi Status: 9
F3,P3_5,1,1600000,2000000,10159,1672067.0,1682226.0,82226.0,Scheduled - Deadline Met,Yes,Yes,3600.3555834293365,60.005926390488945,9,14446.0,Gurobi Status: 9
F3,P3_6,8,2000000,2400000,10159,,,,Optional Packets- Not Scheduled,No,N/A,3600.3555834293365,60.005926390488945,9,14446.0,Gurobi Status: 9
F30,P30_1,8,0,200000,4043,125263.0,129306.0,129306.0,Scheduled - Deadline Met,Yes,Yes,3600.3555834293365,60.005926390488945,9,14446.0,Gurobi Status: 9
F30,P30_2,2,200000,400000,4043,340190.0,344233.0,144233.0,Scheduled - Deadline Met,Yes,Yes,3600.3555834293365,60.005926390488945,9,14446.0,Gurobi Status: 9
F30,P30_3,8,400000,600000,4043,,,,Optional Packets- Not Scheduled,No,N/A,3600.3555834293365,60.005926390488945,9,14446.0,Gurobi Status: 9
F30,P30_4,2,600000,800000,4043,719319.0,723362.0,123362.0,Scheduled - Deadline Met,Yes,Yes,3600.3555834293365,60.005926390488945,9,14446.0,Gurobi Status: 9
F30,P30_5,8,800000,1000000,4043,,,,Optional Packets- Not Scheduled,No,N/A,3600.3555834293365,60.005926390488945,9,14446.0,Gurobi Status: 9
F30,P30_6,2,1000000,1200000,4043,1092179.0,1096222.0,96222.0,Scheduled - Deadline Met,Yes,Yes,3600.3555834293365,60.005926390488945,9,14446.0,Gurobi Status: 9
F30,P30_7,8,1200000,1400000,4043,,,,Optional Packets- Not Scheduled,No,N/A,3600.3555834293365,60.005926390488945,9,14446.0,Gurobi Status: 9
F30,P30_8,2,1400000,1600000,4043,1577845.0,1581888.0,181888.0,Scheduled - Deadline Met,Yes,Yes,3600.3555834293365,60.005926390488945,9,14446.0,Gurobi Status: 9
F30,P30_9,8,1600000,1800000,4043,,,,Optional Packets- Not Scheduled,No,N/A,3600.3555834293365,60.005926390488945,9,14446.0,Gurobi Status: 9
F30,P30_10,2,1800000,2000000,4043,1937743.0,1941786.0,141786.0,Scheduled - Deadline Met,Yes,Yes,3600.3555834293365,60.005926390488945,9,14446.0,Gurobi Status: 9
F30,P30_11,8,2000000,2200000,4043,,,,Optional Packets- Not Scheduled,No,N/A,3600.3555834293365,60.005926390488945,9,14446.0,Gurobi Status: 9
F30,P30_12,2,2200000,2400000,4043,2357153.0,2361196.0,161196.0,Scheduled - Deadline Met,Yes,Yes,3600.3555834293365,60.005926390488945,9,14446.0,Gurobi Status: 9
F31,P31_1,8,0,200000,4611,,,,Optional Packets- Not Scheduled,No,N/A,3600.3555834293365,60.005926390488945,9,14446.0,Gurobi Status: 9
F31,P31_2,2,200000,400000,4611,201329.0,205940.0,5940.0,Scheduled - Deadline Met,Yes,Yes,3600.3555834293365,60.005926390488945,9,14446.0,Gurobi Status: 9
F31,P31_3,8,400000,600000,4611,,,,Optional Packets- Not Scheduled,No,N/A,3600.3555834293365,60.005926390488945,9,14446.0,Gurobi Status: 9
F31,P31_4,2,600000,800000,4611,617662.0,622273.0,22273.0,Scheduled - Deadline Met,Yes,Yes,3600.3555834293365,60.005926390488945,9,14446.0,Gurobi Status: 9
F31,P31_5,8,800000,1000000,4611,930427.0,935038.0,135038.0,Scheduled - Deadline Met,Yes,Yes,3600.3555834293365,60.005926390488945,9,14446.0,Gurobi Status: 9
F31,P31_6,2,1000000,1200000,4611,1085436.0,1090047.0,90047.0,Scheduled - Deadline Met,Yes,Yes,3600.3555834293365,60.005926390488945,9,14446.0,Gurobi Status: 9
F31,P31_7,8,1200000,1400000,4611,,,,Optional Packets- Not Scheduled,No,N/A,3600.3555834293365,60.005926390488945,9,14446.0,Gurobi Status: 9
F31,P31_8,2,1400000,1600000,4611,1507420.0,1512031.0,112031.0,Scheduled - Deadline Met,Yes,Yes,3600.3555834293365,60.005926390488945,9,14446.0,Gurobi Status: 9
F31,P31_9,8,1600000,1800000,4611,1719498.0,1724109.0,124109.0,Scheduled - Deadline Met,Yes,Yes,3600.3555834293365,60.005926390488945,9,14446.0,Gurobi Status: 9
F31,P31_10,2,1800000,2000000,4611,1870906.0,1875517.0,75517.0,Scheduled - Deadline Met,Yes,Yes,3600.3555834293365,60.005926390488945,9,14446.0,Gurobi Status: 9
F31,P31_11,8,2000000,2200000,4611,,,,Optional Packets- Not Scheduled,No,N/A,3600.3555834293365,60.005926390488945,9,14446.0,Gurobi Status: 9
F31,P31_12,2,2200000,2400000,4611,2244386.0,2248997.0,48997.0,Scheduled - Deadline Met,Yes,Yes,3600.3555834293365,60.005926390488945,9,14446.0,Gurobi Status: 9
F32,P32_1,8,0,400000,1344,139824.0,141168.0,141168.0,Scheduled - Deadline Met,Yes,Yes,3600.3555834293365,60.005926390488945,9,14446.0,Gurobi Status: 9
F32,P32_2,7,400000,800000,1344,579438.0,580782.0,180782.0,Scheduled - Deadline Met,Yes,Yes,3600.3555834293365,60.005926390488945,9,14446.0,Gurobi Status: 9
F32,P32_3,8,800000,1200000,1344,937953.0,939297.0,139297.0,Scheduled - Deadline Met,Yes,Yes,3600.3555834293365,60.005926390488945,9,14446.0,Gurobi Status: 9
F32,P32_4,7,1200000,1600000,1344,1388521.0,1389865.0,189865.0,Scheduled - Deadline Met,Yes,Yes,3600.3555834293365,60.005926390488945,9,14446.0,Gurobi Status: 9
F32,P32_5,8,1600000,2000000,1344,,,,Optional Packets- Not Scheduled,No,N/A,3600.3555834293365,60.005926390488945,9,14446.0,Gurobi Status: 9
F32,P32_6,7,2000000,2400000,1344,2163896.0,2165240.0,165240.0,Scheduled - Deadline Met,Yes,Yes,3600.3555834293365,60.005926390488945,9,14446.0,Gurobi Status: 9
F33,P33_1,8,0,100000,1076,28223.0,29299.0,29299.0,Scheduled - Deadline Met,Yes,Yes,3600.3555834293365,60.005926390488945,9,14446.0,Gurobi Status: 9
F33,P33_2,5,100000,200000,1076,173248.0,174324.0,74324.0,Scheduled - Deadline Met,Yes,Yes,3600.3555834293365,60.005926390488945,9,14446.0,Gurobi Status: 9
F33,P33_3,8,200000,300000,1076,235730.0,236806.0,36806.0,Scheduled - Deadline Met,Yes,Yes,3600.3555834293365,60.005926390488945,9,14446.0,Gurobi Status: 9
F33,P33_4,5,300000,400000,1076,381344.0,382420.0,82420.0,Scheduled - Deadline Met,Yes,Yes,3600.3555834293365,60.005926390488945,9,14446.0,Gurobi Status: 9
F33,P33_5,8,400000,500000,1076,,,,Optional Packets- Not Scheduled,No,N/A,3600.3555834293365,60.005926390488945,9,14446.0,Gurobi Status: 9
F33,P33_6,5,500000,600000,1076,580782.0,581858.0,81858.0,Scheduled - Deadline Met,Yes,Yes,3600.3555834293365,60.005926390488945,9,14446.0,Gurobi Status: 9
F33,P33_7,8,600000,700000,1076,648171.0,649247.0,49247.0,Scheduled - Deadline Met,Yes,Yes,3600.3555834293365,60.005926390488945,9,14446.0,Gurobi Status: 9
F33,P33_8,5,700000,800000,1076,788058.0,789134.0,89134.0,Scheduled - Deadline Met,Yes,Yes,3600.3555834293365,60.005926390488945,9,14446.0,Gurobi Status: 9
F33,P33_9,8,800000,900000,1076,857438.0,858514.0,58514.0,Scheduled - Deadline Met,Yes,Yes,3600.3555834293365,60.005926390488945,9,14446.0,Gurobi Status: 9
F33,P33_10,5,900000,1000000,1076,984157.0,985233.0,85233.0,Scheduled - Deadline Met,Yes,Yes,3600.3555834293365,60.005926390488945,9,14446.0,Gurobi Status: 9
F33,P33_11,8,1000000,1100000,1076,1055732.0,1056808.0,56808.0,Scheduled - Deadline Met,Yes,Yes,3600.3555834293365,60.005926390488945,9,14446.0,Gurobi Status: 9
F33,P33_12,5,1100000,1200000,1076,1130180.0,1131256.0,31256.0,Scheduled - Deadline Met,Yes,Yes,3600.3555834293365,60.005926390488945,9,14446.0,Gurobi Status: 9
F33,P33_13,8,1200000,1300000,1076,1234959.0,1236035.0,36035.0,Scheduled - Deadline Met,Yes,Yes,3600.3555834293365,60.005926390488945,9,14446.0,Gurobi Status: 9
F33,P33_14,5,1300000,1400000,1076,1366412.0,1367488.0,67488.0,Scheduled - Deadline Met,Yes,Yes,3600.3555834293365,60.005926390488945,9,14446.0,Gurobi Status: 9
F33,P33_15,8,1400000,1500000,1076,1453323.0,1454399.0,54399.0,Scheduled - Deadline Met,Yes,Yes,3600.3555834293365,60.005926390488945,9,14446.0,Gurobi Status: 9
F33,P33_16,5,1500000,1600000,1076,1590235.0,1591311.0,91311.0,Scheduled - Deadline Met,Yes,Yes,3600.3555834293365,60.005926390488945,9,14446.0,Gurobi Status: 9
F33,P33_17,8,1600000,1700000,1076,1652127.0,1653203.0,53203.0,Scheduled - Deadline Met,Yes,Yes,3600.3555834293365,60.005926390488945,9,14446.0,Gurobi Status: 9
F33,P33_18,5,1700000,1800000,1076,1764002.0,1765078.0,65078.0,Scheduled - Deadline Met,Yes,Yes,3600.3555834293365,60.005926390488945,9,14446.0,Gurobi Status: 9
F33,P33_19,8,1800000,1900000,1076,1849555.0,1850631.0,50631.0,Scheduled - Deadline Met,Yes,Yes,3600.3555834293365,60.005926390488945,9,14446.0,Gurobi Status: 9
F33,P33_20,5,1900000,2000000,1076,1984376.0,1985452.0,85452.0,Scheduled - Deadline Met,Yes,Yes,3600.3555834293365,60.005926390488945,9,14446.0,Gurobi Status: 9
F33,P33_21,8,2000000,2100000,1076,2078607.0,2079683.0,79683.0,Scheduled - Deadline Met,Yes,Yes,3600.3555834293365,60.005926390488945,9,14446.0,Gurobi Status: 9
F33,P33_22,5,2100000,2200000,1076,2186472.0,2187548.0,87548.0,Scheduled - Deadline Met,Yes,Yes,3600.3555834293365,60.005926390488945,9,14446.0,Gurobi Status: 9
F33,P33_23,8,2200000,2300000,1076,2282509.0,2283585.0,83585.0,Scheduled - Deadline Met,Yes,Yes,3600.3555834293365,60.005926390488945,9,14446.0,Gurobi Status: 9
F33,P33_24,5,2300000,2400000,1076,2347711.0,2348787.0,48787.0,Scheduled - Deadline Met,Yes,Yes,3600.3555834293365,60.005926390488945,9,14446.0,Gurobi Status: 9
F34,P34_1,8,0,100000,2115,24610.0,26725.0,26725.0,Scheduled - Deadline Met,Yes,Yes,3600.3555834293365,60.005926390488945,9,14446.0,Gurobi Status: 9
F34,P34_2,3,100000,200000,2115,170269.0,172384.0,72384.0,Scheduled - Deadline Met,Yes,Yes,3600.3555834293365,60.005926390488945,9,14446.0,Gurobi Status: 9
F34,P34_3,8,200000,300000,2115,232117.0,234232.0,34232.0,Scheduled - Deadline Met,Yes,Yes,3600.3555834293365,60.005926390488945,9,14446.0,Gurobi Status: 9
F34,P34_4,3,300000,400000,2115,382516.0,384631.0,84631.0,Scheduled - Deadline Met,Yes,Yes,3600.3555834293365,60.005926390488945,9,14446.0,Gurobi Status: 9
F34,P34_5,8,400000,500000,2115,,,,Optional Packets- Not Scheduled,No,N/A,3600.3555834293365,60.005926390488945,9,14446.0,Gurobi Status: 9
F34,P34_6,3,500000,600000,2115,593339.0,595454.0,95454.0,Scheduled - Deadline Met,Yes,Yes,3600.3555834293365,60.005926390488945,9,14446.0,Gurobi Status: 9
F34,P34_7,8,600000,700000,2115,644558.0,646673.0,46673.0,Scheduled - Deadline Met,Yes,Yes,3600.3555834293365,60.005926390488945,9,14446.0,Gurobi Status: 9
F34,P34_8,3,700000,800000,2115,795900.0,798015.0,98015.0,Scheduled - Deadline Met,Yes,Yes,3600.3555834293365,60.005926390488945,9,14446.0,Gurobi Status: 9
F34,P34_9,8,800000,900000,2115,853825.0,855940.0,55940.0,Scheduled - Deadline Met,Yes,Yes,3600.3555834293365,60.005926390488945,9,14446.0,Gurobi Status: 9
F34,P34_10,3,900000,1000000,2115,961682.0,963797.0,63797.0,Scheduled - Deadline Met,Yes,Yes,3600.3555834293365,60.005926390488945,9,14446.0,Gurobi Status: 9
F34,P34_11,8,1000000,1100000,2115,1050790.0,1052905.0,52905.0,Scheduled - Deadline Met,Yes,Yes,3600.3555834293365,60.005926390488945,9,14446.0,Gurobi Status: 9
F34,P34_12,3,1100000,1200000,2115,1119300.0,1121415.0,21415.0,Scheduled - Deadline Met,Yes,Yes,3600.3555834293365,60.005926390488945,9,14446.0,Gurobi Status: 9
F34,P34_13,8,1200000,1300000,2115,1231346.0,1233461.0,33461.0,Scheduled - Deadline Met,Yes,Yes,3600.3555834293365,60.005926390488945,9,14446.0,Gurobi Status: 9
F34,P34_14,3,1300000,1400000,2115,1379496.0,1381611.0,81611.0,Scheduled - Deadline Met,Yes,Yes,3600.3555834293365,60.005926390488945,9,14446.0,Gurobi Status: 9
F34,P34_15,8,1400000,1500000,2115,1449710.0,1451825.0,51825.0,Scheduled - Deadline Met,Yes,Yes,3600.3555834293365,60.005926390488945,9,14446.0,Gurobi Status: 9
F34,P34_16,3,1500000,1600000,2115,1586622.0,1588737.0,88737.0,Scheduled - Deadline Met,Yes,Yes,3600.3555834293365,60.005926390488945,9,14446.0,Gurobi Status: 9
F34,P34_17,8,1600000,1700000,2115,1648514.0,1650629.0,50629.0,Scheduled - Deadline Met,Yes,Yes,3600.3555834293365,60.005926390488945,9,14446.0,Gurobi Status: 9
F34,P34_18,3,1700000,1800000,2115,1754850.0,1756965.0,56965.0,Scheduled - Deadline Met,Yes,Yes,3600.3555834293365,60.005926390488945,9,14446.0,Gurobi Status: 9
F34,P34_19,8,1800000,1900000,2115,,,,Optional Packets- Not Scheduled,No,N/A,3600.3555834293365,60.005926390488945,9,14446.0,Gurobi Status: 9
F34,P34_20,3,1900000,2000000,2115,1976715.0,1978830.0,78830.0,Scheduled - Deadline Met,Yes,Yes,3600.3555834293365,60.005926390488945,9,14446.0,Gurobi Status: 9
F34,P34_21,8,2000000,2100000,2115,2076396.0,2078511.0,78511.0,Scheduled - Deadline Met,Yes,Yes,3600.3555834293365,60.005926390488945,9,14446.0,Gurobi Status: 9
F34,P34_22,3,2100000,2200000,2115,2179572.0,2181687.0,81687.0,Scheduled - Deadline Met,Yes,Yes,3600.3555834293365,60.005926390488945,9,14446.0,Gurobi Status: 9
F34,P34_23,8,2200000,2300000,2115,2228986.0,2231101.0,31101.0,Scheduled - Deadline Met,Yes,Yes,3600.3555834293365,60.005926390488945,9,14446.0,Gurobi Status: 9
F34,P34_24,3,2300000,2400000,2115,2339358.0,2341473.0,41473.0,Scheduled - Deadline Met,Yes,Yes,3600.3555834293365,60.005926390488945,9,14446.0,Gurobi Status: 9
F35,P35_1,6,0,400000,600,52556.0,53156.0,53156.0,Scheduled - Deadline Met,Yes,Yes,3600.3555834293365,60.005926390488945,9,14446.0,Gurobi Status: 9
F35,P35_2,8,400000,800000,600,,,,Optional Packets- Not Scheduled,No,N/A,3600.3555834293365,60.005926390488945,9,14446.0,Gurobi Status: 9
F35,P35_3,6,800000,1200000,600,985233.0,985833.0,185833.0,Scheduled - Deadline Met,Yes,Yes,3600.3555834293365,60.005926390488945,9,14446.0,Gurobi Status: 9
F35,P35_4,8,1200000,1600000,600,1309680.0,1310280.0,110280.0,Scheduled - Deadline Met,Yes,Yes,3600.3555834293365,60.005926390488945,9,14446.0,Gurobi Status: 9
F35,P35_5,6,1600000,2000000,600,1779012.0,1779612.0,179612.0,Scheduled - Deadline Met,Yes,Yes,3600.3555834293365,60.005926390488945,9,14446.0,Gurobi Status: 9
F35,P35_6,8,2000000,2400000,600,2085069.0,2085669.0,85669.0,Scheduled - Deadline Met,Yes,Yes,3600.3555834293365,60.005926390488945,9,14446.0,Gurobi Status: 9
F36,P36_1,8,0,100000,4593,,,,Optional Packets- Not Scheduled,No,N/A,3600.3555834293365,60.005926390488945,9,14446.0,Gurobi Status: 9
F36,P36_2,1,100000,200000,4593,190382.0,194975.0,94975.0,Scheduled - Deadline Met,Yes,Yes,3600.3555834293365,60.005926390488945,9,14446.0,Gurobi Status: 9
F36,P36_3,8,200000,300000,4593,215061.0,219654.0,19654.0,Scheduled - Deadline Met,Yes,Yes,3600.3555834293365,60.005926390488945,9,14446.0,Gurobi Status: 9
F36,P36_4,1,300000,400000,4593,389969.0,394562.0,94562.0,Scheduled - Deadline Met,Yes,Yes,3600.3555834293365,60.005926390488945,9,14446.0,Gurobi Status: 9
F36,P36_5,8,400000,500000,4593,,,,Optional Packets- Not Scheduled,No,N/A,3600.3555834293365,60.005926390488945,9,14446.0,Gurobi Status: 9
F36,P36_6,1,500000,600000,4593,584780.0,589373.0,89373.0,Scheduled - Deadline Met,Yes,Yes,3600.3555834293365,60.005926390488945,9,14446.0,Gurobi Status: 9
F36,P36_7,8,600000,700000,4593,631538.0,636131.0,36131.0,Scheduled - Deadline Met,Yes,Yes,3600.3555834293365,60.005926390488945,9,14446.0,Gurobi Status: 9
F36,P36_8,1,700000,800000,4593,775038.0,779631.0,79631.0,Scheduled - Deadline Met,Yes,Yes,3600.3555834293365,60.005926390488945,9,14446.0,Gurobi Status: 9
F36,P36_9,8,800000,900000,4593,,,,Optional Packets- Not Scheduled,No,N/A,3600.3555834293365,60.005926390488945,9,14446.0,Gurobi Status: 9
F36,P36_10,1,900000,1000000,4593,976763.0,981356.0,81356.0,Scheduled - Deadline Met,Yes,Yes,3600.3555834293365,60.005926390488945,9,14446.0,Gurobi Status: 9
F36,P36_11,8,1000000,1100000,4593,1037704.0,1042297.0,42297.0,Scheduled - Deadline Met,Yes,Yes,3600.3555834293365,60.005926390488945,9,14446.0,Gurobi Status: 9
F36,P36_12,1,1100000,1200000,4593,1195407.0,1200000.0,100000.0,Scheduled - Deadline Met,Yes,Yes,3600.3555834293365,60.005926390488945,9,14446.0,Gurobi Status: 9
F36,P36_13,8,1200000,1300000,4593,,,,Optional Packets- Not Scheduled,No,N/A,3600.3555834293365,60.005926390488945,9,14446.0,Gurobi Status: 9
F36,P36_14,1,1300000,1400000,4593,1382939.0,1387532.0,87532.0,Scheduled - Deadline Met,Yes,Yes,3600.3555834293365,60.005926390488945,9,14446.0,Gurobi Status: 9
F36,P36_15,8,1400000,1500000,4593,1432654.0,1437247.0,37247.0,Scheduled - Deadline Met,Yes,Yes,3600.3555834293365,60.005926390488945,9,14446.0,Gurobi Status: 9
F36,P36_16,1,1500000,1600000,4593,1567766.0,1572359.0,72359.0,Scheduled - Deadline Met,Yes,Yes,3600.3555834293365,60.005926390488945,9,14446.0,Gurobi Status: 9
F36,P36_17,8,1600000,1700000,4593,,,,Optional Packets- Not Scheduled,No,N/A,3600.3555834293365,60.005926390488945,9,14446.0,Gurobi Status: 9
F36,P36_18,1,1700000,1800000,4593,1779612.0,1784205.0,84205.0,Scheduled - Deadline Met,Yes,Yes,3600.3555834293365,60.005926390488945,9,14446.0,Gurobi Status: 9
F36,P36_19,8,1800000,1900000,4593,1836535.0,1841128.0,41128.0,Scheduled - Deadline Met,Yes,Yes,3600.3555834293365,60.005926390488945,9,14446.0,Gurobi Status: 9
F36,P36_20,1,1900000,2000000,4593,1985548.0,1990141.0,90141.0,Scheduled - Deadline Met,Yes,Yes,3600.3555834293365,60.005926390488945,9,14446.0,Gurobi Status: 9
F36,P36_21,8,2000000,2100000,4593,,,,Optional Packets- Not Scheduled,No,N/A,3600.3555834293365,60.005926390488945,9,14446.0,Gurobi Status: 9
F36,P36_22,1,2100000,2200000,4593,2181783.0,2186376.0,86376.0,Scheduled - Deadline Met,Yes,Yes,3600.3555834293365,60.005926390488945,9,14446.0,Gurobi Status: 9
F36,P36_23,8,2200000,2300000,4593,2215966.0,2220559.0,20559.0,Scheduled - Deadline Met,Yes,Yes,3600.3555834293365,60.005926390488945,9,14446.0,Gurobi Status: 9
F36,P36_24,1,2300000,2400000,4593,2393179.0,2397772.0,97772.0,Scheduled - Deadline Met,Yes,Yes,3600.3555834293365,60.005926390488945,9,14446.0,Gurobi Status: 9
F37,P37_1,5,0,400000,3506,53252.0,56758.0,56758.0,Scheduled - Deadline Met,Yes,Yes,3600.3555834293365,60.005926390488945,9,14446.0,Gurobi Status: 9
F37,P37_2,8,400000,800000,3506,,,,Optional Packets- Not Scheduled,No,N/A,3600.3555834293365,60.005926390488945,9,14446.0,Gurobi Status: 9
F37,P37_3,5,800000,1200000,3506,888502.0,892008.0,92008.0,Scheduled - Deadline Met,Yes,Yes,3600.3555834293365,60.005926390488945,9,14446.0,Gurobi Status: 9
F37,P37_4,8,1200000,1600000,3506,,,,Optional Packets- Not Scheduled,No,N/A,3600.3555834293365,60.005926390488945,9,14446.0,Gurobi Status: 9
F37,P37_5,5,1600000,2000000,3506,1683251.0,1686757.0,86757.0,Scheduled - Deadline Met,Yes,Yes,3600.3555834293365,60.005926390488945,9,14446.0,Gurobi Status: 9
F37,P37_6,8,2000000,2400000,3506,,,,Optional Packets- Not Scheduled,No,N/A,3600.3555834293365,60.005926390488945,9,14446.0,Gurobi Status: 9
F38,P38_1,8,0,100000,4365,,,,Optional Packets- Not Scheduled,No,N/A,3600.3555834293365,60.005926390488945,9,14446.0,Gurobi Status: 9
F38,P38_2,5,100000,200000,4365,165808.0,170173.0,70173.0,Scheduled - Deadline Met,Yes,Yes,3600.3555834293365,60.005926390488945,9,14446.0,Gurobi Status: 9
F38,P38_3,8,200000,300000,4365,219750.0,224115.0,24115.0,Scheduled - Deadline Met,Yes,Yes,3600.3555834293365,60.005926390488945,9,14446.0,Gurobi Status: 9
F38,P38_4,5,300000,400000,4365,360563.0,364928.0,64928.0,Scheduled - Deadline Met,Yes,Yes,3600.3555834293365,60.005926390488945,9,14446.0,Gurobi Status: 9
F38,P38_5,8,400000,500000,4365,,,,Optional Packets- Not Scheduled,No,N/A,3600.3555834293365,60.005926390488945,9,14446.0,Gurobi Status: 9
F38,P38_6,5,500000,600000,4365,551344.0,555709.0,55709.0,Scheduled - Deadline Met,Yes,Yes,3600.3555834293365,60.005926390488945,9,14446.0,Gurobi Status: 9
F38,P38_7,8,600000,700000,4365,636227.0,640592.0,40592.0,Scheduled - Deadline Met,Yes,Yes,3600.3555834293365,60.005926390488945,9,14446.0,Gurobi Status: 9
F38,P38_8,5,700000,800000,4365,783597.0,787962.0,87962.0,Scheduled - Deadline Met,Yes,Yes,3600.3555834293365,60.005926390488945,9,14446.0,Gurobi Status: 9
F38,P38_9,8,800000,900000,4365,,,,Optional Packets- Not Scheduled,No,N/A,3600.3555834293365,60.005926390488945,9,14446.0,Gurobi Status: 9
F38,P38_10,5,900000,1000000,4365,972302.0,976667.0,76667.0,Scheduled - Deadline Met,Yes,Yes,3600.3555834293365,60.005926390488945,9,14446.0,Gurobi Status: 9
F38,P38_11,8,1000000,1100000,4365,1042459.0,1046824.0,46824.0,Scheduled - Deadline Met,Yes,Yes,3600.3555834293365,60.005926390488945,9,14446.0,Gurobi Status: 9
F38,P38_12,5,1100000,1200000,4365,1112229.0,1116594.0,16594.0,Scheduled - Deadline Met,Yes,Yes,3600.3555834293365,60.005926390488945,9,14446.0,Gurobi Status: 9
F38,P38_13,8,1200000,1300000,4365,1223015.0,1227380.0,27380.0,Scheduled - Deadline Met,Yes,Yes,3600.3555834293365,60.005926390488945,9,14446.0,Gurobi Status: 9
F38,P38_14,5,1300000,1400000,4365,1348503.0,1352868.0,52868.0,Scheduled - Deadline Met,Yes,Yes,3600.3555834293365,60.005926390488945,9,14446.0,Gurobi Status: 9
F38,P38_15,8,1400000,1500000,4365,1437343.0,1441708.0,41708.0,Scheduled - Deadline Met,Yes,Yes,3600.3555834293365,60.005926390488945,9,14446.0,Gurobi Status: 9
F38,P38_16,5,1500000,1600000,4365,1572455.0,1576820.0,76820.0,Scheduled - Deadline Met,Yes,Yes,3600.3555834293365,60.005926390488945,9,14446.0,Gurobi Status: 9
F38,P38_17,8,1600000,1700000,4365,,,,Optional Packets- Not Scheduled,No,N/A,3600.3555834293365,60.005926390488945,9,14446.0,Gurobi Status: 9
F38,P38_18,5,1700000,1800000,4365,1715037.0,1719402.0,19402.0,Scheduled - Deadline Met,Yes,Yes,3600.3555834293365,60.005926390488945,9,14446.0,Gurobi Status: 9
F38,P38_19,8,1800000,1900000,4365,1841224.0,1845589.0,45589.0,Scheduled - Deadline Met,Yes,Yes,3600.3555834293365,60.005926390488945,9,14446.0,Gurobi Status: 9
F38,P38_20,5,1900000,2000000,4365,1978926.0,1983291.0,83291.0,Scheduled - Deadline Met,Yes,Yes,3600.3555834293365,60.005926390488945,9,14446.0,Gurobi Status: 9
F38,P38_21,8,2000000,2100000,4365,,,,Optional Packets- Not Scheduled,No,N/A,3600.3555834293365,60.005926390488945,9,14446.0,Gurobi Status: 9
F38,P38_22,5,2100000,2200000,4365,2165240.0,2169605.0,69605.0,Scheduled - Deadline Met,Yes,Yes,3600.3555834293365,60.005926390488945,9,14446.0,Gurobi Status: 9
F38,P38_23,8,2200000,2300000,4365,2220655.0,2225020.0,25020.0,Scheduled - Deadline Met,Yes,Yes,3600.3555834293365,60.005926390488945,9,14446.0,Gurobi Status: 9
F38,P38_24,5,2300000,2400000,4365,2341569.0,2345934.0,45934.0,Scheduled - Deadline Met,Yes,Yes,3600.3555834293365,60.005926390488945,9,14446.0,Gurobi Status: 9
F39,P39_1,8,0,400000,2723,137005.0,139728.0,139728.0,Scheduled - Deadline Met,Yes,Yes,3600.3555834293365,60.005926390488945,9,14446.0,Gurobi Status: 9
F39,P39_2,2,400000,800000,2723,425994.0,428717.0,28717.0,Scheduled - Deadline Met,Yes,Yes,3600.3555834293365,60.005926390488945,9,14446.0,Gurobi Status: 9
F39,P39_3,8,800000,1200000,2723,935134.0,937857.0,137857.0,Scheduled - Deadline Met,Yes,Yes,3600.3555834293365,60.005926390488945,9,14446.0,Gurobi Status: 9
F39,P39_4,2,1200000,1600000,2723,1214476.0,1217199.0,17199.0,Scheduled - Deadline Met,Yes,Yes,3600.3555834293365,60.005926390488945,9,14446.0,Gurobi Status: 9
F39,P39_5,8,1600000,2000000,2723,1730047.0,1732770.0,132770.0,Scheduled - Deadline Met,Yes,Yes,3600.3555834293365,60.005926390488945,9,14446.0,Gurobi Status: 9
F39,P39_6,2,2000000,2400000,2723,2067956.0,2070679.0,70679.0,Scheduled - Deadline Met,Yes,Yes,3600.3555834293365,60.005926390488945,9,14446.0,Gurobi Status: 9
F4,P4_1,7,0,400000,2801,174542.0,177343.0,177343.0,Scheduled - Deadline Met,Yes,Yes,3600.3555834293365,60.005926390488945,9,14446.0,Gurobi Status: 9
F4,P4_2,8,400000,800000,2801,,,,Optional Packets- Not Scheduled,No,N/A,3600.3555834293365,60.005926390488945,9,14446.0,Gurobi Status: 9
F4,P4_3,7,800000,1200000,2801,981356.0,984157.0,184157.0,Scheduled - Deadline Met,Yes,Yes,3600.3555834293365,60.005926390488945,9,14446.0,Gurobi Status: 9
F4,P4_4,7,1200000,1600000,2801,1374525.0,1377326.0,177326.0,Scheduled - Deadline Met,Yes,Yes,3600.3555834293365,60.005926390488945,9,14446.0,Gurobi Status: 9
F4,P4_5,8,1600000,2000000,2801,1727150.0,1729951.0,129951.0,Scheduled - Deadline Met,Yes,Yes,3600.3555834293365,60.005926390488945,9,14446.0,Gurobi Status: 9
F4,P4_6,7,2000000,2400000,2801,2126927.0,2129728.0,129728.0,Scheduled - Deadline Met,Yes,Yes,3600.3555834293365,60.005926390488945,9,14446.0,Gurobi Status: 9
F40,P40_1,8,0,200000,8573,,,,Optional Packets- Not Scheduled,No,N/A,3600.3555834293365,60.005926390488945,9,14446.0,Gurobi Status: 9
F40,P40_2,7,200000,400000,8573,344329.0,352902.0,152902.0,Scheduled - Deadline Met,Yes,Yes,3600.3555834293365,60.005926390488945,9,14446.0,Gurobi Status: 9
F40,P40_3,8,400000,600000,8573,484335.0,492908.0,92908.0,Scheduled - Deadline Met,Yes,Yes,3600.3555834293365,60.005926390488945,9,14446.0,Gurobi Status: 9
F40,P40_4,7,600000,800000,8573,703157.0,711730.0,111730.0,Scheduled - Deadline Met,Yes,Yes,3600.3555834293365,60.005926390488945,9,14446.0,Gurobi Status: 9
F40,P40_5,8,800000,1000000,8573,860367.0,868940.0,68940.0,Scheduled - Deadline Met,Yes,Yes,3600.3555834293365,60.005926390488945,9,14446.0,Gurobi Status: 9
F40,P40_6,7,1000000,1200000,8573,1121511.0,1130084.0,130084.0,Scheduled - Deadline Met,Yes,Yes,3600.3555834293365,60.005926390488945,9,14446.0,Gurobi Status: 9
F40,P40_7,8,1200000,1400000,8573,1237888.0,1246461.0,46461.0,Scheduled - Deadline Met,Yes,Yes,3600.3555834293365,60.005926390488945,9,14446.0,Gurobi Status: 9
F40,P40_8,7,1400000,1600000,8573,1519770.0,1528343.0,128343.0,Scheduled - Deadline Met,Yes,Yes,3600.3555834293365,60.005926390488945,9,14446.0,Gurobi Status: 9
F40,P40_9,8,1600000,1800000,8573,,,,Optional Packets- Not Scheduled,No,N/A,3600.3555834293365,60.005926390488945,9,14446.0,Gurobi Status: 9
F40,P40_10,7,1800000,2000000,8573,1950438.0,1959011.0,159011.0,Scheduled - Deadline Met,Yes,Yes,3600.3555834293365,60.005926390488945,9,14446.0,Gurobi Status: 9
F40,P40_11,8,2000000,2200000,8573,,,,Optional Packets- Not Scheduled,No,N/A,3600.3555834293365,60.005926390488945,9,14446.0,Gurobi Status: 9
F40,P40_12,7,2200000,2400000,8573,2325890.0,2334463.0,134463.0,Scheduled - Deadline Met,Yes,Yes,3600.3555834293365,60.005926390488945,9,14446.0,Gurobi Status: 9
F41,P41_1,8,0,100000,893,,,,Optional Packets- Not Scheduled,No,N/A,3600.3555834293365,60.005926390488945,9,14446.0,Gurobi Status: 9
F41,P41_2,3,100000,200000,893,195071.0,195964.0,95964.0,Scheduled - Deadline Met,Yes,Yes,3600.3555834293365,60.005926390488945,9,14446.0,Gurobi Status: 9
F41,P41_3,8,200000,300000,893,236902.0,237795.0,37795.0,Scheduled - Deadline Met,Yes,Yes,3600.3555834293365,60.005926390488945,9,14446.0,Gurobi Status: 9
F41,P41_4,3,300000,400000,893,387984.0,388877.0,88877.0,Scheduled - Deadline Met,Yes,Yes,3600.3555834293365,60.005926390488945,9,14446.0,Gurobi Status: 9
F41,P41_5,8,400000,500000,893,482578.0,483471.0,83471.0,Scheduled - Deadline Met,Yes,Yes,3600.3555834293365,60.005926390488945,9,14446.0,Gurobi Status: 9
F41,P41_6,3,500000,600000,893,595550.0,596443.0,96443.0,Scheduled - Deadline Met,Yes,Yes,3600.3555834293365,60.005926390488945,9,14446.0,Gurobi Status: 9
F41,P41_7,8,600000,700000,893,649343.0,650236.0,50236.0,Scheduled - Deadline Met,Yes,Yes,3600.3555834293365,60.005926390488945,9,14446.0,Gurobi Status: 9
F41,P41_8,3,700000,800000,893,799107.0,800000.0,100000.0,Scheduled - Deadline Met,Yes,Yes,3600.3555834293365,60.005926390488945,9,14446.0,Gurobi Status: 9
F41,P41_9,8,800000,900000,893,858610.0,859503.0,59503.0,Scheduled - Deadline Met,Yes,Yes,3600.3555834293365,60.005926390488945,9,14446.0,Gurobi Status: 9
F41,P41_10,3,900000,1000000,893,985833.0,986726.0,86726.0,Scheduled - Deadline Met,Yes,Yes,3600.3555834293365,60.005926390488945,9,14446.0,Gurobi Status: 9
F41,P41_11,8,1000000,1100000,893,1056904.0,1057797.0,57797.0,Scheduled - Deadline Met,Yes,Yes,3600.3555834293365,60.005926390488945,9,14446.0,Gurobi Status: 9
F41,P41_12,3,1100000,1200000,893,1159253.0,1160146.0,60146.0,Scheduled - Deadline Met,Yes,Yes,3600.3555834293365,60.005926390488945,9,14446.0,Gurobi Status: 9
F41,P41_13,8,1200000,1300000,893,1236131.0,1237024.0,37024.0,Scheduled - Deadline Met,Yes,Yes,3600.3555834293365,60.005926390488945,9,14446.0,Gurobi Status: 9
F41,P41_14,3,1300000,1400000,893,1387628.0,1388521.0,88521.0,Scheduled - Deadline Met,Yes,Yes,3600.3555834293365,60.005926390488945,9,14446.0,Gurobi Status: 9
F41,P41_15,8,1400000,1500000,893,1454495.0,1455388.0,55388.0,Scheduled - Deadline Met,Yes,Yes,3600.3555834293365,60.005926390488945,9,14446.0,Gurobi Status: 9
F41,P41_16,3,1500000,1600000,893,1596783.0,1597676.0,97676.0,Scheduled - Deadline Met,Yes,Yes,3600.3555834293365,60.005926390488945,9,14446.0,Gurobi Status: 9
F41,P41_17,8,1600000,1700000,893,1653299.0,1654192.0,54192.0,Scheduled - Deadline Met,Yes,Yes,3600.3555834293365,60.005926390488945,9,14446.0,Gurobi Status: 9
F41,P41_18,3,1700000,1800000,893,1771769.0,1772662.0,72662.0,Scheduled - Deadline Met,Yes,Yes,3600.3555834293365,60.005926390488945,9,14446.0,Gurobi Status: 9
F41,P41_19,8,1800000,1900000,893,1897596.0,1898489.0,98489.0,Scheduled - Deadline Met,Yes,Yes,3600.3555834293365,60.005926390488945,9,14446.0,Gurobi Status: 9
F41,P41_20,3,1900000,2000000,893,1983387.0,1984280.0,84280.0,Scheduled - Deadline Met,Yes,Yes,3600.3555834293365,60.005926390488945,9,14446.0,Gurobi Status: 9
F41,P41_21,8,2000000,2100000,893,2079779.0,2080672.0,80672.0,Scheduled - Deadline Met,Yes,Yes,3600.3555834293365,60.005926390488945,9,14446.0,Gurobi Status: 9
F41,P41_22,3,2100000,2200000,893,2199107.0,2200000.0,100000.0,Scheduled - Deadline Met,Yes,Yes,3600.3555834293365,60.005926390488945,9,14446.0,Gurobi Status: 9
F41,P41_23,8,2200000,2300000,893,2283681.0,2284574.0,84574.0,Scheduled - Deadline Met,Yes,Yes,3600.3555834293365,60.005926390488945,9,14446.0,Gurobi Status: 9
F41,P41_24,3,2300000,2400000,893,2368168.0,2369061.0,69061.0,Scheduled - Deadline Met,Yes,Yes,3600.3555834293365,60.005926390488945,9,14446.0,Gurobi Status: 9
F42,P42_1,8,0,400000,10599,,,,Optional Packets- Not Scheduled,No,N/A,3600.3555834293365,60.005926390488945,9,14446.0,Gurobi Status: 9
F42,P42_2,3,400000,800000,10599,555838.0,566437.0,166437.0,Scheduled - Deadline Met,Yes,Yes,3600.3555834293365,60.005926390488945,9,14446.0,Gurobi Status: 9
F42,P42_3,8,800000,1200000,10599,,,,Optional Packets- Not Scheduled,No,N/A,3600.3555834293365,60.005926390488945,9,14446.0,Gurobi Status: 9
F42,P42_4,3,1200000,1600000,10599,1355813.0,1366412.0,166412.0,Scheduled - Deadline Met,Yes,Yes,3600.3555834293365,60.005926390488945,9,14446.0,Gurobi Status: 9
F42,P42_5,8,1600000,2000000,10599,,,,Optional Packets- Not Scheduled,No,N/A,3600.3555834293365,60.005926390488945,9,14446.0,Gurobi Status: 9
F42,P42_6,3,2000000,2400000,10599,2116232.0,2126831.0,126831.0,Scheduled - Deadline Met,Yes,Yes,3600.3555834293365,60.005926390488945,9,14446.0,Gurobi Status: 9
F43,P43_1,1,0,200000,4215,48245.0,52460.0,52460.0,Scheduled - Deadline Met,Yes,Yes,3600.3555834293365,60.005926390488945,9,14446.0,Gurobi Status: 9
F43,P43_2,8,200000,400000,4215,306367.0,310582.0,110582.0,Scheduled - Deadline Met,Yes,Yes,3600.3555834293365,60.005926390488945,9,14446.0,Gurobi Status: 9
F43,P43_3,1,400000,600000,4215,456186.0,460401.0,60401.0,Scheduled - Deadline Met,Yes,Yes,3600.3555834293365,60.005926390488945,9,14446.0,Gurobi Status: 9
F43,P43_4,8,600000,800000,4215,738324.0,742539.0,142539.0,Scheduled - Deadline Met,Yes,Yes,3600.3555834293365,60.005926390488945,9,14446.0,Gurobi Status: 9
F43,P43_5,1,800000,1000000,4215,901735.0,905950.0,105950.0,Scheduled - Deadline Met,Yes,Yes,3600.3555834293365,60.005926390488945,9,14446.0,Gurobi Status: 9
F43,P43_6,8,1000000,1200000,4215,1131352.0,1135567.0,135567.0,Scheduled - Deadline Met,Yes,Yes,3600.3555834293365,60.005926390488945,9,14446.0,Gurobi Status: 9
F43,P43_7,1,1200000,1400000,4215,1282590.0,1286805.0,86805.0,Scheduled - Deadline Met,Yes,Yes,3600.3555834293365,60.005926390488945,9,14446.0,Gurobi Status: 9
F43,P43_8,8,1400000,1600000,4215,1534789.0,1539004.0,139004.0,Scheduled - Deadline Met,Yes,Yes,3600.3555834293365,60.005926390488945,9,14446.0,Gurobi Status: 9
F43,P43_9,1,1600000,1800000,4215,1666843.0,1671058.0,71058.0,Scheduled - Deadline Met,Yes,Yes,3600.3555834293365,60.005926390488945,9,14446.0,Gurobi Status: 9
F43,P43_10,8,1800000,2000000,4215,1916877.0,1921092.0,121092.0,Scheduled - Deadline Met,Yes,Yes,3600.3555834293365,60.005926390488945,9,14446.0,Gurobi Status: 9
F43,P43_11,1,2000000,2200000,4215,2157527.0,2161742.0,161742.0,Scheduled - Deadline Met,Yes,Yes,3600.3555834293365,60.005926390488945,9,14446.0,Gurobi Status: 9
F43,P43_12,8,2200000,2400000,4215,2300144.0,2304359.0,104359.0,Scheduled - Deadline Met,Yes,Yes,3600.3555834293365,60.005926390488945,9,14446.0,Gurobi Status: 9
F44,P44_1,8,0,50000,900,19744.0,20644.0,20644.0,Scheduled - Deadline Met,Yes,Yes,3600.3555834293365,60.005926390488945,9,14446.0,Gurobi Status: 9
F44,P44_2,5,50000,100000,900,83563.0,84463.0,34463.0,Scheduled - Deadline Met,Yes,Yes,3600.3555834293365,60.005926390488945,9,14446.0,Gurobi Status: 9
F44,P44_3,8,100000,150000,900,143944.0,144844.0,44844.0,Scheduled - Deadline Met,Yes,Yes,3600.3555834293365,60.005926390488945,9,14446.0,Gurobi Status: 9
F44,P44_4,5,150000,200000,900,185516.0,186416.0,36416.0,Scheduled - Deadline Met,Yes,Yes,3600.3555834293365,60.005926390488945,9,14446.0,Gurobi Status: 9
F44,P44_5,8,200000,250000,900,207268.0,208168.0,8168.0,Scheduled - Deadline Met,Yes,Yes,3600.3555834293365,60.005926390488945,9,14446.0,Gurobi Status: 9
F44,P44_6,5,250000,300000,900,298047.0,298947.0,48947.0,Scheduled - Deadline Met,Yes,Yes,3600.3555834293365,60.005926390488945,9,14446.0,Gurobi Status: 9
F44,P44_7,8,300000,350000,900,312823.0,313723.0,13723.0,Scheduled - Deadline Met,Yes,Yes,3600.3555834293365,60.005926390488945,9,14446.0,Gurobi Status: 9
F44,P44_8,5,350000,400000,900,388973.0,389873.0,39873.0,Scheduled - Deadline Met,Yes,Yes,3600.3555834293365,60.005926390488945,9,14446.0,Gurobi Status: 9
F44,P44_9,8,400000,450000,900,413211.0,414111.0,14111.0,Scheduled - Deadline Met,Yes,Yes,3600.3555834293365,60.005926390488945,9,14446.0,Gurobi Status: 9
F44,P44_10,5,450000,500000,900,481582.0,482482.0,32482.0,Scheduled - Deadline Met,Yes,Yes,3600.3555834293365,60.005926390488945,9,14446.0,Gurobi Status: 9
F44,P44_11,8,500000,550000,900,,,,Optional Packets- Not Scheduled,No,N/A,3600.3555834293365,60.005926390488945,9,14446.0,Gurobi Status: 9
F44,P44_12,5,550000,600000,900,599100.0,600000.0,50000.0,Scheduled - Deadline Met,Yes,Yes,3600.3555834293365,60.005926390488945,9,14446.0,Gurobi Status: 9
F44,P44_13,8,600000,650000,900,623601.0,624501.0,24501.0,Scheduled - Deadline Met,Yes,Yes,3600.3555834293365,60.005926390488945,9,14446.0,Gurobi Status: 9
F44,P44_14,5,650000,700000,900,685433.0,686333.0,36333.0,Scheduled - Deadline Met,Yes,Yes,3600.3555834293365,60.005926390488945,9,14446.0,Gurobi Status: 9
F44,P44_15,8,700000,750000,900,744796.0,745696.0,45696.0,Scheduled - Deadline Met,Yes,Yes,3600.3555834293365,60.005926390488945,9,14446.0,Gurobi Status: 9
F44,P44_16,5,750000,800000,900,798111.0,799011.0,49011.0,Scheduled - Deadline Met,Yes,Yes,3600.3555834293365,60.005926390488945,9,14446.0,Gurobi Status: 9
F44,P44_17,8,800000,850000,900,848959.0,849859.0,49859.0,Scheduled - Deadline Met,Yes,Yes,3600.3555834293365,60.005926390488945,9,14446.0,Gurobi Status: 9
F44,P44_18,5,850000,900000,900,893336.0,894236.0,44236.0,Scheduled - Deadline Met,Yes,Yes,3600.3555834293365,60.005926390488945,9,14446.0,Gurobi Status: 9
F44,P44_19,8,900000,950000,900,942102.0,943002.0,43002.0,Scheduled - Deadline Met,Yes,Yes,3600.3555834293365,60.005926390488945,9,14446.0,Gurobi Status: 9
F44,P44_20,5,950000,1000000,900,996728.0,997628.0,47628.0,Scheduled - Deadline Met,Yes,Yes,3600.3555834293365,60.005926390488945,9,14446.0,Gurobi Status: 9
F44,P44_21,8,1000000,1050000,900,1030358.0,1031258.0,31258.0,Scheduled - Deadline Met,Yes,Yes,3600.3555834293365,60.005926390488945,9,14446.0,Gurobi Status: 9
F44,P44_22,5,1050000,1100000,900,1091279.0,1092179.0,42179.0,Scheduled - Deadline Met,Yes,Yes,3600.3555834293365,60.005926390488945,9,14446.0,Gurobi Status: 9
F44,P44_23,8,1100000,1150000,900,1136895.0,1137795.0,37795.0,Scheduled - Deadline Met,Yes,Yes,3600.3555834293365,60.005926390488945,9,14446.0,Gurobi Status: 9
F44,P44_24,5,1150000,1200000,900,1193082.0,1193982.0,43982.0,Scheduled - Deadline Met,Yes,Yes,3600.3555834293365,60.005926390488945,9,14446.0,Gurobi Status: 9
F44,P44_25,8,1200000,1250000,900,1222019.0,1222919.0,22919.0,Scheduled - Deadline Met,Yes,Yes,3600.3555834293365,60.005926390488945,9,14446.0,Gurobi Status: 9
F44,P44_26,5,1250000,1300000,900,1280547.0,1281447.0,31447.0,Scheduled - Deadline Met,Yes,Yes,3600.3555834293365,60.005926390488945,9,14446.0,Gurobi Status: 9
F44,P44_27,8,1300000,1350000,900,1311608.0,1312508.0,12508.0,Scheduled - Deadline Met,Yes,Yes,3600.3555834293365,60.005926390488945,9,14446.0,Gurobi Status: 9
F44,P44_28,5,1350000,1400000,900,1389865.0,1390765.0,40765.0,Scheduled - Deadline Met,Yes,Yes,3600.3555834293365,60.005926390488945,9,14446.0,Gurobi Status: 9
F44,P44_29,8,1400000,1450000,900,1431658.0,1432558.0,32558.0,Scheduled - Deadline Met,Yes,Yes,3600.3555834293365,60.005926390488945,9,14446.0,Gurobi Status: 9
F44,P44_30,5,1450000,1500000,900,1499100.0,1500000.0,50000.0,Scheduled - Deadline Met,Yes,Yes,3600.3555834293365,60.005926390488945,9,14446.0,Gurobi Status: 9
F44,P44_31,8,1500000,1550000,900,1541245.0,1542145.0,42145.0,Scheduled - Deadline Met,Yes,Yes,3600.3555834293365,60.005926390488945,9,14446.0,Gurobi Status: 9
F44,P44_32,5,1550000,1600000,900,1599004.0,1599904.0,49904.0,Scheduled - Deadline Met,Yes,Yes,3600.3555834293365,60.005926390488945,9,14446.0,Gurobi Status: 9
F44,P44_33,8,1600000,1650000,900,1647518.0,1648418.0,48418.0,Scheduled - Deadline Met,Yes,Yes,3600.3555834293365,60.005926390488945,9,14446.0,Gurobi Status: 9
F44,P44_34,5,1650000,1700000,900,1689817.0,1690717.0,40717.0,Scheduled - Deadline Met,Yes,Yes,3600.3555834293365,60.005926390488945,9,14446.0,Gurobi Status: 9
F44,P44_35,8,1700000,1750000,900,1733562.0,1734462.0,34462.0,Scheduled - Deadline Met,Yes,Yes,3600.3555834293365,60.005926390488945,9,14446.0,Gurobi Status: 9
F44,P44_36,5,1750000,1800000,900,1792902.0,1793802.0,43802.0,Scheduled - Deadline Met,Yes,Yes,3600.3555834293365,60.005926390488945,9,14446.0,Gurobi Status: 9
F44,P44_37,8,1800000,1850000,900,1828598.0,1829498.0,29498.0,Scheduled - Deadline Met,Yes,Yes,3600.3555834293365,60.005926390488945,9,14446.0,Gurobi Status: 9
F44,P44_38,5,1850000,1900000,900,1880785.0,1881685.0,31685.0,Scheduled - Deadline Met,Yes,Yes,3600.3555834293365,60.005926390488945,9,14446.0,Gurobi Status: 9
F44,P44_39,8,1900000,1950000,900,1923349.0,1924249.0,24249.0,Scheduled - Deadline Met,Yes,Yes,3600.3555834293365,60.005926390488945,9,14446.0,Gurobi Status: 9
F44,P44_40,5,1950000,2000000,900,1997675.0,1998575.0,48575.0,Scheduled - Deadline Met,Yes,Yes,3600.3555834293365,60.005926390488945,9,14446.0,Gurobi Status: 9
F44,P44_41,8,2000000,2050000,900,2000000.0,2000900.0,900.0,Scheduled - Deadline Met,Yes,Yes,3600.3555834293365,60.005926390488945,9,14446.0,Gurobi Status: 9
F44,P44_42,5,2050000,2100000,900,2072648.0,2073548.0,23548.0,Scheduled - Deadline Met,Yes,Yes,3600.3555834293365,60.005926390488945,9,14446.0,Gurobi Status: 9
F44,P44_43,8,2100000,2150000,900,2137803.0,2138703.0,38703.0,Scheduled - Deadline Met,Yes,Yes,3600.3555834293365,60.005926390488945,9,14446.0,Gurobi Status: 9
F44,P44_44,5,2150000,2200000,900,2192746.0,2193646.0,43646.0,Scheduled - Deadline Met,Yes,Yes,3600.3555834293365,60.005926390488945,9,14446.0,Gurobi Status: 9
F44,P44_45,8,2200000,2250000,900,2214970.0,2215870.0,15870.0,Scheduled - Deadline Met,Yes,Yes,3600.3555834293365,60.005926390488945,9,14446.0,Gurobi Status: 9
F44,P44_46,5,2250000,2300000,900,2280184.0,2281084.0,31084.0,Scheduled - Deadline Met,Yes,Yes,3600.3555834293365,60.005926390488945,9,14446.0,Gurobi Status: 9
F44,P44_47,8,2300000,2350000,900,2305687.0,2306587.0,6587.0,Scheduled - Deadline Met,Yes,Yes,3600.3555834293365,60.005926390488945,9,14446.0,Gurobi Status: 9
F44,P44_48,5,2350000,2400000,900,2399100.0,2400000.0,50000.0,Scheduled - Deadline Met,Yes,Yes,3600.3555834293365,60.005926390488945,9,14446.0,Gurobi Status: 9
F45,P45_1,7,0,400000,8505,56854.0,65359.0,65359.0,Scheduled - Deadline Met,Yes,Yes,3600.3555834293365,60.005926390488945,9,14446.0,Gurobi Status: 9
F45,P45_2,8,400000,800000,8505,,,,Optional Packets- Not Scheduled,No,N/A,3600.3555834293365,60.005926390488945,9,14446.0,Gurobi Status: 9
F45,P45_3,7,800000,1200000,8505,963797.0,972302.0,172302.0,Scheduled - Deadline Met,Yes,Yes,3600.3555834293365,60.005926390488945,9,14446.0,Gurobi Status: 9
F45,P45_4,8,1200000,1600000,8505,,,,Optional Packets- Not Scheduled,No,N/A,3600.3555834293365,60.005926390488945,9,14446.0,Gurobi Status: 9
F45,P45_5,7,1600000,2000000,8505,1746345.0,1754850.0,154850.0,Scheduled - Deadline Met,Yes,Yes,3600.3555834293365,60.005926390488945,9,14446.0,Gurobi Status: 9
F45,P45_6,8,2000000,2400000,8505,,,,Optional Packets- Not Scheduled,No,N/A,3600.3555834293365,60.005926390488945,9,14446.0,Gurobi Status: 9
F46,P46_1,8,0,400000,600,142016.0,142616.0,142616.0,Scheduled - Deadline Met,Yes,Yes,3600.3555834293365,60.005926390488945,9,14446.0,Gurobi Status: 9
F46,P46_2,5,400000,800000,600,470116.0,470716.0,70716.0,Scheduled - Deadline Met,Yes,Yes,3600.3555834293365,60.005926390488945,9,14446.0,Gurobi Status: 9
F46,P46_3,8,800000,1200000,600,940174.0,940774.0,140774.0,Scheduled - Deadline Met,Yes,Yes,3600.3555834293365,60.005926390488945,9,14446.0,Gurobi Status: 9
F46,P46_4,5,1200000,1600000,600,1266188.0,1266788.0,66788.0,Scheduled - Deadline Met,Yes,Yes,3600.3555834293365,60.005926390488945,9,14446.0,Gurobi Status: 9
F46,P46_5,8,1600000,2000000,600,1732866.0,1733466.0,133466.0,Scheduled - Deadline Met,Yes,Yes,3600.3555834293365,60.005926390488945,9,14446.0,Gurobi Status: 9
F46,P46_6,5,2000000,2400000,600,2049369.0,2049969.0,49969.0,Scheduled - Deadline Met,Yes,Yes,3600.3555834293365,60.005926390488945,9,14446.0,Gurobi Status: 9
F47,P47_1,8,0,50000,1136,18512.0,19648.0,19648.0,Scheduled - Deadline Met,Yes,Yes,3600.3555834293365,60.005926390488945,9,14446.0,Gurobi Status: 9
F47,P47_2,5,50000,100000,1136,82331.0,83467.0,33467.0,Scheduled - Deadline Met,Yes,Yes,3600.3555834293365,60.005926390488945,9,14446.0,Gurobi Status: 9
F47,P47_3,8,100000,150000,1136,142712.0,143848.0,43848.0,Scheduled - Deadline Met,Yes,Yes,3600.3555834293365,60.005926390488945,9,14446.0,Gurobi Status: 9
F47,P47_4,5,150000,200000,1136,177343.0,178479.0,28479.0,Scheduled - Deadline Met,Yes,Yes,3600.3555834293365,60.005926390488945,9,14446.0,Gurobi Status: 9
F47,P47_5,8,200000,250000,1136,206036.0,207172.0,7172.0,Scheduled - Deadline Met,Yes,Yes,3600.3555834293365,60.005926390488945,9,14446.0,Gurobi Status: 9
F47,P47_6,5,250000,300000,1136,296815.0,297951.0,47951.0,Scheduled - Deadline Met,Yes,Yes,3600.3555834293365,60.005926390488945,9,14446.0,Gurobi Status: 9
F47,P47_7,8,300000,350000,1136,311591.0,312727.0,12727.0,Scheduled - Deadline Met,Yes,Yes,3600.3555834293365,60.005926390488945,9,14446.0,Gurobi Status: 9
F47,P47_8,5,350000,400000,1136,386752.0,387888.0,37888.0,Scheduled - Deadline Met,Yes,Yes,3600.3555834293365,60.005926390488945,9,14446.0,Gurobi Status: 9
F47,P47_9,8,400000,450000,1136,411979.0,413115.0,13115.0,Scheduled - Deadline Met,Yes,Yes,3600.3555834293365,60.005926390488945,9,14446.0,Gurobi Status: 9
F47,P47_10,5,450000,500000,1136,480350.0,481486.0,31486.0,Scheduled - Deadline Met,Yes,Yes,3600.3555834293365,60.005926390488945,9,14446.0,Gurobi Status: 9
F47,P47_11,8,500000,550000,1136,,,,Optional Packets- Not Scheduled,No,N/A,3600.3555834293365,60.005926390488945,9,14446.0,Gurobi Status: 9
F47,P47_12,5,550000,600000,1136,597868.0,599004.0,49004.0,Scheduled - Deadline Met,Yes,Yes,3600.3555834293365,60.005926390488945,9,14446.0,Gurobi Status: 9
F47,P47_13,8,600000,650000,1136,622369.0,623505.0,23505.0,Scheduled - Deadline Met,Yes,Yes,3600.3555834293365,60.005926390488945,9,14446.0,Gurobi Status: 9
F47,P47_14,5,650000,700000,1136,684201.0,685337.0,35337.0,Scheduled - Deadline Met,Yes,Yes,3600.3555834293365,60.005926390488945,9,14446.0,Gurobi Status: 9
F47,P47_15,8,700000,750000,1136,743564.0,744700.0,44700.0,Scheduled - Deadline Met,Yes,Yes,3600.3555834293365,60.005926390488945,9,14446.0,Gurobi Status: 9
F47,P47_16,5,750000,800000,1136,790632.0,791768.0,41768.0,Scheduled - Deadline Met,Yes,Yes,3600.3555834293365,60.005926390488945,9,14446.0,Gurobi Status: 9
F47,P47_17,8,800000,850000,1136,847727.0,848863.0,48863.0,Scheduled - Deadline Met,Yes,Yes,3600.3555834293365,60.005926390488945,9,14446.0,Gurobi Status: 9
F47,P47_18,5,850000,900000,1136,892104.0,893240.0,43240.0,Scheduled - Deadline Met,Yes,Yes,3600.3555834293365,60.005926390488945,9,14446.0,Gurobi Status: 9
F47,P47_19,8,900000,950000,1136,940870.0,942006.0,42006.0,Scheduled - Deadline Met,Yes,Yes,3600.3555834293365,60.005926390488945,9,14446.0,Gurobi Status: 9
F47,P47_20,5,950000,1000000,1136,986822.0,987958.0,37958.0,Scheduled - Deadline Met,Yes,Yes,3600.3555834293365,60.005926390488945,9,14446.0,Gurobi Status: 9
F47,P47_21,8,1000000,1050000,1136,1029126.0,1030262.0,30262.0,Scheduled - Deadline Met,Yes,Yes,3600.3555834293365,60.005926390488945,9,14446.0,Gurobi Status: 9
F47,P47_22,5,1050000,1100000,1136,1090047.0,1091183.0,41183.0,Scheduled - Deadline Met,Yes,Yes,3600.3555834293365,60.005926390488945,9,14446.0,Gurobi Status: 9
F47,P47_23,8,1100000,1150000,1136,1135663.0,1136799.0,36799.0,Scheduled - Deadline Met,Yes,Yes,3600.3555834293365,60.005926390488945,9,14446.0,Gurobi Status: 9
F47,P47_24,5,1150000,1200000,1136,1158021.0,1159157.0,9157.0,Scheduled - Deadline Met,Yes,Yes,3600.3555834293365,60.005926390488945,9,14446.0,Gurobi Status: 9
F47,P47_25,8,1200000,1250000,1136,1220787.0,1221923.0,21923.0,Scheduled - Deadline Met,Yes,Yes,3600.3555834293365,60.005926390488945,9,14446.0,Gurobi Status: 9
F47,P47_26,5,1250000,1300000,1136,1266884.0,1268020.0,18020.0,Scheduled - Deadline Met,Yes,Yes,3600.3555834293365,60.005926390488945,9,14446.0,Gurobi Status: 9
F47,P47_27,8,1300000,1350000,1136,1310376.0,1311512.0,11512.0,Scheduled - Deadline Met,Yes,Yes,3600.3555834293365,60.005926390488945,9,14446.0,Gurobi Status: 9
F47,P47_28,5,1350000,1400000,1136,1381707.0,1382843.0,32843.0,Scheduled - Deadline Met,Yes,Yes,3600.3555834293365,60.005926390488945,9,14446.0,Gurobi Status: 9
F47,P47_29,8,1400000,1450000,1136,1430426.0,1431562.0,31562.0,Scheduled - Deadline Met,Yes,Yes,3600.3555834293365,60.005926390488945,9,14446.0,Gurobi Status: 9
F47,P47_30,5,1450000,1500000,1136,1497868.0,1499004.0,49004.0,Scheduled - Deadline Met,Yes,Yes,3600.3555834293365,60.005926390488945,9,14446.0,Gurobi Status: 9
F47,P47_31,8,1500000,1550000,1136,1540013.0,1541149.0,41149.0,Scheduled - Deadline Met,Yes,Yes,3600.3555834293365,60.005926390488945,9,14446.0,Gurobi Status: 9
F47,P47_32,5,1550000,1600000,1136,1597772.0,1598908.0,48908.0,Scheduled - Deadline Met,Yes,Yes,3600.3555834293365,60.005926390488945,9,14446.0,Gurobi Status: 9
F47,P47_33,8,1600000,1650000,1136,,,,Optional Packets- Not Scheduled,No,N/A,3600.3555834293365,60.005926390488945,9,14446.0,Gurobi Status: 9
F47,P47_34,5,1650000,1700000,1136,1687634.0,1688770.0,38770.0,Scheduled - Deadline Met,Yes,Yes,3600.3555834293365,60.005926390488945,9,14446.0,Gurobi Status: 9
F47,P47_35,8,1700000,1750000,1136,,,,Optional Packets- Not Scheduled,No,N/A,3600.3555834293365,60.005926390488945,9,14446.0,Gurobi Status: 9
F47,P47_36,5,1750000,1800000,1136,1788171.0,1789307.0,39307.0,Scheduled - Deadline Met,Yes,Yes,3600.3555834293365,60.005926390488945,9,14446.0,Gurobi Status: 9
F47,P47_37,8,1800000,1850000,1136,1827366.0,1828502.0,28502.0,Scheduled - Deadline Met,Yes,Yes,3600.3555834293365,60.005926390488945,9,14446.0,Gurobi Status: 9
F47,P47_38,5,1850000,1900000,1136,1875517.0,1876653.0,26653.0,Scheduled - Deadline Met,Yes,Yes,3600.3555834293365,60.005926390488945,9,14446.0,Gurobi Status: 9
F47,P47_39,8,1900000,1950000,1136,1922117.0,1923253.0,23253.0,Scheduled - Deadline Met,Yes,Yes,3600.3555834293365,60.005926390488945,9,14446.0,Gurobi Status: 9
F47,P47_40,5,1950000,2000000,1136,1995041.0,1996177.0,46177.0,Scheduled - Deadline Met,Yes,Yes,3600.3555834293365,60.005926390488945,9,14446.0,Gurobi Status: 9
F47,P47_41,8,2000000,2050000,1136,,,,Optional Packets- Not Scheduled,No,N/A,3600.3555834293365,60.005926390488945,9,14446.0,Gurobi Status: 9
F47,P47_42,5,2050000,2100000,1136,2070679.0,2071815.0,21815.0,Scheduled - Deadline Met,Yes,Yes,3600.3555834293365,60.005926390488945,9,14446.0,Gurobi Status: 9
F47,P47_43,8,2100000,2150000,1136,2136571.0,2137707.0,37707.0,Scheduled - Deadline Met,Yes,Yes,3600.3555834293365,60.005926390488945,9,14446.0,Gurobi Status: 9
F47,P47_44,5,2150000,2200000,1136,2191514.0,2192650.0,42650.0,Scheduled - Deadline Met,Yes,Yes,3600.3555834293365,60.005926390488945,9,14446.0,Gurobi Status: 9
F47,P47_45,8,2200000,2250000,1136,2213738.0,2214874.0,14874.0,Scheduled - Deadline Met,Yes,Yes,3600.3555834293365,60.005926390488945,9,14446.0,Gurobi Status: 9
F47,P47_46,5,2250000,2300000,1136,2270653.0,2271789.0,21789.0,Scheduled - Deadline Met,Yes,Yes,3600.3555834293365,60.005926390488945,9,14446.0,Gurobi Status: 9
F47,P47_47,8,2300000,2350000,1136,2304455.0,2305591.0,5591.0,Scheduled - Deadline Met,Yes,Yes,3600.3555834293365,60.005926390488945,9,14446.0,Gurobi Status: 9
F47,P47_48,5,2350000,2400000,1136,2397868.0,2399004.0,49004.0,Scheduled - Deadline Met,Yes,Yes,3600.3555834293365,60.005926390488945,9,14446.0,Gurobi Status: 9
F48,P48_1,8,0,100000,3774,20740.0,24514.0,24514.0,Scheduled - Deadline Met,Yes,Yes,3600.3555834293365,60.005926390488945,9,14446.0,Gurobi Status: 9
F48,P48_2,7,100000,200000,3774,186512.0,190286.0,90286.0,Scheduled - Deadline Met,Yes,Yes,3600.3555834293365,60.005926390488945,9,14446.0,Gurobi Status: 9
F48,P48_3,8,200000,300000,3774,228247.0,232021.0,32021.0,Scheduled - Deadline Met,Yes,Yes,3600.3555834293365,60.005926390488945,9,14446.0,Gurobi Status: 9
F48,P48_4,7,300000,400000,3774,365024.0,368798.0,68798.0,Scheduled - Deadline Met,Yes,Yes,3600.3555834293365,60.005926390488945,9,14446.0,Gurobi Status: 9
F48,P48_5,8,400000,500000,3774,,,,Optional Packets- Not Scheduled,No,N/A,3600.3555834293365,60.005926390488945,9,14446.0,Gurobi Status: 9
F48,P48_6,7,500000,600000,3774,589469.0,593243.0,93243.0,Scheduled - Deadline Met,Yes,Yes,3600.3555834293365,60.005926390488945,9,14446.0,Gurobi Status: 9
F48,P48_7,8,600000,700000,3774,640688.0,644462.0,44462.0,Scheduled - Deadline Met,Yes,Yes,3600.3555834293365,60.005926390488945,9,14446.0,Gurobi Status: 9
F48,P48_8,7,700000,800000,3774,779727.0,783501.0,83501.0,Scheduled - Deadline Met,Yes,Yes,3600.3555834293365,60.005926390488945,9,14446.0,Gurobi Status: 9
F48,P48_9,8,800000,900000,3774,849955.0,853729.0,53729.0,Scheduled - Deadline Met,Yes,Yes,3600.3555834293365,60.005926390488945,9,14446.0,Gurobi Status: 9
F48,P48_10,7,900000,1000000,3774,988822.0,992596.0,92596.0,Scheduled - Deadline Met,Yes,Yes,3600.3555834293365,60.005926390488945,9,14446.0,Gurobi Status: 9
F48,P48_11,8,1000000,1100000,3774,1046920.0,1050694.0,50694.0,Scheduled - Deadline Met,Yes,Yes,3600.3555834293365,60.005926390488945,9,14446.0,Gurobi Status: 9
F48,P48_12,7,1100000,1200000,3774,1189212.0,1192986.0,92986.0,Scheduled - Deadline Met,Yes,Yes,3600.3555834293365,60.005926390488945,9,14446.0,Gurobi Status: 9
F48,P48_13,8,1200000,1300000,3774,1227476.0,1231250.0,31250.0,Scheduled - Deadline Met,Yes,Yes,3600.3555834293365,60.005926390488945,9,14446.0,Gurobi Status: 9
F48,P48_14,7,1300000,1400000,3774,1390861.0,1394635.0,94635.0,Scheduled - Deadline Met,Yes,Yes,3600.3555834293365,60.005926390488945,9,14446.0,Gurobi Status: 9
F48,P48_15,8,1400000,1500000,3774,1445840.0,1449614.0,49614.0,Scheduled - Deadline Met,Yes,Yes,3600.3555834293365,60.005926390488945,9,14446.0,Gurobi Status: 9
F48,P48_16,7,1500000,1600000,3774,1581984.0,1585758.0,85758.0,Scheduled - Deadline Met,Yes,Yes,3600.3555834293365,60.005926390488945,9,14446.0,Gurobi Status: 9
F48,P48_17,8,1600000,1700000,3774,,,,Optional Packets- Not Scheduled,No,N/A,3600.3555834293365,60.005926390488945,9,14446.0,Gurobi Status: 9
F48,P48_18,7,1700000,1800000,3774,1784301.0,1788075.0,88075.0,Scheduled - Deadline Met,Yes,Yes,3600.3555834293365,60.005926390488945,9,14446.0,Gurobi Status: 9
F48,P48_19,8,1800000,1900000,3774,1845685.0,1849459.0,49459.0,Scheduled - Deadline Met,Yes,Yes,3600.3555834293365,60.005926390488945,9,14446.0,Gurobi Status: 9
F48,P48_20,7,1900000,2000000,3774,1972845.0,1976619.0,76619.0,Scheduled - Deadline Met,Yes,Yes,3600.3555834293365,60.005926390488945,9,14446.0,Gurobi Status: 9
F48,P48_21,8,2000000,2100000,3774,,,,Optional Packets- Not Scheduled,No,N/A,3600.3555834293365,60.005926390488945,9,14446.0,Gurobi Status: 9
F48,P48_22,7,2100000,2200000,3774,2187644.0,2191418.0,91418.0,Scheduled - Deadline Met,Yes,Yes,3600.3555834293365,60.005926390488945,9,14446.0,Gurobi Status: 9
F48,P48_23,8,2200000,2300000,3774,2225116.0,2228890.0,28890.0,Scheduled - Deadline Met,Yes,Yes,3600.3555834293365,60.005926390488945,9,14446.0,Gurobi Status: 9
F48,P48_24,7,2300000,2400000,3774,2335488.0,2339262.0,39262.0,Scheduled - Deadline Met,Yes,Yes,3600.3555834293365,60.005926390488945,9,14446.0,Gurobi Status: 9
F5,P5_1,8,0,200000,7829,,,,Optional Packets- Not Scheduled,No,N/A,3600.3555834293365,60.005926390488945,9,14446.0,Gurobi Status: 9
F5,P5_2,5,200000,400000,7829,268536.0,276365.0,76365.0,Scheduled - Deadline Met,Yes,Yes,3600.3555834293365,60.005926390488945,9,14446.0,Gurobi Status: 9
F5,P5_3,5,400000,600000,7829,460497.0,468326.0,68326.0,Scheduled - Deadline Met,Yes,Yes,3600.3555834293365,60.005926390488945,9,14446.0,Gurobi Status: 9
F5,P5_4,8,600000,800000,7829,730399.0,738228.0,138228.0,Scheduled - Deadline Met,Yes,Yes,3600.3555834293365,60.005926390488945,9,14446.0,Gurobi Status: 9
F5,P5_5,5,800000,1000000,7829,809599.0,817428.0,17428.0,Scheduled - Deadline Met,Yes,Yes,3600.3555834293365,60.005926390488945,9,14446.0,Gurobi Status: 9
F5,P5_6,5,1000000,1200000,7829,1077511.0,1085340.0,85340.0,Scheduled - Deadline Met,Yes,Yes,3600.3555834293365,60.005926390488945,9,14446.0,Gurobi Status: 9
F5,P5_7,8,1200000,1400000,7829,,,,Optional Packets- Not Scheduled,No,N/A,3600.3555834293365,60.005926390488945,9,14446.0,Gurobi Status: 9
F5,P5_8,5,1400000,1600000,7829,1476530.0,1484359.0,84359.0,Scheduled - Deadline Met,Yes,Yes,3600.3555834293365,60.005926390488945,9,14446.0,Gurobi Status: 9
F5,P5_9,5,1600000,1800000,7829,1627373.0,1635202.0,35202.0,Scheduled - Deadline Met,Yes,Yes,3600.3555834293365,60.005926390488945,9,14446.0,Gurobi Status: 9
F5,P5_10,8,1800000,2000000,7829,1908952.0,1916781.0,116781.0,Scheduled - Deadline Met,Yes,Yes,3600.3555834293365,60.005926390488945,9,14446.0,Gurobi Status: 9
F5,P5_11,5,2000000,2200000,7829,2023711.0,2031540.0,31540.0,Scheduled - Deadline Met,Yes,Yes,3600.3555834293365,60.005926390488945,9,14446.0,Gurobi Status: 9
F5,P5_12,5,2200000,2400000,7829,2262728.0,2270557.0,70557.0,Scheduled - Deadline Met,Yes,Yes,3600.3555834293365,60.005926390488945,9,14446.0,Gurobi Status: 9
F6,P6_1,8,0,400000,3633,130331.0,133964.0,133964.0,Scheduled - Deadline Met,Yes,Yes,3600.3555834293365,60.005926390488945,9,14446.0,Gurobi Status: 9
F6,P6_2,6,400000,800000,3633,530109.0,533742.0,133742.0,Scheduled - Deadline Met,Yes,Yes,3600.3555834293365,60.005926390488945,9,14446.0,Gurobi Status: 9
F6,P6_3,6,800000,1200000,3633,840100.0,843733.0,43733.0,Scheduled - Deadline Met,Yes,Yes,3600.3555834293365,60.005926390488945,9,14446.0,Gurobi Status: 9
F6,P6_4,8,1200000,1600000,3633,,,,Optional Packets- Not Scheduled,No,N/A,3600.3555834293365,60.005926390488945,9,14446.0,Gurobi Status: 9
F6,P6_5,6,1600000,2000000,3633,1635298.0,1638931.0,38931.0,Scheduled - Deadline Met,Yes,Yes,3600.3555834293365,60.005926390488945,9,14446.0,Gurobi Status: 9
F6,P6_6,6,2000000,2400000,3633,2038577.0,2042210.0,42210.0,Scheduled - Deadline Met,Yes,Yes,3600.3555834293365,60.005926390488945,9,14446.0,Gurobi Status: 9
F7,P7_1,4,0,400000,2700,102361.0,105061.0,105061.0,Scheduled - Deadline Met,Yes,Yes,3600.3555834293365,60.005926390488945,9,14446.0,Gurobi Status: 9
F7,P7_2,8,400000,800000,2700,,,,Optional Packets- Not Scheduled,No,N/A,3600.3555834293365,60.005926390488945,9,14446.0,Gurobi Status: 9
F7,P7_3,4,800000,1200000,2700,999053.0,1001753.0,201753.0,Scheduled - Deadline Met,Yes,Yes,3600.3555834293365,60.005926390488945,9,14446.0,Gurobi Status: 9
F7,P7_4,4,1200000,1600000,2700,1217295.0,1219995.0,19995.0,Scheduled - Deadline Met,Yes,Yes,3600.3555834293365,60.005926390488945,9,14446.0,Gurobi Status: 9
F7,P7_5,8,1600000,2000000,2700,,,,Optional Packets- Not Scheduled,No,N/A,3600.3555834293365,60.005926390488945,9,14446.0,Gurobi Status: 9
F7,P7_6,4,2000000,2400000,2700,2073600.0,2076300.0,76300.0,Scheduled - Deadline Met,Yes,Yes,3600.3555834293365,60.005926390488945,9,14446.0,Gurobi Status: 9
F8,P8_1,4,0,400000,600,386056.0,386656.0,386656.0,Scheduled - Deadline Met,Yes,Yes,3600.3555834293365,60.005926390488945,9,14446.0,Gurobi Status: 9
F8,P8_2,4,400000,800000,600,711826.0,712426.0,312426.0,Scheduled - Deadline Met,Yes,Yes,3600.3555834293365,60.005926390488945,9,14446.0,Gurobi Status: 9
F8,P8_3,8,800000,1200000,600,,,,Optional Packets- Not Scheduled,No,N/A,3600.3555834293365,60.005926390488945,9,14446.0,Gurobi Status: 9
F8,P8_4,4,1200000,1600000,600,1220091.0,1220691.0,20691.0,Scheduled - Deadline Met,Yes,Yes,3600.3555834293365,60.005926390488945,9,14446.0,Gurobi Status: 9
F8,P8_5,4,1600000,2000000,600,1813619.0,1814219.0,214219.0,Scheduled - Deadline Met,Yes,Yes,3600.3555834293365,60.005926390488945,9,14446.0,Gurobi Status: 9
F8,P8_6,8,2000000,2400000,600,2084373.0,2084973.0,84973.0,Scheduled - Deadline Met,Yes,Yes,3600.3555834293365,60.005926390488945,9,14446.0,Gurobi Status: 9
F9,P9_1,8,0,400000,11883,,,,Optional Packets- Not Scheduled,No,N/A,3600.3555834293365,60.005926390488945,9,14446.0,Gurobi Status: 9
F9,P9_2,7,400000,800000,11883,400000.0,411883.0,11883.0,Scheduled - Deadline Met,Yes,Yes,3600.3555834293365,60.005926390488945,9,14446.0,Gurobi Status: 9
F9,P9_3,7,800000,1200000,11883,912194.0,924077.0,124077.0,Scheduled - Deadline Met,Yes,Yes,3600.3555834293365,60.005926390488945,9,14446.0,Gurobi Status: 9
F9,P9_4,8,1200000,1600000,11883,,,,Optional Packets- Not Scheduled,No,N/A,3600.3555834293365,60.005926390488945,9,14446.0,Gurobi Status: 9
F9,P9_5,7,1600000,2000000,11883,1690717.0,1702600.0,102600.0,Scheduled - Deadline Met,Yes,Yes,3600.3555834293365,60.005926390488945,9,14446.0,Gurobi Status: 9
F9,P9_6,7,2000000,2400000,11883,2097552.0,2109435.0,109435.0,Scheduled - Deadline Met,Yes,Yes,3600.3555834293365,60.005926390488945,9,14446.0,Gurobi Status: 9
