Flow,Packet,Class,Arrival,Deadline,Execution Time,Gate Open,Gate Close,Response Time,Status,Scheduled,Deadline Met,Solver_Execution_Time_Seconds,Solver_Execution_Time_Minutes,Solver_Status,Objective_Value,Stopping_Reason
F1,P1_1,8,0,400000,2075,,,,Optional Packets- Not Scheduled,No,N/A,3600.372506380081,60.00620843966802,9,11269.0,Gurobi Status: 9
F1,P1_2,4,400000,800000,2075,455552.0,457627.0,57627.0,Scheduled - Deadline Met,Yes,Yes,3600.372506380081,60.00620843966802,9,11269.0,Gurobi Status: 9
F1,P1_3,4,800000,1200000,2075,838683.0,840758.0,40758.0,Scheduled - Deadline Met,Yes,Yes,3600.372506380081,60.00620843966802,9,11269.0,Gurobi Status: 9
F1,P1_4,8,1200000,1600000,2075,1290930.0,1293005.0,93005.0,Scheduled - Deadline Met,Yes,Yes,3600.372506380081,60.00620843966802,9,11269.0,Gurobi Status: 9
F1,P1_5,4,1600000,2000000,2075,1642012.0,1644087.0,44087.0,Scheduled - Deadline Met,Yes,Yes,3600.372506380081,60.00620843966802,9,11269.0,Gurobi Status: 9
F1,P1_6,4,2000000,2400000,2075,2042720.0,2044795.0,44795.0,Scheduled - Deadline Met,Yes,Yes,3600.372506380081,60.00620843966802,9,11269.0,Gurobi Status: 9
F10,P10_1,4,0,400000,3146,44411.0,47557.0,47557.0,Scheduled - Deadline Met,Yes,Yes,3600.372506380081,60.00620843966802,9,11269.0,Gurobi Status: 9
F10,P10_2,8,400000,800000,3146,491354.0,494500.0,94500.0,Scheduled - Deadline Met,Yes,Yes,3600.372506380081,60.00620843966802,9,11269.0,Gurobi Status: 9
F10,P10_3,4,800000,1200000,3146,835441.0,838587.0,38587.0,Scheduled - Deadline Met,Yes,Yes,3600.372506380081,60.00620843966802,9,11269.0,Gurobi Status: 9
F10,P10_4,4,1200000,1600000,3146,1244315.0,1247461.0,47461.0,Scheduled - Deadline Met,Yes,Yes,3600.372506380081,60.00620843966802,9,11269.0,Gurobi Status: 9
F10,P10_5,8,1600000,2000000,3146,,,,Optional Packets- Not Scheduled,No,N/A,3600.372506380081,60.00620843966802,9,11269.0,Gurobi Status: 9
F10,P10_6,4,2000000,2400000,3146,2039478.0,2042624.0,42624.0,Scheduled - Deadline Met,Yes,Yes,3600.372506380081,60.00620843966802,9,11269.0,Gurobi Status: 9
F11,P11_1,6,0,400000,6186,130756.0,136942.0,136942.0,Scheduled - Deadline Met,Yes,Yes,3600.372506380081,60.00620843966802,9,11269.0,Gurobi Status: 9
F11,P11_2,8,400000,800000,6186,,,,Optional Packets- Not Scheduled,No,N/A,3600.372506380081,60.00620843966802,9,11269.0,Gurobi Status: 9
F11,P11_3,6,800000,1200000,6186,980156.0,986342.0,186342.0,Scheduled - Deadline Met,Yes,Yes,3600.372506380081,60.00620843966802,9,11269.0,Gurobi Status: 9
F11,P11_4,6,1200000,1600000,6186,1319452.0,1325638.0,125638.0,Scheduled - Deadline Met,Yes,Yes,3600.372506380081,60.00620843966802,9,11269.0,Gurobi Status: 9
F11,P11_5,8,1600000,2000000,6186,,,,Optional Packets- Not Scheduled,No,N/A,3600.372506380081,60.00620843966802,9,11269.0,Gurobi Status: 9
F11,P11_6,6,2000000,2400000,6186,2062252.0,2068438.0,68438.0,Scheduled - Deadline Met,Yes,Yes,3600.372506380081,60.00620843966802,9,11269.0,Gurobi Status: 9
F12,P12_1,8,0,400000,8323,,,,Optional Packets- Not Scheduled,No,N/A,3600.372506380081,60.00620843966802,9,11269.0,Gurobi Status: 9
F12,P12_2,7,400000,800000,8323,603522.0,611845.0,211845.0,Scheduled - Deadline Met,Yes,Yes,3600.372506380081,60.00620843966802,9,11269.0,Gurobi Status: 9
F12,P12_3,7,800000,1200000,8323,856045.0,864368.0,64368.0,Scheduled - Deadline Met,Yes,Yes,3600.372506380081,60.00620843966802,9,11269.0,Gurobi Status: 9
F12,P12_4,8,1200000,1600000,8323,,,,Optional Packets- Not Scheduled,No,N/A,3600.372506380081,60.00620843966802,9,11269.0,Gurobi Status: 9
F12,P12_5,7,1600000,2000000,8323,1720641.0,1728964.0,128964.0,Scheduled - Deadline Met,Yes,Yes,3600.372506380081,60.00620843966802,9,11269.0,Gurobi Status: 9
F12,P12_6,7,2000000,2400000,8323,2122436.0,2130759.0,130759.0,Scheduled - Deadline Met,Yes,Yes,3600.372506380081,60.00620843966802,9,11269.0,Gurobi Status: 9
F13,P13_1,2,0,400000,1803,188869.0,190672.0,190672.0,Scheduled - Deadline Met,Yes,Yes,3600.372506380081,60.00620843966802,9,11269.0,Gurobi Status: 9
F13,P13_2,2,400000,800000,1803,445507.0,447310.0,47310.0,Scheduled - Deadline Met,Yes,Yes,3600.372506380081,60.00620843966802,9,11269.0,Gurobi Status: 9
F13,P13_3,8,800000,1200000,1803,888314.0,890117.0,90117.0,Scheduled - Deadline Met,Yes,Yes,3600.372506380081,60.00620843966802,9,11269.0,Gurobi Status: 9
F13,P13_4,2,1200000,1600000,1803,1395665.0,1397468.0,197468.0,Scheduled - Deadline Met,Yes,Yes,3600.372506380081,60.00620843966802,9,11269.0,Gurobi Status: 9
F13,P13_5,2,1600000,2000000,1803,1924401.0,1926204.0,326204.0,Scheduled - Deadline Met,Yes,Yes,3600.372506380081,60.00620843966802,9,11269.0,Gurobi Status: 9
F13,P13_6,8,2000000,2400000,1803,,,,Optional Packets- Not Scheduled,No,N/A,3600.372506380081,60.00620843966802,9,11269.0,Gurobi Status: 9
F14,P14_1,6,0,200000,8594,99521.0,108115.0,108115.0,Scheduled - Deadline Met,Yes,Yes,3600.372506380081,60.00620843966802,9,11269.0,Gurobi Status: 9
F14,P14_2,8,200000,400000,8594,286163.0,294757.0,94757.0,Scheduled - Deadline Met,Yes,Yes,3600.372506380081,60.00620843966802,9,11269.0,Gurobi Status: 9
F14,P14_3,6,400000,600000,8594,436817.0,445411.0,45411.0,Scheduled - Deadline Met,Yes,Yes,3600.372506380081,60.00620843966802,9,11269.0,Gurobi Status: 9
F14,P14_4,6,600000,800000,8594,701372.0,709966.0,109966.0,Scheduled - Deadline Met,Yes,Yes,3600.372506380081,60.00620843966802,9,11269.0,Gurobi Status: 9
F14,P14_5,8,800000,1000000,8594,,,,Optional Packets- Not Scheduled,No,N/A,3600.372506380081,60.00620843966802,9,11269.0,Gurobi Status: 9
F14,P14_6,6,1000000,1200000,8594,1100705.0,1109299.0,109299.0,Scheduled - Deadline Met,Yes,Yes,3600.372506380081,60.00620843966802,9,11269.0,Gurobi Status: 9
F14,P14_7,6,1200000,1400000,8594,1206688.0,1215282.0,15282.0,Scheduled - Deadline Met,Yes,Yes,3600.372506380081,60.00620843966802,9,11269.0,Gurobi Status: 9
F14,P14_8,8,1400000,1600000,8594,,,,Optional Packets- Not Scheduled,No,N/A,3600.372506380081,60.00620843966802,9,11269.0,Gurobi Status: 9
F14,P14_9,6,1600000,1800000,8594,1623467.0,1632061.0,32061.0,Scheduled - Deadline Met,Yes,Yes,3600.372506380081,60.00620843966802,9,11269.0,Gurobi Status: 9
F14,P14_10,6,1800000,2000000,8594,1908957.0,1917551.0,117551.0,Scheduled - Deadline Met,Yes,Yes,3600.372506380081,60.00620843966802,9,11269.0,Gurobi Status: 9
F14,P14_11,8,2000000,2200000,8594,,,,Optional Packets- Not Scheduled,No,N/A,3600.372506380081,60.00620843966802,9,11269.0,Gurobi Status: 9
F14,P14_12,6,2200000,2400000,8594,2299711.0,2308305.0,108305.0,Scheduled - Deadline Met,Yes,Yes,3600.372506380081,60.00620843966802,9,11269.0,Gurobi Status: 9
F15,P15_1,8,0,200000,11972,,,,Optional Packets- Not Scheduled,No,N/A,3600.372506380081,60.00620843966802,9,11269.0,Gurobi Status: 9
F15,P15_2,3,200000,400000,11972,221904.0,233876.0,33876.0,Scheduled - Deadline Met,Yes,Yes,3600.372506380081,60.00620843966802,9,11269.0,Gurobi Status: 9
F15,P15_3,3,400000,600000,11972,406739.0,418711.0,18711.0,Scheduled - Deadline Met,Yes,Yes,3600.372506380081,60.00620843966802,9,11269.0,Gurobi Status: 9
F15,P15_4,8,600000,800000,11972,,,,Optional Packets- Not Scheduled,No,N/A,3600.372506380081,60.00620843966802,9,11269.0,Gurobi Status: 9
F15,P15_5,3,800000,1000000,11972,817646.0,829618.0,29618.0,Scheduled - Deadline Met,Yes,Yes,3600.372506380081,60.00620843966802,9,11269.0,Gurobi Status: 9
F15,P15_6,3,1000000,1200000,11972,1006085.0,1018057.0,18057.0,Scheduled - Deadline Met,Yes,Yes,3600.372506380081,60.00620843966802,9,11269.0,Gurobi Status: 9
F15,P15_7,8,1200000,1400000,11972,,,,Optional Packets- Not Scheduled,No,N/A,3600.372506380081,60.00620843966802,9,11269.0,Gurobi Status: 9
F15,P15_8,3,1400000,1600000,11972,1443362.0,1455334.0,55334.0,Scheduled - Deadline Met,Yes,Yes,3600.372506380081,60.00620843966802,9,11269.0,Gurobi Status: 9
F15,P15_9,3,1600000,1800000,11972,1645208.0,1657180.0,57180.0,Scheduled - Deadline Met,Yes,Yes,3600.372506380081,60.00620843966802,9,11269.0,Gurobi Status: 9
F15,P15_10,8,1800000,2000000,11972,,,,Optional Packets- Not Scheduled,No,N/A,3600.372506380081,60.00620843966802,9,11269.0,Gurobi Status: 9
F15,P15_11,3,2000000,2200000,11972,2024975.0,2036947.0,36947.0,Scheduled - Deadline Met,Yes,Yes,3600.372506380081,60.00620843966802,9,11269.0,Gurobi Status: 9
F15,P15_12,3,2200000,2400000,11972,2226513.0,2238485.0,38485.0,Scheduled - Deadline Met,Yes,Yes,3600.372506380081,60.00620843966802,9,11269.0,Gurobi Status: 9
F16,P16_1,8,0,400000,11776,,,,Optional Packets- Not Scheduled,No,N/A,3600.372506380081,60.00620843966802,9,11269.0,Gurobi Status: 9
F16,P16_2,5,400000,800000,11776,516027.0,527803.0,127803.0,Scheduled - Deadline Met,Yes,Yes,3600.372506380081,60.00620843966802,9,11269.0,Gurobi Status: 9
F16,P16_3,5,800000,1200000,11776,921968.0,933744.0,133744.0,Scheduled - Deadline Met,Yes,Yes,3600.372506380081,60.00620843966802,9,11269.0,Gurobi Status: 9
F16,P16_4,8,1200000,1600000,11776,,,,Optional Packets- Not Scheduled,No,N/A,3600.372506380081,60.00620843966802,9,11269.0,Gurobi Status: 9
F16,P16_5,5,1600000,2000000,11776,1729060.0,1740836.0,140836.0,Scheduled - Deadline Met,Yes,Yes,3600.372506380081,60.00620843966802,9,11269.0,Gurobi Status: 9
F16,P16_6,5,2000000,2400000,11776,2099474.0,2111250.0,111250.0,Scheduled - Deadline Met,Yes,Yes,3600.372506380081,60.00620843966802,9,11269.0,Gurobi Status: 9
F17,P17_1,8,0,200000,7235,,,,Optional Packets- Not Scheduled,No,N/A,3600.372506380081,60.00620843966802,9,11269.0,Gurobi Status: 9
F17,P17_2,1,200000,400000,7235,272387.0,279622.0,79622.0,Scheduled - Deadline Met,Yes,Yes,3600.372506380081,60.00620843966802,9,11269.0,Gurobi Status: 9
F17,P17_3,1,400000,600000,7235,418807.0,426042.0,26042.0,Scheduled - Deadline Met,Yes,Yes,3600.372506380081,60.00620843966802,9,11269.0,Gurobi Status: 9
F17,P17_4,8,600000,800000,7235,671878.0,679113.0,79113.0,Scheduled - Deadline Met,Yes,Yes,3600.372506380081,60.00620843966802,9,11269.0,Gurobi Status: 9
F17,P17_5,1,800000,1000000,7235,935936.0,943171.0,143171.0,Scheduled - Deadline Met,Yes,Yes,3600.372506380081,60.00620843966802,9,11269.0,Gurobi Status: 9
F17,P17_6,1,1000000,1200000,7235,1124028.0,1131263.0,131263.0,Scheduled - Deadline Met,Yes,Yes,3600.372506380081,60.00620843966802,9,11269.0,Gurobi Status: 9
F17,P17_7,8,1200000,1400000,7235,,,,Optional Packets- Not Scheduled,No,N/A,3600.372506380081,60.00620843966802,9,11269.0,Gurobi Status: 9
F17,P17_8,1,1400000,1600000,7235,1518638.0,1525873.0,125873.0,Scheduled - Deadline Met,Yes,Yes,3600.372506380081,60.00620843966802,9,11269.0,Gurobi Status: 9
F17,P17_9,1,1600000,1800000,7235,1675936.0,1683171.0,83171.0,Scheduled - Deadline Met,Yes,Yes,3600.372506380081,60.00620843966802,9,11269.0,Gurobi Status: 9
F17,P17_10,8,1800000,2000000,7235,1883318.0,1890553.0,90553.0,Scheduled - Deadline Met,Yes,Yes,3600.372506380081,60.00620843966802,9,11269.0,Gurobi Status: 9
F17,P17_11,1,2000000,2200000,7235,2011917.0,2019152.0,19152.0,Scheduled - Deadline Met,Yes,Yes,3600.372506380081,60.00620843966802,9,11269.0,Gurobi Status: 9
F17,P17_12,1,2200000,2400000,7235,2373940.0,2381175.0,181175.0,Scheduled - Deadline Met,Yes,Yes,3600.372506380081,60.00620843966802,9,11269.0,Gurobi Status: 9
F18,P18_1,2,0,200000,9741,120919.0,130660.0,130660.0,Scheduled - Deadline Met,Yes,Yes,3600.372506380081,60.00620843966802,9,11269.0,Gurobi Status: 9
F18,P18_2,2,200000,400000,9741,250362.0,260103.0,60103.0,Scheduled - Deadline Met,Yes,Yes,3600.372506380081,60.00620843966802,9,11269.0,Gurobi Status: 9
F18,P18_3,8,400000,600000,9741,,,,Optional Packets- Not Scheduled,No,N/A,3600.372506380081,60.00620843966802,9,11269.0,Gurobi Status: 9
F18,P18_4,2,600000,800000,9741,721031.0,730772.0,130772.0,Scheduled - Deadline Met,Yes,Yes,3600.372506380081,60.00620843966802,9,11269.0,Gurobi Status: 9
F18,P18_5,2,800000,1000000,9741,800000.0,809741.0,9741.0,Scheduled - Deadline Met,Yes,Yes,3600.372506380081,60.00620843966802,9,11269.0,Gurobi Status: 9
F18,P18_6,8,1000000,1200000,9741,,,,Optional Packets- Not Scheduled,No,N/A,3600.372506380081,60.00620843966802,9,11269.0,Gurobi Status: 9
F18,P18_7,2,1200000,1400000,9741,1234478.0,1244219.0,44219.0,Scheduled - Deadline Met,Yes,Yes,3600.372506380081,60.00620843966802,9,11269.0,Gurobi Status: 9
F18,P18_8,2,1400000,1600000,9741,1507284.0,1517025.0,117025.0,Scheduled - Deadline Met,Yes,Yes,3600.372506380081,60.00620843966802,9,11269.0,Gurobi Status: 9
F18,P18_9,8,1600000,1800000,9741,,,,Optional Packets- Not Scheduled,No,N/A,3600.372506380081,60.00620843966802,9,11269.0,Gurobi Status: 9
F18,P18_10,2,1800000,2000000,9741,1968427.0,1978168.0,178168.0,Scheduled - Deadline Met,Yes,Yes,3600.372506380081,60.00620843966802,9,11269.0,Gurobi Status: 9
F18,P18_11,2,2000000,2200000,9741,2045672.0,2055413.0,55413.0,Scheduled - Deadline Met,Yes,Yes,3600.372506380081,60.00620843966802,9,11269.0,Gurobi Status: 9
F18,P18_12,8,2200000,2400000,9741,2252506.0,2262247.0,62247.0,Scheduled - Deadline Met,Yes,Yes,3600.372506380081,60.00620843966802,9,11269.0,Gurobi Status: 9
F19,P19_1,1,0,200000,1494,137038.0,138532.0,138532.0,Scheduled - Deadline Met,Yes,Yes,3600.372506380081,60.00620843966802,9,11269.0,Gurobi Status: 9
F19,P19_2,1,200000,400000,1494,317240.0,318734.0,118734.0,Scheduled - Deadline Met,Yes,Yes,3600.372506380081,60.00620843966802,9,11269.0,Gurobi Status: 9
F19,P19_3,8,400000,600000,1494,,,,Optional Packets- Not Scheduled,No,N/A,3600.372506380081,60.00620843966802,9,11269.0,Gurobi Status: 9
F19,P19_4,1,600000,800000,1494,759968.0,761462.0,161462.0,Scheduled - Deadline Met,Yes,Yes,3600.372506380081,60.00620843966802,9,11269.0,Gurobi Status: 9
F19,P19_5,1,800000,1000000,1494,961026.0,962520.0,162520.0,Scheduled - Deadline Met,Yes,Yes,3600.372506380081,60.00620843966802,9,11269.0,Gurobi Status: 9
F19,P19_6,8,1000000,1200000,1494,1048909.0,1050403.0,50403.0,Scheduled - Deadline Met,Yes,Yes,3600.372506380081,60.00620843966802,9,11269.0,Gurobi Status: 9
F19,P19_7,1,1200000,1400000,1494,1232888.0,1234382.0,34382.0,Scheduled - Deadline Met,Yes,Yes,3600.372506380081,60.00620843966802,9,11269.0,Gurobi Status: 9
F19,P19_8,1,1400000,1600000,1494,1531078.0,1532572.0,132572.0,Scheduled - Deadline Met,Yes,Yes,3600.372506380081,60.00620843966802,9,11269.0,Gurobi Status: 9
F19,P19_9,8,1600000,1800000,1494,1687612.0,1689106.0,89106.0,Scheduled - Deadline Met,Yes,Yes,3600.372506380081,60.00620843966802,9,11269.0,Gurobi Status: 9
F19,P19_10,1,1800000,2000000,1494,1823919.0,1825413.0,25413.0,Scheduled - Deadline Met,Yes,Yes,3600.372506380081,60.00620843966802,9,11269.0,Gurobi Status: 9
F19,P19_11,1,2000000,2200000,1494,2055509.0,2057003.0,57003.0,Scheduled - Deadline Met,Yes,Yes,3600.372506380081,60.00620843966802,9,11269.0,Gurobi Status: 9
F19,P19_12,8,2200000,2400000,1494,2269436.0,2270930.0,70930.0,Scheduled - Deadline Met,Yes,Yes,3600.372506380081,60.00620843966802,9,11269.0,Gurobi Status: 9
F2,P2_1,8,0,400000,1035,81463.0,82498.0,82498.0,Scheduled - Deadline Met,Yes,Yes,3600.372506380081,60.00620843966802,9,11269.0,Gurobi Status: 9
F2,P2_2,2,400000,800000,1035,570939.0,571974.0,171974.0,Scheduled - Deadline Met,Yes,Yes,3600.372506380081,60.00620843966802,9,11269.0,Gurobi Status: 9
F2,P2_3,2,800000,1200000,1035,870313.0,871348.0,71348.0,Scheduled - Deadline Met,Yes,Yes,3600.372506380081,60.00620843966802,9,11269.0,Gurobi Status: 9
F2,P2_4,8,1200000,1600000,1035,1293101.0,1294136.0,94136.0,Scheduled - Deadline Met,Yes,Yes,3600.372506380081,60.00620843966802,9,11269.0,Gurobi Status: 9
F2,P2_5,2,1600000,2000000,1035,1967296.0,1968331.0,368331.0,Scheduled - Deadline Met,Yes,Yes,3600.372506380081,60.00620843966802,9,11269.0,Gurobi Status: 9
F2,P2_6,2,2000000,2400000,1035,2192722.0,2193757.0,193757.0,Scheduled - Deadline Met,Yes,Yes,3600.372506380081,60.00620843966802,9,11269.0,Gurobi Status: 9
F20,P20_1,8,0,400000,746,83616.0,84362.0,84362.0,Scheduled - Deadline Met,Yes,Yes,3600.372506380081,60.00620843966802,9,11269.0,Gurobi Status: 9
F20,P20_2,6,400000,800000,746,536661.0,537407.0,137407.0,Scheduled - Deadline Met,Yes,Yes,3600.372506380081,60.00620843966802,9,11269.0,Gurobi Status: 9
F20,P20_3,6,800000,1200000,746,1003051.0,1003797.0,203797.0,Scheduled - Deadline Met,Yes,Yes,3600.372506380081,60.00620843966802,9,11269.0,Gurobi Status: 9
F20,P20_4,8,1200000,1600000,746,1295257.0,1296003.0,96003.0,Scheduled - Deadline Met,Yes,Yes,3600.372506380081,60.00620843966802,9,11269.0,Gurobi Status: 9
F20,P20_5,6,1600000,2000000,746,1657276.0,1658022.0,58022.0,Scheduled - Deadline Met,Yes,Yes,3600.372506380081,60.00620843966802,9,11269.0,Gurobi Status: 9
F20,P20_6,6,2000000,2400000,746,2167731.0,2168477.0,168477.0,Scheduled - Deadline Met,Yes,Yes,3600.372506380081,60.00620843966802,9,11269.0,Gurobi Status: 9
F21,P21_1,3,0,50000,2192,27151.0,29343.0,29343.0,Scheduled - Deadline Met,Yes,Yes,3600.372506380081,60.00620843966802,9,11269.0,Gurobi Status: 9
F21,P21_2,8,50000,100000,2192,,,,Optional Packets- Not Scheduled,No,N/A,3600.372506380081,60.00620843966802,9,11269.0,Gurobi Status: 9
F21,P21_3,3,100000,150000,2192,110550.0,112742.0,12742.0,Scheduled - Deadline Met,Yes,Yes,3600.372506380081,60.00620843966802,9,11269.0,Gurobi Status: 9
F21,P21_4,3,150000,200000,2192,168189.0,170381.0,20381.0,Scheduled - Deadline Met,Yes,Yes,3600.372506380081,60.00620843966802,9,11269.0,Gurobi Status: 9
F21,P21_5,8,200000,250000,2192,,,,Optional Packets- Not Scheduled,No,N/A,3600.372506380081,60.00620843966802,9,11269.0,Gurobi Status: 9
F21,P21_6,3,250000,300000,2192,260103.0,262295.0,12295.0,Scheduled - Deadline Met,Yes,Yes,3600.372506380081,60.00620843966802,9,11269.0,Gurobi Status: 9
F21,P21_7,3,300000,350000,2192,318734.0,320926.0,20926.0,Scheduled - Deadline Met,Yes,Yes,3600.372506380081,60.00620843966802,9,11269.0,Gurobi Status: 9
F21,P21_8,8,350000,400000,2192,380490.0,382682.0,32682.0,Scheduled - Deadline Met,Yes,Yes,3600.372506380081,60.00620843966802,9,11269.0,Gurobi Status: 9
F21,P21_9,3,400000,450000,2192,400740.0,402932.0,2932.0,Scheduled - Deadline Met,Yes,Yes,3600.372506380081,60.00620843966802,9,11269.0,Gurobi Status: 9
F21,P21_10,3,450000,500000,2192,458515.0,460707.0,10707.0,Scheduled - Deadline Met,Yes,Yes,3600.372506380081,60.00620843966802,9,11269.0,Gurobi Status: 9
F21,P21_11,8,500000,550000,2192,540131.0,542323.0,42323.0,Scheduled - Deadline Met,Yes,Yes,3600.372506380081,60.00620843966802,9,11269.0,Gurobi Status: 9
F21,P21_12,3,550000,600000,2192,597490.0,599682.0,49682.0,Scheduled - Deadline Met,Yes,Yes,3600.372506380081,60.00620843966802,9,11269.0,Gurobi Status: 9
F21,P21_13,3,600000,650000,2192,611845.0,614037.0,14037.0,Scheduled - Deadline Met,Yes,Yes,3600.372506380081,60.00620843966802,9,11269.0,Gurobi Status: 9
F21,P21_14,8,650000,700000,2192,681644.0,683836.0,33836.0,Scheduled - Deadline Met,Yes,Yes,3600.372506380081,60.00620843966802,9,11269.0,Gurobi Status: 9
F21,P21_15,3,700000,750000,2192,714624.0,716816.0,16816.0,Scheduled - Deadline Met,Yes,Yes,3600.372506380081,60.00620843966802,9,11269.0,Gurobi Status: 9
F21,P21_16,3,750000,800000,2192,765847.0,768039.0,18039.0,Scheduled - Deadline Met,Yes,Yes,3600.372506380081,60.00620843966802,9,11269.0,Gurobi Status: 9
F21,P21_17,8,800000,850000,2192,,,,Optional Packets- Not Scheduled,No,N/A,3600.372506380081,60.00620843966802,9,11269.0,Gurobi Status: 9
F21,P21_18,3,850000,900000,2192,864368.0,866560.0,16560.0,Scheduled - Deadline Met,Yes,Yes,3600.372506380081,60.00620843966802,9,11269.0,Gurobi Status: 9
F21,P21_19,3,900000,950000,2192,933744.0,935936.0,35936.0,Scheduled - Deadline Met,Yes,Yes,3600.372506380081,60.00620843966802,9,11269.0,Gurobi Status: 9
F21,P21_20,8,950000,1000000,2192,987178.0,989370.0,39370.0,Scheduled - Deadline Met,Yes,Yes,3600.372506380081,60.00620843966802,9,11269.0,Gurobi Status: 9
F21,P21_21,3,1000000,1050000,2192,1003797.0,1005989.0,5989.0,Scheduled - Deadline Met,Yes,Yes,3600.372506380081,60.00620843966802,9,11269.0,Gurobi Status: 9
F21,P21_22,3,1050000,1100000,2192,1082761.0,1084953.0,34953.0,Scheduled - Deadline Met,Yes,Yes,3600.372506380081,60.00620843966802,9,11269.0,Gurobi Status: 9
F21,P21_23,8,1100000,1150000,2192,1147808.0,1150000.0,50000.0,Scheduled - Deadline Met,Yes,Yes,3600.372506380081,60.00620843966802,9,11269.0,Gurobi Status: 9
F21,P21_24,3,1150000,1200000,2192,1191469.0,1193661.0,43661.0,Scheduled - Deadline Met,Yes,Yes,3600.372506380081,60.00620843966802,9,11269.0,Gurobi Status: 9
F21,P21_25,3,1200000,1250000,2192,1200000.0,1202192.0,2192.0,Scheduled - Deadline Met,Yes,Yes,3600.372506380081,60.00620843966802,9,11269.0,Gurobi Status: 9
F21,P21_26,8,1250000,1300000,2192,1296099.0,1298291.0,48291.0,Scheduled - Deadline Met,Yes,Yes,3600.372506380081,60.00620843966802,9,11269.0,Gurobi Status: 9
F21,P21_27,3,1300000,1350000,2192,1325638.0,1327830.0,27830.0,Scheduled - Deadline Met,Yes,Yes,3600.372506380081,60.00620843966802,9,11269.0,Gurobi Status: 9
F21,P21_28,3,1350000,1400000,2192,1354141.0,1356333.0,6333.0,Scheduled - Deadline Met,Yes,Yes,3600.372506380081,60.00620843966802,9,11269.0,Gurobi Status: 9
F21,P21_29,8,1400000,1450000,2192,1421052.0,1423244.0,23244.0,Scheduled - Deadline Met,Yes,Yes,3600.372506380081,60.00620843966802,9,11269.0,Gurobi Status: 9
F21,P21_30,3,1450000,1500000,2192,1464419.0,1466611.0,16611.0,Scheduled - Deadline Met,Yes,Yes,3600.372506380081,60.00620843966802,9,11269.0,Gurobi Status: 9
F21,P21_31,3,1500000,1550000,2192,1525873.0,1528065.0,28065.0,Scheduled - Deadline Met,Yes,Yes,3600.372506380081,60.00620843966802,9,11269.0,Gurobi Status: 9
F21,P21_32,8,1550000,1600000,2192,1581595.0,1583787.0,33787.0,Scheduled - Deadline Met,Yes,Yes,3600.372506380081,60.00620843966802,9,11269.0,Gurobi Status: 9
F21,P21_33,3,1600000,1650000,2192,1621179.0,1623371.0,23371.0,Scheduled - Deadline Met,Yes,Yes,3600.372506380081,60.00620843966802,9,11269.0,Gurobi Status: 9
F21,P21_34,3,1650000,1700000,2192,1667529.0,1669721.0,19721.0,Scheduled - Deadline Met,Yes,Yes,3600.372506380081,60.00620843966802,9,11269.0,Gurobi Status: 9
F21,P21_35,8,1700000,1750000,2192,1706477.0,1708669.0,8669.0,Scheduled - Deadline Met,Yes,Yes,3600.372506380081,60.00620843966802,9,11269.0,Gurobi Status: 9
F21,P21_36,3,1750000,1800000,2192,1765195.0,1767387.0,17387.0,Scheduled - Deadline Met,Yes,Yes,3600.372506380081,60.00620843966802,9,11269.0,Gurobi Status: 9
F21,P21_37,3,1800000,1850000,2192,1814481.0,1816673.0,16673.0,Scheduled - Deadline Met,Yes,Yes,3600.372506380081,60.00620843966802,9,11269.0,Gurobi Status: 9
F21,P21_38,8,1850000,1900000,2192,1893084.0,1895276.0,45276.0,Scheduled - Deadline Met,Yes,Yes,3600.372506380081,60.00620843966802,9,11269.0,Gurobi Status: 9
F21,P21_39,3,1900000,1950000,2192,1922209.0,1924401.0,24401.0,Scheduled - Deadline Met,Yes,Yes,3600.372506380081,60.00620843966802,9,11269.0,Gurobi Status: 9
F21,P21_40,3,1950000,2000000,2192,1982553.0,1984745.0,34745.0,Scheduled - Deadline Met,Yes,Yes,3600.372506380081,60.00620843966802,9,11269.0,Gurobi Status: 9
F21,P21_41,8,2000000,2050000,2192,,,,Optional Packets- Not Scheduled,No,N/A,3600.372506380081,60.00620843966802,9,11269.0,Gurobi Status: 9
F21,P21_42,3,2050000,2100000,2192,2097282.0,2099474.0,49474.0,Scheduled - Deadline Met,Yes,Yes,3600.372506380081,60.00620843966802,9,11269.0,Gurobi Status: 9
F21,P21_43,3,2100000,2150000,2192,2117661.0,2119853.0,19853.0,Scheduled - Deadline Met,Yes,Yes,3600.372506380081,60.00620843966802,9,11269.0,Gurobi Status: 9
F21,P21_44,8,2150000,2200000,2192,2150836.0,2153028.0,3028.0,Scheduled - Deadline Met,Yes,Yes,3600.372506380081,60.00620843966802,9,11269.0,Gurobi Status: 9
F21,P21_45,3,2200000,2250000,2192,2200000.0,2202192.0,2192.0,Scheduled - Deadline Met,Yes,Yes,3600.372506380081,60.00620843966802,9,11269.0,Gurobi Status: 9
F21,P21_46,3,2250000,2300000,2192,2293792.0,2295984.0,45984.0,Scheduled - Deadline Met,Yes,Yes,3600.372506380081,60.00620843966802,9,11269.0,Gurobi Status: 9
F21,P21_47,8,2300000,2350000,2192,2327181.0,2329373.0,29373.0,Scheduled - Deadline Met,Yes,Yes,3600.372506380081,60.00620843966802,9,11269.0,Gurobi Status: 9
F21,P21_48,3,2350000,2400000,2192,2387716.0,2389908.0,39908.0,Scheduled - Deadline Met,Yes,Yes,3600.372506380081,60.00620843966802,9,11269.0,Gurobi Status: 9
F22,P22_1,6,0,200000,4562,112742.0,117304.0,117304.0,Scheduled - Deadline Met,Yes,Yes,3600.372506380081,60.00620843966802,9,11269.0,Gurobi Status: 9
F22,P22_2,6,200000,400000,4562,245704.0,250266.0,50266.0,Scheduled - Deadline Met,Yes,Yes,3600.372506380081,60.00620843966802,9,11269.0,Gurobi Status: 9
F22,P22_3,8,400000,600000,4562,,,,Optional Packets- Not Scheduled,No,N/A,3600.372506380081,60.00620843966802,9,11269.0,Gurobi Status: 9
F22,P22_4,6,600000,800000,4562,710062.0,714624.0,114624.0,Scheduled - Deadline Met,Yes,Yes,3600.372506380081,60.00620843966802,9,11269.0,Gurobi Status: 9
F22,P22_5,6,800000,1000000,4562,956368.0,960930.0,160930.0,Scheduled - Deadline Met,Yes,Yes,3600.372506380081,60.00620843966802,9,11269.0,Gurobi Status: 9
F22,P22_6,8,1000000,1200000,4562,,,,Optional Packets- Not Scheduled,No,N/A,3600.372506380081,60.00620843966802,9,11269.0,Gurobi Status: 9
F22,P22_7,6,1200000,1400000,4562,1248349.0,1252911.0,52911.0,Scheduled - Deadline Met,Yes,Yes,3600.372506380081,60.00620843966802,9,11269.0,Gurobi Status: 9
F22,P22_8,6,1400000,1600000,4562,1466611.0,1471173.0,71173.0,Scheduled - Deadline Met,Yes,Yes,3600.372506380081,60.00620843966802,9,11269.0,Gurobi Status: 9
F22,P22_9,8,1600000,1800000,4562,,,,Optional Packets- Not Scheduled,No,N/A,3600.372506380081,60.00620843966802,9,11269.0,Gurobi Status: 9
F22,P22_10,6,1800000,2000000,4562,1917647.0,1922209.0,122209.0,Scheduled - Deadline Met,Yes,Yes,3600.372506380081,60.00620843966802,9,11269.0,Gurobi Status: 9
F22,P22_11,6,2000000,2200000,4562,2001839.0,2006401.0,6401.0,Scheduled - Deadline Met,Yes,Yes,3600.372506380081,60.00620843966802,9,11269.0,Gurobi Status: 9
F22,P22_12,8,2200000,2400000,4562,2262343.0,2266905.0,66905.0,Scheduled - Deadline Met,Yes,Yes,3600.372506380081,60.00620843966802,9,11269.0,Gurobi Status: 9
F23,P23_1,7,0,400000,883,316261.0,317144.0,317144.0,Scheduled - Deadline Met,Yes,Yes,3600.372506380081,60.00620843966802,9,11269.0,Gurobi Status: 9
F23,P23_2,7,400000,800000,883,649688.0,650571.0,250571.0,Scheduled - Deadline Met,Yes,Yes,3600.372506380081,60.00620843966802,9,11269.0,Gurobi Status: 9
F23,P23_3,8,800000,1200000,883,894029.0,894912.0,94912.0,Scheduled - Deadline Met,Yes,Yes,3600.372506380081,60.00620843966802,9,11269.0,Gurobi Status: 9
F23,P23_4,7,1200000,1600000,883,1357432.0,1358315.0,158315.0,Scheduled - Deadline Met,Yes,Yes,3600.372506380081,60.00620843966802,9,11269.0,Gurobi Status: 9
F23,P23_5,7,1600000,2000000,883,1820228.0,1821111.0,221111.0,Scheduled - Deadline Met,Yes,Yes,3600.372506380081,60.00620843966802,9,11269.0,Gurobi Status: 9
F23,P23_6,8,2000000,2400000,883,2077093.0,2077976.0,77976.0,Scheduled - Deadline Met,Yes,Yes,3600.372506380081,60.00620843966802,9,11269.0,Gurobi Status: 9
F24,P24_1,8,0,50000,3615,,,,Optional Packets- Not Scheduled,No,N/A,3600.372506380081,60.00620843966802,9,11269.0,Gurobi Status: 9
F24,P24_2,4,50000,100000,3615,61842.0,65457.0,15457.0,Scheduled - Deadline Met,Yes,Yes,3600.372506380081,60.00620843966802,9,11269.0,Gurobi Status: 9
F24,P24_3,4,100000,150000,3615,117304.0,120919.0,20919.0,Scheduled - Deadline Met,Yes,Yes,3600.372506380081,60.00620843966802,9,11269.0,Gurobi Status: 9
F24,P24_4,8,150000,200000,3615,,,,Optional Packets- Not Scheduled,No,N/A,3600.372506380081,60.00620843966802,9,11269.0,Gurobi Status: 9
F24,P24_5,4,200000,250000,3615,214870.0,218485.0,18485.0,Scheduled - Deadline Met,Yes,Yes,3600.372506380081,60.00620843966802,9,11269.0,Gurobi Status: 9
F24,P24_6,4,250000,300000,3615,266144.0,269759.0,19759.0,Scheduled - Deadline Met,Yes,Yes,3600.372506380081,60.00620843966802,9,11269.0,Gurobi Status: 9
F24,P24_7,8,300000,350000,3615,327788.0,331403.0,31403.0,Scheduled - Deadline Met,Yes,Yes,3600.372506380081,60.00620843966802,9,11269.0,Gurobi Status: 9
F24,P24_8,4,350000,400000,3615,368627.0,372242.0,22242.0,Scheduled - Deadline Met,Yes,Yes,3600.372506380081,60.00620843966802,9,11269.0,Gurobi Status: 9
F24,P24_9,4,400000,450000,3615,403028.0,406643.0,6643.0,Scheduled - Deadline Met,Yes,Yes,3600.372506380081,60.00620843966802,9,11269.0,Gurobi Status: 9
F24,P24_10,8,450000,500000,3615,,,,Optional Packets- Not Scheduled,No,N/A,3600.372506380081,60.00620843966802,9,11269.0,Gurobi Status: 9
F24,P24_11,4,500000,550000,3615,528902.0,532517.0,32517.0,Scheduled - Deadline Met,Yes,Yes,3600.372506380081,60.00620843966802,9,11269.0,Gurobi Status: 9
F24,P24_12,4,550000,600000,3615,576467.0,580082.0,30082.0,Scheduled - Deadline Met,Yes,Yes,3600.372506380081,60.00620843966802,9,11269.0,Gurobi Status: 9
F24,P24_13,8,600000,650000,3615,627741.0,631356.0,31356.0,Scheduled - Deadline Met,Yes,Yes,3600.372506380081,60.00620843966802,9,11269.0,Gurobi Status: 9
F24,P24_14,4,650000,700000,3615,658354.0,661969.0,11969.0,Scheduled - Deadline Met,Yes,Yes,3600.372506380081,60.00620843966802,9,11269.0,Gurobi Status: 9
F24,P24_15,4,700000,750000,3615,717416.0,721031.0,21031.0,Scheduled - Deadline Met,Yes,Yes,3600.372506380081,60.00620843966802,9,11269.0,Gurobi Status: 9
F24,P24_16,8,750000,800000,3615,779073.0,782688.0,32688.0,Scheduled - Deadline Met,Yes,Yes,3600.372506380081,60.00620843966802,9,11269.0,Gurobi Status: 9
F24,P24_17,4,800000,850000,3615,810577.0,814192.0,14192.0,Scheduled - Deadline Met,Yes,Yes,3600.372506380081,60.00620843966802,9,11269.0,Gurobi Status: 9
F24,P24_18,4,850000,900000,3615,871348.0,874963.0,24963.0,Scheduled - Deadline Met,Yes,Yes,3600.372506380081,60.00620843966802,9,11269.0,Gurobi Status: 9
F24,P24_19,8,900000,950000,3615,903753.0,907368.0,7368.0,Scheduled - Deadline Met,Yes,Yes,3600.372506380081,60.00620843966802,9,11269.0,Gurobi Status: 9
F24,P24_20,4,950000,1000000,3615,972814.0,976429.0,26429.0,Scheduled - Deadline Met,Yes,Yes,3600.372506380081,60.00620843966802,9,11269.0,Gurobi Status: 9
F24,P24_21,4,1000000,1050000,3615,1024750.0,1028365.0,28365.0,Scheduled - Deadline Met,Yes,Yes,3600.372506380081,60.00620843966802,9,11269.0,Gurobi Status: 9
F24,P24_22,8,1050000,1100000,3615,,,,Optional Packets- Not Scheduled,No,N/A,3600.372506380081,60.00620843966802,9,11269.0,Gurobi Status: 9
F24,P24_23,4,1100000,1150000,3615,1110398.0,1114013.0,14013.0,Scheduled - Deadline Met,Yes,Yes,3600.372506380081,60.00620843966802,9,11269.0,Gurobi Status: 9
F24,P24_24,4,1150000,1200000,3615,1193757.0,1197372.0,47372.0,Scheduled - Deadline Met,Yes,Yes,3600.372506380081,60.00620843966802,9,11269.0,Gurobi Status: 9
F24,P24_25,8,1200000,1250000,3615,,,,Optional Packets- Not Scheduled,No,N/A,3600.372506380081,60.00620843966802,9,11269.0,Gurobi Status: 9
F24,P24_26,4,1250000,1300000,3615,1261380.0,1264995.0,14995.0,Scheduled - Deadline Met,Yes,Yes,3600.372506380081,60.00620843966802,9,11269.0,Gurobi Status: 9
F24,P24_27,4,1300000,1350000,3615,1327926.0,1331541.0,31541.0,Scheduled - Deadline Met,Yes,Yes,3600.372506380081,60.00620843966802,9,11269.0,Gurobi Status: 9
F24,P24_28,8,1350000,1400000,3615,1364790.0,1368405.0,18405.0,Scheduled - Deadline Met,Yes,Yes,3600.372506380081,60.00620843966802,9,11269.0,Gurobi Status: 9
F24,P24_29,4,1400000,1450000,3615,1401099.0,1404714.0,4714.0,Scheduled - Deadline Met,Yes,Yes,3600.372506380081,60.00620843966802,9,11269.0,Gurobi Status: 9
F24,P24_30,4,1450000,1500000,3615,1460708.0,1464323.0,14323.0,Scheduled - Deadline Met,Yes,Yes,3600.372506380081,60.00620843966802,9,11269.0,Gurobi Status: 9
F24,P24_31,8,1500000,1550000,3615,,,,Optional Packets- Not Scheduled,No,N/A,3600.372506380081,60.00620843966802,9,11269.0,Gurobi Status: 9
F24,P24_32,4,1550000,1600000,3615,1577144.0,1580759.0,30759.0,Scheduled - Deadline Met,Yes,Yes,3600.372506380081,60.00620843966802,9,11269.0,Gurobi Status: 9
F24,P24_33,4,1600000,1650000,3615,1617468.0,1621083.0,21083.0,Scheduled - Deadline Met,Yes,Yes,3600.372506380081,60.00620843966802,9,11269.0,Gurobi Status: 9
F24,P24_34,8,1650000,1700000,3615,1694676.0,1698291.0,48291.0,Scheduled - Deadline Met,Yes,Yes,3600.372506380081,60.00620843966802,9,11269.0,Gurobi Status: 9
F24,P24_35,4,1700000,1750000,3615,1740836.0,1744451.0,44451.0,Scheduled - Deadline Met,Yes,Yes,3600.372506380081,60.00620843966802,9,11269.0,Gurobi Status: 9
F24,P24_36,4,1750000,1800000,3615,1769536.0,1773151.0,23151.0,Scheduled - Deadline Met,Yes,Yes,3600.372506380081,60.00620843966802,9,11269.0,Gurobi Status: 9
F24,P24_37,8,1800000,1850000,3615,1836864.0,1840479.0,40479.0,Scheduled - Deadline Met,Yes,Yes,3600.372506380081,60.00620843966802,9,11269.0,Gurobi Status: 9
F24,P24_38,4,1850000,1900000,3615,1876239.0,1879854.0,29854.0,Scheduled - Deadline Met,Yes,Yes,3600.372506380081,60.00620843966802,9,11269.0,Gurobi Status: 9
F24,P24_39,4,1900000,1950000,3615,1926204.0,1929819.0,29819.0,Scheduled - Deadline Met,Yes,Yes,3600.372506380081,60.00620843966802,9,11269.0,Gurobi Status: 9
F24,P24_40,8,1950000,2000000,3615,1950000.0,1953615.0,3615.0,Scheduled - Deadline Met,Yes,Yes,3600.372506380081,60.00620843966802,9,11269.0,Gurobi Status: 9
F24,P24_41,4,2000000,2050000,3615,2006497.0,2010112.0,10112.0,Scheduled - Deadline Met,Yes,Yes,3600.372506380081,60.00620843966802,9,11269.0,Gurobi Status: 9
F24,P24_42,4,2050000,2100000,3615,2068438.0,2072053.0,22053.0,Scheduled - Deadline Met,Yes,Yes,3600.372506380081,60.00620843966802,9,11269.0,Gurobi Status: 9
F24,P24_43,8,2100000,2150000,3615,2143757.0,2147372.0,47372.0,Scheduled - Deadline Met,Yes,Yes,3600.372506380081,60.00620843966802,9,11269.0,Gurobi Status: 9
F24,P24_44,4,2150000,2200000,3615,2193757.0,2197372.0,47372.0,Scheduled - Deadline Met,Yes,Yes,3600.372506380081,60.00620843966802,9,11269.0,Gurobi Status: 9
F24,P24_45,4,2200000,2250000,3615,2202288.0,2205903.0,5903.0,Scheduled - Deadline Met,Yes,Yes,3600.372506380081,60.00620843966802,9,11269.0,Gurobi Status: 9
F24,P24_46,8,2250000,2300000,3615,2271026.0,2274641.0,24641.0,Scheduled - Deadline Met,Yes,Yes,3600.372506380081,60.00620843966802,9,11269.0,Gurobi Status: 9
F24,P24_47,4,2300000,2350000,3615,2308305.0,2311920.0,11920.0,Scheduled - Deadline Met,Yes,Yes,3600.372506380081,60.00620843966802,9,11269.0,Gurobi Status: 9
F24,P24_48,4,2350000,2400000,3615,2393757.0,2397372.0,47372.0,Scheduled - Deadline Met,Yes,Yes,3600.372506380081,60.00620843966802,9,11269.0,Gurobi Status: 9
F25,P25_1,2,0,400000,4659,180579.0,185238.0,185238.0,Scheduled - Deadline Met,Yes,Yes,3600.372506380081,60.00620843966802,9,11269.0,Gurobi Status: 9
F25,P25_2,8,400000,800000,4659,483044.0,487703.0,87703.0,Scheduled - Deadline Met,Yes,Yes,3600.372506380081,60.00620843966802,9,11269.0,Gurobi Status: 9
F25,P25_3,2,800000,1200000,4659,841879.0,846538.0,46538.0,Scheduled - Deadline Met,Yes,Yes,3600.372506380081,60.00620843966802,9,11269.0,Gurobi Status: 9
F25,P25_4,8,1200000,1600000,4659,1282620.0,1287279.0,87279.0,Scheduled - Deadline Met,Yes,Yes,3600.372506380081,60.00620843966802,9,11269.0,Gurobi Status: 9
F25,P25_5,2,1600000,2000000,4659,1759796.0,1764455.0,164455.0,Scheduled - Deadline Met,Yes,Yes,3600.372506380081,60.00620843966802,9,11269.0,Gurobi Status: 9
F25,P25_6,8,2000000,2400000,4659,,,,Optional Packets- Not Scheduled,No,N/A,3600.372506380081,60.00620843966802,9,11269.0,Gurobi Status: 9
F26,P26_1,8,0,100000,6349,8090.0,14439.0,14439.0,Scheduled - Deadline Met,Yes,Yes,3600.372506380081,60.00620843966802,9,11269.0,Gurobi Status: 9
F26,P26_2,4,100000,200000,6349,170477.0,176826.0,76826.0,Scheduled - Deadline Met,Yes,Yes,3600.372506380081,60.00620843966802,9,11269.0,Gurobi Status: 9
F26,P26_3,8,200000,300000,6349,279718.0,286067.0,86067.0,Scheduled - Deadline Met,Yes,Yes,3600.372506380081,60.00620843966802,9,11269.0,Gurobi Status: 9
F26,P26_4,4,300000,400000,6349,358429.0,364778.0,64778.0,Scheduled - Deadline Met,Yes,Yes,3600.372506380081,60.00620843966802,9,11269.0,Gurobi Status: 9
F26,P26_5,8,400000,500000,6349,,,,Optional Packets- Not Scheduled,No,N/A,3600.372506380081,60.00620843966802,9,11269.0,Gurobi Status: 9
F26,P26_6,4,500000,600000,6349,564590.0,570939.0,70939.0,Scheduled - Deadline Met,Yes,Yes,3600.372506380081,60.00620843966802,9,11269.0,Gurobi Status: 9
F26,P26_7,8,600000,700000,6349,664693.0,671042.0,71042.0,Scheduled - Deadline Met,Yes,Yes,3600.372506380081,60.00620843966802,9,11269.0,Gurobi Status: 9
F26,P26_8,4,700000,800000,6349,768875.0,775224.0,75224.0,Scheduled - Deadline Met,Yes,Yes,3600.372506380081,60.00620843966802,9,11269.0,Gurobi Status: 9
F26,P26_9,8,800000,900000,6349,,,,Optional Packets- Not Scheduled,No,N/A,3600.372506380081,60.00620843966802,9,11269.0,Gurobi Status: 9
F26,P26_10,4,900000,1000000,6349,962616.0,968965.0,68965.0,Scheduled - Deadline Met,Yes,Yes,3600.372506380081,60.00620843966802,9,11269.0,Gurobi Status: 9
F26,P26_11,8,1000000,1100000,6349,1040029.0,1046378.0,46378.0,Scheduled - Deadline Met,Yes,Yes,3600.372506380081,60.00620843966802,9,11269.0,Gurobi Status: 9
F26,P26_12,4,1100000,1200000,6349,1134982.0,1141331.0,41331.0,Scheduled - Deadline Met,Yes,Yes,3600.372506380081,60.00620843966802,9,11269.0,Gurobi Status: 9
F26,P26_13,8,1200000,1300000,6349,,,,Optional Packets- Not Scheduled,No,N/A,3600.372506380081,60.00620843966802,9,11269.0,Gurobi Status: 9
F26,P26_14,4,1300000,1400000,6349,1347696.0,1354045.0,54045.0,Scheduled - Deadline Met,Yes,Yes,3600.372506380081,60.00620843966802,9,11269.0,Gurobi Status: 9
F26,P26_15,8,1400000,1500000,6349,1473801.0,1480150.0,80150.0,Scheduled - Deadline Met,Yes,Yes,3600.372506380081,60.00620843966802,9,11269.0,Gurobi Status: 9
F26,P26_16,4,1500000,1600000,6349,1566946.0,1573295.0,73295.0,Scheduled - Deadline Met,Yes,Yes,3600.372506380081,60.00620843966802,9,11269.0,Gurobi Status: 9
F26,P26_17,8,1600000,1700000,6349,,,,Optional Packets- Not Scheduled,No,N/A,3600.372506380081,60.00620843966802,9,11269.0,Gurobi Status: 9
F26,P26_18,4,1700000,1800000,6349,1749694.0,1756043.0,56043.0,Scheduled - Deadline Met,Yes,Yes,3600.372506380081,60.00620843966802,9,11269.0,Gurobi Status: 9
F26,P26_19,8,1800000,1900000,6349,1843203.0,1849552.0,49552.0,Scheduled - Deadline Met,Yes,Yes,3600.372506380081,60.00620843966802,9,11269.0,Gurobi Status: 9
F26,P26_20,4,1900000,2000000,6349,1985940.0,1992289.0,92289.0,Scheduled - Deadline Met,Yes,Yes,3600.372506380081,60.00620843966802,9,11269.0,Gurobi Status: 9
F26,P26_21,8,2000000,2100000,6349,,,,Optional Packets- Not Scheduled,No,N/A,3600.372506380081,60.00620843966802,9,11269.0,Gurobi Status: 9
F26,P26_22,4,2100000,2200000,6349,2168477.0,2174826.0,74826.0,Scheduled - Deadline Met,Yes,Yes,3600.372506380081,60.00620843966802,9,11269.0,Gurobi Status: 9
F26,P26_23,8,2200000,2300000,6349,2246061.0,2252410.0,52410.0,Scheduled - Deadline Met,Yes,Yes,3600.372506380081,60.00620843966802,9,11269.0,Gurobi Status: 9
F26,P26_24,4,2300000,2400000,6349,2381271.0,2387620.0,87620.0,Scheduled - Deadline Met,Yes,Yes,3600.372506380081,60.00620843966802,9,11269.0,Gurobi Status: 9
F27,P27_1,8,0,400000,1496,78669.0,80165.0,80165.0,Scheduled - Deadline Met,Yes,Yes,3600.372506380081,60.00620843966802,9,11269.0,Gurobi Status: 9
F27,P27_2,3,400000,800000,1496,432314.0,433810.0,33810.0,Scheduled - Deadline Met,Yes,Yes,3600.372506380081,60.00620843966802,9,11269.0,Gurobi Status: 9
F27,P27_3,8,800000,1200000,1496,890213.0,891709.0,91709.0,Scheduled - Deadline Met,Yes,Yes,3600.372506380081,60.00620843966802,9,11269.0,Gurobi Status: 9
F27,P27_4,3,1200000,1600000,1496,1203387.0,1204883.0,4883.0,Scheduled - Deadline Met,Yes,Yes,3600.372506380081,60.00620843966802,9,11269.0,Gurobi Status: 9
F27,P27_5,8,1600000,2000000,1496,,,,Optional Packets- Not Scheduled,No,N/A,3600.372506380081,60.00620843966802,9,11269.0,Gurobi Status: 9
F27,P27_6,3,2000000,2400000,1496,2060660.0,2062156.0,62156.0,Scheduled - Deadline Met,Yes,Yes,3600.372506380081,60.00620843966802,9,11269.0,Gurobi Status: 9
F28,P28_1,8,0,400000,926,82594.0,83520.0,83520.0,Scheduled - Deadline Met,Yes,Yes,3600.372506380081,60.00620843966802,9,11269.0,Gurobi Status: 9
F28,P28_2,5,400000,800000,926,650667.0,651593.0,251593.0,Scheduled - Deadline Met,Yes,Yes,3600.372506380081,60.00620843966802,9,11269.0,Gurobi Status: 9
F28,P28_3,8,800000,1200000,926,893007.0,893933.0,93933.0,Scheduled - Deadline Met,Yes,Yes,3600.372506380081,60.00620843966802,9,11269.0,Gurobi Status: 9
F28,P28_4,5,1200000,1600000,926,1394643.0,1395569.0,195569.0,Scheduled - Deadline Met,Yes,Yes,3600.372506380081,60.00620843966802,9,11269.0,Gurobi Status: 9
F28,P28_5,8,1600000,2000000,926,1691470.0,1692396.0,92396.0,Scheduled - Deadline Met,Yes,Yes,3600.372506380081,60.00620843966802,9,11269.0,Gurobi Status: 9
F28,P28_6,5,2000000,2400000,926,2166709.0,2167635.0,167635.0,Scheduled - Deadline Met,Yes,Yes,3600.372506380081,60.00620843966802,9,11269.0,Gurobi Status: 9
F29,P29_1,8,0,400000,3744,72100.0,75844.0,75844.0,Scheduled - Deadline Met,Yes,Yes,3600.372506380081,60.00620843966802,9,11269.0,Gurobi Status: 9
F29,P29_2,5,400000,800000,3744,599682.0,603426.0,203426.0,Scheduled - Deadline Met,Yes,Yes,3600.372506380081,60.00620843966802,9,11269.0,Gurobi Status: 9
F29,P29_3,8,800000,1200000,3744,879500.0,883244.0,83244.0,Scheduled - Deadline Met,Yes,Yes,3600.372506380081,60.00620843966802,9,11269.0,Gurobi Status: 9
F29,P29_4,5,1200000,1600000,3744,1382086.0,1385830.0,185830.0,Scheduled - Deadline Met,Yes,Yes,3600.372506380081,60.00620843966802,9,11269.0,Gurobi Status: 9
F29,P29_5,8,1600000,2000000,3744,,,,Optional Packets- Not Scheduled,No,N/A,3600.372506380081,60.00620843966802,9,11269.0,Gurobi Status: 9
F29,P29_6,5,2000000,2400000,3744,2111346.0,2115090.0,115090.0,Scheduled - Deadline Met,Yes,Yes,3600.372506380081,60.00620843966802,9,11269.0,Gurobi Status: 9
F3,P3_1,4,0,100000,8050,30538.0,38588.0,38588.0,Scheduled - Deadline Met,Yes,Yes,3600.372506380081,60.00620843966802,9,11269.0,Gurobi Status: 9
F3,P3_2,4,100000,200000,8050,160043.0,168093.0,68093.0,Scheduled - Deadline Met,Yes,Yes,3600.372506380081,60.00620843966802,9,11269.0,Gurobi Status: 9
F3,P3_3,8,200000,300000,8050,,,,Optional Packets- Not Scheduled,No,N/A,3600.372506380081,60.00620843966802,9,11269.0,Gurobi Status: 9
F3,P3_4,4,300000,400000,8050,347712.0,355762.0,55762.0,Scheduled - Deadline Met,Yes,Yes,3600.372506380081,60.00620843966802,9,11269.0,Gurobi Status: 9
F3,P3_5,4,400000,500000,8050,447406.0,455456.0,55456.0,Scheduled - Deadline Met,Yes,Yes,3600.372506380081,60.00620843966802,9,11269.0,Gurobi Status: 9
F3,P3_6,8,500000,600000,8050,542419.0,550469.0,50469.0,Scheduled - Deadline Met,Yes,Yes,3600.372506380081,60.00620843966802,9,11269.0,Gurobi Status: 9
F3,P3_7,4,600000,700000,8050,615842.0,623892.0,23892.0,Scheduled - Deadline Met,Yes,Yes,3600.372506380081,60.00620843966802,9,11269.0,Gurobi Status: 9
F3,P3_8,4,700000,800000,8050,751822.0,759872.0,59872.0,Scheduled - Deadline Met,Yes,Yes,3600.372506380081,60.00620843966802,9,11269.0,Gurobi Status: 9
F3,P3_9,8,800000,900000,8050,,,,Optional Packets- Not Scheduled,No,N/A,3600.372506380081,60.00620843966802,9,11269.0,Gurobi Status: 9
F3,P3_10,4,900000,1000000,8050,948222.0,956272.0,56272.0,Scheduled - Deadline Met,Yes,Yes,3600.372506380081,60.00620843966802,9,11269.0,Gurobi Status: 9
F3,P3_11,4,1000000,1100000,8050,1068609.0,1076659.0,76659.0,Scheduled - Deadline Met,Yes,Yes,3600.372506380081,60.00620843966802,9,11269.0,Gurobi Status: 9
F3,P3_12,8,1100000,1200000,8050,1150096.0,1158146.0,58146.0,Scheduled - Deadline Met,Yes,Yes,3600.372506380081,60.00620843966802,9,11269.0,Gurobi Status: 9
F3,P3_13,4,1200000,1300000,8050,1215378.0,1223428.0,23428.0,Scheduled - Deadline Met,Yes,Yes,3600.372506380081,60.00620843966802,9,11269.0,Gurobi Status: 9
F3,P3_14,4,1300000,1400000,8050,1337013.0,1345063.0,45063.0,Scheduled - Deadline Met,Yes,Yes,3600.372506380081,60.00620843966802,9,11269.0,Gurobi Status: 9
F3,P3_15,8,1400000,1500000,8050,1423340.0,1431390.0,31390.0,Scheduled - Deadline Met,Yes,Yes,3600.372506380081,60.00620843966802,9,11269.0,Gurobi Status: 9
F3,P3_16,4,1500000,1600000,8050,1535155.0,1543205.0,43205.0,Scheduled - Deadline Met,Yes,Yes,3600.372506380081,60.00620843966802,9,11269.0,Gurobi Status: 9
F3,P3_17,4,1600000,1700000,8050,1633866.0,1641916.0,41916.0,Scheduled - Deadline Met,Yes,Yes,3600.372506380081,60.00620843966802,9,11269.0,Gurobi Status: 9
F3,P3_18,8,1700000,1800000,8050,1781732.0,1789782.0,89782.0,Scheduled - Deadline Met,Yes,Yes,3600.372506380081,60.00620843966802,9,11269.0,Gurobi Status: 9
F3,P3_19,4,1800000,1900000,8050,1861524.0,1869574.0,69574.0,Scheduled - Deadline Met,Yes,Yes,3600.372506380081,60.00620843966802,9,11269.0,Gurobi Status: 9
F3,P3_20,4,1900000,2000000,8050,1934374.0,1942424.0,42424.0,Scheduled - Deadline Met,Yes,Yes,3600.372506380081,60.00620843966802,9,11269.0,Gurobi Status: 9
F3,P3_21,8,2000000,2100000,8050,,,,Optional Packets- Not Scheduled,No,N/A,3600.372506380081,60.00620843966802,9,11269.0,Gurobi Status: 9
F3,P3_22,4,2100000,2200000,8050,2130759.0,2138809.0,38809.0,Scheduled - Deadline Met,Yes,Yes,3600.372506380081,60.00620843966802,9,11269.0,Gurobi Status: 9
F3,P3_23,4,2200000,2300000,8050,2218367.0,2226417.0,26417.0,Scheduled - Deadline Met,Yes,Yes,3600.372506380081,60.00620843966802,9,11269.0,Gurobi Status: 9
F3,P3_24,8,2300000,2400000,8050,2351110.0,2359160.0,59160.0,Scheduled - Deadline Met,Yes,Yes,3600.372506380081,60.00620843966802,9,11269.0,Gurobi Status: 9
F30,P30_1,4,0,50000,1613,0.0,1613.0,1613.0,Scheduled - Deadline Met,Yes,Yes,3600.372506380081,60.00620843966802,9,11269.0,Gurobi Status: 9
F30,P30_2,8,50000,100000,1613,,,,Optional Packets- Not Scheduled,No,N/A,3600.372506380081,60.00620843966802,9,11269.0,Gurobi Status: 9
F30,P30_3,4,100000,150000,1613,138532.0,140145.0,40145.0,Scheduled - Deadline Met,Yes,Yes,3600.372506380081,60.00620843966802,9,11269.0,Gurobi Status: 9
F30,P30_4,8,150000,200000,1613,196721.0,198334.0,48334.0,Scheduled - Deadline Met,Yes,Yes,3600.372506380081,60.00620843966802,9,11269.0,Gurobi Status: 9
F30,P30_5,4,200000,250000,1613,220195.0,221808.0,21808.0,Scheduled - Deadline Met,Yes,Yes,3600.372506380081,60.00620843966802,9,11269.0,Gurobi Status: 9
F30,P30_6,8,250000,300000,1613,297288.0,298901.0,48901.0,Scheduled - Deadline Met,Yes,Yes,3600.372506380081,60.00620843966802,9,11269.0,Gurobi Status: 9
F30,P30_7,4,300000,350000,1613,346003.0,347616.0,47616.0,Scheduled - Deadline Met,Yes,Yes,3600.372506380081,60.00620843966802,9,11269.0,Gurobi Status: 9
F30,P30_8,8,350000,400000,1613,382784.0,384397.0,34397.0,Scheduled - Deadline Met,Yes,Yes,3600.372506380081,60.00620843966802,9,11269.0,Gurobi Status: 9
F30,P30_9,4,400000,450000,1613,433906.0,435519.0,35519.0,Scheduled - Deadline Met,Yes,Yes,3600.372506380081,60.00620843966802,9,11269.0,Gurobi Status: 9
F30,P30_10,8,450000,500000,1613,498291.0,499904.0,49904.0,Scheduled - Deadline Met,Yes,Yes,3600.372506380081,60.00620843966802,9,11269.0,Gurobi Status: 9
F30,P30_11,4,500000,550000,1613,532613.0,534226.0,34226.0,Scheduled - Deadline Met,Yes,Yes,3600.372506380081,60.00620843966802,9,11269.0,Gurobi Status: 9
F30,P30_12,8,550000,600000,1613,580178.0,581791.0,31791.0,Scheduled - Deadline Met,Yes,Yes,3600.372506380081,60.00620843966802,9,11269.0,Gurobi Status: 9
F30,P30_13,4,600000,650000,1613,614133.0,615746.0,15746.0,Scheduled - Deadline Met,Yes,Yes,3600.372506380081,60.00620843966802,9,11269.0,Gurobi Status: 9
F30,P30_14,8,650000,700000,1613,687787.0,689400.0,39400.0,Scheduled - Deadline Met,Yes,Yes,3600.372506380081,60.00620843966802,9,11269.0,Gurobi Status: 9
F30,P30_15,4,700000,750000,1613,730772.0,732385.0,32385.0,Scheduled - Deadline Met,Yes,Yes,3600.372506380081,60.00620843966802,9,11269.0,Gurobi Status: 9
F30,P30_16,8,750000,800000,1613,782784.0,784397.0,34397.0,Scheduled - Deadline Met,Yes,Yes,3600.372506380081,60.00620843966802,9,11269.0,Gurobi Status: 9
F30,P30_17,4,800000,850000,1613,814288.0,815901.0,15901.0,Scheduled - Deadline Met,Yes,Yes,3600.372506380081,60.00620843966802,9,11269.0,Gurobi Status: 9
F30,P30_18,8,850000,900000,1613,897192.0,898805.0,48805.0,Scheduled - Deadline Met,Yes,Yes,3600.372506380081,60.00620843966802,9,11269.0,Gurobi Status: 9
F30,P30_19,4,900000,950000,1613,943171.0,944784.0,44784.0,Scheduled - Deadline Met,Yes,Yes,3600.372506380081,60.00620843966802,9,11269.0,Gurobi Status: 9
F30,P30_20,8,950000,1000000,1613,989466.0,991079.0,41079.0,Scheduled - Deadline Met,Yes,Yes,3600.372506380081,60.00620843966802,9,11269.0,Gurobi Status: 9
F30,P30_21,4,1000000,1050000,1613,1030840.0,1032453.0,32453.0,Scheduled - Deadline Met,Yes,Yes,3600.372506380081,60.00620843966802,9,11269.0,Gurobi Status: 9
F30,P30_22,8,1050000,1100000,1613,1050499.0,1052112.0,2112.0,Scheduled - Deadline Met,Yes,Yes,3600.372506380081,60.00620843966802,9,11269.0,Gurobi Status: 9
F30,P30_23,4,1100000,1150000,1613,1131263.0,1132876.0,32876.0,Scheduled - Deadline Met,Yes,Yes,3600.372506380081,60.00620843966802,9,11269.0,Gurobi Status: 9
F30,P30_24,8,1150000,1200000,1613,1173032.0,1174645.0,24645.0,Scheduled - Deadline Met,Yes,Yes,3600.372506380081,60.00620843966802,9,11269.0,Gurobi Status: 9
F30,P30_25,4,1200000,1250000,1613,1204979.0,1206592.0,6592.0,Scheduled - Deadline Met,Yes,Yes,3600.372506380081,60.00620843966802,9,11269.0,Gurobi Status: 9
F30,P30_26,8,1250000,1300000,1613,1298387.0,1300000.0,50000.0,Scheduled - Deadline Met,Yes,Yes,3600.372506380081,60.00620843966802,9,11269.0,Gurobi Status: 9
F30,P30_27,4,1300000,1350000,1613,1333690.0,1335303.0,35303.0,Scheduled - Deadline Met,Yes,Yes,3600.372506380081,60.00620843966802,9,11269.0,Gurobi Status: 9
F30,P30_28,8,1350000,1400000,1613,1368501.0,1370114.0,20114.0,Scheduled - Deadline Met,Yes,Yes,3600.372506380081,60.00620843966802,9,11269.0,Gurobi Status: 9
F30,P30_29,4,1400000,1450000,1613,1404810.0,1406423.0,6423.0,Scheduled - Deadline Met,Yes,Yes,3600.372506380081,60.00620843966802,9,11269.0,Gurobi Status: 9
F30,P30_30,8,1450000,1500000,1613,1482681.0,1484294.0,34294.0,Scheduled - Deadline Met,Yes,Yes,3600.372506380081,60.00620843966802,9,11269.0,Gurobi Status: 9
F30,P30_31,4,1500000,1550000,1613,1517025.0,1518638.0,18638.0,Scheduled - Deadline Met,Yes,Yes,3600.372506380081,60.00620843966802,9,11269.0,Gurobi Status: 9
F30,P30_32,8,1550000,1600000,1613,1583883.0,1585496.0,35496.0,Scheduled - Deadline Met,Yes,Yes,3600.372506380081,60.00620843966802,9,11269.0,Gurobi Status: 9
F30,P30_33,4,1600000,1650000,1613,1632157.0,1633770.0,33770.0,Scheduled - Deadline Met,Yes,Yes,3600.372506380081,60.00620843966802,9,11269.0,Gurobi Status: 9
F30,P30_34,8,1650000,1700000,1613,1698387.0,1700000.0,50000.0,Scheduled - Deadline Met,Yes,Yes,3600.372506380081,60.00620843966802,9,11269.0,Gurobi Status: 9
F30,P30_35,4,1700000,1750000,1613,1744547.0,1746160.0,46160.0,Scheduled - Deadline Met,Yes,Yes,3600.372506380081,60.00620843966802,9,11269.0,Gurobi Status: 9
F30,P30_36,8,1750000,1800000,1613,1789878.0,1791491.0,41491.0,Scheduled - Deadline Met,Yes,Yes,3600.372506380081,60.00620843966802,9,11269.0,Gurobi Status: 9
F30,P30_37,4,1800000,1850000,1613,1821111.0,1822724.0,22724.0,Scheduled - Deadline Met,Yes,Yes,3600.372506380081,60.00620843966802,9,11269.0,Gurobi Status: 9
F30,P30_38,8,1850000,1900000,1613,1895372.0,1896985.0,46985.0,Scheduled - Deadline Met,Yes,Yes,3600.372506380081,60.00620843966802,9,11269.0,Gurobi Status: 9
F30,P30_39,4,1900000,1950000,1613,1929915.0,1931528.0,31528.0,Scheduled - Deadline Met,Yes,Yes,3600.372506380081,60.00620843966802,9,11269.0,Gurobi Status: 9
F30,P30_40,8,1950000,2000000,1613,1953711.0,1955324.0,5324.0,Scheduled - Deadline Met,Yes,Yes,3600.372506380081,60.00620843966802,9,11269.0,Gurobi Status: 9
F30,P30_41,4,2000000,2050000,1613,2010208.0,2011821.0,11821.0,Scheduled - Deadline Met,Yes,Yes,3600.372506380081,60.00620843966802,9,11269.0,Gurobi Status: 9
F30,P30_42,8,2050000,2100000,1613,2078072.0,2079685.0,29685.0,Scheduled - Deadline Met,Yes,Yes,3600.372506380081,60.00620843966802,9,11269.0,Gurobi Status: 9
F30,P30_43,4,2100000,2150000,1613,2120823.0,2122436.0,22436.0,Scheduled - Deadline Met,Yes,Yes,3600.372506380081,60.00620843966802,9,11269.0,Gurobi Status: 9
F30,P30_44,8,2150000,2200000,1613,2153124.0,2154737.0,4737.0,Scheduled - Deadline Met,Yes,Yes,3600.372506380081,60.00620843966802,9,11269.0,Gurobi Status: 9
F30,P30_45,4,2200000,2250000,1613,2216658.0,2218271.0,18271.0,Scheduled - Deadline Met,Yes,Yes,3600.372506380081,60.00620843966802,9,11269.0,Gurobi Status: 9
F30,P30_46,8,2250000,2300000,1613,2274737.0,2276350.0,26350.0,Scheduled - Deadline Met,Yes,Yes,3600.372506380081,60.00620843966802,9,11269.0,Gurobi Status: 9
F30,P30_47,4,2300000,2350000,1613,2342085.0,2343698.0,43698.0,Scheduled - Deadline Met,Yes,Yes,3600.372506380081,60.00620843966802,9,11269.0,Gurobi Status: 9
F30,P30_48,8,2350000,2400000,1613,2359256.0,2360869.0,10869.0,Scheduled - Deadline Met,Yes,Yes,3600.372506380081,60.00620843966802,9,11269.0,Gurobi Status: 9
F31,P31_1,1,0,200000,2339,108211.0,110550.0,110550.0,Scheduled - Deadline Met,Yes,Yes,3600.372506380081,60.00620843966802,9,11269.0,Gurobi Status: 9
F31,P31_2,8,200000,400000,2339,294853.0,297192.0,97192.0,Scheduled - Deadline Met,Yes,Yes,3600.372506380081,60.00620843966802,9,11269.0,Gurobi Status: 9
F31,P31_3,1,400000,600000,2339,534226.0,536565.0,136565.0,Scheduled - Deadline Met,Yes,Yes,3600.372506380081,60.00620843966802,9,11269.0,Gurobi Status: 9
F31,P31_4,8,600000,800000,2339,679209.0,681548.0,81548.0,Scheduled - Deadline Met,Yes,Yes,3600.372506380081,60.00620843966802,9,11269.0,Gurobi Status: 9
F31,P31_5,1,800000,1000000,2339,944784.0,947123.0,147123.0,Scheduled - Deadline Met,Yes,Yes,3600.372506380081,60.00620843966802,9,11269.0,Gurobi Status: 9
F31,P31_6,8,1000000,1200000,2339,1046474.0,1048813.0,48813.0,Scheduled - Deadline Met,Yes,Yes,3600.372506380081,60.00620843966802,9,11269.0,Gurobi Status: 9
F31,P31_7,1,1200000,1400000,2339,1230453.0,1232792.0,32792.0,Scheduled - Deadline Met,Yes,Yes,3600.372506380081,60.00620843966802,9,11269.0,Gurobi Status: 9
F31,P31_8,8,1400000,1600000,2339,1480246.0,1482585.0,82585.0,Scheduled - Deadline Met,Yes,Yes,3600.372506380081,60.00620843966802,9,11269.0,Gurobi Status: 9
F31,P31_9,1,1600000,1800000,2339,1747259.0,1749598.0,149598.0,Scheduled - Deadline Met,Yes,Yes,3600.372506380081,60.00620843966802,9,11269.0,Gurobi Status: 9
F31,P31_10,8,1800000,2000000,2339,1890649.0,1892988.0,92988.0,Scheduled - Deadline Met,Yes,Yes,3600.372506380081,60.00620843966802,9,11269.0,Gurobi Status: 9
F31,P31_11,1,2000000,2200000,2339,2037043.0,2039382.0,39382.0,Scheduled - Deadline Met,Yes,Yes,3600.372506380081,60.00620843966802,9,11269.0,Gurobi Status: 9
F31,P31_12,8,2200000,2400000,2339,2267001.0,2269340.0,69340.0,Scheduled - Deadline Met,Yes,Yes,3600.372506380081,60.00620843966802,9,11269.0,Gurobi Status: 9
F32,P32_1,8,0,400000,2633,75940.0,78573.0,78573.0,Scheduled - Deadline Met,Yes,Yes,3600.372506380081,60.00620843966802,9,11269.0,Gurobi Status: 9
F32,P32_2,7,400000,800000,2633,646959.0,649592.0,249592.0,Scheduled - Deadline Met,Yes,Yes,3600.372506380081,60.00620843966802,9,11269.0,Gurobi Status: 9
F32,P32_3,8,800000,1200000,2633,883340.0,885973.0,85973.0,Scheduled - Deadline Met,Yes,Yes,3600.372506380081,60.00620843966802,9,11269.0,Gurobi Status: 9
F32,P32_4,7,1200000,1600000,2633,1345063.0,1347696.0,147696.0,Scheduled - Deadline Met,Yes,Yes,3600.372506380081,60.00620843966802,9,11269.0,Gurobi Status: 9
F32,P32_5,8,1600000,2000000,2633,,,,Optional Packets- Not Scheduled,No,N/A,3600.372506380081,60.00620843966802,9,11269.0,Gurobi Status: 9
F32,P32_6,7,2000000,2400000,2633,2186432.0,2189065.0,189065.0,Scheduled - Deadline Met,Yes,Yes,3600.372506380081,60.00620843966802,9,11269.0,Gurobi Status: 9
F33,P33_1,3,0,400000,9315,47653.0,56968.0,56968.0,Scheduled - Deadline Met,Yes,Yes,3600.372506380081,60.00620843966802,9,11269.0,Gurobi Status: 9
F33,P33_2,8,400000,800000,9315,,,,Optional Packets- Not Scheduled,No,N/A,3600.372506380081,60.00620843966802,9,11269.0,Gurobi Status: 9
F33,P33_3,3,800000,1200000,9315,846634.0,855949.0,55949.0,Scheduled - Deadline Met,Yes,Yes,3600.372506380081,60.00620843966802,9,11269.0,Gurobi Status: 9
F33,P33_4,8,1200000,1600000,9315,,,,Optional Packets- Not Scheduled,No,N/A,3600.372506380081,60.00620843966802,9,11269.0,Gurobi Status: 9
F33,P33_5,3,1600000,2000000,9315,1658118.0,1667433.0,67433.0,Scheduled - Deadline Met,Yes,Yes,3600.372506380081,60.00620843966802,9,11269.0,Gurobi Status: 9
F33,P33_6,8,2000000,2400000,9315,,,,Optional Packets- Not Scheduled,No,N/A,3600.372506380081,60.00620843966802,9,11269.0,Gurobi Status: 9
F34,P34_1,8,0,400000,600,85250.0,85850.0,85850.0,Scheduled - Deadline Met,Yes,Yes,3600.372506380081,60.00620843966802,9,11269.0,Gurobi Status: 9
F34,P34_2,4,400000,800000,600,460707.0,461307.0,61307.0,Scheduled - Deadline Met,Yes,Yes,3600.372506380081,60.00620843966802,9,11269.0,Gurobi Status: 9
F34,P34_3,8,800000,1200000,600,895800.0,896400.0,96400.0,Scheduled - Deadline Met,Yes,Yes,3600.372506380081,60.00620843966802,9,11269.0,Gurobi Status: 9
F34,P34_4,4,1200000,1600000,600,1253007.0,1253607.0,53607.0,Scheduled - Deadline Met,Yes,Yes,3600.372506380081,60.00620843966802,9,11269.0,Gurobi Status: 9
F34,P34_5,8,1600000,2000000,600,1693284.0,1693884.0,93884.0,Scheduled - Deadline Met,Yes,Yes,3600.372506380081,60.00620843966802,9,11269.0,Gurobi Status: 9
F34,P34_6,4,2000000,2400000,600,2044976.0,2045576.0,45576.0,Scheduled - Deadline Met,Yes,Yes,3600.372506380081,60.00620843966802,9,11269.0,Gurobi Status: 9
F35,P35_1,8,0,400000,600,85946.0,86546.0,86546.0,Scheduled - Deadline Met,Yes,Yes,3600.372506380081,60.00620843966802,9,11269.0,Gurobi Status: 9
F35,P35_2,1,400000,800000,600,716816.0,717416.0,317416.0,Scheduled - Deadline Met,Yes,Yes,3600.372506380081,60.00620843966802,9,11269.0,Gurobi Status: 9
F35,P35_3,8,800000,1200000,600,896496.0,897096.0,97096.0,Scheduled - Deadline Met,Yes,Yes,3600.372506380081,60.00620843966802,9,11269.0,Gurobi Status: 9
F35,P35_4,1,1200000,1600000,600,1358411.0,1359011.0,159011.0,Scheduled - Deadline Met,Yes,Yes,3600.372506380081,60.00620843966802,9,11269.0,Gurobi Status: 9
F35,P35_5,8,1600000,2000000,600,1693980.0,1694580.0,94580.0,Scheduled - Deadline Met,Yes,Yes,3600.372506380081,60.00620843966802,9,11269.0,Gurobi Status: 9
F35,P35_6,1,2000000,2400000,600,2185736.0,2186336.0,186336.0,Scheduled - Deadline Met,Yes,Yes,3600.372506380081,60.00620843966802,9,11269.0,Gurobi Status: 9
F36,P36_1,4,0,400000,929,57064.0,57993.0,57993.0,Scheduled - Deadline Met,Yes,Yes,3600.372506380081,60.00620843966802,9,11269.0,Gurobi Status: 9
F36,P36_2,8,400000,800000,929,495662.0,496591.0,96591.0,Scheduled - Deadline Met,Yes,Yes,3600.372506380081,60.00620843966802,9,11269.0,Gurobi Status: 9
F36,P36_3,4,800000,1200000,929,840854.0,841783.0,41783.0,Scheduled - Deadline Met,Yes,Yes,3600.372506380081,60.00620843966802,9,11269.0,Gurobi Status: 9
F36,P36_4,8,1200000,1600000,929,1294232.0,1295161.0,95161.0,Scheduled - Deadline Met,Yes,Yes,3600.372506380081,60.00620843966802,9,11269.0,Gurobi Status: 9
F36,P36_5,4,1600000,2000000,929,1644183.0,1645112.0,45112.0,Scheduled - Deadline Met,Yes,Yes,3600.372506380081,60.00620843966802,9,11269.0,Gurobi Status: 9
F36,P36_6,8,2000000,2400000,929,2076068.0,2076997.0,76997.0,Scheduled - Deadline Met,Yes,Yes,3600.372506380081,60.00620843966802,9,11269.0,Gurobi Status: 9
F37,P37_1,8,0,200000,2010,68181.0,70191.0,70191.0,Scheduled - Deadline Met,Yes,Yes,3600.372506380081,60.00620843966802,9,11269.0,Gurobi Status: 9
F37,P37_2,6,200000,400000,2010,320926.0,322936.0,122936.0,Scheduled - Deadline Met,Yes,Yes,3600.372506380081,60.00620843966802,9,11269.0,Gurobi Status: 9
F37,P37_3,8,400000,600000,2010,473172.0,475182.0,75182.0,Scheduled - Deadline Met,Yes,Yes,3600.372506380081,60.00620843966802,9,11269.0,Gurobi Status: 9
F37,P37_4,6,600000,800000,2010,732385.0,734395.0,134395.0,Scheduled - Deadline Met,Yes,Yes,3600.372506380081,60.00620843966802,9,11269.0,Gurobi Status: 9
F37,P37_5,8,800000,1000000,2010,,,,Optional Packets- Not Scheduled,No,N/A,3600.372506380081,60.00620843966802,9,11269.0,Gurobi Status: 9
F37,P37_6,6,1000000,1200000,2010,1132876.0,1134886.0,134886.0,Scheduled - Deadline Met,Yes,Yes,3600.372506380081,60.00620843966802,9,11269.0,Gurobi Status: 9
F37,P37_7,8,1200000,1400000,2010,1272748.0,1274758.0,74758.0,Scheduled - Deadline Met,Yes,Yes,3600.372506380081,60.00620843966802,9,11269.0,Gurobi Status: 9
F37,P37_8,6,1400000,1600000,2010,1528065.0,1530075.0,130075.0,Scheduled - Deadline Met,Yes,Yes,3600.372506380081,60.00620843966802,9,11269.0,Gurobi Status: 9
F37,P37_9,8,1600000,1800000,2010,,,,Optional Packets- Not Scheduled,No,N/A,3600.372506380081,60.00620843966802,9,11269.0,Gurobi Status: 9
F37,P37_10,6,1800000,2000000,2010,1931528.0,1933538.0,133538.0,Scheduled - Deadline Met,Yes,Yes,3600.372506380081,60.00620843966802,9,11269.0,Gurobi Status: 9
F37,P37_11,8,2000000,2200000,2010,2072149.0,2074159.0,74159.0,Scheduled - Deadline Met,Yes,Yes,3600.372506380081,60.00620843966802,9,11269.0,Gurobi Status: 9
F37,P37_12,6,2200000,2400000,2010,2316305.0,2318315.0,118315.0,Scheduled - Deadline Met,Yes,Yes,3600.372506380081,60.00620843966802,9,11269.0,Gurobi Status: 9
F38,P38_1,8,0,400000,696,84458.0,85154.0,85154.0,Scheduled - Deadline Met,Yes,Yes,3600.372506380081,60.00620843966802,9,11269.0,Gurobi Status: 9
F38,P38_2,3,400000,800000,696,457723.0,458419.0,58419.0,Scheduled - Deadline Met,Yes,Yes,3600.372506380081,60.00620843966802,9,11269.0,Gurobi Status: 9
F38,P38_3,8,800000,1200000,696,895008.0,895704.0,95704.0,Scheduled - Deadline Met,Yes,Yes,3600.372506380081,60.00620843966802,9,11269.0,Gurobi Status: 9
F38,P38_4,3,1200000,1600000,696,1247557.0,1248253.0,48253.0,Scheduled - Deadline Met,Yes,Yes,3600.372506380081,60.00620843966802,9,11269.0,Gurobi Status: 9
F38,P38_5,8,1600000,2000000,696,1692492.0,1693188.0,93188.0,Scheduled - Deadline Met,Yes,Yes,3600.372506380081,60.00620843966802,9,11269.0,Gurobi Status: 9
F38,P38_6,3,2000000,2400000,696,2093958.0,2094654.0,94654.0,Scheduled - Deadline Met,Yes,Yes,3600.372506380081,60.00620843966802,9,11269.0,Gurobi Status: 9
F39,P39_1,8,0,200000,1717,70287.0,72004.0,72004.0,Scheduled - Deadline Met,Yes,Yes,3600.372506380081,60.00620843966802,9,11269.0,Gurobi Status: 9
F39,P39_2,3,200000,400000,1717,243891.0,245608.0,45608.0,Scheduled - Deadline Met,Yes,Yes,3600.372506380081,60.00620843966802,9,11269.0,Gurobi Status: 9
F39,P39_3,8,400000,600000,1717,475278.0,476995.0,76995.0,Scheduled - Deadline Met,Yes,Yes,3600.372506380081,60.00620843966802,9,11269.0,Gurobi Status: 9
F39,P39_4,3,600000,800000,1717,651689.0,653406.0,53406.0,Scheduled - Deadline Met,Yes,Yes,3600.372506380081,60.00620843966802,9,11269.0,Gurobi Status: 9
F39,P39_5,8,800000,1000000,1717,877687.0,879404.0,79404.0,Scheduled - Deadline Met,Yes,Yes,3600.372506380081,60.00620843966802,9,11269.0,Gurobi Status: 9
F39,P39_6,3,1000000,1200000,1717,1076755.0,1078472.0,78472.0,Scheduled - Deadline Met,Yes,Yes,3600.372506380081,60.00620843966802,9,11269.0,Gurobi Status: 9
F39,P39_7,8,1200000,1400000,1717,1274854.0,1276571.0,76571.0,Scheduled - Deadline Met,Yes,Yes,3600.372506380081,60.00620843966802,9,11269.0,Gurobi Status: 9
F39,P39_8,3,1400000,1600000,1717,1458991.0,1460708.0,60708.0,Scheduled - Deadline Met,Yes,Yes,3600.372506380081,60.00620843966802,9,11269.0,Gurobi Status: 9
F39,P39_9,8,1600000,1800000,1717,1685799.0,1687516.0,87516.0,Scheduled - Deadline Met,Yes,Yes,3600.372506380081,60.00620843966802,9,11269.0,Gurobi Status: 9
F39,P39_10,3,1800000,2000000,1717,1869670.0,1871387.0,71387.0,Scheduled - Deadline Met,Yes,Yes,3600.372506380081,60.00620843966802,9,11269.0,Gurobi Status: 9
F39,P39_11,8,2000000,2200000,1717,2074255.0,2075972.0,75972.0,Scheduled - Deadline Met,Yes,Yes,3600.372506380081,60.00620843966802,9,11269.0,Gurobi Status: 9
F39,P39_12,3,2200000,2400000,1717,2288322.0,2290039.0,90039.0,Scheduled - Deadline Met,Yes,Yes,3600.372506380081,60.00620843966802,9,11269.0,Gurobi Status: 9
F4,P4_1,8,0,100000,644,14535.0,15179.0,15179.0,Scheduled - Deadline Met,Yes,Yes,3600.372506380081,60.00620843966802,9,11269.0,Gurobi Status: 9
F4,P4_2,6,100000,200000,644,140241.0,140885.0,40885.0,Scheduled - Deadline Met,Yes,Yes,3600.372506380081,60.00620843966802,9,11269.0,Gurobi Status: 9
F4,P4_3,6,200000,300000,644,218581.0,219225.0,19225.0,Scheduled - Deadline Met,Yes,Yes,3600.372506380081,60.00620843966802,9,11269.0,Gurobi Status: 9
F4,P4_4,8,300000,400000,644,379750.0,380394.0,80394.0,Scheduled - Deadline Met,Yes,Yes,3600.372506380081,60.00620843966802,9,11269.0,Gurobi Status: 9
F4,P4_5,6,400000,500000,644,400000.0,400644.0,644.0,Scheduled - Deadline Met,Yes,Yes,3600.372506380081,60.00620843966802,9,11269.0,Gurobi Status: 9
F4,P4_6,6,500000,600000,644,575727.0,576371.0,76371.0,Scheduled - Deadline Met,Yes,Yes,3600.372506380081,60.00620843966802,9,11269.0,Gurobi Status: 9
F4,P4_7,8,600000,700000,644,671138.0,671782.0,71782.0,Scheduled - Deadline Met,Yes,Yes,3600.372506380081,60.00620843966802,9,11269.0,Gurobi Status: 9
F4,P4_8,6,700000,800000,644,768135.0,768779.0,68779.0,Scheduled - Deadline Met,Yes,Yes,3600.372506380081,60.00620843966802,9,11269.0,Gurobi Status: 9
F4,P4_9,6,800000,900000,644,809837.0,810481.0,10481.0,Scheduled - Deadline Met,Yes,Yes,3600.372506380081,60.00620843966802,9,11269.0,Gurobi Status: 9
F4,P4_10,8,900000,1000000,644,986438.0,987082.0,87082.0,Scheduled - Deadline Met,Yes,Yes,3600.372506380081,60.00620843966802,9,11269.0,Gurobi Status: 9
F4,P4_11,6,1000000,1100000,644,1024010.0,1024654.0,24654.0,Scheduled - Deadline Met,Yes,Yes,3600.372506380081,60.00620843966802,9,11269.0,Gurobi Status: 9
F4,P4_12,6,1100000,1200000,644,1172292.0,1172936.0,72936.0,Scheduled - Deadline Met,Yes,Yes,3600.372506380081,60.00620843966802,9,11269.0,Gurobi Status: 9
F4,P4_13,8,1200000,1300000,644,1267719.0,1268363.0,68363.0,Scheduled - Deadline Met,Yes,Yes,3600.372506380081,60.00620843966802,9,11269.0,Gurobi Status: 9
F4,P4_14,6,1300000,1400000,644,1335399.0,1336043.0,36043.0,Scheduled - Deadline Met,Yes,Yes,3600.372506380081,60.00620843966802,9,11269.0,Gurobi Status: 9
F4,P4_15,6,1400000,1500000,644,1413931.0,1414575.0,14575.0,Scheduled - Deadline Met,Yes,Yes,3600.372506380081,60.00620843966802,9,11269.0,Gurobi Status: 9
F4,P4_16,8,1500000,1600000,644,1580855.0,1581499.0,81499.0,Scheduled - Deadline Met,Yes,Yes,3600.372506380081,60.00620843966802,9,11269.0,Gurobi Status: 9
F4,P4_17,6,1600000,1700000,644,1600000.0,1600644.0,644.0,Scheduled - Deadline Met,Yes,Yes,3600.372506380081,60.00620843966802,9,11269.0,Gurobi Status: 9
F4,P4_18,6,1700000,1800000,644,1764455.0,1765099.0,65099.0,Scheduled - Deadline Met,Yes,Yes,3600.372506380081,60.00620843966802,9,11269.0,Gurobi Status: 9
F4,P4_19,8,1800000,1900000,644,1882578.0,1883222.0,83222.0,Scheduled - Deadline Met,Yes,Yes,3600.372506380081,60.00620843966802,9,11269.0,Gurobi Status: 9
F4,P4_20,6,1900000,2000000,644,1933634.0,1934278.0,34278.0,Scheduled - Deadline Met,Yes,Yes,3600.372506380081,60.00620843966802,9,11269.0,Gurobi Status: 9
F4,P4_21,6,2000000,2100000,644,2001099.0,2001743.0,1743.0,Scheduled - Deadline Met,Yes,Yes,3600.372506380081,60.00620843966802,9,11269.0,Gurobi Status: 9
F4,P4_22,8,2100000,2200000,644,2150096.0,2150740.0,50740.0,Scheduled - Deadline Met,Yes,Yes,3600.372506380081,60.00620843966802,9,11269.0,Gurobi Status: 9
F4,P4_23,6,2200000,2300000,644,2205999.0,2206643.0,6643.0,Scheduled - Deadline Met,Yes,Yes,3600.372506380081,60.00620843966802,9,11269.0,Gurobi Status: 9
F4,P4_24,6,2300000,2400000,644,2341345.0,2341989.0,41989.0,Scheduled - Deadline Met,Yes,Yes,3600.372506380081,60.00620843966802,9,11269.0,Gurobi Status: 9
F40,P40_1,5,0,400000,5857,190768.0,196625.0,196625.0,Scheduled - Deadline Met,Yes,Yes,3600.372506380081,60.00620843966802,9,11269.0,Gurobi Status: 9
F40,P40_2,8,400000,800000,5857,477091.0,482948.0,82948.0,Scheduled - Deadline Met,Yes,Yes,3600.372506380081,60.00620843966802,9,11269.0,Gurobi Status: 9
F40,P40_3,5,800000,1200000,5857,1018153.0,1024010.0,224010.0,Scheduled - Deadline Met,Yes,Yes,3600.372506380081,60.00620843966802,9,11269.0,Gurobi Status: 9
F40,P40_4,8,1200000,1600000,5857,1276667.0,1282524.0,82524.0,Scheduled - Deadline Met,Yes,Yes,3600.372506380081,60.00620843966802,9,11269.0,Gurobi Status: 9
F40,P40_5,5,1600000,2000000,5857,1775779.0,1781636.0,181636.0,Scheduled - Deadline Met,Yes,Yes,3600.372506380081,60.00620843966802,9,11269.0,Gurobi Status: 9
F40,P40_6,8,2000000,2400000,5857,,,,Optional Packets- Not Scheduled,No,N/A,3600.372506380081,60.00620843966802,9,11269.0,Gurobi Status: 9
F41,P41_1,8,0,200000,9823,,,,Optional Packets- Not Scheduled,No,N/A,3600.372506380081,60.00620843966802,9,11269.0,Gurobi Status: 9
F41,P41_2,1,200000,400000,9823,233972.0,243795.0,43795.0,Scheduled - Deadline Met,Yes,Yes,3600.372506380081,60.00620843966802,9,11269.0,Gurobi Status: 9
F41,P41_3,8,400000,600000,9823,,,,Optional Packets- Not Scheduled,No,N/A,3600.372506380081,60.00620843966802,9,11269.0,Gurobi Status: 9
F41,P41_4,1,600000,800000,9823,741903.0,751726.0,151726.0,Scheduled - Deadline Met,Yes,Yes,3600.372506380081,60.00620843966802,9,11269.0,Gurobi Status: 9
F41,P41_5,8,800000,1000000,9823,,,,Optional Packets- Not Scheduled,No,N/A,3600.372506380081,60.00620843966802,9,11269.0,Gurobi Status: 9
F41,P41_6,1,1000000,1200000,9823,1114109.0,1123932.0,123932.0,Scheduled - Deadline Met,Yes,Yes,3600.372506380081,60.00620843966802,9,11269.0,Gurobi Status: 9
F41,P41_7,8,1200000,1400000,9823,,,,Optional Packets- Not Scheduled,No,N/A,3600.372506380081,60.00620843966802,9,11269.0,Gurobi Status: 9
F41,P41_8,1,1400000,1600000,9823,1497365.0,1507188.0,107188.0,Scheduled - Deadline Met,Yes,Yes,3600.372506380081,60.00620843966802,9,11269.0,Gurobi Status: 9
F41,P41_9,8,1600000,1800000,9823,,,,Optional Packets- Not Scheduled,No,N/A,3600.372506380081,60.00620843966802,9,11269.0,Gurobi Status: 9
F41,P41_10,1,1800000,2000000,9823,1804562.0,1814385.0,14385.0,Scheduled - Deadline Met,Yes,Yes,3600.372506380081,60.00620843966802,9,11269.0,Gurobi Status: 9
F41,P41_11,8,2000000,2200000,9823,,,,Optional Packets- Not Scheduled,No,N/A,3600.372506380081,60.00620843966802,9,11269.0,Gurobi Status: 9
F41,P41_12,1,2200000,2400000,9823,2206739.0,2216562.0,16562.0,Scheduled - Deadline Met,Yes,Yes,3600.372506380081,60.00620843966802,9,11269.0,Gurobi Status: 9
F42,P42_1,8,0,50000,3657,1709.0,5366.0,5366.0,Scheduled - Deadline Met,Yes,Yes,3600.372506380081,60.00620843966802,9,11269.0,Gurobi Status: 9
F42,P42_2,4,50000,100000,3657,58089.0,61746.0,11746.0,Scheduled - Deadline Met,Yes,Yes,3600.372506380081,60.00620843966802,9,11269.0,Gurobi Status: 9
F42,P42_3,8,100000,150000,3657,,,,Optional Packets- Not Scheduled,No,N/A,3600.372506380081,60.00620843966802,9,11269.0,Gurobi Status: 9
F42,P42_4,4,150000,200000,3657,176922.0,180579.0,30579.0,Scheduled - Deadline Met,Yes,Yes,3600.372506380081,60.00620843966802,9,11269.0,Gurobi Status: 9
F42,P42_5,8,200000,250000,3657,,,,Optional Packets- Not Scheduled,No,N/A,3600.372506380081,60.00620843966802,9,11269.0,Gurobi Status: 9
F42,P42_6,4,250000,300000,3657,262391.0,266048.0,16048.0,Scheduled - Deadline Met,Yes,Yes,3600.372506380081,60.00620843966802,9,11269.0,Gurobi Status: 9
F42,P42_7,8,300000,350000,3657,324035.0,327692.0,27692.0,Scheduled - Deadline Met,Yes,Yes,3600.372506380081,60.00620843966802,9,11269.0,Gurobi Status: 9
F42,P42_8,4,350000,400000,3657,364874.0,368531.0,18531.0,Scheduled - Deadline Met,Yes,Yes,3600.372506380081,60.00620843966802,9,11269.0,Gurobi Status: 9
F42,P42_9,8,400000,450000,3657,,,,Optional Packets- Not Scheduled,No,N/A,3600.372506380081,60.00620843966802,9,11269.0,Gurobi Status: 9
F42,P42_10,4,450000,500000,3657,461403.0,465060.0,15060.0,Scheduled - Deadline Met,Yes,Yes,3600.372506380081,60.00620843966802,9,11269.0,Gurobi Status: 9
F42,P42_11,8,500000,550000,3657,500398.0,504055.0,4055.0,Scheduled - Deadline Met,Yes,Yes,3600.372506380081,60.00620843966802,9,11269.0,Gurobi Status: 9
F42,P42_12,4,550000,600000,3657,571974.0,575631.0,25631.0,Scheduled - Deadline Met,Yes,Yes,3600.372506380081,60.00620843966802,9,11269.0,Gurobi Status: 9
F42,P42_13,8,600000,650000,3657,623988.0,627645.0,27645.0,Scheduled - Deadline Met,Yes,Yes,3600.372506380081,60.00620843966802,9,11269.0,Gurobi Status: 9
F42,P42_14,4,650000,700000,3657,654601.0,658258.0,8258.0,Scheduled - Deadline Met,Yes,Yes,3600.372506380081,60.00620843966802,9,11269.0,Gurobi Status: 9
F42,P42_15,8,700000,750000,3657,,,,Optional Packets- Not Scheduled,No,N/A,3600.372506380081,60.00620843966802,9,11269.0,Gurobi Status: 9
F42,P42_16,4,750000,800000,3657,775320.0,778977.0,28977.0,Scheduled - Deadline Met,Yes,Yes,3600.372506380081,60.00620843966802,9,11269.0,Gurobi Status: 9
F42,P42_17,8,800000,850000,3657,,,,Optional Packets- Not Scheduled,No,N/A,3600.372506380081,60.00620843966802,9,11269.0,Gurobi Status: 9
F42,P42_18,4,850000,900000,3657,866656.0,870313.0,20313.0,Scheduled - Deadline Met,Yes,Yes,3600.372506380081,60.00620843966802,9,11269.0,Gurobi Status: 9
F42,P42_19,8,900000,950000,3657,900000.0,903657.0,3657.0,Scheduled - Deadline Met,Yes,Yes,3600.372506380081,60.00620843966802,9,11269.0,Gurobi Status: 9
F42,P42_20,4,950000,1000000,3657,969061.0,972718.0,22718.0,Scheduled - Deadline Met,Yes,Yes,3600.372506380081,60.00620843966802,9,11269.0,Gurobi Status: 9
F42,P42_21,8,1000000,1050000,3657,1032549.0,1036206.0,36206.0,Scheduled - Deadline Met,Yes,Yes,3600.372506380081,60.00620843966802,9,11269.0,Gurobi Status: 9
F42,P42_22,4,1050000,1100000,3657,1085909.0,1089566.0,39566.0,Scheduled - Deadline Met,Yes,Yes,3600.372506380081,60.00620843966802,9,11269.0,Gurobi Status: 9
F42,P42_23,8,1100000,1150000,3657,1141427.0,1145084.0,45084.0,Scheduled - Deadline Met,Yes,Yes,3600.372506380081,60.00620843966802,9,11269.0,Gurobi Status: 9
F42,P42_24,4,1150000,1200000,3657,1187716.0,1191373.0,41373.0,Scheduled - Deadline Met,Yes,Yes,3600.372506380081,60.00620843966802,9,11269.0,Gurobi Status: 9
F42,P42_25,8,1200000,1250000,3657,,,,Optional Packets- Not Scheduled,No,N/A,3600.372506380081,60.00620843966802,9,11269.0,Gurobi Status: 9
F42,P42_26,4,1250000,1300000,3657,1257627.0,1261284.0,11284.0,Scheduled - Deadline Met,Yes,Yes,3600.372506380081,60.00620843966802,9,11269.0,Gurobi Status: 9
F42,P42_27,8,1300000,1350000,3657,1300096.0,1303753.0,3753.0,Scheduled - Deadline Met,Yes,Yes,3600.372506380081,60.00620843966802,9,11269.0,Gurobi Status: 9
F42,P42_28,4,1350000,1400000,3657,1361037.0,1364694.0,14694.0,Scheduled - Deadline Met,Yes,Yes,3600.372506380081,60.00620843966802,9,11269.0,Gurobi Status: 9
F42,P42_29,8,1400000,1450000,3657,1414671.0,1418328.0,18328.0,Scheduled - Deadline Met,Yes,Yes,3600.372506380081,60.00620843966802,9,11269.0,Gurobi Status: 9
F42,P42_30,4,1450000,1500000,3657,1455334.0,1458991.0,8991.0,Scheduled - Deadline Met,Yes,Yes,3600.372506380081,60.00620843966802,9,11269.0,Gurobi Status: 9
F42,P42_31,8,1500000,1550000,3657,1543301.0,1546958.0,46958.0,Scheduled - Deadline Met,Yes,Yes,3600.372506380081,60.00620843966802,9,11269.0,Gurobi Status: 9
F42,P42_32,4,1550000,1600000,3657,1573391.0,1577048.0,27048.0,Scheduled - Deadline Met,Yes,Yes,3600.372506380081,60.00620843966802,9,11269.0,Gurobi Status: 9
F42,P42_33,8,1600000,1650000,3657,1600740.0,1604397.0,4397.0,Scheduled - Deadline Met,Yes,Yes,3600.372506380081,60.00620843966802,9,11269.0,Gurobi Status: 9
F42,P42_34,4,1650000,1700000,3657,1672279.0,1675936.0,25936.0,Scheduled - Deadline Met,Yes,Yes,3600.372506380081,60.00620843966802,9,11269.0,Gurobi Status: 9
F42,P42_35,8,1700000,1750000,3657,1700096.0,1703753.0,3753.0,Scheduled - Deadline Met,Yes,Yes,3600.372506380081,60.00620843966802,9,11269.0,Gurobi Status: 9
F42,P42_36,4,1750000,1800000,3657,1756139.0,1759796.0,9796.0,Scheduled - Deadline Met,Yes,Yes,3600.372506380081,60.00620843966802,9,11269.0,Gurobi Status: 9
F42,P42_37,8,1800000,1850000,3657,1833111.0,1836768.0,36768.0,Scheduled - Deadline Met,Yes,Yes,3600.372506380081,60.00620843966802,9,11269.0,Gurobi Status: 9
F42,P42_38,4,1850000,1900000,3657,1871387.0,1875044.0,25044.0,Scheduled - Deadline Met,Yes,Yes,3600.372506380081,60.00620843966802,9,11269.0,Gurobi Status: 9
F42,P42_39,8,1900000,1950000,3657,1942520.0,1946177.0,46177.0,Scheduled - Deadline Met,Yes,Yes,3600.372506380081,60.00620843966802,9,11269.0,Gurobi Status: 9
F42,P42_40,4,1950000,2000000,3657,1992385.0,1996042.0,46042.0,Scheduled - Deadline Met,Yes,Yes,3600.372506380081,60.00620843966802,9,11269.0,Gurobi Status: 9
F42,P42_41,8,2000000,2050000,3657,,,,Optional Packets- Not Scheduled,No,N/A,3600.372506380081,60.00620843966802,9,11269.0,Gurobi Status: 9
F42,P42_42,4,2050000,2100000,3657,2057003.0,2060660.0,10660.0,Scheduled - Deadline Met,Yes,Yes,3600.372506380081,60.00620843966802,9,11269.0,Gurobi Status: 9
F42,P42_43,8,2100000,2150000,3657,2140004.0,2143661.0,43661.0,Scheduled - Deadline Met,Yes,Yes,3600.372506380081,60.00620843966802,9,11269.0,Gurobi Status: 9
F42,P42_44,4,2150000,2200000,3657,2189065.0,2192722.0,42722.0,Scheduled - Deadline Met,Yes,Yes,3600.372506380081,60.00620843966802,9,11269.0,Gurobi Status: 9
F42,P42_45,8,2200000,2250000,3657,2238581.0,2242238.0,42238.0,Scheduled - Deadline Met,Yes,Yes,3600.372506380081,60.00620843966802,9,11269.0,Gurobi Status: 9
F42,P42_46,4,2250000,2300000,3657,2290039.0,2293696.0,43696.0,Scheduled - Deadline Met,Yes,Yes,3600.372506380081,60.00620843966802,9,11269.0,Gurobi Status: 9
F42,P42_47,8,2300000,2350000,3657,2319414.0,2323071.0,23071.0,Scheduled - Deadline Met,Yes,Yes,3600.372506380081,60.00620843966802,9,11269.0,Gurobi Status: 9
F42,P42_48,4,2350000,2400000,3657,2390004.0,2393661.0,43661.0,Scheduled - Deadline Met,Yes,Yes,3600.372506380081,60.00620843966802,9,11269.0,Gurobi Status: 9
F43,P43_1,8,0,400000,1106,80261.0,81367.0,81367.0,Scheduled - Deadline Met,Yes,Yes,3600.372506380081,60.00620843966802,9,11269.0,Gurobi Status: 9
F43,P43_2,3,400000,800000,1106,435615.0,436721.0,36721.0,Scheduled - Deadline Met,Yes,Yes,3600.372506380081,60.00620843966802,9,11269.0,Gurobi Status: 9
F43,P43_3,8,800000,1200000,1106,891805.0,892911.0,92911.0,Scheduled - Deadline Met,Yes,Yes,3600.372506380081,60.00620843966802,9,11269.0,Gurobi Status: 9
F43,P43_4,3,1200000,1600000,1106,1229251.0,1230357.0,30357.0,Scheduled - Deadline Met,Yes,Yes,3600.372506380081,60.00620843966802,9,11269.0,Gurobi Status: 9
F43,P43_5,8,1600000,2000000,1106,1689202.0,1690308.0,90308.0,Scheduled - Deadline Met,Yes,Yes,3600.372506380081,60.00620843966802,9,11269.0,Gurobi Status: 9
F43,P43_6,3,2000000,2400000,1106,2092756.0,2093862.0,93862.0,Scheduled - Deadline Met,Yes,Yes,3600.372506380081,60.00620843966802,9,11269.0,Gurobi Status: 9
F44,P44_1,8,0,50000,2532,5462.0,7994.0,7994.0,Scheduled - Deadline Met,Yes,Yes,3600.372506380081,60.00620843966802,9,11269.0,Gurobi Status: 9
F44,P44_2,4,50000,100000,2532,65553.0,68085.0,18085.0,Scheduled - Deadline Met,Yes,Yes,3600.372506380081,60.00620843966802,9,11269.0,Gurobi Status: 9
F44,P44_3,8,100000,150000,2532,144440.0,146972.0,46972.0,Scheduled - Deadline Met,Yes,Yes,3600.372506380081,60.00620843966802,9,11269.0,Gurobi Status: 9
F44,P44_4,4,150000,200000,2532,185238.0,187770.0,37770.0,Scheduled - Deadline Met,Yes,Yes,3600.372506380081,60.00620843966802,9,11269.0,Gurobi Status: 9
F44,P44_5,8,200000,250000,2532,,,,Optional Packets- Not Scheduled,No,N/A,3600.372506380081,60.00620843966802,9,11269.0,Gurobi Status: 9
F44,P44_6,4,250000,300000,2532,269855.0,272387.0,22387.0,Scheduled - Deadline Met,Yes,Yes,3600.372506380081,60.00620843966802,9,11269.0,Gurobi Status: 9
F44,P44_7,8,300000,350000,2532,331499.0,334031.0,34031.0,Scheduled - Deadline Met,Yes,Yes,3600.372506380081,60.00620843966802,9,11269.0,Gurobi Status: 9
F44,P44_8,4,350000,400000,2532,396369.0,398901.0,48901.0,Scheduled - Deadline Met,Yes,Yes,3600.372506380081,60.00620843966802,9,11269.0,Gurobi Status: 9
F44,P44_9,8,400000,450000,2532,,,,Optional Packets- Not Scheduled,No,N/A,3600.372506380081,60.00620843966802,9,11269.0,Gurobi Status: 9
F44,P44_10,4,450000,500000,2532,465156.0,467688.0,17688.0,Scheduled - Deadline Met,Yes,Yes,3600.372506380081,60.00620843966802,9,11269.0,Gurobi Status: 9
F44,P44_11,8,500000,550000,2532,537503.0,540035.0,40035.0,Scheduled - Deadline Met,Yes,Yes,3600.372506380081,60.00620843966802,9,11269.0,Gurobi Status: 9
F44,P44_12,4,550000,600000,2532,594862.0,597394.0,47394.0,Scheduled - Deadline Met,Yes,Yes,3600.372506380081,60.00620843966802,9,11269.0,Gurobi Status: 9
F44,P44_13,8,600000,650000,2532,631452.0,633984.0,33984.0,Scheduled - Deadline Met,Yes,Yes,3600.372506380081,60.00620843966802,9,11269.0,Gurobi Status: 9
F44,P44_14,4,650000,700000,2532,662065.0,664597.0,14597.0,Scheduled - Deadline Met,Yes,Yes,3600.372506380081,60.00620843966802,9,11269.0,Gurobi Status: 9
F44,P44_15,8,700000,750000,2532,,,,Optional Packets- Not Scheduled,No,N/A,3600.372506380081,60.00620843966802,9,11269.0,Gurobi Status: 9
F44,P44_16,4,750000,800000,2532,797468.0,800000.0,50000.0,Scheduled - Deadline Met,Yes,Yes,3600.372506380081,60.00620843966802,9,11269.0,Gurobi Status: 9
F44,P44_17,8,800000,850000,2532,,,,Optional Packets- Not Scheduled,No,N/A,3600.372506380081,60.00620843966802,9,11269.0,Gurobi Status: 9
F44,P44_18,4,850000,900000,2532,875059.0,877591.0,27591.0,Scheduled - Deadline Met,Yes,Yes,3600.372506380081,60.00620843966802,9,11269.0,Gurobi Status: 9
F44,P44_19,8,900000,950000,2532,907464.0,909996.0,9996.0,Scheduled - Deadline Met,Yes,Yes,3600.372506380081,60.00620843966802,9,11269.0,Gurobi Status: 9
F44,P44_20,4,950000,1000000,2532,977624.0,980156.0,30156.0,Scheduled - Deadline Met,Yes,Yes,3600.372506380081,60.00620843966802,9,11269.0,Gurobi Status: 9
F44,P44_21,8,1000000,1050000,2532,1036302.0,1038834.0,38834.0,Scheduled - Deadline Met,Yes,Yes,3600.372506380081,60.00620843966802,9,11269.0,Gurobi Status: 9
F44,P44_22,4,1050000,1100000,2532,1089662.0,1092194.0,42194.0,Scheduled - Deadline Met,Yes,Yes,3600.372506380081,60.00620843966802,9,11269.0,Gurobi Status: 9
F44,P44_23,8,1100000,1150000,2532,1145180.0,1147712.0,47712.0,Scheduled - Deadline Met,Yes,Yes,3600.372506380081,60.00620843966802,9,11269.0,Gurobi Status: 9
F44,P44_24,4,1150000,1200000,2532,1197468.0,1200000.0,50000.0,Scheduled - Deadline Met,Yes,Yes,3600.372506380081,60.00620843966802,9,11269.0,Gurobi Status: 9
F44,P44_25,8,1200000,1250000,2532,,,,Optional Packets- Not Scheduled,No,N/A,3600.372506380081,60.00620843966802,9,11269.0,Gurobi Status: 9
F44,P44_26,4,1250000,1300000,2532,1265091.0,1267623.0,17623.0,Scheduled - Deadline Met,Yes,Yes,3600.372506380081,60.00620843966802,9,11269.0,Gurobi Status: 9
F44,P44_27,8,1300000,1350000,2532,1303849.0,1306381.0,6381.0,Scheduled - Deadline Met,Yes,Yes,3600.372506380081,60.00620843966802,9,11269.0,Gurobi Status: 9
F44,P44_28,4,1350000,1400000,2532,1397468.0,1400000.0,50000.0,Scheduled - Deadline Met,Yes,Yes,3600.372506380081,60.00620843966802,9,11269.0,Gurobi Status: 9
F44,P44_29,8,1400000,1450000,2532,1418424.0,1420956.0,20956.0,Scheduled - Deadline Met,Yes,Yes,3600.372506380081,60.00620843966802,9,11269.0,Gurobi Status: 9
F44,P44_30,4,1450000,1500000,2532,1471173.0,1473705.0,23705.0,Scheduled - Deadline Met,Yes,Yes,3600.372506380081,60.00620843966802,9,11269.0,Gurobi Status: 9
F44,P44_31,8,1500000,1550000,2532,1547054.0,1549586.0,49586.0,Scheduled - Deadline Met,Yes,Yes,3600.372506380081,60.00620843966802,9,11269.0,Gurobi Status: 9
F44,P44_32,4,1550000,1600000,2532,1597468.0,1600000.0,50000.0,Scheduled - Deadline Met,Yes,Yes,3600.372506380081,60.00620843966802,9,11269.0,Gurobi Status: 9
F44,P44_33,8,1600000,1650000,2532,,,,Optional Packets- Not Scheduled,No,N/A,3600.372506380081,60.00620843966802,9,11269.0,Gurobi Status: 9
F44,P44_34,4,1650000,1700000,2532,1683171.0,1685703.0,35703.0,Scheduled - Deadline Met,Yes,Yes,3600.372506380081,60.00620843966802,9,11269.0,Gurobi Status: 9
F44,P44_35,8,1700000,1750000,2532,1703849.0,1706381.0,6381.0,Scheduled - Deadline Met,Yes,Yes,3600.372506380081,60.00620843966802,9,11269.0,Gurobi Status: 9
F44,P44_36,4,1750000,1800000,2532,1773247.0,1775779.0,25779.0,Scheduled - Deadline Met,Yes,Yes,3600.372506380081,60.00620843966802,9,11269.0,Gurobi Status: 9
F44,P44_37,8,1800000,1850000,2532,1840575.0,1843107.0,43107.0,Scheduled - Deadline Met,Yes,Yes,3600.372506380081,60.00620843966802,9,11269.0,Gurobi Status: 9
F44,P44_38,4,1850000,1900000,2532,1879950.0,1882482.0,32482.0,Scheduled - Deadline Met,Yes,Yes,3600.372506380081,60.00620843966802,9,11269.0,Gurobi Status: 9
F44,P44_39,8,1900000,1950000,2532,1946273.0,1948805.0,48805.0,Scheduled - Deadline Met,Yes,Yes,3600.372506380081,60.00620843966802,9,11269.0,Gurobi Status: 9
F44,P44_40,4,1950000,2000000,2532,1996138.0,1998670.0,48670.0,Scheduled - Deadline Met,Yes,Yes,3600.372506380081,60.00620843966802,9,11269.0,Gurobi Status: 9
F44,P44_41,8,2000000,2050000,2532,,,,Optional Packets- Not Scheduled,No,N/A,3600.372506380081,60.00620843966802,9,11269.0,Gurobi Status: 9
F44,P44_42,4,2050000,2100000,2532,2094654.0,2097186.0,47186.0,Scheduled - Deadline Met,Yes,Yes,3600.372506380081,60.00620843966802,9,11269.0,Gurobi Status: 9
F44,P44_43,8,2100000,2150000,2532,2147468.0,2150000.0,50000.0,Scheduled - Deadline Met,Yes,Yes,3600.372506380081,60.00620843966802,9,11269.0,Gurobi Status: 9
F44,P44_44,4,2150000,2200000,2532,2197468.0,2200000.0,50000.0,Scheduled - Deadline Met,Yes,Yes,3600.372506380081,60.00620843966802,9,11269.0,Gurobi Status: 9
F44,P44_45,8,2200000,2250000,2532,2242334.0,2244866.0,44866.0,Scheduled - Deadline Met,Yes,Yes,3600.372506380081,60.00620843966802,9,11269.0,Gurobi Status: 9
F44,P44_46,4,2250000,2300000,2532,2296080.0,2298612.0,48612.0,Scheduled - Deadline Met,Yes,Yes,3600.372506380081,60.00620843966802,9,11269.0,Gurobi Status: 9
F44,P44_47,8,2300000,2350000,2532,2323167.0,2325699.0,25699.0,Scheduled - Deadline Met,Yes,Yes,3600.372506380081,60.00620843966802,9,11269.0,Gurobi Status: 9
F44,P44_48,4,2350000,2400000,2532,2397468.0,2400000.0,50000.0,Scheduled - Deadline Met,Yes,Yes,3600.372506380081,60.00620843966802,9,11269.0,Gurobi Status: 9
F45,P45_1,8,0,400000,6050,,,,Optional Packets- Not Scheduled,No,N/A,3600.372506380081,60.00620843966802,9,11269.0,Gurobi Status: 9
F45,P45_2,2,400000,800000,6050,426168.0,432218.0,32218.0,Scheduled - Deadline Met,Yes,Yes,3600.372506380081,60.00620843966802,9,11269.0,Gurobi Status: 9
F45,P45_3,8,800000,1200000,6050,,,,Optional Packets- Not Scheduled,No,N/A,3600.372506380081,60.00620843966802,9,11269.0,Gurobi Status: 9
F45,P45_4,2,1200000,1600000,6050,1385926.0,1391976.0,191976.0,Scheduled - Deadline Met,Yes,Yes,3600.372506380081,60.00620843966802,9,11269.0,Gurobi Status: 9
F45,P45_5,8,1600000,2000000,6050,,,,Optional Packets- Not Scheduled,No,N/A,3600.372506380081,60.00620843966802,9,11269.0,Gurobi Status: 9
F45,P45_6,2,2000000,2400000,6050,2178683.0,2184733.0,184733.0,Scheduled - Deadline Met,Yes,Yes,3600.372506380081,60.00620843966802,9,11269.0,Gurobi Status: 9
F46,P46_1,8,0,200000,4193,,,,Optional Packets- Not Scheduled,No,N/A,3600.372506380081,60.00620843966802,9,11269.0,Gurobi Status: 9
F46,P46_2,2,200000,400000,4193,311972.0,316165.0,116165.0,Scheduled - Deadline Met,Yes,Yes,3600.372506380081,60.00620843966802,9,11269.0,Gurobi Status: 9
F46,P46_3,8,400000,600000,4193,468883.0,473076.0,73076.0,Scheduled - Deadline Met,Yes,Yes,3600.372506380081,60.00620843966802,9,11269.0,Gurobi Status: 9
F46,P46_4,2,600000,800000,4193,761558.0,765751.0,165751.0,Scheduled - Deadline Met,Yes,Yes,3600.372506380081,60.00620843966802,9,11269.0,Gurobi Status: 9
F46,P46_5,8,800000,1000000,4193,,,,Optional Packets- Not Scheduled,No,N/A,3600.372506380081,60.00620843966802,9,11269.0,Gurobi Status: 9
F46,P46_6,2,1000000,1200000,4193,1078568.0,1082761.0,82761.0,Scheduled - Deadline Met,Yes,Yes,3600.372506380081,60.00620843966802,9,11269.0,Gurobi Status: 9
F46,P46_7,8,1200000,1400000,4193,1268459.0,1272652.0,72652.0,Scheduled - Deadline Met,Yes,Yes,3600.372506380081,60.00620843966802,9,11269.0,Gurobi Status: 9
F46,P46_8,2,1400000,1600000,4193,1561558.0,1565751.0,165751.0,Scheduled - Deadline Met,Yes,Yes,3600.372506380081,60.00620843966802,9,11269.0,Gurobi Status: 9
F46,P46_9,8,1600000,1800000,4193,,,,Optional Packets- Not Scheduled,No,N/A,3600.372506380081,60.00620843966802,9,11269.0,Gurobi Status: 9
F46,P46_10,2,1800000,2000000,4193,1978264.0,1982457.0,182457.0,Scheduled - Deadline Met,Yes,Yes,3600.372506380081,60.00620843966802,9,11269.0,Gurobi Status: 9
F46,P46_11,8,2000000,2200000,4193,,,,Optional Packets- Not Scheduled,No,N/A,3600.372506380081,60.00620843966802,9,11269.0,Gurobi Status: 9
F46,P46_12,2,2200000,2400000,4193,2312016.0,2316209.0,116209.0,Scheduled - Deadline Met,Yes,Yes,3600.372506380081,60.00620843966802,9,11269.0,Gurobi Status: 9
F47,P47_1,8,0,200000,7316,,,,Optional Packets- Not Scheduled,No,N/A,3600.372506380081,60.00620843966802,9,11269.0,Gurobi Status: 9
F47,P47_2,5,200000,400000,7316,372338.0,379654.0,179654.0,Scheduled - Deadline Met,Yes,Yes,3600.372506380081,60.00620843966802,9,11269.0,Gurobi Status: 9
F47,P47_3,8,400000,600000,7316,,,,Optional Packets- Not Scheduled,No,N/A,3600.372506380081,60.00620843966802,9,11269.0,Gurobi Status: 9
F47,P47_4,5,600000,800000,7316,734491.0,741807.0,141807.0,Scheduled - Deadline Met,Yes,Yes,3600.372506380081,60.00620843966802,9,11269.0,Gurobi Status: 9
F47,P47_5,8,800000,1000000,7316,,,,Optional Packets- Not Scheduled,No,N/A,3600.372506380081,60.00620843966802,9,11269.0,Gurobi Status: 9
F47,P47_6,5,1000000,1200000,7316,1093293.0,1100609.0,100609.0,Scheduled - Deadline Met,Yes,Yes,3600.372506380081,60.00620843966802,9,11269.0,Gurobi Status: 9
F47,P47_7,8,1200000,1400000,7316,,,,Optional Packets- Not Scheduled,No,N/A,3600.372506380081,60.00620843966802,9,11269.0,Gurobi Status: 9
F47,P47_8,5,1400000,1600000,7316,1406519.0,1413835.0,13835.0,Scheduled - Deadline Met,Yes,Yes,3600.372506380081,60.00620843966802,9,11269.0,Gurobi Status: 9
F47,P47_9,8,1600000,1800000,7316,,,,Optional Packets- Not Scheduled,No,N/A,3600.372506380081,60.00620843966802,9,11269.0,Gurobi Status: 9
F47,P47_10,5,1800000,2000000,7316,1825699.0,1833015.0,33015.0,Scheduled - Deadline Met,Yes,Yes,3600.372506380081,60.00620843966802,9,11269.0,Gurobi Status: 9
F47,P47_11,8,2000000,2200000,7316,,,,Optional Packets- Not Scheduled,No,N/A,3600.372506380081,60.00620843966802,9,11269.0,Gurobi Status: 9
F47,P47_12,5,2200000,2400000,7316,2343698.0,2351014.0,151014.0,Scheduled - Deadline Met,Yes,Yes,3600.372506380081,60.00620843966802,9,11269.0,Gurobi Status: 9
F48,P48_1,7,0,400000,3459,140885.0,144344.0,144344.0,Scheduled - Deadline Met,Yes,Yes,3600.372506380081,60.00620843966802,9,11269.0,Gurobi Status: 9
F48,P48_2,8,400000,800000,3459,487799.0,491258.0,91258.0,Scheduled - Deadline Met,Yes,Yes,3600.372506380081,60.00620843966802,9,11269.0,Gurobi Status: 9
F48,P48_3,7,800000,1200000,3459,1065150.0,1068609.0,268609.0,Scheduled - Deadline Met,Yes,Yes,3600.372506380081,60.00620843966802,9,11269.0,Gurobi Status: 9
F48,P48_4,8,1200000,1600000,3459,1287375.0,1290834.0,90834.0,Scheduled - Deadline Met,Yes,Yes,3600.372506380081,60.00620843966802,9,11269.0,Gurobi Status: 9
F48,P48_5,7,1600000,2000000,3459,1816673.0,1820132.0,220132.0,Scheduled - Deadline Met,Yes,Yes,3600.372506380081,60.00620843966802,9,11269.0,Gurobi Status: 9
F48,P48_6,8,2000000,2400000,3459,,,,Optional Packets- Not Scheduled,No,N/A,3600.372506380081,60.00620843966802,9,11269.0,Gurobi Status: 9
F5,P5_1,5,0,400000,2475,355858.0,358333.0,358333.0,Scheduled - Deadline Met,Yes,Yes,3600.372506380081,60.00620843966802,9,11269.0,Gurobi Status: 9
F5,P5_2,8,400000,800000,2475,,,,Optional Packets- Not Scheduled,No,N/A,3600.372506380081,60.00620843966802,9,11269.0,Gurobi Status: 9
F5,P5_3,5,800000,1200000,2475,1028365.0,1030840.0,230840.0,Scheduled - Deadline Met,Yes,Yes,3600.372506380081,60.00620843966802,9,11269.0,Gurobi Status: 9
F5,P5_4,5,1200000,1600000,2475,1392072.0,1394547.0,194547.0,Scheduled - Deadline Met,Yes,Yes,3600.372506380081,60.00620843966802,9,11269.0,Gurobi Status: 9
F5,P5_5,8,1600000,2000000,2475,,,,Optional Packets- Not Scheduled,No,N/A,3600.372506380081,60.00620843966802,9,11269.0,Gurobi Status: 9
F5,P5_6,5,2000000,2400000,2475,2115186.0,2117661.0,117661.0,Scheduled - Deadline Met,Yes,Yes,3600.372506380081,60.00620843966802,9,11269.0,Gurobi Status: 9
F6,P6_1,1,0,400000,970,219225.0,220195.0,220195.0,Scheduled - Deadline Met,Yes,Yes,3600.372506380081,60.00620843966802,9,11269.0,Gurobi Status: 9
F6,P6_2,8,400000,800000,970,494596.0,495566.0,95566.0,Scheduled - Deadline Met,Yes,Yes,3600.372506380081,60.00620843966802,9,11269.0,Gurobi Status: 9
F6,P6_3,1,800000,1200000,970,1064084.0,1065054.0,265054.0,Scheduled - Deadline Met,Yes,Yes,3600.372506380081,60.00620843966802,9,11269.0,Gurobi Status: 9
F6,P6_4,1,1200000,1600000,970,1336043.0,1337013.0,137013.0,Scheduled - Deadline Met,Yes,Yes,3600.372506380081,60.00620843966802,9,11269.0,Gurobi Status: 9
F6,P6_5,8,1600000,2000000,970,1690404.0,1691374.0,91374.0,Scheduled - Deadline Met,Yes,Yes,3600.372506380081,60.00620843966802,9,11269.0,Gurobi Status: 9
F6,P6_6,1,2000000,2400000,970,2119853.0,2120823.0,120823.0,Scheduled - Deadline Met,Yes,Yes,3600.372506380081,60.00620843966802,9,11269.0,Gurobi Status: 9
F7,P7_1,3,0,50000,1003,29439.0,30442.0,30442.0,Scheduled - Deadline Met,Yes,Yes,3600.372506380081,60.00620843966802,9,11269.0,Gurobi Status: 9
F7,P7_2,3,50000,100000,1003,98518.0,99521.0,49521.0,Scheduled - Deadline Met,Yes,Yes,3600.372506380081,60.00620843966802,9,11269.0,Gurobi Status: 9
F7,P7_3,8,100000,150000,1003,147068.0,148071.0,48071.0,Scheduled - Deadline Met,Yes,Yes,3600.372506380081,60.00620843966802,9,11269.0,Gurobi Status: 9
F7,P7_4,3,150000,200000,1003,187866.0,188869.0,38869.0,Scheduled - Deadline Met,Yes,Yes,3600.372506380081,60.00620843966802,9,11269.0,Gurobi Status: 9
F7,P7_5,3,200000,250000,1003,213771.0,214774.0,14774.0,Scheduled - Deadline Met,Yes,Yes,3600.372506380081,60.00620843966802,9,11269.0,Gurobi Status: 9
F7,P7_6,8,250000,300000,1003,298997.0,300000.0,50000.0,Scheduled - Deadline Met,Yes,Yes,3600.372506380081,60.00620843966802,9,11269.0,Gurobi Status: 9
F7,P7_7,3,300000,350000,1003,322936.0,323939.0,23939.0,Scheduled - Deadline Met,Yes,Yes,3600.372506380081,60.00620843966802,9,11269.0,Gurobi Status: 9
F7,P7_8,3,350000,400000,1003,398997.0,400000.0,50000.0,Scheduled - Deadline Met,Yes,Yes,3600.372506380081,60.00620843966802,9,11269.0,Gurobi Status: 9
F7,P7_9,8,400000,450000,1003,,,,Optional Packets- Not Scheduled,No,N/A,3600.372506380081,60.00620843966802,9,11269.0,Gurobi Status: 9
F7,P7_10,3,450000,500000,1003,467784.0,468787.0,18787.0,Scheduled - Deadline Met,Yes,Yes,3600.372506380081,60.00620843966802,9,11269.0,Gurobi Status: 9
F7,P7_11,3,500000,550000,1003,527803.0,528806.0,28806.0,Scheduled - Deadline Met,Yes,Yes,3600.372506380081,60.00620843966802,9,11269.0,Gurobi Status: 9
F7,P7_12,8,550000,600000,1003,581887.0,582890.0,32890.0,Scheduled - Deadline Met,Yes,Yes,3600.372506380081,60.00620843966802,9,11269.0,Gurobi Status: 9
F7,P7_13,3,600000,650000,1003,645956.0,646959.0,46959.0,Scheduled - Deadline Met,Yes,Yes,3600.372506380081,60.00620843966802,9,11269.0,Gurobi Status: 9
F7,P7_14,3,650000,700000,1003,653502.0,654505.0,4505.0,Scheduled - Deadline Met,Yes,Yes,3600.372506380081,60.00620843966802,9,11269.0,Gurobi Status: 9
F7,P7_15,8,700000,750000,1003,,,,Optional Packets- Not Scheduled,No,N/A,3600.372506380081,60.00620843966802,9,11269.0,Gurobi Status: 9
F7,P7_16,3,750000,800000,1003,796369.0,797372.0,47372.0,Scheduled - Deadline Met,Yes,Yes,3600.372506380081,60.00620843966802,9,11269.0,Gurobi Status: 9
F7,P7_17,3,800000,850000,1003,816547.0,817550.0,17550.0,Scheduled - Deadline Met,Yes,Yes,3600.372506380081,60.00620843966802,9,11269.0,Gurobi Status: 9
F7,P7_18,8,850000,900000,1003,898901.0,899904.0,49904.0,Scheduled - Deadline Met,Yes,Yes,3600.372506380081,60.00620843966802,9,11269.0,Gurobi Status: 9
F7,P7_19,3,900000,950000,1003,947123.0,948126.0,48126.0,Scheduled - Deadline Met,Yes,Yes,3600.372506380081,60.00620843966802,9,11269.0,Gurobi Status: 9
F7,P7_20,3,950000,1000000,1003,976525.0,977528.0,27528.0,Scheduled - Deadline Met,Yes,Yes,3600.372506380081,60.00620843966802,9,11269.0,Gurobi Status: 9
F7,P7_21,8,1000000,1050000,1003,1038930.0,1039933.0,39933.0,Scheduled - Deadline Met,Yes,Yes,3600.372506380081,60.00620843966802,9,11269.0,Gurobi Status: 9
F7,P7_22,3,1050000,1100000,1003,1092290.0,1093293.0,43293.0,Scheduled - Deadline Met,Yes,Yes,3600.372506380081,60.00620843966802,9,11269.0,Gurobi Status: 9
F7,P7_23,3,1100000,1150000,1003,1109299.0,1110302.0,10302.0,Scheduled - Deadline Met,Yes,Yes,3600.372506380081,60.00620843966802,9,11269.0,Gurobi Status: 9
F7,P7_24,8,1150000,1200000,1003,1174741.0,1175744.0,25744.0,Scheduled - Deadline Met,Yes,Yes,3600.372506380081,60.00620843966802,9,11269.0,Gurobi Status: 9
F7,P7_25,3,1200000,1250000,1003,1202288.0,1203291.0,3291.0,Scheduled - Deadline Met,Yes,Yes,3600.372506380081,60.00620843966802,9,11269.0,Gurobi Status: 9
F7,P7_26,3,1250000,1300000,1003,1253607.0,1254610.0,4610.0,Scheduled - Deadline Met,Yes,Yes,3600.372506380081,60.00620843966802,9,11269.0,Gurobi Status: 9
F7,P7_27,8,1300000,1350000,1003,1306477.0,1307480.0,7480.0,Scheduled - Deadline Met,Yes,Yes,3600.372506380081,60.00620843966802,9,11269.0,Gurobi Status: 9
F7,P7_28,3,1350000,1400000,1003,1356429.0,1357432.0,7432.0,Scheduled - Deadline Met,Yes,Yes,3600.372506380081,60.00620843966802,9,11269.0,Gurobi Status: 9
F7,P7_29,3,1400000,1450000,1003,1400000.0,1401003.0,1003.0,Scheduled - Deadline Met,Yes,Yes,3600.372506380081,60.00620843966802,9,11269.0,Gurobi Status: 9
F7,P7_30,8,1450000,1500000,1003,1484390.0,1485393.0,35393.0,Scheduled - Deadline Met,Yes,Yes,3600.372506380081,60.00620843966802,9,11269.0,Gurobi Status: 9
F7,P7_31,3,1500000,1550000,1003,1530075.0,1531078.0,31078.0,Scheduled - Deadline Met,Yes,Yes,3600.372506380081,60.00620843966802,9,11269.0,Gurobi Status: 9
F7,P7_32,3,1550000,1600000,1003,1565847.0,1566850.0,16850.0,Scheduled - Deadline Met,Yes,Yes,3600.372506380081,60.00620843966802,9,11269.0,Gurobi Status: 9
F7,P7_33,8,1600000,1650000,1003,1604493.0,1605496.0,5496.0,Scheduled - Deadline Met,Yes,Yes,3600.372506380081,60.00620843966802,9,11269.0,Gurobi Status: 9
F7,P7_34,3,1650000,1700000,1003,1669817.0,1670820.0,20820.0,Scheduled - Deadline Met,Yes,Yes,3600.372506380081,60.00620843966802,9,11269.0,Gurobi Status: 9
F7,P7_35,3,1700000,1750000,1003,1746256.0,1747259.0,47259.0,Scheduled - Deadline Met,Yes,Yes,3600.372506380081,60.00620843966802,9,11269.0,Gurobi Status: 9
F7,P7_36,8,1750000,1800000,1003,1791587.0,1792590.0,42590.0,Scheduled - Deadline Met,Yes,Yes,3600.372506380081,60.00620843966802,9,11269.0,Gurobi Status: 9
F7,P7_37,3,1800000,1850000,1003,1822820.0,1823823.0,23823.0,Scheduled - Deadline Met,Yes,Yes,3600.372506380081,60.00620843966802,9,11269.0,Gurobi Status: 9
F7,P7_38,3,1850000,1900000,1003,1875140.0,1876143.0,26143.0,Scheduled - Deadline Met,Yes,Yes,3600.372506380081,60.00620843966802,9,11269.0,Gurobi Status: 9
F7,P7_39,8,1900000,1950000,1003,1948901.0,1949904.0,49904.0,Scheduled - Deadline Met,Yes,Yes,3600.372506380081,60.00620843966802,9,11269.0,Gurobi Status: 9
F7,P7_40,3,1950000,2000000,1003,1984841.0,1985844.0,35844.0,Scheduled - Deadline Met,Yes,Yes,3600.372506380081,60.00620843966802,9,11269.0,Gurobi Status: 9
F7,P7_41,3,2000000,2050000,1003,2000000.0,2001003.0,1003.0,Scheduled - Deadline Met,Yes,Yes,3600.372506380081,60.00620843966802,9,11269.0,Gurobi Status: 9
F7,P7_42,8,2050000,2100000,1003,2079781.0,2080784.0,30784.0,Scheduled - Deadline Met,Yes,Yes,3600.372506380081,60.00620843966802,9,11269.0,Gurobi Status: 9
F7,P7_43,3,2100000,2150000,1003,2138905.0,2139908.0,39908.0,Scheduled - Deadline Met,Yes,Yes,3600.372506380081,60.00620843966802,9,11269.0,Gurobi Status: 9
F7,P7_44,3,2150000,2200000,1003,2184733.0,2185736.0,35736.0,Scheduled - Deadline Met,Yes,Yes,3600.372506380081,60.00620843966802,9,11269.0,Gurobi Status: 9
F7,P7_45,8,2200000,2250000,1003,2244962.0,2245965.0,45965.0,Scheduled - Deadline Met,Yes,Yes,3600.372506380081,60.00620843966802,9,11269.0,Gurobi Status: 9
F7,P7_46,3,2250000,2300000,1003,2298708.0,2299711.0,49711.0,Scheduled - Deadline Met,Yes,Yes,3600.372506380081,60.00620843966802,9,11269.0,Gurobi Status: 9
F7,P7_47,3,2300000,2350000,1003,2318315.0,2319318.0,19318.0,Scheduled - Deadline Met,Yes,Yes,3600.372506380081,60.00620843966802,9,11269.0,Gurobi Status: 9
F7,P7_48,8,2350000,2400000,1003,2360965.0,2361968.0,11968.0,Scheduled - Deadline Met,Yes,Yes,3600.372506380081,60.00620843966802,9,11269.0,Gurobi Status: 9
F8,P8_1,4,0,400000,5631,38684.0,44315.0,44315.0,Scheduled - Deadline Met,Yes,Yes,3600.372506380081,60.00620843966802,9,11269.0,Gurobi Status: 9
F8,P8_2,8,400000,800000,5631,,,,Optional Packets- Not Scheduled,No,N/A,3600.372506380081,60.00620843966802,9,11269.0,Gurobi Status: 9
F8,P8_3,4,800000,1200000,5631,829714.0,835345.0,35345.0,Scheduled - Deadline Met,Yes,Yes,3600.372506380081,60.00620843966802,9,11269.0,Gurobi Status: 9
F8,P8_4,4,1200000,1600000,5631,1223524.0,1229155.0,29155.0,Scheduled - Deadline Met,Yes,Yes,3600.372506380081,60.00620843966802,9,11269.0,Gurobi Status: 9
F8,P8_5,8,1600000,2000000,5631,,,,Optional Packets- Not Scheduled,No,N/A,3600.372506380081,60.00620843966802,9,11269.0,Gurobi Status: 9
F8,P8_6,4,2000000,2400000,5631,2019248.0,2024879.0,24879.0,Scheduled - Deadline Met,Yes,Yes,3600.372506380081,60.00620843966802,9,11269.0,Gurobi Status: 9
F9,P9_1,1,0,400000,2149,211622.0,213771.0,213771.0,Scheduled - Deadline Met,Yes,Yes,3600.372506380081,60.00620843966802,9,11269.0,Gurobi Status: 9
F9,P9_2,1,400000,800000,2149,562441.0,564590.0,164590.0,Scheduled - Deadline Met,Yes,Yes,3600.372506380081,60.00620843966802,9,11269.0,Gurobi Status: 9
F9,P9_3,8,800000,1200000,2149,886069.0,888218.0,88218.0,Scheduled - Deadline Met,Yes,Yes,3600.372506380081,60.00620843966802,9,11269.0,Gurobi Status: 9
F9,P9_4,1,1200000,1600000,2149,1331541.0,1333690.0,133690.0,Scheduled - Deadline Met,Yes,Yes,3600.372506380081,60.00620843966802,9,11269.0,Gurobi Status: 9
F9,P9_5,1,1600000,2000000,2149,1767387.0,1769536.0,169536.0,Scheduled - Deadline Met,Yes,Yes,3600.372506380081,60.00620843966802,9,11269.0,Gurobi Status: 9
F9,P9_6,8,2000000,2400000,2149,,,,Optional Packets- Not Scheduled,No,N/A,3600.372506380081,60.00620843966802,9,11269.0,Gurobi Status: 9
