Flow,Packet,Class,Arrival,Deadline,Execution Time,Gate Open,Gate Close,Response Time,Status,Scheduled,Deadline Met,Solver_Execution_Time_Seconds,Solver_Execution_Time_Minutes,Solver_Status,Objective_Value,Stopping_Reason
F1,P1_1,8,0,50000,1851,12626.0,14477.0,14477.0,Scheduled - Deadline Met,Yes,Yes,3601.0357613563538,60.01726268927256,9,8792.0,Gurobi Status: 9
F1,P1_2,7,50000,100000,1851,96558.0,98409.0,48409.0,Scheduled - Deadline Met,Yes,Yes,3601.0357613563538,60.01726268927256,9,8792.0,Gurobi Status: 9
F1,P1_3,7,100000,150000,1851,143227.0,145078.0,45078.0,Scheduled - Deadline Met,Yes,Yes,3601.0357613563538,60.01726268927256,9,8792.0,Gurobi Status: 9
F1,P1_4,8,150000,200000,1851,197195.0,199046.0,49046.0,Scheduled - Deadline Met,Yes,Yes,3601.0357613563538,60.01726268927256,9,8792.0,Gurobi Status: 9
F1,P1_5,7,200000,250000,1851,216366.0,218217.0,18217.0,Scheduled - Deadline Met,Yes,Yes,3601.0357613563538,60.01726268927256,9,8792.0,Gurobi Status: 9
F1,P1_6,7,250000,300000,1851,288776.0,290627.0,40627.0,Scheduled - Deadline Met,Yes,Yes,3601.0357613563538,60.01726268927256,9,8792.0,Gurobi Status: 9
F1,P1_7,8,300000,350000,1851,319267.0,321118.0,21118.0,Scheduled - Deadline Met,Yes,Yes,3601.0357613563538,60.01726268927256,9,8792.0,Gurobi Status: 9
F1,P1_8,7,350000,400000,1851,376299.0,378150.0,28150.0,Scheduled - Deadline Met,Yes,Yes,3601.0357613563538,60.01726268927256,9,8792.0,Gurobi Status: 9
F1,P1_9,7,400000,450000,1851,416706.0,418557.0,18557.0,Scheduled - Deadline Met,Yes,Yes,3601.0357613563538,60.01726268927256,9,8792.0,Gurobi Status: 9
F1,P1_10,8,450000,500000,1851,498053.0,499904.0,49904.0,Scheduled - Deadline Met,Yes,Yes,3601.0357613563538,60.01726268927256,9,8792.0,Gurobi Status: 9
F1,P1_11,7,500000,550000,1851,545219.0,547070.0,47070.0,Scheduled - Deadline Met,Yes,Yes,3601.0357613563538,60.01726268927256,9,8792.0,Gurobi Status: 9
F1,P1_12,7,550000,600000,1851,582624.0,584475.0,34475.0,Scheduled - Deadline Met,Yes,Yes,3601.0357613563538,60.01726268927256,9,8792.0,Gurobi Status: 9
F1,P1_13,8,600000,650000,1851,617433.0,619284.0,19284.0,Scheduled - Deadline Met,Yes,Yes,3601.0357613563538,60.01726268927256,9,8792.0,Gurobi Status: 9
F1,P1_14,7,650000,700000,1851,687387.0,689238.0,39238.0,Scheduled - Deadline Met,Yes,Yes,3601.0357613563538,60.01726268927256,9,8792.0,Gurobi Status: 9
F1,P1_15,7,700000,750000,1851,742692.0,744543.0,44543.0,Scheduled - Deadline Met,Yes,Yes,3601.0357613563538,60.01726268927256,9,8792.0,Gurobi Status: 9
F1,P1_16,8,750000,800000,1851,,,,Optional Packets- Not Scheduled,No,N/A,3601.0357613563538,60.01726268927256,9,8792.0,Gurobi Status: 9
F1,P1_17,7,800000,850000,1851,800000.0,801851.0,1851.0,Scheduled - Deadline Met,Yes,Yes,3601.0357613563538,60.01726268927256,9,8792.0,Gurobi Status: 9
F1,P1_18,7,850000,900000,1851,886292.0,888143.0,38143.0,Scheduled - Deadline Met,Yes,Yes,3601.0357613563538,60.01726268927256,9,8792.0,Gurobi Status: 9
F1,P1_19,8,900000,950000,1851,909021.0,910872.0,10872.0,Scheduled - Deadline Met,Yes,Yes,3601.0357613563538,60.01726268927256,9,8792.0,Gurobi Status: 9
F1,P1_20,7,950000,1000000,1851,969950.0,971801.0,21801.0,Scheduled - Deadline Met,Yes,Yes,3601.0357613563538,60.01726268927256,9,8792.0,Gurobi Status: 9
F1,P1_21,7,1000000,1050000,1851,1002167.0,1004018.0,4018.0,Scheduled - Deadline Met,Yes,Yes,3601.0357613563538,60.01726268927256,9,8792.0,Gurobi Status: 9
F1,P1_22,8,1050000,1100000,1851,1098053.0,1099904.0,49904.0,Scheduled - Deadline Met,Yes,Yes,3601.0357613563538,60.01726268927256,9,8792.0,Gurobi Status: 9
F1,P1_23,7,1100000,1150000,1851,1144803.0,1146654.0,46654.0,Scheduled - Deadline Met,Yes,Yes,3601.0357613563538,60.01726268927256,9,8792.0,Gurobi Status: 9
F1,P1_24,7,1150000,1200000,1851,1178606.0,1180457.0,30457.0,Scheduled - Deadline Met,Yes,Yes,3601.0357613563538,60.01726268927256,9,8792.0,Gurobi Status: 9
F1,P1_25,8,1200000,1250000,1851,,,,Optional Packets- Not Scheduled,No,N/A,3601.0357613563538,60.01726268927256,9,8792.0,Gurobi Status: 9
F1,P1_26,7,1250000,1300000,1851,1267021.0,1268872.0,18872.0,Scheduled - Deadline Met,Yes,Yes,3601.0357613563538,60.01726268927256,9,8792.0,Gurobi Status: 9
F1,P1_27,7,1300000,1350000,1851,1332718.0,1334569.0,34569.0,Scheduled - Deadline Met,Yes,Yes,3601.0357613563538,60.01726268927256,9,8792.0,Gurobi Status: 9
F1,P1_28,8,1350000,1400000,1851,1351507.0,1353358.0,3358.0,Scheduled - Deadline Met,Yes,Yes,3601.0357613563538,60.01726268927256,9,8792.0,Gurobi Status: 9
F1,P1_29,7,1400000,1450000,1851,1411158.0,1413009.0,13009.0,Scheduled - Deadline Met,Yes,Yes,3601.0357613563538,60.01726268927256,9,8792.0,Gurobi Status: 9
F1,P1_30,7,1450000,1500000,1851,1484038.0,1485889.0,35889.0,Scheduled - Deadline Met,Yes,Yes,3601.0357613563538,60.01726268927256,9,8792.0,Gurobi Status: 9
F1,P1_31,8,1500000,1550000,1851,1546721.0,1548572.0,48572.0,Scheduled - Deadline Met,Yes,Yes,3601.0357613563538,60.01726268927256,9,8792.0,Gurobi Status: 9
F1,P1_32,7,1550000,1600000,1851,1583284.0,1585135.0,35135.0,Scheduled - Deadline Met,Yes,Yes,3601.0357613563538,60.01726268927256,9,8792.0,Gurobi Status: 9
F1,P1_33,7,1600000,1650000,1851,1610020.0,1611871.0,11871.0,Scheduled - Deadline Met,Yes,Yes,3601.0357613563538,60.01726268927256,9,8792.0,Gurobi Status: 9
F1,P1_34,8,1650000,1700000,1851,,,,Optional Packets- Not Scheduled,No,N/A,3601.0357613563538,60.01726268927256,9,8792.0,Gurobi Status: 9
F1,P1_35,7,1700000,1750000,1851,1718088.0,1719939.0,19939.0,Scheduled - Deadline Met,Yes,Yes,3601.0357613563538,60.01726268927256,9,8792.0,Gurobi Status: 9
F1,P1_36,7,1750000,1800000,1851,1763692.0,1765543.0,15543.0,Scheduled - Deadline Met,Yes,Yes,3601.0357613563538,60.01726268927256,9,8792.0,Gurobi Status: 9
F1,P1_37,8,1800000,1850000,1851,1808925.0,1810776.0,10776.0,Scheduled - Deadline Met,Yes,Yes,3601.0357613563538,60.01726268927256,9,8792.0,Gurobi Status: 9
F1,P1_38,7,1850000,1900000,1851,1887596.0,1889447.0,39447.0,Scheduled - Deadline Met,Yes,Yes,3601.0357613563538,60.01726268927256,9,8792.0,Gurobi Status: 9
F1,P1_39,7,1900000,1950000,1851,1904855.0,1906706.0,6706.0,Scheduled - Deadline Met,Yes,Yes,3601.0357613563538,60.01726268927256,9,8792.0,Gurobi Status: 9
F1,P1_40,8,1950000,2000000,1851,1963364.0,1965215.0,15215.0,Scheduled - Deadline Met,Yes,Yes,3601.0357613563538,60.01726268927256,9,8792.0,Gurobi Status: 9
F1,P1_41,7,2000000,2050000,1851,2000000.0,2001851.0,1851.0,Scheduled - Deadline Met,Yes,Yes,3601.0357613563538,60.01726268927256,9,8792.0,Gurobi Status: 9
F1,P1_42,7,2050000,2100000,1851,2096721.0,2098572.0,48572.0,Scheduled - Deadline Met,Yes,Yes,3601.0357613563538,60.01726268927256,9,8792.0,Gurobi Status: 9
F1,P1_43,8,2100000,2150000,1851,2132076.0,2133927.0,33927.0,Scheduled - Deadline Met,Yes,Yes,3601.0357613563538,60.01726268927256,9,8792.0,Gurobi Status: 9
F1,P1_44,7,2150000,2200000,1851,2177471.0,2179322.0,29322.0,Scheduled - Deadline Met,Yes,Yes,3601.0357613563538,60.01726268927256,9,8792.0,Gurobi Status: 9
F1,P1_45,7,2200000,2250000,1851,2244796.0,2246647.0,46647.0,Scheduled - Deadline Met,Yes,Yes,3601.0357613563538,60.01726268927256,9,8792.0,Gurobi Status: 9
F1,P1_46,8,2250000,2300000,1851,2294332.0,2296183.0,46183.0,Scheduled - Deadline Met,Yes,Yes,3601.0357613563538,60.01726268927256,9,8792.0,Gurobi Status: 9
F1,P1_47,7,2300000,2350000,1851,2331214.0,2333065.0,33065.0,Scheduled - Deadline Met,Yes,Yes,3601.0357613563538,60.01726268927256,9,8792.0,Gurobi Status: 9
F1,P1_48,7,2350000,2400000,1851,2387250.0,2389101.0,39101.0,Scheduled - Deadline Met,Yes,Yes,3601.0357613563538,60.01726268927256,9,8792.0,Gurobi Status: 9
F10,P10_1,5,0,400000,3993,165934.0,169927.0,169927.0,Scheduled - Deadline Met,Yes,Yes,3601.0357613563538,60.01726268927256,9,8792.0,Gurobi Status: 9
F10,P10_2,5,400000,800000,3993,534885.0,538878.0,138878.0,Scheduled - Deadline Met,Yes,Yes,3601.0357613563538,60.01726268927256,9,8792.0,Gurobi Status: 9
F10,P10_3,8,800000,1200000,3993,,,,Optional Packets- Not Scheduled,No,N/A,3601.0357613563538,60.01726268927256,9,8792.0,Gurobi Status: 9
F10,P10_4,5,1200000,1600000,3993,1334569.0,1338562.0,138562.0,Scheduled - Deadline Met,Yes,Yes,3601.0357613563538,60.01726268927256,9,8792.0,Gurobi Status: 9
F10,P10_5,5,1600000,2000000,3993,1759699.0,1763692.0,163692.0,Scheduled - Deadline Met,Yes,Yes,3601.0357613563538,60.01726268927256,9,8792.0,Gurobi Status: 9
F10,P10_6,8,2000000,2400000,3993,,,,Optional Packets- Not Scheduled,No,N/A,3601.0357613563538,60.01726268927256,9,8792.0,Gurobi Status: 9
F11,P11_1,8,0,400000,2487,123770.0,126257.0,126257.0,Scheduled - Deadline Met,Yes,Yes,3601.0357613563538,60.01726268927256,9,8792.0,Gurobi Status: 9
F11,P11_2,4,400000,800000,2487,463854.0,466341.0,66341.0,Scheduled - Deadline Met,Yes,Yes,3601.0357613563538,60.01726268927256,9,8792.0,Gurobi Status: 9
F11,P11_3,4,800000,1200000,2487,832251.0,834738.0,34738.0,Scheduled - Deadline Met,Yes,Yes,3601.0357613563538,60.01726268927256,9,8792.0,Gurobi Status: 9
F11,P11_4,8,1200000,1600000,2487,,,,Optional Packets- Not Scheduled,No,N/A,3601.0357613563538,60.01726268927256,9,8792.0,Gurobi Status: 9
F11,P11_5,4,1600000,2000000,2487,1632825.0,1635312.0,35312.0,Scheduled - Deadline Met,Yes,Yes,3601.0357613563538,60.01726268927256,9,8792.0,Gurobi Status: 9
F11,P11_6,4,2000000,2400000,2487,2043745.0,2046232.0,46232.0,Scheduled - Deadline Met,Yes,Yes,3601.0357613563538,60.01726268927256,9,8792.0,Gurobi Status: 9
F12,P12_1,1,0,400000,911,74052.0,74963.0,74963.0,Scheduled - Deadline Met,Yes,Yes,3601.0357613563538,60.01726268927256,9,8792.0,Gurobi Status: 9
F12,P12_2,1,400000,800000,911,451565.0,452476.0,52476.0,Scheduled - Deadline Met,Yes,Yes,3601.0357613563538,60.01726268927256,9,8792.0,Gurobi Status: 9
F12,P12_3,8,800000,1200000,911,894929.0,895840.0,95840.0,Scheduled - Deadline Met,Yes,Yes,3601.0357613563538,60.01726268927256,9,8792.0,Gurobi Status: 9
F12,P12_4,1,1200000,1600000,911,1200000.0,1200911.0,911.0,Scheduled - Deadline Met,Yes,Yes,3601.0357613563538,60.01726268927256,9,8792.0,Gurobi Status: 9
F12,P12_5,1,1600000,2000000,911,1648899.0,1649810.0,49810.0,Scheduled - Deadline Met,Yes,Yes,3601.0357613563538,60.01726268927256,9,8792.0,Gurobi Status: 9
F12,P12_6,8,2000000,2400000,911,2068617.0,2069528.0,69528.0,Scheduled - Deadline Met,Yes,Yes,3601.0357613563538,60.01726268927256,9,8792.0,Gurobi Status: 9
F13,P13_1,4,0,100000,6245,29617.0,35862.0,35862.0,Scheduled - Deadline Met,Yes,Yes,3601.0357613563538,60.01726268927256,9,8792.0,Gurobi Status: 9
F13,P13_2,8,100000,200000,6245,,,,Optional Packets- Not Scheduled,No,N/A,3601.0357613563538,60.01726268927256,9,8792.0,Gurobi Status: 9
F13,P13_3,4,200000,300000,6245,219660.0,225905.0,25905.0,Scheduled - Deadline Met,Yes,Yes,3601.0357613563538,60.01726268927256,9,8792.0,Gurobi Status: 9
F13,P13_4,4,300000,400000,6245,333887.0,340132.0,40132.0,Scheduled - Deadline Met,Yes,Yes,3601.0357613563538,60.01726268927256,9,8792.0,Gurobi Status: 9
F13,P13_5,8,400000,500000,6245,,,,Optional Packets- Not Scheduled,No,N/A,3601.0357613563538,60.01726268927256,9,8792.0,Gurobi Status: 9
F13,P13_6,4,500000,600000,6245,538878.0,545123.0,45123.0,Scheduled - Deadline Met,Yes,Yes,3601.0357613563538,60.01726268927256,9,8792.0,Gurobi Status: 9
F13,P13_7,4,600000,700000,6245,641809.0,648054.0,48054.0,Scheduled - Deadline Met,Yes,Yes,3601.0357613563538,60.01726268927256,9,8792.0,Gurobi Status: 9
F13,P13_8,8,700000,800000,6245,721246.0,727491.0,27491.0,Scheduled - Deadline Met,Yes,Yes,3601.0357613563538,60.01726268927256,9,8792.0,Gurobi Status: 9
F13,P13_9,4,800000,900000,6245,823434.0,829679.0,29679.0,Scheduled - Deadline Met,Yes,Yes,3601.0357613563538,60.01726268927256,9,8792.0,Gurobi Status: 9
F13,P13_10,4,900000,1000000,6245,924765.0,931010.0,31010.0,Scheduled - Deadline Met,Yes,Yes,3601.0357613563538,60.01726268927256,9,8792.0,Gurobi Status: 9
F13,P13_11,8,1000000,1100000,6245,1014246.0,1020491.0,20491.0,Scheduled - Deadline Met,Yes,Yes,3601.0357613563538,60.01726268927256,9,8792.0,Gurobi Status: 9
F13,P13_12,4,1100000,1200000,6245,1146750.0,1152995.0,52995.0,Scheduled - Deadline Met,Yes,Yes,3601.0357613563538,60.01726268927256,9,8792.0,Gurobi Status: 9
F13,P13_13,4,1200000,1300000,6245,1202953.0,1209198.0,9198.0,Scheduled - Deadline Met,Yes,Yes,3601.0357613563538,60.01726268927256,9,8792.0,Gurobi Status: 9
F13,P13_14,8,1300000,1400000,6245,,,,Optional Packets- Not Scheduled,No,N/A,3601.0357613563538,60.01726268927256,9,8792.0,Gurobi Status: 9
F13,P13_15,4,1400000,1500000,6245,1423672.0,1429917.0,29917.0,Scheduled - Deadline Met,Yes,Yes,3601.0357613563538,60.01726268927256,9,8792.0,Gurobi Status: 9
F13,P13_16,4,1500000,1600000,6245,1524255.0,1530500.0,30500.0,Scheduled - Deadline Met,Yes,Yes,3601.0357613563538,60.01726268927256,9,8792.0,Gurobi Status: 9
F13,P13_17,8,1600000,1700000,6245,,,,Optional Packets- Not Scheduled,No,N/A,3601.0357613563538,60.01726268927256,9,8792.0,Gurobi Status: 9
F13,P13_18,4,1700000,1800000,6245,1737041.0,1743286.0,43286.0,Scheduled - Deadline Met,Yes,Yes,3601.0357613563538,60.01726268927256,9,8792.0,Gurobi Status: 9
F13,P13_19,4,1800000,1900000,6245,1849878.0,1856123.0,56123.0,Scheduled - Deadline Met,Yes,Yes,3601.0357613563538,60.01726268927256,9,8792.0,Gurobi Status: 9
F13,P13_20,8,1900000,2000000,6245,1950096.0,1956341.0,56341.0,Scheduled - Deadline Met,Yes,Yes,3601.0357613563538,60.01726268927256,9,8792.0,Gurobi Status: 9
F13,P13_21,4,2000000,2100000,6245,2008748.0,2014993.0,14993.0,Scheduled - Deadline Met,Yes,Yes,3601.0357613563538,60.01726268927256,9,8792.0,Gurobi Status: 9
F13,P13_22,4,2100000,2200000,6245,2102450.0,2108695.0,8695.0,Scheduled - Deadline Met,Yes,Yes,3601.0357613563538,60.01726268927256,9,8792.0,Gurobi Status: 9
F13,P13_23,8,2200000,2300000,6245,2220647.0,2226892.0,26892.0,Scheduled - Deadline Met,Yes,Yes,3601.0357613563538,60.01726268927256,9,8792.0,Gurobi Status: 9
F13,P13_24,4,2300000,2400000,6245,2374654.0,2380899.0,80899.0,Scheduled - Deadline Met,Yes,Yes,3601.0357613563538,60.01726268927256,9,8792.0,Gurobi Status: 9
F14,P14_1,5,0,100000,1976,35958.0,37934.0,37934.0,Scheduled - Deadline Met,Yes,Yes,3601.0357613563538,60.01726268927256,9,8792.0,Gurobi Status: 9
F14,P14_2,8,100000,200000,1976,190268.0,192244.0,92244.0,Scheduled - Deadline Met,Yes,Yes,3601.0357613563538,60.01726268927256,9,8792.0,Gurobi Status: 9
F14,P14_3,5,200000,300000,1976,290723.0,292699.0,92699.0,Scheduled - Deadline Met,Yes,Yes,3601.0357613563538,60.01726268927256,9,8792.0,Gurobi Status: 9
F14,P14_4,5,300000,400000,1976,370948.0,372924.0,72924.0,Scheduled - Deadline Met,Yes,Yes,3601.0357613563538,60.01726268927256,9,8792.0,Gurobi Status: 9
F14,P14_5,8,400000,500000,1976,,,,Optional Packets- Not Scheduled,No,N/A,3601.0357613563538,60.01726268927256,9,8792.0,Gurobi Status: 9
F14,P14_6,5,500000,600000,1976,579124.0,581100.0,81100.0,Scheduled - Deadline Met,Yes,Yes,3601.0357613563538,60.01726268927256,9,8792.0,Gurobi Status: 9
F14,P14_7,5,600000,700000,1976,669522.0,671498.0,71498.0,Scheduled - Deadline Met,Yes,Yes,3601.0357613563538,60.01726268927256,9,8792.0,Gurobi Status: 9
F14,P14_8,8,700000,800000,1976,747928.0,749904.0,49904.0,Scheduled - Deadline Met,Yes,Yes,3601.0357613563538,60.01726268927256,9,8792.0,Gurobi Status: 9
F14,P14_9,5,800000,900000,1976,821362.0,823338.0,23338.0,Scheduled - Deadline Met,Yes,Yes,3601.0357613563538,60.01726268927256,9,8792.0,Gurobi Status: 9
F14,P14_10,5,900000,1000000,1976,985717.0,987693.0,87693.0,Scheduled - Deadline Met,Yes,Yes,3601.0357613563538,60.01726268927256,9,8792.0,Gurobi Status: 9
F14,P14_11,8,1000000,1100000,1976,1083889.0,1085865.0,85865.0,Scheduled - Deadline Met,Yes,Yes,3601.0357613563538,60.01726268927256,9,8792.0,Gurobi Status: 9
F14,P14_12,5,1100000,1200000,1976,1175106.0,1177082.0,77082.0,Scheduled - Deadline Met,Yes,Yes,3601.0357613563538,60.01726268927256,9,8792.0,Gurobi Status: 9
F14,P14_13,5,1200000,1300000,1976,1232437.0,1234413.0,34413.0,Scheduled - Deadline Met,Yes,Yes,3601.0357613563538,60.01726268927256,9,8792.0,Gurobi Status: 9
F14,P14_14,8,1300000,1400000,1976,1349435.0,1351411.0,51411.0,Scheduled - Deadline Met,Yes,Yes,3601.0357613563538,60.01726268927256,9,8792.0,Gurobi Status: 9
F14,P14_15,5,1400000,1500000,1976,1409086.0,1411062.0,11062.0,Scheduled - Deadline Met,Yes,Yes,3601.0357613563538,60.01726268927256,9,8792.0,Gurobi Status: 9
F14,P14_16,5,1500000,1600000,1976,1530596.0,1532572.0,32572.0,Scheduled - Deadline Met,Yes,Yes,3601.0357613563538,60.01726268927256,9,8792.0,Gurobi Status: 9
F14,P14_17,8,1600000,1700000,1976,,,,Optional Packets- Not Scheduled,No,N/A,3601.0357613563538,60.01726268927256,9,8792.0,Gurobi Status: 9
F14,P14_18,5,1700000,1800000,1976,1774032.0,1776008.0,76008.0,Scheduled - Deadline Met,Yes,Yes,3601.0357613563538,60.01726268927256,9,8792.0,Gurobi Status: 9
F14,P14_19,5,1800000,1900000,1976,1861014.0,1862990.0,62990.0,Scheduled - Deadline Met,Yes,Yes,3601.0357613563538,60.01726268927256,9,8792.0,Gurobi Status: 9
F14,P14_20,8,1900000,2000000,1976,1956437.0,1958413.0,58413.0,Scheduled - Deadline Met,Yes,Yes,3601.0357613563538,60.01726268927256,9,8792.0,Gurobi Status: 9
F14,P14_21,5,2000000,2100000,1976,2046328.0,2048304.0,48304.0,Scheduled - Deadline Met,Yes,Yes,3601.0357613563538,60.01726268927256,9,8792.0,Gurobi Status: 9
F14,P14_22,5,2100000,2200000,1976,2171329.0,2173305.0,73305.0,Scheduled - Deadline Met,Yes,Yes,3601.0357613563538,60.01726268927256,9,8792.0,Gurobi Status: 9
F14,P14_23,8,2200000,2300000,1976,2280168.0,2282144.0,82144.0,Scheduled - Deadline Met,Yes,Yes,3601.0357613563538,60.01726268927256,9,8792.0,Gurobi Status: 9
F14,P14_24,5,2300000,2400000,1976,2389197.0,2391173.0,91173.0,Scheduled - Deadline Met,Yes,Yes,3601.0357613563538,60.01726268927256,9,8792.0,Gurobi Status: 9
F15,P15_1,3,0,200000,2380,71576.0,73956.0,73956.0,Scheduled - Deadline Met,Yes,Yes,3601.0357613563538,60.01726268927256,9,8792.0,Gurobi Status: 9
F15,P15_2,3,200000,400000,2380,230762.0,233142.0,33142.0,Scheduled - Deadline Met,Yes,Yes,3601.0357613563538,60.01726268927256,9,8792.0,Gurobi Status: 9
F15,P15_3,8,400000,600000,2380,,,,Optional Packets- Not Scheduled,No,N/A,3601.0357613563538,60.01726268927256,9,8792.0,Gurobi Status: 9
F15,P15_4,3,600000,800000,2380,664727.0,667107.0,67107.0,Scheduled - Deadline Met,Yes,Yes,3601.0357613563538,60.01726268927256,9,8792.0,Gurobi Status: 9
F15,P15_5,3,800000,1000000,2380,829775.0,832155.0,32155.0,Scheduled - Deadline Met,Yes,Yes,3601.0357613563538,60.01726268927256,9,8792.0,Gurobi Status: 9
F15,P15_6,8,1000000,1200000,2380,1090722.0,1093102.0,93102.0,Scheduled - Deadline Met,Yes,Yes,3601.0357613563538,60.01726268927256,9,8792.0,Gurobi Status: 9
F15,P15_7,3,1200000,1400000,2380,1249609.0,1251989.0,51989.0,Scheduled - Deadline Met,Yes,Yes,3601.0357613563538,60.01726268927256,9,8792.0,Gurobi Status: 9
F15,P15_8,3,1400000,1600000,2380,1472955.0,1475335.0,75335.0,Scheduled - Deadline Met,Yes,Yes,3601.0357613563538,60.01726268927256,9,8792.0,Gurobi Status: 9
F15,P15_9,8,1600000,1800000,2380,,,,Optional Packets- Not Scheduled,No,N/A,3601.0357613563538,60.01726268927256,9,8792.0,Gurobi Status: 9
F15,P15_10,3,1800000,2000000,2380,1856219.0,1858599.0,58599.0,Scheduled - Deadline Met,Yes,Yes,3601.0357613563538,60.01726268927256,9,8792.0,Gurobi Status: 9
F15,P15_11,3,2000000,2200000,2380,2033896.0,2036276.0,36276.0,Scheduled - Deadline Met,Yes,Yes,3601.0357613563538,60.01726268927256,9,8792.0,Gurobi Status: 9
F15,P15_12,8,2200000,2400000,2380,2287001.0,2289381.0,89381.0,Scheduled - Deadline Met,Yes,Yes,3601.0357613563538,60.01726268927256,9,8792.0,Gurobi Status: 9
F16,P16_1,4,0,400000,5885,65595.0,71480.0,71480.0,Scheduled - Deadline Met,Yes,Yes,3601.0357613563538,60.01726268927256,9,8792.0,Gurobi Status: 9
F16,P16_2,4,400000,800000,5885,452572.0,458457.0,58457.0,Scheduled - Deadline Met,Yes,Yes,3601.0357613563538,60.01726268927256,9,8792.0,Gurobi Status: 9
F16,P16_3,8,800000,1200000,5885,,,,Optional Packets- Not Scheduled,No,N/A,3601.0357613563538,60.01726268927256,9,8792.0,Gurobi Status: 9
F16,P16_4,4,1200000,1600000,5885,1259708.0,1265593.0,65593.0,Scheduled - Deadline Met,Yes,Yes,3601.0357613563538,60.01726268927256,9,8792.0,Gurobi Status: 9
F16,P16_5,4,1600000,2000000,5885,1626844.0,1632729.0,32729.0,Scheduled - Deadline Met,Yes,Yes,3601.0357613563538,60.01726268927256,9,8792.0,Gurobi Status: 9
F16,P16_6,8,2000000,2400000,5885,,,,Optional Packets- Not Scheduled,No,N/A,3601.0357613563538,60.01726268927256,9,8792.0,Gurobi Status: 9
F17,P17_1,3,0,100000,9774,38030.0,47804.0,47804.0,Scheduled - Deadline Met,Yes,Yes,3601.0357613563538,60.01726268927256,9,8792.0,Gurobi Status: 9
F17,P17_2,3,100000,200000,9774,150029.0,159803.0,59803.0,Scheduled - Deadline Met,Yes,Yes,3601.0357613563538,60.01726268927256,9,8792.0,Gurobi Status: 9
F17,P17_3,8,200000,300000,9774,234666.0,244440.0,44440.0,Scheduled - Deadline Met,Yes,Yes,3601.0357613563538,60.01726268927256,9,8792.0,Gurobi Status: 9
F17,P17_4,3,300000,400000,9774,340228.0,350002.0,50002.0,Scheduled - Deadline Met,Yes,Yes,3601.0357613563538,60.01726268927256,9,8792.0,Gurobi Status: 9
F17,P17_5,3,400000,500000,9774,418653.0,428427.0,28427.0,Scheduled - Deadline Met,Yes,Yes,3601.0357613563538,60.01726268927256,9,8792.0,Gurobi Status: 9
F17,P17_6,8,500000,600000,9774,505498.0,515272.0,15272.0,Scheduled - Deadline Met,Yes,Yes,3601.0357613563538,60.01726268927256,9,8792.0,Gurobi Status: 9
F17,P17_7,3,600000,700000,9774,650096.0,659870.0,59870.0,Scheduled - Deadline Met,Yes,Yes,3601.0357613563538,60.01726268927256,9,8792.0,Gurobi Status: 9
F17,P17_8,3,700000,800000,9774,771350.0,781124.0,81124.0,Scheduled - Deadline Met,Yes,Yes,3601.0357613563538,60.01726268927256,9,8792.0,Gurobi Status: 9
F17,P17_9,8,800000,900000,9774,,,,Optional Packets- Not Scheduled,No,N/A,3601.0357613563538,60.01726268927256,9,8792.0,Gurobi Status: 9
F17,P17_10,3,900000,1000000,9774,937443.0,947217.0,47217.0,Scheduled - Deadline Met,Yes,Yes,3601.0357613563538,60.01726268927256,9,8792.0,Gurobi Status: 9
F17,P17_11,3,1000000,1100000,9774,1041256.0,1051030.0,51030.0,Scheduled - Deadline Met,Yes,Yes,3601.0357613563538,60.01726268927256,9,8792.0,Gurobi Status: 9
F17,P17_12,8,1100000,1200000,9774,,,,Optional Packets- Not Scheduled,No,N/A,3601.0357613563538,60.01726268927256,9,8792.0,Gurobi Status: 9
F17,P17_13,3,1200000,1300000,9774,1217806.0,1227580.0,27580.0,Scheduled - Deadline Met,Yes,Yes,3601.0357613563538,60.01726268927256,9,8792.0,Gurobi Status: 9
F17,P17_14,3,1300000,1400000,9774,1367444.0,1377218.0,77218.0,Scheduled - Deadline Met,Yes,Yes,3601.0357613563538,60.01726268927256,9,8792.0,Gurobi Status: 9
F17,P17_15,8,1400000,1500000,9774,,,,Optional Packets- Not Scheduled,No,N/A,3601.0357613563538,60.01726268927256,9,8792.0,Gurobi Status: 9
F17,P17_16,3,1500000,1600000,9774,1562838.0,1572612.0,72612.0,Scheduled - Deadline Met,Yes,Yes,3601.0357613563538,60.01726268927256,9,8792.0,Gurobi Status: 9
F17,P17_17,3,1600000,1700000,9774,1614655.0,1624429.0,24429.0,Scheduled - Deadline Met,Yes,Yes,3601.0357613563538,60.01726268927256,9,8792.0,Gurobi Status: 9
F17,P17_18,8,1700000,1800000,9774,1785865.0,1795639.0,95639.0,Scheduled - Deadline Met,Yes,Yes,3601.0357613563538,60.01726268927256,9,8792.0,Gurobi Status: 9
F17,P17_19,3,1800000,1900000,9774,1835247.0,1845021.0,45021.0,Scheduled - Deadline Met,Yes,Yes,3601.0357613563538,60.01726268927256,9,8792.0,Gurobi Status: 9
F17,P17_20,3,1900000,2000000,9774,1909307.0,1919081.0,19081.0,Scheduled - Deadline Met,Yes,Yes,3601.0357613563538,60.01726268927256,9,8792.0,Gurobi Status: 9
F17,P17_21,8,2000000,2100000,9774,,,,Optional Packets- Not Scheduled,No,N/A,3601.0357613563538,60.01726268927256,9,8792.0,Gurobi Status: 9
F17,P17_22,3,2100000,2200000,9774,2145874.0,2155648.0,55648.0,Scheduled - Deadline Met,Yes,Yes,3601.0357613563538,60.01726268927256,9,8792.0,Gurobi Status: 9
F17,P17_23,3,2200000,2300000,9774,2250140.0,2259914.0,59914.0,Scheduled - Deadline Met,Yes,Yes,3601.0357613563538,60.01726268927256,9,8792.0,Gurobi Status: 9
F17,P17_24,8,2300000,2400000,9774,2348668.0,2358442.0,58442.0,Scheduled - Deadline Met,Yes,Yes,3601.0357613563538,60.01726268927256,9,8792.0,Gurobi Status: 9
F18,P18_1,3,0,50000,1850,0.0,1850.0,1850.0,Scheduled - Deadline Met,Yes,Yes,3601.0357613563538,60.01726268927256,9,8792.0,Gurobi Status: 9
F18,P18_2,3,50000,100000,1850,92445.0,94295.0,44295.0,Scheduled - Deadline Met,Yes,Yes,3601.0357613563538,60.01726268927256,9,8792.0,Gurobi Status: 9
F18,P18_3,8,100000,150000,1850,,,,Optional Packets- Not Scheduled,No,N/A,3601.0357613563538,60.01726268927256,9,8792.0,Gurobi Status: 9
F18,P18_4,3,150000,200000,1850,185129.0,186979.0,36979.0,Scheduled - Deadline Met,Yes,Yes,3601.0357613563538,60.01726268927256,9,8792.0,Gurobi Status: 9
F18,P18_5,3,200000,250000,1850,214420.0,216270.0,16270.0,Scheduled - Deadline Met,Yes,Yes,3601.0357613563538,60.01726268927256,9,8792.0,Gurobi Status: 9
F18,P18_6,8,250000,300000,1850,262295.0,264145.0,14145.0,Scheduled - Deadline Met,Yes,Yes,3601.0357613563538,60.01726268927256,9,8792.0,Gurobi Status: 9
F18,P18_7,3,300000,350000,1850,306680.0,308530.0,8530.0,Scheduled - Deadline Met,Yes,Yes,3601.0357613563538,60.01726268927256,9,8792.0,Gurobi Status: 9
F18,P18_8,3,350000,400000,1850,389308.0,391158.0,41158.0,Scheduled - Deadline Met,Yes,Yes,3601.0357613563538,60.01726268927256,9,8792.0,Gurobi Status: 9
F18,P18_9,8,400000,450000,1850,,,,Optional Packets- Not Scheduled,No,N/A,3601.0357613563538,60.01726268927256,9,8792.0,Gurobi Status: 9
F18,P18_10,3,450000,500000,1850,477217.0,479067.0,29067.0,Scheduled - Deadline Met,Yes,Yes,3601.0357613563538,60.01726268927256,9,8792.0,Gurobi Status: 9
F18,P18_11,3,500000,550000,1850,547166.0,549016.0,49016.0,Scheduled - Deadline Met,Yes,Yes,3601.0357613563538,60.01726268927256,9,8792.0,Gurobi Status: 9
F18,P18_12,8,550000,600000,1850,584571.0,586421.0,36421.0,Scheduled - Deadline Met,Yes,Yes,3601.0357613563538,60.01726268927256,9,8792.0,Gurobi Status: 9
F18,P18_13,3,600000,650000,1850,648150.0,650000.0,50000.0,Scheduled - Deadline Met,Yes,Yes,3601.0357613563538,60.01726268927256,9,8792.0,Gurobi Status: 9
F18,P18_14,3,650000,700000,1850,697459.0,699309.0,49309.0,Scheduled - Deadline Met,Yes,Yes,3601.0357613563538,60.01726268927256,9,8792.0,Gurobi Status: 9
F18,P18_15,8,700000,750000,1850,717872.0,719722.0,19722.0,Scheduled - Deadline Met,Yes,Yes,3601.0357613563538,60.01726268927256,9,8792.0,Gurobi Status: 9
F18,P18_16,3,750000,800000,1850,797717.0,799567.0,49567.0,Scheduled - Deadline Met,Yes,Yes,3601.0357613563538,60.01726268927256,9,8792.0,Gurobi Status: 9
F18,P18_17,3,800000,850000,1850,814655.0,816505.0,16505.0,Scheduled - Deadline Met,Yes,Yes,3601.0357613563538,60.01726268927256,9,8792.0,Gurobi Status: 9
F18,P18_18,8,850000,900000,1850,898150.0,900000.0,50000.0,Scheduled - Deadline Met,Yes,Yes,3601.0357613563538,60.01726268927256,9,8792.0,Gurobi Status: 9
F18,P18_19,3,900000,950000,1850,922819.0,924669.0,24669.0,Scheduled - Deadline Met,Yes,Yes,3601.0357613563538,60.01726268927256,9,8792.0,Gurobi Status: 9
F18,P18_20,3,950000,1000000,1850,994026.0,995876.0,45876.0,Scheduled - Deadline Met,Yes,Yes,3601.0357613563538,60.01726268927256,9,8792.0,Gurobi Status: 9
F18,P18_21,8,1000000,1050000,1850,1010872.0,1012722.0,12722.0,Scheduled - Deadline Met,Yes,Yes,3601.0357613563538,60.01726268927256,9,8792.0,Gurobi Status: 9
F18,P18_22,3,1050000,1100000,1850,1051901.0,1053751.0,3751.0,Scheduled - Deadline Met,Yes,Yes,3601.0357613563538,60.01726268927256,9,8792.0,Gurobi Status: 9
F18,P18_23,3,1100000,1150000,1850,1142857.0,1144707.0,44707.0,Scheduled - Deadline Met,Yes,Yes,3601.0357613563538,60.01726268927256,9,8792.0,Gurobi Status: 9
F18,P18_24,8,1150000,1200000,1850,1185039.0,1186889.0,36889.0,Scheduled - Deadline Met,Yes,Yes,3601.0357613563538,60.01726268927256,9,8792.0,Gurobi Status: 9
F18,P18_25,3,1200000,1250000,1850,1201007.0,1202857.0,2857.0,Scheduled - Deadline Met,Yes,Yes,3601.0357613563538,60.01726268927256,9,8792.0,Gurobi Status: 9
F18,P18_26,3,1250000,1300000,1850,1268968.0,1270818.0,20818.0,Scheduled - Deadline Met,Yes,Yes,3601.0357613563538,60.01726268927256,9,8792.0,Gurobi Status: 9
F18,P18_27,8,1300000,1350000,1850,1346061.0,1347911.0,47911.0,Scheduled - Deadline Met,Yes,Yes,3601.0357613563538,60.01726268927256,9,8792.0,Gurobi Status: 9
F18,P18_28,3,1350000,1400000,1850,1390245.0,1392095.0,42095.0,Scheduled - Deadline Met,Yes,Yes,3601.0357613563538,60.01726268927256,9,8792.0,Gurobi Status: 9
F18,P18_29,3,1400000,1450000,1850,1421726.0,1423576.0,23576.0,Scheduled - Deadline Met,Yes,Yes,3601.0357613563538,60.01726268927256,9,8792.0,Gurobi Status: 9
F18,P18_30,8,1450000,1500000,1850,1498097.0,1499947.0,49947.0,Scheduled - Deadline Met,Yes,Yes,3601.0357613563538,60.01726268927256,9,8792.0,Gurobi Status: 9
F18,P18_31,3,1500000,1550000,1850,1516707.0,1518557.0,18557.0,Scheduled - Deadline Met,Yes,Yes,3601.0357613563538,60.01726268927256,9,8792.0,Gurobi Status: 9
F18,P18_32,3,1550000,1600000,1850,1596626.0,1598476.0,48476.0,Scheduled - Deadline Met,Yes,Yes,3601.0357613563538,60.01726268927256,9,8792.0,Gurobi Status: 9
F18,P18_33,8,1600000,1650000,1850,,,,Optional Packets- Not Scheduled,No,N/A,3601.0357613563538,60.01726268927256,9,8792.0,Gurobi Status: 9
F18,P18_34,3,1650000,1700000,1850,1652967.0,1654817.0,4817.0,Scheduled - Deadline Met,Yes,Yes,3601.0357613563538,60.01726268927256,9,8792.0,Gurobi Status: 9
F18,P18_35,3,1700000,1750000,1850,1722723.0,1724573.0,24573.0,Scheduled - Deadline Met,Yes,Yes,3601.0357613563538,60.01726268927256,9,8792.0,Gurobi Status: 9
F18,P18_36,8,1750000,1800000,1850,1798054.0,1799904.0,49904.0,Scheduled - Deadline Met,Yes,Yes,3601.0357613563538,60.01726268927256,9,8792.0,Gurobi Status: 9
F18,P18_37,3,1800000,1850000,1850,1833301.0,1835151.0,35151.0,Scheduled - Deadline Met,Yes,Yes,3601.0357613563538,60.01726268927256,9,8792.0,Gurobi Status: 9
F18,P18_38,3,1850000,1900000,1850,1882055.0,1883905.0,33905.0,Scheduled - Deadline Met,Yes,Yes,3601.0357613563538,60.01726268927256,9,8792.0,Gurobi Status: 9
F18,P18_39,8,1900000,1950000,1850,1946722.0,1948572.0,48572.0,Scheduled - Deadline Met,Yes,Yes,3601.0357613563538,60.01726268927256,9,8792.0,Gurobi Status: 9
F18,P18_40,3,1950000,2000000,1850,1986744.0,1988594.0,38594.0,Scheduled - Deadline Met,Yes,Yes,3601.0357613563538,60.01726268927256,9,8792.0,Gurobi Status: 9
F18,P18_41,3,2000000,2050000,1850,2006802.0,2008652.0,8652.0,Scheduled - Deadline Met,Yes,Yes,3601.0357613563538,60.01726268927256,9,8792.0,Gurobi Status: 9
F18,P18_42,8,2050000,2100000,1850,,,,Optional Packets- Not Scheduled,No,N/A,3601.0357613563538,60.01726268927256,9,8792.0,Gurobi Status: 9
F18,P18_43,3,2100000,2150000,1850,2100000.0,2101850.0,1850.0,Scheduled - Deadline Met,Yes,Yes,3601.0357613563538,60.01726268927256,9,8792.0,Gurobi Status: 9
F18,P18_44,3,2150000,2200000,1850,2183013.0,2184863.0,34863.0,Scheduled - Deadline Met,Yes,Yes,3601.0357613563538,60.01726268927256,9,8792.0,Gurobi Status: 9
F18,P18_45,8,2200000,2250000,1850,2217273.0,2219123.0,19123.0,Scheduled - Deadline Met,Yes,Yes,3601.0357613563538,60.01726268927256,9,8792.0,Gurobi Status: 9
F18,P18_46,3,2250000,2300000,1850,2273601.0,2275451.0,25451.0,Scheduled - Deadline Met,Yes,Yes,3601.0357613563538,60.01726268927256,9,8792.0,Gurobi Status: 9
F18,P18_47,3,2300000,2350000,1850,2336948.0,2338798.0,38798.0,Scheduled - Deadline Met,Yes,Yes,3601.0357613563538,60.01726268927256,9,8792.0,Gurobi Status: 9
F18,P18_48,8,2350000,2400000,1850,2360857.0,2362707.0,12707.0,Scheduled - Deadline Met,Yes,Yes,3601.0357613563538,60.01726268927256,9,8792.0,Gurobi Status: 9
F19,P19_1,8,0,400000,6581,,,,Optional Packets- Not Scheduled,No,N/A,3601.0357613563538,60.01726268927256,9,8792.0,Gurobi Status: 9
F19,P19_2,3,400000,800000,6581,437035.0,443616.0,43616.0,Scheduled - Deadline Met,Yes,Yes,3601.0357613563538,60.01726268927256,9,8792.0,Gurobi Status: 9
F19,P19_3,3,800000,1200000,6581,851274.0,857855.0,57855.0,Scheduled - Deadline Met,Yes,Yes,3601.0357613563538,60.01726268927256,9,8792.0,Gurobi Status: 9
F19,P19_4,8,1200000,1600000,6581,,,,Optional Packets- Not Scheduled,No,N/A,3601.0357613563538,60.01726268927256,9,8792.0,Gurobi Status: 9
F19,P19_5,3,1600000,2000000,6581,1636397.0,1642978.0,42978.0,Scheduled - Deadline Met,Yes,Yes,3601.0357613563538,60.01726268927256,9,8792.0,Gurobi Status: 9
F19,P19_6,3,2000000,2400000,6581,2037068.0,2043649.0,43649.0,Scheduled - Deadline Met,Yes,Yes,3601.0357613563538,60.01726268927256,9,8792.0,Gurobi Status: 9
F2,P2_1,3,0,200000,4665,50219.0,54884.0,54884.0,Scheduled - Deadline Met,Yes,Yes,3601.0357613563538,60.01726268927256,9,8792.0,Gurobi Status: 9
F2,P2_2,3,200000,400000,4665,226001.0,230666.0,30666.0,Scheduled - Deadline Met,Yes,Yes,3601.0357613563538,60.01726268927256,9,8792.0,Gurobi Status: 9
F2,P2_3,8,400000,600000,4665,,,,Optional Packets- Not Scheduled,No,N/A,3601.0357613563538,60.01726268927256,9,8792.0,Gurobi Status: 9
F2,P2_4,3,600000,800000,4665,659966.0,664631.0,64631.0,Scheduled - Deadline Met,Yes,Yes,3601.0357613563538,60.01726268927256,9,8792.0,Gurobi Status: 9
F2,P2_5,3,800000,1000000,4665,816601.0,821266.0,21266.0,Scheduled - Deadline Met,Yes,Yes,3601.0357613563538,60.01726268927256,9,8792.0,Gurobi Status: 9
F2,P2_6,8,1000000,1200000,4665,1085961.0,1090626.0,90626.0,Scheduled - Deadline Met,Yes,Yes,3601.0357613563538,60.01726268927256,9,8792.0,Gurobi Status: 9
F2,P2_7,3,1200000,1400000,4665,1227676.0,1232341.0,32341.0,Scheduled - Deadline Met,Yes,Yes,3601.0357613563538,60.01726268927256,9,8792.0,Gurobi Status: 9
F2,P2_8,3,1400000,1600000,4665,1430013.0,1434678.0,34678.0,Scheduled - Deadline Met,Yes,Yes,3601.0357613563538,60.01726268927256,9,8792.0,Gurobi Status: 9
F2,P2_9,8,1600000,1800000,4665,,,,Optional Packets- Not Scheduled,No,N/A,3601.0357613563538,60.01726268927256,9,8792.0,Gurobi Status: 9
F2,P2_10,3,1800000,2000000,4665,1845117.0,1849782.0,49782.0,Scheduled - Deadline Met,Yes,Yes,3601.0357613563538,60.01726268927256,9,8792.0,Gurobi Status: 9
F2,P2_11,3,2000000,2200000,4665,2015089.0,2019754.0,19754.0,Scheduled - Deadline Met,Yes,Yes,3601.0357613563538,60.01726268927256,9,8792.0,Gurobi Status: 9
F2,P2_12,8,2200000,2400000,4665,2282240.0,2286905.0,86905.0,Scheduled - Deadline Met,Yes,Yes,3601.0357613563538,60.01726268927256,9,8792.0,Gurobi Status: 9
F20,P20_1,8,0,50000,2592,7771.0,10363.0,10363.0,Scheduled - Deadline Met,Yes,Yes,3601.0357613563538,60.01726268927256,9,8792.0,Gurobi Status: 9
F20,P20_2,3,50000,100000,2592,74963.0,77555.0,27555.0,Scheduled - Deadline Met,Yes,Yes,3601.0357613563538,60.01726268927256,9,8792.0,Gurobi Status: 9
F20,P20_3,3,100000,150000,2592,147341.0,149933.0,49933.0,Scheduled - Deadline Met,Yes,Yes,3601.0357613563538,60.01726268927256,9,8792.0,Gurobi Status: 9
F20,P20_4,8,150000,200000,2592,192340.0,194932.0,44932.0,Scheduled - Deadline Met,Yes,Yes,3601.0357613563538,60.01726268927256,9,8792.0,Gurobi Status: 9
F20,P20_5,3,200000,250000,2592,211732.0,214324.0,14324.0,Scheduled - Deadline Met,Yes,Yes,3601.0357613563538,60.01726268927256,9,8792.0,Gurobi Status: 9
F20,P20_6,3,250000,300000,2592,292795.0,295387.0,45387.0,Scheduled - Deadline Met,Yes,Yes,3601.0357613563538,60.01726268927256,9,8792.0,Gurobi Status: 9
F20,P20_7,8,300000,350000,2592,314412.0,317004.0,17004.0,Scheduled - Deadline Met,Yes,Yes,3601.0357613563538,60.01726268927256,9,8792.0,Gurobi Status: 9
F20,P20_8,3,350000,400000,2592,359181.0,361773.0,11773.0,Scheduled - Deadline Met,Yes,Yes,3601.0357613563538,60.01726268927256,9,8792.0,Gurobi Status: 9
F20,P20_9,3,400000,450000,2592,400000.0,402592.0,2592.0,Scheduled - Deadline Met,Yes,Yes,3601.0357613563538,60.01726268927256,9,8792.0,Gurobi Status: 9
F20,P20_10,8,450000,500000,2592,493198.0,495790.0,45790.0,Scheduled - Deadline Met,Yes,Yes,3601.0357613563538,60.01726268927256,9,8792.0,Gurobi Status: 9
F20,P20_11,3,500000,550000,2592,530592.0,533184.0,33184.0,Scheduled - Deadline Met,Yes,Yes,3601.0357613563538,60.01726268927256,9,8792.0,Gurobi Status: 9
F20,P20_12,3,550000,600000,2592,597341.0,599933.0,49933.0,Scheduled - Deadline Met,Yes,Yes,3601.0357613563538,60.01726268927256,9,8792.0,Gurobi Status: 9
F20,P20_13,8,600000,650000,2592,612578.0,615170.0,15170.0,Scheduled - Deadline Met,Yes,Yes,3601.0357613563538,60.01726268927256,9,8792.0,Gurobi Status: 9
F20,P20_14,3,650000,700000,2592,673716.0,676308.0,26308.0,Scheduled - Deadline Met,Yes,Yes,3601.0357613563538,60.01726268927256,9,8792.0,Gurobi Status: 9
F20,P20_15,3,700000,750000,2592,702610.0,705202.0,5202.0,Scheduled - Deadline Met,Yes,Yes,3601.0357613563538,60.01726268927256,9,8792.0,Gurobi Status: 9
F20,P20_16,8,750000,800000,2592,750000.0,752592.0,2592.0,Scheduled - Deadline Met,Yes,Yes,3601.0357613563538,60.01726268927256,9,8792.0,Gurobi Status: 9
F20,P20_17,3,800000,850000,2592,809800.0,812392.0,12392.0,Scheduled - Deadline Met,Yes,Yes,3601.0357613563538,60.01726268927256,9,8792.0,Gurobi Status: 9
F20,P20_18,3,850000,900000,2592,890540.0,893132.0,43132.0,Scheduled - Deadline Met,Yes,Yes,3601.0357613563538,60.01726268927256,9,8792.0,Gurobi Status: 9
F20,P20_19,8,900000,950000,2592,904166.0,906758.0,6758.0,Scheduled - Deadline Met,Yes,Yes,3601.0357613563538,60.01726268927256,9,8792.0,Gurobi Status: 9
F20,P20_20,3,950000,1000000,2592,983029.0,985621.0,35621.0,Scheduled - Deadline Met,Yes,Yes,3601.0357613563538,60.01726268927256,9,8792.0,Gurobi Status: 9
F20,P20_21,3,1000000,1050000,2592,1004114.0,1006706.0,6706.0,Scheduled - Deadline Met,Yes,Yes,3601.0357613563538,60.01726268927256,9,8792.0,Gurobi Status: 9
F20,P20_22,8,1050000,1100000,2592,1093198.0,1095790.0,45790.0,Scheduled - Deadline Met,Yes,Yes,3601.0357613563538,60.01726268927256,9,8792.0,Gurobi Status: 9
F20,P20_23,3,1100000,1150000,2592,1115921.0,1118513.0,18513.0,Scheduled - Deadline Met,Yes,Yes,3601.0357613563538,60.01726268927256,9,8792.0,Gurobi Status: 9
F20,P20_24,3,1150000,1200000,2592,1197408.0,1200000.0,50000.0,Scheduled - Deadline Met,Yes,Yes,3601.0357613563538,60.01726268927256,9,8792.0,Gurobi Status: 9
F20,P20_25,8,1200000,1250000,2592,,,,Optional Packets- Not Scheduled,No,N/A,3601.0357613563538,60.01726268927256,9,8792.0,Gurobi Status: 9
F20,P20_26,3,1250000,1300000,2592,1255415.0,1258007.0,8007.0,Scheduled - Deadline Met,Yes,Yes,3601.0357613563538,60.01726268927256,9,8792.0,Gurobi Status: 9
F20,P20_27,3,1300000,1350000,2592,1327863.0,1330455.0,30455.0,Scheduled - Deadline Met,Yes,Yes,3601.0357613563538,60.01726268927256,9,8792.0,Gurobi Status: 9
F20,P20_28,8,1350000,1400000,2592,,,,Optional Packets- Not Scheduled,No,N/A,3601.0357613563538,60.01726268927256,9,8792.0,Gurobi Status: 9
F20,P20_29,3,1400000,1450000,2592,1414452.0,1417044.0,17044.0,Scheduled - Deadline Met,Yes,Yes,3601.0357613563538,60.01726268927256,9,8792.0,Gurobi Status: 9
F20,P20_30,3,1450000,1500000,2592,1488380.0,1490972.0,40972.0,Scheduled - Deadline Met,Yes,Yes,3601.0357613563538,60.01726268927256,9,8792.0,Gurobi Status: 9
F20,P20_31,8,1500000,1550000,2592,1541866.0,1544458.0,44458.0,Scheduled - Deadline Met,Yes,Yes,3601.0357613563538,60.01726268927256,9,8792.0,Gurobi Status: 9
F20,P20_32,3,1550000,1600000,2592,1580596.0,1583188.0,33188.0,Scheduled - Deadline Met,Yes,Yes,3601.0357613563538,60.01726268927256,9,8792.0,Gurobi Status: 9
F20,P20_33,3,1600000,1650000,2592,1611967.0,1614559.0,14559.0,Scheduled - Deadline Met,Yes,Yes,3601.0357613563538,60.01726268927256,9,8792.0,Gurobi Status: 9
F20,P20_34,8,1650000,1700000,2592,1695145.0,1697737.0,47737.0,Scheduled - Deadline Met,Yes,Yes,3601.0357613563538,60.01726268927256,9,8792.0,Gurobi Status: 9
F20,P20_35,3,1700000,1750000,2592,1720035.0,1722627.0,22627.0,Scheduled - Deadline Met,Yes,Yes,3601.0357613563538,60.01726268927256,9,8792.0,Gurobi Status: 9
F20,P20_36,3,1750000,1800000,2592,1779582.0,1782174.0,32174.0,Scheduled - Deadline Met,Yes,Yes,3601.0357613563538,60.01726268927256,9,8792.0,Gurobi Status: 9
F20,P20_37,8,1800000,1850000,2592,1804070.0,1806662.0,6662.0,Scheduled - Deadline Met,Yes,Yes,3601.0357613563538,60.01726268927256,9,8792.0,Gurobi Status: 9
F20,P20_38,3,1850000,1900000,2592,1875297.0,1877889.0,27889.0,Scheduled - Deadline Met,Yes,Yes,3601.0357613563538,60.01726268927256,9,8792.0,Gurobi Status: 9
F20,P20_39,3,1900000,1950000,2592,1900000.0,1902592.0,2592.0,Scheduled - Deadline Met,Yes,Yes,3601.0357613563538,60.01726268927256,9,8792.0,Gurobi Status: 9
F20,P20_40,8,1950000,2000000,2592,1958509.0,1961101.0,11101.0,Scheduled - Deadline Met,Yes,Yes,3601.0357613563538,60.01726268927256,9,8792.0,Gurobi Status: 9
F20,P20_41,3,2000000,2050000,2592,2004114.0,2006706.0,6706.0,Scheduled - Deadline Met,Yes,Yes,3601.0357613563538,60.01726268927256,9,8792.0,Gurobi Status: 9
F20,P20_42,3,2050000,2100000,2592,2094033.0,2096625.0,46625.0,Scheduled - Deadline Met,Yes,Yes,3601.0357613563538,60.01726268927256,9,8792.0,Gurobi Status: 9
F20,P20_43,8,2100000,2150000,2592,2127221.0,2129813.0,29813.0,Scheduled - Deadline Met,Yes,Yes,3601.0357613563538,60.01726268927256,9,8792.0,Gurobi Status: 9
F20,P20_44,3,2150000,2200000,2592,2168641.0,2171233.0,21233.0,Scheduled - Deadline Met,Yes,Yes,3601.0357613563538,60.01726268927256,9,8792.0,Gurobi Status: 9
F20,P20_45,3,2200000,2250000,2592,2208196.0,2210788.0,10788.0,Scheduled - Deadline Met,Yes,Yes,3601.0357613563538,60.01726268927256,9,8792.0,Gurobi Status: 9
F20,P20_46,8,2250000,2300000,2592,2289477.0,2292069.0,42069.0,Scheduled - Deadline Met,Yes,Yes,3601.0357613563538,60.01726268927256,9,8792.0,Gurobi Status: 9
F20,P20_47,3,2300000,2350000,2592,2319259.0,2321851.0,21851.0,Scheduled - Deadline Met,Yes,Yes,3601.0357613563538,60.01726268927256,9,8792.0,Gurobi Status: 9
F20,P20_48,3,2350000,2400000,2592,2380995.0,2383587.0,33587.0,Scheduled - Deadline Met,Yes,Yes,3601.0357613563538,60.01726268927256,9,8792.0,Gurobi Status: 9
F21,P21_1,2,0,400000,726,333065.0,333791.0,333791.0,Scheduled - Deadline Met,Yes,Yes,3601.0357613563538,60.01726268927256,9,8792.0,Gurobi Status: 9
F21,P21_2,2,400000,800000,726,600029.0,600755.0,200755.0,Scheduled - Deadline Met,Yes,Yes,3601.0357613563538,60.01726268927256,9,8792.0,Gurobi Status: 9
F21,P21_3,8,800000,1200000,726,895936.0,896662.0,96662.0,Scheduled - Deadline Met,Yes,Yes,3601.0357613563538,60.01726268927256,9,8792.0,Gurobi Status: 9
F21,P21_4,2,1200000,1600000,726,1338658.0,1339384.0,139384.0,Scheduled - Deadline Met,Yes,Yes,3601.0357613563538,60.01726268927256,9,8792.0,Gurobi Status: 9
F21,P21_5,2,1600000,2000000,726,1873224.0,1873950.0,273950.0,Scheduled - Deadline Met,Yes,Yes,3601.0357613563538,60.01726268927256,9,8792.0,Gurobi Status: 9
F21,P21_6,8,2000000,2400000,726,2069624.0,2070350.0,70350.0,Scheduled - Deadline Met,Yes,Yes,3601.0357613563538,60.01726268927256,9,8792.0,Gurobi Status: 9
F22,P22_1,8,0,400000,893,126353.0,127246.0,127246.0,Scheduled - Deadline Met,Yes,Yes,3601.0357613563538,60.01726268927256,9,8792.0,Gurobi Status: 9
F22,P22_2,4,400000,800000,893,467769.0,468662.0,68662.0,Scheduled - Deadline Met,Yes,Yes,3601.0357613563538,60.01726268927256,9,8792.0,Gurobi Status: 9
F22,P22_3,4,800000,1200000,893,857951.0,858844.0,58844.0,Scheduled - Deadline Met,Yes,Yes,3601.0357613563538,60.01726268927256,9,8792.0,Gurobi Status: 9
F22,P22_4,8,1200000,1600000,893,1341002.0,1341895.0,141895.0,Scheduled - Deadline Met,Yes,Yes,3601.0357613563538,60.01726268927256,9,8792.0,Gurobi Status: 9
F22,P22_5,4,1600000,2000000,893,1635408.0,1636301.0,36301.0,Scheduled - Deadline Met,Yes,Yes,3601.0357613563538,60.01726268927256,9,8792.0,Gurobi Status: 9
F22,P22_6,4,2000000,2400000,893,2059222.0,2060115.0,60115.0,Scheduled - Deadline Met,Yes,Yes,3601.0357613563538,60.01726268927256,9,8792.0,Gurobi Status: 9
F23,P23_1,4,0,100000,2223,47900.0,50123.0,50123.0,Scheduled - Deadline Met,Yes,Yes,3601.0357613563538,60.01726268927256,9,8792.0,Gurobi Status: 9
F23,P23_2,4,100000,200000,2223,178740.0,180963.0,80963.0,Scheduled - Deadline Met,Yes,Yes,3601.0357613563538,60.01726268927256,9,8792.0,Gurobi Status: 9
F23,P23_3,8,200000,300000,2223,255114.0,257337.0,57337.0,Scheduled - Deadline Met,Yes,Yes,3601.0357613563538,60.01726268927256,9,8792.0,Gurobi Status: 9
F23,P23_4,4,300000,400000,2223,365436.0,367659.0,67659.0,Scheduled - Deadline Met,Yes,Yes,3601.0357613563538,60.01726268927256,9,8792.0,Gurobi Status: 9
F23,P23_5,4,400000,500000,2223,428523.0,430746.0,30746.0,Scheduled - Deadline Met,Yes,Yes,3601.0357613563538,60.01726268927256,9,8792.0,Gurobi Status: 9
F23,P23_6,8,500000,600000,2223,,,,Optional Packets- Not Scheduled,No,N/A,3601.0357613563538,60.01726268927256,9,8792.0,Gurobi Status: 9
F23,P23_7,4,600000,700000,2223,667203.0,669426.0,69426.0,Scheduled - Deadline Met,Yes,Yes,3601.0357613563538,60.01726268927256,9,8792.0,Gurobi Status: 9
F23,P23_8,4,700000,800000,2223,781220.0,783443.0,83443.0,Scheduled - Deadline Met,Yes,Yes,3601.0357613563538,60.01726268927256,9,8792.0,Gurobi Status: 9
F23,P23_9,8,800000,900000,2223,,,,Optional Packets- Not Scheduled,No,N/A,3601.0357613563538,60.01726268927256,9,8792.0,Gurobi Status: 9
F23,P23_10,4,900000,1000000,2223,979282.0,981505.0,81505.0,Scheduled - Deadline Met,Yes,Yes,3601.0357613563538,60.01726268927256,9,8792.0,Gurobi Status: 9
F23,P23_11,4,1000000,1100000,2223,1038937.0,1041160.0,41160.0,Scheduled - Deadline Met,Yes,Yes,3601.0357613563538,60.01726268927256,9,8792.0,Gurobi Status: 9
F23,P23_12,8,1100000,1200000,2223,1182720.0,1184943.0,84943.0,Scheduled - Deadline Met,Yes,Yes,3601.0357613563538,60.01726268927256,9,8792.0,Gurobi Status: 9
F23,P23_13,4,1200000,1300000,2223,1209294.0,1211517.0,11517.0,Scheduled - Deadline Met,Yes,Yes,3601.0357613563538,60.01726268927256,9,8792.0,Gurobi Status: 9
F23,P23_14,4,1300000,1400000,2223,1384108.0,1386331.0,86331.0,Scheduled - Deadline Met,Yes,Yes,3601.0357613563538,60.01726268927256,9,8792.0,Gurobi Status: 9
F23,P23_15,8,1400000,1500000,2223,1450850.0,1453073.0,53073.0,Scheduled - Deadline Met,Yes,Yes,3601.0357613563538,60.01726268927256,9,8792.0,Gurobi Status: 9
F23,P23_16,4,1500000,1600000,2223,1560519.0,1562742.0,62742.0,Scheduled - Deadline Met,Yes,Yes,3601.0357613563538,60.01726268927256,9,8792.0,Gurobi Status: 9
F23,P23_17,4,1600000,1700000,2223,1624525.0,1626748.0,26748.0,Scheduled - Deadline Met,Yes,Yes,3601.0357613563538,60.01726268927256,9,8792.0,Gurobi Status: 9
F23,P23_18,8,1700000,1800000,2223,1795735.0,1797958.0,97958.0,Scheduled - Deadline Met,Yes,Yes,3601.0357613563538,60.01726268927256,9,8792.0,Gurobi Status: 9
F23,P23_19,4,1800000,1900000,2223,1858695.0,1860918.0,60918.0,Scheduled - Deadline Met,Yes,Yes,3601.0357613563538,60.01726268927256,9,8792.0,Gurobi Status: 9
F23,P23_20,4,1900000,2000000,2223,1978927.0,1981150.0,81150.0,Scheduled - Deadline Met,Yes,Yes,3601.0357613563538,60.01726268927256,9,8792.0,Gurobi Status: 9
F23,P23_21,8,2000000,2100000,2223,,,,Optional Packets- Not Scheduled,No,N/A,3601.0357613563538,60.01726268927256,9,8792.0,Gurobi Status: 9
F23,P23_22,4,2100000,2200000,2223,2162504.0,2164727.0,64727.0,Scheduled - Deadline Met,Yes,Yes,3601.0357613563538,60.01726268927256,9,8792.0,Gurobi Status: 9
F23,P23_23,4,2200000,2300000,2223,2210884.0,2213107.0,13107.0,Scheduled - Deadline Met,Yes,Yes,3601.0357613563538,60.01726268927256,9,8792.0,Gurobi Status: 9
F23,P23_24,8,2300000,2400000,2223,2358538.0,2360761.0,60761.0,Scheduled - Deadline Met,Yes,Yes,3601.0357613563538,60.01726268927256,9,8792.0,Gurobi Status: 9
F24,P24_1,6,0,200000,4766,98505.0,103271.0,103271.0,Scheduled - Deadline Met,Yes,Yes,3601.0357613563538,60.01726268927256,9,8792.0,Gurobi Status: 9
F24,P24_2,8,200000,400000,4766,257433.0,262199.0,62199.0,Scheduled - Deadline Met,Yes,Yes,3601.0357613563538,60.01726268927256,9,8792.0,Gurobi Status: 9
F24,P24_3,6,400000,600000,4766,549016.0,553782.0,153782.0,Scheduled - Deadline Met,Yes,Yes,3601.0357613563538,60.01726268927256,9,8792.0,Gurobi Status: 9
F24,P24_4,6,600000,800000,4766,788785.0,793551.0,193551.0,Scheduled - Deadline Met,Yes,Yes,3601.0357613563538,60.01726268927256,9,8792.0,Gurobi Status: 9
F24,P24_5,8,800000,1000000,4766,,,,Optional Packets- Not Scheduled,No,N/A,3601.0357613563538,60.01726268927256,9,8792.0,Gurobi Status: 9
F24,P24_6,6,1000000,1200000,4766,1170244.0,1175010.0,175010.0,Scheduled - Deadline Met,Yes,Yes,3601.0357613563538,60.01726268927256,9,8792.0,Gurobi Status: 9
F24,P24_7,6,1200000,1400000,4766,1377314.0,1382080.0,182080.0,Scheduled - Deadline Met,Yes,Yes,3601.0357613563538,60.01726268927256,9,8792.0,Gurobi Status: 9
F24,P24_8,8,1400000,1600000,4766,1493235.0,1498001.0,98001.0,Scheduled - Deadline Met,Yes,Yes,3601.0357613563538,60.01726268927256,9,8792.0,Gurobi Status: 9
F24,P24_9,6,1600000,1800000,4766,1743382.0,1748148.0,148148.0,Scheduled - Deadline Met,Yes,Yes,3601.0357613563538,60.01726268927256,9,8792.0,Gurobi Status: 9
F24,P24_10,6,1800000,2000000,4766,1922744.0,1927510.0,127510.0,Scheduled - Deadline Met,Yes,Yes,3601.0357613563538,60.01726268927256,9,8792.0,Gurobi Status: 9
F24,P24_11,8,2000000,2200000,4766,,,,Optional Packets- Not Scheduled,No,N/A,3601.0357613563538,60.01726268927256,9,8792.0,Gurobi Status: 9
F24,P24_12,6,2200000,2400000,4766,2314493.0,2319259.0,119259.0,Scheduled - Deadline Met,Yes,Yes,3601.0357613563538,60.01726268927256,9,8792.0,Gurobi Status: 9
F25,P25_1,8,0,400000,2634,121040.0,123674.0,123674.0,Scheduled - Deadline Met,Yes,Yes,3601.0357613563538,60.01726268927256,9,8792.0,Gurobi Status: 9
F25,P25_2,7,400000,800000,2634,525791.0,528425.0,128425.0,Scheduled - Deadline Met,Yes,Yes,3601.0357613563538,60.01726268927256,9,8792.0,Gurobi Status: 9
F25,P25_3,8,800000,1200000,2634,,,,Optional Packets- Not Scheduled,No,N/A,3601.0357613563538,60.01726268927256,9,8792.0,Gurobi Status: 9
F25,P25_4,7,1200000,1600000,2634,1252781.0,1255415.0,55415.0,Scheduled - Deadline Met,Yes,Yes,3601.0357613563538,60.01726268927256,9,8792.0,Gurobi Status: 9
F25,P25_5,8,1600000,2000000,2634,1691023.0,1693657.0,93657.0,Scheduled - Deadline Met,Yes,Yes,3601.0357613563538,60.01726268927256,9,8792.0,Gurobi Status: 9
F25,P25_6,7,2000000,2400000,2634,2089232.0,2091866.0,91866.0,Scheduled - Deadline Met,Yes,Yes,3601.0357613563538,60.01726268927256,9,8792.0,Gurobi Status: 9
F26,P26_1,8,0,200000,2409,,,,Optional Packets- Not Scheduled,No,N/A,3601.0357613563538,60.01726268927256,9,8792.0,Gurobi Status: 9
F26,P26_2,2,200000,400000,2409,391254.0,393663.0,193663.0,Scheduled - Deadline Met,Yes,Yes,3601.0357613563538,60.01726268927256,9,8792.0,Gurobi Status: 9
F26,P26_3,8,400000,600000,2409,,,,Optional Packets- Not Scheduled,No,N/A,3601.0357613563538,60.01726268927256,9,8792.0,Gurobi Status: 9
F26,P26_4,2,600000,800000,2409,765278.0,767687.0,167687.0,Scheduled - Deadline Met,Yes,Yes,3601.0357613563538,60.01726268927256,9,8792.0,Gurobi Status: 9
F26,P26_5,8,800000,1000000,2409,,,,Optional Packets- Not Scheduled,No,N/A,3601.0357613563538,60.01726268927256,9,8792.0,Gurobi Status: 9
F26,P26_6,2,1000000,1200000,2409,1156284.0,1158693.0,158693.0,Scheduled - Deadline Met,Yes,Yes,3601.0357613563538,60.01726268927256,9,8792.0,Gurobi Status: 9
F26,P26_7,8,1200000,1400000,2409,1280344.0,1282753.0,82753.0,Scheduled - Deadline Met,Yes,Yes,3601.0357613563538,60.01726268927256,9,8792.0,Gurobi Status: 9
F26,P26_8,2,1400000,1600000,2409,1518557.0,1520966.0,120966.0,Scheduled - Deadline Met,Yes,Yes,3601.0357613563538,60.01726268927256,9,8792.0,Gurobi Status: 9
F26,P26_9,8,1600000,1800000,2409,,,,Optional Packets- Not Scheduled,No,N/A,3601.0357613563538,60.01726268927256,9,8792.0,Gurobi Status: 9
F26,P26_10,2,1800000,2000000,2409,1906802.0,1909211.0,109211.0,Scheduled - Deadline Met,Yes,Yes,3601.0357613563538,60.01726268927256,9,8792.0,Gurobi Status: 9
F26,P26_11,8,2000000,2200000,2409,,,,Optional Packets- Not Scheduled,No,N/A,3601.0357613563538,60.01726268927256,9,8792.0,Gurobi Status: 9
F26,P26_12,2,2200000,2400000,2409,2267122.0,2269531.0,69531.0,Scheduled - Deadline Met,Yes,Yes,3601.0357613563538,60.01726268927256,9,8792.0,Gurobi Status: 9
F27,P27_1,8,0,50000,3974,,,,Optional Packets- Not Scheduled,No,N/A,3601.0357613563538,60.01726268927256,9,8792.0,Gurobi Status: 9
F27,P27_2,4,50000,100000,3974,77651.0,81625.0,31625.0,Scheduled - Deadline Met,Yes,Yes,3601.0357613563538,60.01726268927256,9,8792.0,Gurobi Status: 9
F27,P27_3,8,100000,150000,3974,128734.0,132708.0,32708.0,Scheduled - Deadline Met,Yes,Yes,3601.0357613563538,60.01726268927256,9,8792.0,Gurobi Status: 9
F27,P27_4,4,150000,200000,3974,181059.0,185033.0,35033.0,Scheduled - Deadline Met,Yes,Yes,3601.0357613563538,60.01726268927256,9,8792.0,Gurobi Status: 9
F27,P27_5,8,200000,250000,3974,,,,Optional Packets- Not Scheduled,No,N/A,3601.0357613563538,60.01726268927256,9,8792.0,Gurobi Status: 9
F27,P27_6,4,250000,300000,3974,284706.0,288680.0,38680.0,Scheduled - Deadline Met,Yes,Yes,3601.0357613563538,60.01726268927256,9,8792.0,Gurobi Status: 9
F27,P27_7,8,300000,350000,3974,310342.0,314316.0,14316.0,Scheduled - Deadline Met,Yes,Yes,3601.0357613563538,60.01726268927256,9,8792.0,Gurobi Status: 9
F27,P27_8,4,350000,400000,3974,383071.0,387045.0,37045.0,Scheduled - Deadline Met,Yes,Yes,3601.0357613563538,60.01726268927256,9,8792.0,Gurobi Status: 9
F27,P27_9,8,400000,450000,3974,,,,Optional Packets- Not Scheduled,No,N/A,3601.0357613563538,60.01726268927256,9,8792.0,Gurobi Status: 9
F27,P27_10,4,450000,500000,3974,473147.0,477121.0,27121.0,Scheduled - Deadline Met,Yes,Yes,3601.0357613563538,60.01726268927256,9,8792.0,Gurobi Status: 9
F27,P27_11,8,500000,550000,3974,500000.0,503974.0,3974.0,Scheduled - Deadline Met,Yes,Yes,3601.0357613563538,60.01726268927256,9,8792.0,Gurobi Status: 9
F27,P27_12,4,550000,600000,3974,558045.0,562019.0,12019.0,Scheduled - Deadline Met,Yes,Yes,3601.0357613563538,60.01726268927256,9,8792.0,Gurobi Status: 9
F27,P27_13,8,600000,650000,3974,608508.0,612482.0,12482.0,Scheduled - Deadline Met,Yes,Yes,3601.0357613563538,60.01726268927256,9,8792.0,Gurobi Status: 9
F27,P27_14,4,650000,700000,3974,689794.0,693768.0,43768.0,Scheduled - Deadline Met,Yes,Yes,3601.0357613563538,60.01726268927256,9,8792.0,Gurobi Status: 9
F27,P27_15,8,700000,750000,3974,713802.0,717776.0,17776.0,Scheduled - Deadline Met,Yes,Yes,3601.0357613563538,60.01726268927256,9,8792.0,Gurobi Status: 9
F27,P27_16,4,750000,800000,3974,793647.0,797621.0,47621.0,Scheduled - Deadline Met,Yes,Yes,3601.0357613563538,60.01726268927256,9,8792.0,Gurobi Status: 9
F27,P27_17,8,800000,850000,3974,,,,Optional Packets- Not Scheduled,No,N/A,3601.0357613563538,60.01726268927256,9,8792.0,Gurobi Status: 9
F27,P27_18,4,850000,900000,3974,877925.0,881899.0,31899.0,Scheduled - Deadline Met,Yes,Yes,3601.0357613563538,60.01726268927256,9,8792.0,Gurobi Status: 9
F27,P27_19,8,900000,950000,3974,900096.0,904070.0,4070.0,Scheduled - Deadline Met,Yes,Yes,3601.0357613563538,60.01726268927256,9,8792.0,Gurobi Status: 9
F27,P27_20,4,950000,1000000,3974,987789.0,991763.0,41763.0,Scheduled - Deadline Met,Yes,Yes,3601.0357613563538,60.01726268927256,9,8792.0,Gurobi Status: 9
F27,P27_21,8,1000000,1050000,3974,1006802.0,1010776.0,10776.0,Scheduled - Deadline Met,Yes,Yes,3601.0357613563538,60.01726268927256,9,8792.0,Gurobi Status: 9
F27,P27_22,4,1050000,1100000,3974,1062069.0,1066043.0,16043.0,Scheduled - Deadline Met,Yes,Yes,3601.0357613563538,60.01726268927256,9,8792.0,Gurobi Status: 9
F27,P27_23,8,1100000,1150000,3974,1100000.0,1103974.0,3974.0,Scheduled - Deadline Met,Yes,Yes,3601.0357613563538,60.01726268927256,9,8792.0,Gurobi Status: 9
F27,P27_24,4,1150000,1200000,3974,1166174.0,1170148.0,20148.0,Scheduled - Deadline Met,Yes,Yes,3601.0357613563538,60.01726268927256,9,8792.0,Gurobi Status: 9
F27,P27_25,8,1200000,1250000,3974,,,,Optional Packets- Not Scheduled,No,N/A,3601.0357613563538,60.01726268927256,9,8792.0,Gurobi Status: 9
F27,P27_26,4,1250000,1300000,3974,1270914.0,1274888.0,24888.0,Scheduled - Deadline Met,Yes,Yes,3601.0357613563538,60.01726268927256,9,8792.0,Gurobi Status: 9
F27,P27_27,8,1300000,1350000,3974,1341991.0,1345965.0,45965.0,Scheduled - Deadline Met,Yes,Yes,3601.0357613563538,60.01726268927256,9,8792.0,Gurobi Status: 9
F27,P27_28,4,1350000,1400000,3974,1392191.0,1396165.0,46165.0,Scheduled - Deadline Met,Yes,Yes,3601.0357613563538,60.01726268927256,9,8792.0,Gurobi Status: 9
F27,P27_29,8,1400000,1450000,3974,1434774.0,1438748.0,38748.0,Scheduled - Deadline Met,Yes,Yes,3601.0357613563538,60.01726268927256,9,8792.0,Gurobi Status: 9
F27,P27_30,4,1450000,1500000,3974,1475335.0,1479309.0,29309.0,Scheduled - Deadline Met,Yes,Yes,3601.0357613563538,60.01726268927256,9,8792.0,Gurobi Status: 9
F27,P27_31,8,1500000,1550000,3974,1537796.0,1541770.0,41770.0,Scheduled - Deadline Met,Yes,Yes,3601.0357613563538,60.01726268927256,9,8792.0,Gurobi Status: 9
F27,P27_32,4,1550000,1600000,3974,1576526.0,1580500.0,30500.0,Scheduled - Deadline Met,Yes,Yes,3601.0357613563538,60.01726268927256,9,8792.0,Gurobi Status: 9
F27,P27_33,8,1600000,1650000,3974,,,,Optional Packets- Not Scheduled,No,N/A,3601.0357613563538,60.01726268927256,9,8792.0,Gurobi Status: 9
F27,P27_34,4,1650000,1700000,3974,1654913.0,1658887.0,8887.0,Scheduled - Deadline Met,Yes,Yes,3601.0357613563538,60.01726268927256,9,8792.0,Gurobi Status: 9
F27,P27_35,8,1700000,1750000,3974,1700000.0,1703974.0,3974.0,Scheduled - Deadline Met,Yes,Yes,3601.0357613563538,60.01726268927256,9,8792.0,Gurobi Status: 9
F27,P27_36,4,1750000,1800000,3974,1751811.0,1755785.0,5785.0,Scheduled - Deadline Met,Yes,Yes,3601.0357613563538,60.01726268927256,9,8792.0,Gurobi Status: 9
F27,P27_37,8,1800000,1850000,3974,1800000.0,1803974.0,3974.0,Scheduled - Deadline Met,Yes,Yes,3601.0357613563538,60.01726268927256,9,8792.0,Gurobi Status: 9
F27,P27_38,4,1850000,1900000,3974,1877985.0,1881959.0,31959.0,Scheduled - Deadline Met,Yes,Yes,3601.0357613563538,60.01726268927256,9,8792.0,Gurobi Status: 9
F27,P27_39,8,1900000,1950000,3974,1942652.0,1946626.0,46626.0,Scheduled - Deadline Met,Yes,Yes,3601.0357613563538,60.01726268927256,9,8792.0,Gurobi Status: 9
F27,P27_40,4,1950000,2000000,3974,1981246.0,1985220.0,35220.0,Scheduled - Deadline Met,Yes,Yes,3601.0357613563538,60.01726268927256,9,8792.0,Gurobi Status: 9
F27,P27_41,8,2000000,2050000,3974,,,,Optional Packets- Not Scheduled,No,N/A,3601.0357613563538,60.01726268927256,9,8792.0,Gurobi Status: 9
F27,P27_42,4,2050000,2100000,3974,2085258.0,2089232.0,39232.0,Scheduled - Deadline Met,Yes,Yes,3601.0357613563538,60.01726268927256,9,8792.0,Gurobi Status: 9
F27,P27_43,8,2100000,2150000,3974,2123151.0,2127125.0,27125.0,Scheduled - Deadline Met,Yes,Yes,3601.0357613563538,60.01726268927256,9,8792.0,Gurobi Status: 9
F27,P27_44,4,2150000,2200000,3974,2173401.0,2177375.0,27375.0,Scheduled - Deadline Met,Yes,Yes,3601.0357613563538,60.01726268927256,9,8792.0,Gurobi Status: 9
F27,P27_45,8,2200000,2250000,3974,2213203.0,2217177.0,17177.0,Scheduled - Deadline Met,Yes,Yes,3601.0357613563538,60.01726268927256,9,8792.0,Gurobi Status: 9
F27,P27_46,4,2250000,2300000,3974,2269531.0,2273505.0,23505.0,Scheduled - Deadline Met,Yes,Yes,3601.0357613563538,60.01726268927256,9,8792.0,Gurobi Status: 9
F27,P27_47,8,2300000,2350000,3974,2300000.0,2303974.0,3974.0,Scheduled - Deadline Met,Yes,Yes,3601.0357613563538,60.01726268927256,9,8792.0,Gurobi Status: 9
F27,P27_48,4,2350000,2400000,3974,2393859.0,2397833.0,47833.0,Scheduled - Deadline Met,Yes,Yes,3601.0357613563538,60.01726268927256,9,8792.0,Gurobi Status: 9
F28,P28_1,8,0,200000,679,106526.0,107205.0,107205.0,Scheduled - Deadline Met,Yes,Yes,3601.0357613563538,60.01726268927256,9,8792.0,Gurobi Status: 9
F28,P28_2,3,200000,400000,679,284027.0,284706.0,84706.0,Scheduled - Deadline Met,Yes,Yes,3601.0357613563538,60.01726268927256,9,8792.0,Gurobi Status: 9
F28,P28_3,8,400000,600000,679,,,,Optional Packets- Not Scheduled,No,N/A,3601.0357613563538,60.01726268927256,9,8792.0,Gurobi Status: 9
F28,P28_4,3,600000,800000,679,672941.0,673620.0,73620.0,Scheduled - Deadline Met,Yes,Yes,3601.0357613563538,60.01726268927256,9,8792.0,Gurobi Status: 9
F28,P28_5,8,800000,1000000,679,866727.0,867406.0,67406.0,Scheduled - Deadline Met,Yes,Yes,3601.0357613563538,60.01726268927256,9,8792.0,Gurobi Status: 9
F28,P28_6,3,1000000,1200000,679,1051126.0,1051805.0,51805.0,Scheduled - Deadline Met,Yes,Yes,3601.0357613563538,60.01726268927256,9,8792.0,Gurobi Status: 9
F28,P28_7,8,1200000,1400000,679,1286008.0,1286687.0,86687.0,Scheduled - Deadline Met,Yes,Yes,3601.0357613563538,60.01726268927256,9,8792.0,Gurobi Status: 9
F28,P28_8,3,1400000,1600000,679,1485889.0,1486568.0,86568.0,Scheduled - Deadline Met,Yes,Yes,3601.0357613563538,60.01726268927256,9,8792.0,Gurobi Status: 9
F28,P28_9,8,1600000,1800000,679,,,,Optional Packets- Not Scheduled,No,N/A,3601.0357613563538,60.01726268927256,9,8792.0,Gurobi Status: 9
F28,P28_10,3,1800000,2000000,679,1863086.0,1863765.0,63765.0,Scheduled - Deadline Met,Yes,Yes,3601.0357613563538,60.01726268927256,9,8792.0,Gurobi Status: 9
F28,P28_11,8,2000000,2200000,679,2064619.0,2065298.0,65298.0,Scheduled - Deadline Met,Yes,Yes,3601.0357613563538,60.01726268927256,9,8792.0,Gurobi Status: 9
F28,P28_12,3,2200000,2400000,679,2266347.0,2267026.0,67026.0,Scheduled - Deadline Met,Yes,Yes,3601.0357613563538,60.01726268927256,9,8792.0,Gurobi Status: 9
F29,P29_1,1,0,400000,5729,1946.0,7675.0,7675.0,Scheduled - Deadline Met,Yes,Yes,3601.0357613563538,60.01726268927256,9,8792.0,Gurobi Status: 9
F29,P29_2,8,400000,800000,5729,,,,Optional Packets- Not Scheduled,No,N/A,3601.0357613563538,60.01726268927256,9,8792.0,Gurobi Status: 9
F29,P29_3,1,800000,1200000,5729,845449.0,851178.0,51178.0,Scheduled - Deadline Met,Yes,Yes,3601.0357613563538,60.01726268927256,9,8792.0,Gurobi Status: 9
F29,P29_4,8,1200000,1600000,5729,1308554.0,1314283.0,114283.0,Scheduled - Deadline Met,Yes,Yes,3601.0357613563538,60.01726268927256,9,8792.0,Gurobi Status: 9
F29,P29_5,1,1600000,2000000,5729,1643074.0,1648803.0,48803.0,Scheduled - Deadline Met,Yes,Yes,3601.0357613563538,60.01726268927256,9,8792.0,Gurobi Status: 9
F29,P29_6,8,2000000,2400000,5729,,,,Optional Packets- Not Scheduled,No,N/A,3601.0357613563538,60.01726268927256,9,8792.0,Gurobi Status: 9
F3,P3_1,8,0,400000,7927,,,,Optional Packets- Not Scheduled,No,N/A,3601.0357613563538,60.01726268927256,9,8792.0,Gurobi Status: 9
F3,P3_2,2,400000,800000,7927,569030.0,576957.0,176957.0,Scheduled - Deadline Met,Yes,Yes,3601.0357613563538,60.01726268927256,9,8792.0,Gurobi Status: 9
F3,P3_3,2,800000,1200000,7927,1031010.0,1038937.0,238937.0,Scheduled - Deadline Met,Yes,Yes,3601.0357613563538,60.01726268927256,9,8792.0,Gurobi Status: 9
F3,P3_4,8,1200000,1600000,7927,,,,Optional Packets- Not Scheduled,No,N/A,3601.0357613563538,60.01726268927256,9,8792.0,Gurobi Status: 9
F3,P3_5,2,1600000,2000000,7927,1670544.0,1678471.0,78471.0,Scheduled - Deadline Met,Yes,Yes,3601.0357613563538,60.01726268927256,9,8792.0,Gurobi Status: 9
F3,P3_6,2,2000000,2400000,7927,2115128.0,2123055.0,123055.0,Scheduled - Deadline Met,Yes,Yes,3601.0357613563538,60.01726268927256,9,8792.0,Gurobi Status: 9
F30,P30_1,8,0,200000,1716,103367.0,105083.0,105083.0,Scheduled - Deadline Met,Yes,Yes,3601.0357613563538,60.01726268927256,9,8792.0,Gurobi Status: 9
F30,P30_2,5,200000,400000,1716,308530.0,310246.0,110246.0,Scheduled - Deadline Met,Yes,Yes,3601.0357613563538,60.01726268927256,9,8792.0,Gurobi Status: 9
F30,P30_3,8,400000,600000,1716,,,,Optional Packets- Not Scheduled,No,N/A,3601.0357613563538,60.01726268927256,9,8792.0,Gurobi Status: 9
F30,P30_4,5,600000,800000,1716,685671.0,687387.0,87387.0,Scheduled - Deadline Met,Yes,Yes,3601.0357613563538,60.01726268927256,9,8792.0,Gurobi Status: 9
F30,P30_5,8,800000,1000000,1716,,,,Optional Packets- Not Scheduled,No,N/A,3601.0357613563538,60.01726268927256,9,8792.0,Gurobi Status: 9
F30,P30_6,5,1000000,1200000,1716,1126921.0,1128637.0,128637.0,Scheduled - Deadline Met,Yes,Yes,3601.0357613563538,60.01726268927256,9,8792.0,Gurobi Status: 9
F30,P30_7,8,1200000,1400000,1716,1282849.0,1284565.0,84565.0,Scheduled - Deadline Met,Yes,Yes,3601.0357613563538,60.01726268927256,9,8792.0,Gurobi Status: 9
F30,P30_8,5,1400000,1600000,1716,1486664.0,1488380.0,88380.0,Scheduled - Deadline Met,Yes,Yes,3601.0357613563538,60.01726268927256,9,8792.0,Gurobi Status: 9
F30,P30_9,8,1600000,1800000,1716,,,,Optional Packets- Not Scheduled,No,N/A,3601.0357613563538,60.01726268927256,9,8792.0,Gurobi Status: 9
F30,P30_10,5,1800000,2000000,1716,1895542.0,1897258.0,97258.0,Scheduled - Deadline Met,Yes,Yes,3601.0357613563538,60.01726268927256,9,8792.0,Gurobi Status: 9
F30,P30_11,8,2000000,2200000,1716,,,,Optional Packets- Not Scheduled,No,N/A,3601.0357613563538,60.01726268927256,9,8792.0,Gurobi Status: 9
F30,P30_12,5,2200000,2400000,1716,2333065.0,2334781.0,134781.0,Scheduled - Deadline Met,Yes,Yes,3601.0357613563538,60.01726268927256,9,8792.0,Gurobi Status: 9
F31,P31_1,7,0,400000,7691,83053.0,90744.0,90744.0,Scheduled - Deadline Met,Yes,Yes,3601.0357613563538,60.01726268927256,9,8792.0,Gurobi Status: 9
F31,P31_2,8,400000,800000,7691,,,,Optional Packets- Not Scheduled,No,N/A,3601.0357613563538,60.01726268927256,9,8792.0,Gurobi Status: 9
F31,P31_3,7,800000,1200000,7691,858940.0,866631.0,66631.0,Scheduled - Deadline Met,Yes,Yes,3601.0357613563538,60.01726268927256,9,8792.0,Gurobi Status: 9
F31,P31_4,8,1200000,1600000,7691,1294636.0,1302327.0,102327.0,Scheduled - Deadline Met,Yes,Yes,3601.0357613563538,60.01726268927256,9,8792.0,Gurobi Status: 9
F31,P31_5,7,1600000,2000000,7691,1658887.0,1666578.0,66578.0,Scheduled - Deadline Met,Yes,Yes,3601.0357613563538,60.01726268927256,9,8792.0,Gurobi Status: 9
F31,P31_6,8,2000000,2400000,7691,,,,Optional Packets- Not Scheduled,No,N/A,3601.0357613563538,60.01726268927256,9,8792.0,Gurobi Status: 9
F32,P32_1,6,0,400000,1426,305254.0,306680.0,306680.0,Scheduled - Deadline Met,Yes,Yes,3601.0357613563538,60.01726268927256,9,8792.0,Gurobi Status: 9
F32,P32_2,8,400000,800000,1426,491676.0,493102.0,93102.0,Scheduled - Deadline Met,Yes,Yes,3601.0357613563538,60.01726268927256,9,8792.0,Gurobi Status: 9
F32,P32_3,6,800000,1200000,1426,998574.0,1000000.0,200000.0,Scheduled - Deadline Met,Yes,Yes,3601.0357613563538,60.01726268927256,9,8792.0,Gurobi Status: 9
F32,P32_4,8,1200000,1600000,1426,1339480.0,1340906.0,140906.0,Scheduled - Deadline Met,Yes,Yes,3601.0357613563538,60.01726268927256,9,8792.0,Gurobi Status: 9
F32,P32_5,6,1600000,2000000,1426,1897354.0,1898780.0,298780.0,Scheduled - Deadline Met,Yes,Yes,3601.0357613563538,60.01726268927256,9,8792.0,Gurobi Status: 9
F32,P32_6,8,2000000,2400000,1426,2067095.0,2068521.0,68521.0,Scheduled - Deadline Met,Yes,Yes,3601.0357613563538,60.01726268927256,9,8792.0,Gurobi Status: 9
F33,P33_1,8,0,400000,7561,,,,Optional Packets- Not Scheduled,No,N/A,3601.0357613563538,60.01726268927256,9,8792.0,Gurobi Status: 9
F33,P33_2,6,400000,800000,7561,600851.0,608412.0,208412.0,Scheduled - Deadline Met,Yes,Yes,3601.0357613563538,60.01726268927256,9,8792.0,Gurobi Status: 9
F33,P33_3,8,800000,1200000,7561,,,,Optional Packets- Not Scheduled,No,N/A,3601.0357613563538,60.01726268927256,9,8792.0,Gurobi Status: 9
F33,P33_4,6,1200000,1600000,7561,1399358.0,1406919.0,206919.0,Scheduled - Deadline Met,Yes,Yes,3601.0357613563538,60.01726268927256,9,8792.0,Gurobi Status: 9
F33,P33_5,8,1600000,2000000,7561,,,,Optional Packets- Not Scheduled,No,N/A,3601.0357613563538,60.01726268927256,9,8792.0,Gurobi Status: 9
F33,P33_6,6,2000000,2400000,7561,2192439.0,2200000.0,200000.0,Scheduled - Deadline Met,Yes,Yes,3601.0357613563538,60.01726268927256,9,8792.0,Gurobi Status: 9
F34,P34_1,8,0,100000,3471,,,,Optional Packets- Not Scheduled,No,N/A,3601.0357613563538,60.01726268927256,9,8792.0,Gurobi Status: 9
F34,P34_2,4,100000,200000,3471,169927.0,173398.0,73398.0,Scheduled - Deadline Met,Yes,Yes,3601.0357613563538,60.01726268927256,9,8792.0,Gurobi Status: 9
F34,P34_3,8,200000,300000,3471,248354.0,251825.0,51825.0,Scheduled - Deadline Met,Yes,Yes,3601.0357613563538,60.01726268927256,9,8792.0,Gurobi Status: 9
F34,P34_4,4,300000,400000,3471,361869.0,365340.0,65340.0,Scheduled - Deadline Met,Yes,Yes,3601.0357613563538,60.01726268927256,9,8792.0,Gurobi Status: 9
F34,P34_5,8,400000,500000,3471,,,,Optional Packets- Not Scheduled,No,N/A,3601.0357613563538,60.01726268927256,9,8792.0,Gurobi Status: 9
F34,P34_6,4,500000,600000,3471,553878.0,557349.0,57349.0,Scheduled - Deadline Met,Yes,Yes,3601.0357613563538,60.01726268927256,9,8792.0,Gurobi Status: 9
F34,P34_7,8,600000,700000,3471,624626.0,628097.0,28097.0,Scheduled - Deadline Met,Yes,Yes,3601.0357613563538,60.01726268927256,9,8792.0,Gurobi Status: 9
F34,P34_8,4,700000,800000,3471,767783.0,771254.0,71254.0,Scheduled - Deadline Met,Yes,Yes,3601.0357613563538,60.01726268927256,9,8792.0,Gurobi Status: 9
F34,P34_9,8,800000,900000,3471,,,,Optional Packets- Not Scheduled,No,N/A,3601.0357613563538,60.01726268927256,9,8792.0,Gurobi Status: 9
F34,P34_10,4,900000,1000000,3471,975715.0,979186.0,79186.0,Scheduled - Deadline Met,Yes,Yes,3601.0357613563538,60.01726268927256,9,8792.0,Gurobi Status: 9
F34,P34_11,8,1000000,1100000,3471,1077129.0,1080600.0,80600.0,Scheduled - Deadline Met,Yes,Yes,3601.0357613563538,60.01726268927256,9,8792.0,Gurobi Status: 9
F34,P34_12,4,1100000,1200000,3471,1158789.0,1162260.0,62260.0,Scheduled - Deadline Met,Yes,Yes,3601.0357613563538,60.01726268927256,9,8792.0,Gurobi Status: 9
F34,P34_13,8,1200000,1300000,3471,,,,Optional Packets- Not Scheduled,No,N/A,3601.0357613563538,60.01726268927256,9,8792.0,Gurobi Status: 9
F34,P34_14,4,1300000,1400000,3471,1363877.0,1367348.0,67348.0,Scheduled - Deadline Met,Yes,Yes,3601.0357613563538,60.01726268927256,9,8792.0,Gurobi Status: 9
F34,P34_15,8,1400000,1500000,3471,1444090.0,1447561.0,47561.0,Scheduled - Deadline Met,Yes,Yes,3601.0357613563538,60.01726268927256,9,8792.0,Gurobi Status: 9
F34,P34_16,4,1500000,1600000,3471,1532668.0,1536139.0,36139.0,Scheduled - Deadline Met,Yes,Yes,3601.0357613563538,60.01726268927256,9,8792.0,Gurobi Status: 9
F34,P34_17,8,1600000,1700000,3471,,,,Optional Packets- Not Scheduled,No,N/A,3601.0357613563538,60.01726268927256,9,8792.0,Gurobi Status: 9
F34,P34_18,4,1700000,1800000,3471,1748244.0,1751715.0,51715.0,Scheduled - Deadline Met,Yes,Yes,3601.0357613563538,60.01726268927256,9,8792.0,Gurobi Status: 9
F34,P34_19,8,1800000,1900000,3471,1816118.0,1819589.0,19589.0,Scheduled - Deadline Met,Yes,Yes,3601.0357613563538,60.01726268927256,9,8792.0,Gurobi Status: 9
F34,P34_20,4,1900000,2000000,3471,1919177.0,1922648.0,22648.0,Scheduled - Deadline Met,Yes,Yes,3601.0357613563538,60.01726268927256,9,8792.0,Gurobi Status: 9
F34,P34_21,8,2000000,2100000,3471,,,,Optional Packets- Not Scheduled,No,N/A,3601.0357613563538,60.01726268927256,9,8792.0,Gurobi Status: 9
F34,P34_22,4,2100000,2200000,3471,2158937.0,2162408.0,62408.0,Scheduled - Deadline Met,Yes,Yes,3601.0357613563538,60.01726268927256,9,8792.0,Gurobi Status: 9
F34,P34_23,8,2200000,2300000,3471,2230806.0,2234277.0,34277.0,Scheduled - Deadline Met,Yes,Yes,3601.0357613563538,60.01726268927256,9,8792.0,Gurobi Status: 9
F34,P34_24,4,2300000,2400000,3471,2383683.0,2387154.0,87154.0,Scheduled - Deadline Met,Yes,Yes,3601.0357613563538,60.01726268927256,9,8792.0,Gurobi Status: 9
F35,P35_1,8,0,100000,3722,,,,Optional Packets- Not Scheduled,No,N/A,3601.0357613563538,60.01726268927256,9,8792.0,Gurobi Status: 9
F35,P35_2,3,100000,200000,3722,174922.0,178644.0,78644.0,Scheduled - Deadline Met,Yes,Yes,3601.0357613563538,60.01726268927256,9,8792.0,Gurobi Status: 9
F35,P35_3,8,200000,300000,3722,244536.0,248258.0,48258.0,Scheduled - Deadline Met,Yes,Yes,3601.0357613563538,60.01726268927256,9,8792.0,Gurobi Status: 9
F35,P35_4,3,300000,400000,3722,350098.0,353820.0,53820.0,Scheduled - Deadline Met,Yes,Yes,3601.0357613563538,60.01726268927256,9,8792.0,Gurobi Status: 9
F35,P35_5,8,400000,500000,3722,,,,Optional Packets- Not Scheduled,No,N/A,3601.0357613563538,60.01726268927256,9,8792.0,Gurobi Status: 9
F35,P35_6,3,500000,600000,3722,562115.0,565837.0,65837.0,Scheduled - Deadline Met,Yes,Yes,3601.0357613563538,60.01726268927256,9,8792.0,Gurobi Status: 9
F35,P35_7,8,600000,700000,3722,620808.0,624530.0,24530.0,Scheduled - Deadline Met,Yes,Yes,3601.0357613563538,60.01726268927256,9,8792.0,Gurobi Status: 9
F35,P35_8,3,700000,800000,3722,783539.0,787261.0,87261.0,Scheduled - Deadline Met,Yes,Yes,3601.0357613563538,60.01726268927256,9,8792.0,Gurobi Status: 9
F35,P35_9,8,800000,900000,3722,,,,Optional Packets- Not Scheduled,No,N/A,3601.0357613563538,60.01726268927256,9,8792.0,Gurobi Status: 9
F35,P35_10,3,900000,1000000,3722,971897.0,975619.0,75619.0,Scheduled - Deadline Met,Yes,Yes,3601.0357613563538,60.01726268927256,9,8792.0,Gurobi Status: 9
F35,P35_11,8,1000000,1100000,3722,1073311.0,1077033.0,77033.0,Scheduled - Deadline Met,Yes,Yes,3601.0357613563538,60.01726268927256,9,8792.0,Gurobi Status: 9
F35,P35_12,3,1100000,1200000,3722,1162356.0,1166078.0,66078.0,Scheduled - Deadline Met,Yes,Yes,3601.0357613563538,60.01726268927256,9,8792.0,Gurobi Status: 9
F35,P35_13,8,1200000,1300000,3722,,,,Optional Packets- Not Scheduled,No,N/A,3601.0357613563538,60.01726268927256,9,8792.0,Gurobi Status: 9
F35,P35_14,3,1300000,1400000,3722,1386427.0,1390149.0,90149.0,Scheduled - Deadline Met,Yes,Yes,3601.0357613563538,60.01726268927256,9,8792.0,Gurobi Status: 9
F35,P35_15,8,1400000,1500000,3722,1440272.0,1443994.0,43994.0,Scheduled - Deadline Met,Yes,Yes,3601.0357613563538,60.01726268927256,9,8792.0,Gurobi Status: 9
F35,P35_16,3,1500000,1600000,3722,1572708.0,1576430.0,76430.0,Scheduled - Deadline Met,Yes,Yes,3601.0357613563538,60.01726268927256,9,8792.0,Gurobi Status: 9
F35,P35_17,8,1600000,1700000,3722,,,,Optional Packets- Not Scheduled,No,N/A,3601.0357613563538,60.01726268927256,9,8792.0,Gurobi Status: 9
F35,P35_18,3,1700000,1800000,3722,1755881.0,1759603.0,59603.0,Scheduled - Deadline Met,Yes,Yes,3601.0357613563538,60.01726268927256,9,8792.0,Gurobi Status: 9
F35,P35_19,8,1800000,1900000,3722,1812300.0,1816022.0,16022.0,Scheduled - Deadline Met,Yes,Yes,3601.0357613563538,60.01726268927256,9,8792.0,Gurobi Status: 9
F35,P35_20,3,1900000,2000000,3722,1932497.0,1936219.0,36219.0,Scheduled - Deadline Met,Yes,Yes,3601.0357613563538,60.01726268927256,9,8792.0,Gurobi Status: 9
F35,P35_21,8,2000000,2100000,3722,,,,Optional Packets- Not Scheduled,No,N/A,3601.0357613563538,60.01726268927256,9,8792.0,Gurobi Status: 9
F35,P35_22,3,2100000,2200000,3722,2164823.0,2168545.0,68545.0,Scheduled - Deadline Met,Yes,Yes,3601.0357613563538,60.01726268927256,9,8792.0,Gurobi Status: 9
F35,P35_23,8,2200000,2300000,3722,2226988.0,2230710.0,30710.0,Scheduled - Deadline Met,Yes,Yes,3601.0357613563538,60.01726268927256,9,8792.0,Gurobi Status: 9
F35,P35_24,3,2300000,2400000,3722,2338894.0,2342616.0,42616.0,Scheduled - Deadline Met,Yes,Yes,3601.0357613563538,60.01726268927256,9,8792.0,Gurobi Status: 9
F36,P36_1,8,0,200000,3301,,,,Optional Packets- Not Scheduled,No,N/A,3601.0357613563538,60.01726268927256,9,8792.0,Gurobi Status: 9
F36,P36_2,2,200000,400000,3301,378246.0,381547.0,181547.0,Scheduled - Deadline Met,Yes,Yes,3601.0357613563538,60.01726268927256,9,8792.0,Gurobi Status: 9
F36,P36_3,8,400000,600000,3301,,,,Optional Packets- Not Scheduled,No,N/A,3601.0357613563538,60.01726268927256,9,8792.0,Gurobi Status: 9
F36,P36_4,2,600000,800000,3301,699309.0,702610.0,102610.0,Scheduled - Deadline Met,Yes,Yes,3601.0357613563538,60.01726268927256,9,8792.0,Gurobi Status: 9
F36,P36_5,8,800000,1000000,3301,,,,Optional Packets- Not Scheduled,No,N/A,3601.0357613563538,60.01726268927256,9,8792.0,Gurobi Status: 9
F36,P36_6,2,1000000,1200000,3301,1058768.0,1062069.0,62069.0,Scheduled - Deadline Met,Yes,Yes,3601.0357613563538,60.01726268927256,9,8792.0,Gurobi Status: 9
F36,P36_7,8,1200000,1400000,3301,,,,Optional Packets- Not Scheduled,No,N/A,3601.0357613563538,60.01726268927256,9,8792.0,Gurobi Status: 9
F36,P36_8,2,1400000,1600000,3301,1479309.0,1482610.0,82610.0,Scheduled - Deadline Met,Yes,Yes,3601.0357613563538,60.01726268927256,9,8792.0,Gurobi Status: 9
F36,P36_9,8,1600000,1800000,3301,,,,Optional Packets- Not Scheduled,No,N/A,3601.0357613563538,60.01726268927256,9,8792.0,Gurobi Status: 9
F36,P36_10,2,1800000,2000000,3301,1892145.0,1895446.0,95446.0,Scheduled - Deadline Met,Yes,Yes,3601.0357613563538,60.01726268927256,9,8792.0,Gurobi Status: 9
F36,P36_11,8,2000000,2200000,3301,,,,Optional Packets- Not Scheduled,No,N/A,3601.0357613563538,60.01726268927256,9,8792.0,Gurobi Status: 9
F36,P36_12,2,2200000,2400000,3301,2246743.0,2250044.0,50044.0,Scheduled - Deadline Met,Yes,Yes,3601.0357613563538,60.01726268927256,9,8792.0,Gurobi Status: 9
F37,P37_1,8,0,400000,600,127342.0,127942.0,127942.0,Scheduled - Deadline Met,Yes,Yes,3601.0357613563538,60.01726268927256,9,8792.0,Gurobi Status: 9
F37,P37_2,5,400000,800000,600,557445.0,558045.0,158045.0,Scheduled - Deadline Met,Yes,Yes,3601.0357613563538,60.01726268927256,9,8792.0,Gurobi Status: 9
F37,P37_3,8,800000,1200000,600,896758.0,897358.0,97358.0,Scheduled - Deadline Met,Yes,Yes,3601.0357613563538,60.01726268927256,9,8792.0,Gurobi Status: 9
F37,P37_4,5,1200000,1600000,600,1383508.0,1384108.0,184108.0,Scheduled - Deadline Met,Yes,Yes,3601.0357613563538,60.01726268927256,9,8792.0,Gurobi Status: 9
F37,P37_5,8,1600000,2000000,600,1693753.0,1694353.0,94353.0,Scheduled - Deadline Met,Yes,Yes,3601.0357613563538,60.01726268927256,9,8792.0,Gurobi Status: 9
F37,P37_6,5,2000000,2400000,600,2101850.0,2102450.0,102450.0,Scheduled - Deadline Met,Yes,Yes,3601.0357613563538,60.01726268927256,9,8792.0,Gurobi Status: 9
F38,P38_1,8,0,400000,600,128038.0,128638.0,128638.0,Scheduled - Deadline Met,Yes,Yes,3601.0357613563538,60.01726268927256,9,8792.0,Gurobi Status: 9
F38,P38_2,1,400000,800000,600,463158.0,463758.0,63758.0,Scheduled - Deadline Met,Yes,Yes,3601.0357613563538,60.01726268927256,9,8792.0,Gurobi Status: 9
F38,P38_3,8,800000,1200000,600,897454.0,898054.0,98054.0,Scheduled - Deadline Met,Yes,Yes,3601.0357613563538,60.01726268927256,9,8792.0,Gurobi Status: 9
F38,P38_4,1,1200000,1600000,600,1252085.0,1252685.0,52685.0,Scheduled - Deadline Met,Yes,Yes,3601.0357613563538,60.01726268927256,9,8792.0,Gurobi Status: 9
F38,P38_5,8,1600000,2000000,600,1694449.0,1695049.0,95049.0,Scheduled - Deadline Met,Yes,Yes,3601.0357613563538,60.01726268927256,9,8792.0,Gurobi Status: 9
F38,P38_6,1,2000000,2400000,600,2036372.0,2036972.0,36972.0,Scheduled - Deadline Met,Yes,Yes,3601.0357613563538,60.01726268927256,9,8792.0,Gurobi Status: 9
F39,P39_1,8,0,400000,4389,113494.0,117883.0,117883.0,Scheduled - Deadline Met,Yes,Yes,3601.0357613563538,60.01726268927256,9,8792.0,Gurobi Status: 9
F39,P39_2,7,400000,800000,4389,468758.0,473147.0,73147.0,Scheduled - Deadline Met,Yes,Yes,3601.0357613563538,60.01726268927256,9,8792.0,Gurobi Status: 9
F39,P39_3,8,800000,1200000,4389,,,,Optional Packets- Not Scheduled,No,N/A,3601.0357613563538,60.01726268927256,9,8792.0,Gurobi Status: 9
F39,P39_4,7,1200000,1600000,4389,1245124.0,1249513.0,49513.0,Scheduled - Deadline Met,Yes,Yes,3601.0357613563538,60.01726268927256,9,8792.0,Gurobi Status: 9
F39,P39_5,8,1600000,2000000,4389,1686538.0,1690927.0,90927.0,Scheduled - Deadline Met,Yes,Yes,3601.0357613563538,60.01726268927256,9,8792.0,Gurobi Status: 9
F39,P39_6,7,2000000,2400000,4389,2080869.0,2085258.0,85258.0,Scheduled - Deadline Met,Yes,Yes,3601.0357613563538,60.01726268927256,9,8792.0,Gurobi Status: 9
F4,P4_1,8,0,400000,2965,117979.0,120944.0,120944.0,Scheduled - Deadline Met,Yes,Yes,3601.0357613563538,60.01726268927256,9,8792.0,Gurobi Status: 9
F4,P4_2,3,400000,800000,2965,458553.0,461518.0,61518.0,Scheduled - Deadline Met,Yes,Yes,3601.0357613563538,60.01726268927256,9,8792.0,Gurobi Status: 9
F4,P4_3,3,800000,1200000,2965,881899.0,884864.0,84864.0,Scheduled - Deadline Met,Yes,Yes,3601.0357613563538,60.01726268927256,9,8792.0,Gurobi Status: 9
F4,P4_4,8,1200000,1600000,2965,1314379.0,1317344.0,117344.0,Scheduled - Deadline Met,Yes,Yes,3601.0357613563538,60.01726268927256,9,8792.0,Gurobi Status: 9
F4,P4_5,3,1600000,2000000,2965,1649906.0,1652871.0,52871.0,Scheduled - Deadline Met,Yes,Yes,3601.0357613563538,60.01726268927256,9,8792.0,Gurobi Status: 9
F4,P4_6,3,2000000,2400000,2965,2060211.0,2063176.0,63176.0,Scheduled - Deadline Met,Yes,Yes,3601.0357613563538,60.01726268927256,9,8792.0,Gurobi Status: 9
F40,P40_1,8,0,200000,1251,105179.0,106430.0,106430.0,Scheduled - Deadline Met,Yes,Yes,3601.0357613563538,60.01726268927256,9,8792.0,Gurobi Status: 9
F40,P40_2,1,200000,400000,1251,218313.0,219564.0,19564.0,Scheduled - Deadline Met,Yes,Yes,3601.0357613563538,60.01726268927256,9,8792.0,Gurobi Status: 9
F40,P40_3,8,400000,600000,1251,,,,Optional Packets- Not Scheduled,No,N/A,3601.0357613563538,60.01726268927256,9,8792.0,Gurobi Status: 9
F40,P40_4,1,600000,800000,1251,671594.0,672845.0,72845.0,Scheduled - Deadline Met,Yes,Yes,3601.0357613563538,60.01726268927256,9,8792.0,Gurobi Status: 9
F40,P40_5,8,800000,1000000,1251,,,,Optional Packets- Not Scheduled,No,N/A,3601.0357613563538,60.01726268927256,9,8792.0,Gurobi Status: 9
F40,P40_6,1,1000000,1200000,1251,1053847.0,1055098.0,55098.0,Scheduled - Deadline Met,Yes,Yes,3601.0357613563538,60.01726268927256,9,8792.0,Gurobi Status: 9
F40,P40_7,8,1200000,1400000,1251,1284661.0,1285912.0,85912.0,Scheduled - Deadline Met,Yes,Yes,3601.0357613563538,60.01726268927256,9,8792.0,Gurobi Status: 9
F40,P40_8,1,1400000,1600000,1251,1413105.0,1414356.0,14356.0,Scheduled - Deadline Met,Yes,Yes,3601.0357613563538,60.01726268927256,9,8792.0,Gurobi Status: 9
F40,P40_9,8,1600000,1800000,1251,,,,Optional Packets- Not Scheduled,No,N/A,3601.0357613563538,60.01726268927256,9,8792.0,Gurobi Status: 9
F40,P40_10,1,1800000,2000000,1251,1874046.0,1875297.0,75297.0,Scheduled - Deadline Met,Yes,Yes,3601.0357613563538,60.01726268927256,9,8792.0,Gurobi Status: 9
F40,P40_11,8,2000000,2200000,1251,2063272.0,2064523.0,64523.0,Scheduled - Deadline Met,Yes,Yes,3601.0357613563538,60.01726268927256,9,8792.0,Gurobi Status: 9
F40,P40_12,1,2200000,2400000,1251,2202167.0,2203418.0,3418.0,Scheduled - Deadline Met,Yes,Yes,3601.0357613563538,60.01726268927256,9,8792.0,Gurobi Status: 9
F41,P41_1,8,0,200000,9267,,,,Optional Packets- Not Scheduled,No,N/A,3601.0357613563538,60.01726268927256,9,8792.0,Gurobi Status: 9
F41,P41_2,7,200000,400000,9267,274664.0,283931.0,83931.0,Scheduled - Deadline Met,Yes,Yes,3601.0357613563538,60.01726268927256,9,8792.0,Gurobi Status: 9
F41,P41_3,8,400000,600000,9267,,,,Optional Packets- Not Scheduled,No,N/A,3601.0357613563538,60.01726268927256,9,8792.0,Gurobi Status: 9
F41,P41_4,7,600000,800000,9267,676308.0,685575.0,85575.0,Scheduled - Deadline Met,Yes,Yes,3601.0357613563538,60.01726268927256,9,8792.0,Gurobi Status: 9
F41,P41_5,8,800000,1000000,9267,,,,Optional Packets- Not Scheduled,No,N/A,3601.0357613563538,60.01726268927256,9,8792.0,Gurobi Status: 9
F41,P41_6,7,1000000,1200000,9267,1128733.0,1138000.0,138000.0,Scheduled - Deadline Met,Yes,Yes,3601.0357613563538,60.01726268927256,9,8792.0,Gurobi Status: 9
F41,P41_7,8,1200000,1400000,9267,,,,Optional Packets- Not Scheduled,No,N/A,3601.0357613563538,60.01726268927256,9,8792.0,Gurobi Status: 9
F41,P41_8,7,1400000,1600000,9267,1463592.0,1472859.0,72859.0,Scheduled - Deadline Met,Yes,Yes,3601.0357613563538,60.01726268927256,9,8792.0,Gurobi Status: 9
F41,P41_9,8,1600000,1800000,9267,,,,Optional Packets- Not Scheduled,No,N/A,3601.0357613563538,60.01726268927256,9,8792.0,Gurobi Status: 9
F41,P41_10,7,1800000,2000000,9267,1863861.0,1873128.0,73128.0,Scheduled - Deadline Met,Yes,Yes,3601.0357613563538,60.01726268927256,9,8792.0,Gurobi Status: 9
F41,P41_11,8,2000000,2200000,9267,,,,Optional Packets- Not Scheduled,No,N/A,3601.0357613563538,60.01726268927256,9,8792.0,Gurobi Status: 9
F41,P41_12,7,2200000,2400000,9267,2321851.0,2331118.0,131118.0,Scheduled - Deadline Met,Yes,Yes,3601.0357613563538,60.01726268927256,9,8792.0,Gurobi Status: 9
F42,P42_1,5,0,400000,6035,159803.0,165838.0,165838.0,Scheduled - Deadline Met,Yes,Yes,3601.0357613563538,60.01726268927256,9,8792.0,Gurobi Status: 9
F42,P42_2,8,400000,800000,6035,,,,Optional Packets- Not Scheduled,No,N/A,3601.0357613563538,60.01726268927256,9,8792.0,Gurobi Status: 9
F42,P42_3,5,800000,1200000,6035,947217.0,953252.0,153252.0,Scheduled - Deadline Met,Yes,Yes,3601.0357613563538,60.01726268927256,9,8792.0,Gurobi Status: 9
F42,P42_4,8,1200000,1600000,6035,1302423.0,1308458.0,108458.0,Scheduled - Deadline Met,Yes,Yes,3601.0357613563538,60.01726268927256,9,8792.0,Gurobi Status: 9
F42,P42_5,5,1600000,2000000,6035,1724573.0,1730608.0,130608.0,Scheduled - Deadline Met,Yes,Yes,3601.0357613563538,60.01726268927256,9,8792.0,Gurobi Status: 9
F42,P42_6,8,2000000,2400000,6035,,,,Optional Packets- Not Scheduled,No,N/A,3601.0357613563538,60.01726268927256,9,8792.0,Gurobi Status: 9
F43,P43_1,8,0,400000,6097,107301.0,113398.0,113398.0,Scheduled - Deadline Met,Yes,Yes,3601.0357613563538,60.01726268927256,9,8792.0,Gurobi Status: 9
F43,P43_2,4,400000,800000,6097,430842.0,436939.0,36939.0,Scheduled - Deadline Met,Yes,Yes,3601.0357613563538,60.01726268927256,9,8792.0,Gurobi Status: 9
F43,P43_3,8,800000,1200000,6097,,,,Optional Packets- Not Scheduled,No,N/A,3601.0357613563538,60.01726268927256,9,8792.0,Gurobi Status: 9
F43,P43_4,4,1200000,1600000,6097,1211613.0,1217710.0,17710.0,Scheduled - Deadline Met,Yes,Yes,3601.0357613563538,60.01726268927256,9,8792.0,Gurobi Status: 9
F43,P43_5,8,1600000,2000000,6097,,,,Optional Packets- Not Scheduled,No,N/A,3601.0357613563538,60.01726268927256,9,8792.0,Gurobi Status: 9
F43,P43_6,4,2000000,2400000,6097,2019850.0,2025947.0,25947.0,Scheduled - Deadline Met,Yes,Yes,3601.0357613563538,60.01726268927256,9,8792.0,Gurobi Status: 9
F44,P44_1,2,0,400000,3478,301680.0,305158.0,305158.0,Scheduled - Deadline Met,Yes,Yes,3601.0357613563538,60.01726268927256,9,8792.0,Gurobi Status: 9
F44,P44_2,8,400000,800000,3478,485404.0,488882.0,88882.0,Scheduled - Deadline Met,Yes,Yes,3601.0357613563538,60.01726268927256,9,8792.0,Gurobi Status: 9
F44,P44_3,2,800000,1200000,3478,1055194.0,1058672.0,258672.0,Scheduled - Deadline Met,Yes,Yes,3601.0357613563538,60.01726268927256,9,8792.0,Gurobi Status: 9
F44,P44_4,8,1200000,1600000,3478,,,,Optional Packets- Not Scheduled,No,N/A,3601.0357613563538,60.01726268927256,9,8792.0,Gurobi Status: 9
F44,P44_5,2,1600000,2000000,3478,1776104.0,1779582.0,179582.0,Scheduled - Deadline Met,Yes,Yes,3601.0357613563538,60.01726268927256,9,8792.0,Gurobi Status: 9
F44,P44_6,8,2000000,2400000,3478,,,,Optional Packets- Not Scheduled,No,N/A,3601.0357613563538,60.01726268927256,9,8792.0,Gurobi Status: 9
F45,P45_1,8,0,50000,1332,14573.0,15905.0,15905.0,Scheduled - Deadline Met,Yes,Yes,3601.0357613563538,60.01726268927256,9,8792.0,Gurobi Status: 9
F45,P45_2,1,50000,100000,1332,81721.0,83053.0,33053.0,Scheduled - Deadline Met,Yes,Yes,3601.0357613563538,60.01726268927256,9,8792.0,Gurobi Status: 9
F45,P45_3,8,100000,150000,1332,,,,Optional Packets- Not Scheduled,No,N/A,3601.0357613563538,60.01726268927256,9,8792.0,Gurobi Status: 9
F45,P45_4,1,150000,200000,1332,173494.0,174826.0,24826.0,Scheduled - Deadline Met,Yes,Yes,3601.0357613563538,60.01726268927256,9,8792.0,Gurobi Status: 9
F45,P45_5,8,200000,250000,1332,233238.0,234570.0,34570.0,Scheduled - Deadline Met,Yes,Yes,3601.0357613563538,60.01726268927256,9,8792.0,Gurobi Status: 9
F45,P45_6,1,250000,300000,1332,295483.0,296815.0,46815.0,Scheduled - Deadline Met,Yes,Yes,3601.0357613563538,60.01726268927256,9,8792.0,Gurobi Status: 9
F45,P45_7,8,300000,350000,1332,321214.0,322546.0,22546.0,Scheduled - Deadline Met,Yes,Yes,3601.0357613563538,60.01726268927256,9,8792.0,Gurobi Status: 9
F45,P45_8,1,350000,400000,1332,381643.0,382975.0,32975.0,Scheduled - Deadline Met,Yes,Yes,3601.0357613563538,60.01726268927256,9,8792.0,Gurobi Status: 9
F45,P45_9,8,400000,450000,1332,404855.0,406187.0,6187.0,Scheduled - Deadline Met,Yes,Yes,3601.0357613563538,60.01726268927256,9,8792.0,Gurobi Status: 9
F45,P45_10,1,450000,500000,1332,466341.0,467673.0,17673.0,Scheduled - Deadline Met,Yes,Yes,3601.0357613563538,60.01726268927256,9,8792.0,Gurobi Status: 9
F45,P45_11,8,500000,550000,1332,504070.0,505402.0,5402.0,Scheduled - Deadline Met,Yes,Yes,3601.0357613563538,60.01726268927256,9,8792.0,Gurobi Status: 9
F45,P45_12,1,550000,600000,1332,581196.0,582528.0,32528.0,Scheduled - Deadline Met,Yes,Yes,3601.0357613563538,60.01726268927256,9,8792.0,Gurobi Status: 9
F45,P45_13,8,600000,650000,1332,619380.0,620712.0,20712.0,Scheduled - Deadline Met,Yes,Yes,3601.0357613563538,60.01726268927256,9,8792.0,Gurobi Status: 9
F45,P45_14,1,650000,700000,1332,693864.0,695196.0,45196.0,Scheduled - Deadline Met,Yes,Yes,3601.0357613563538,60.01726268927256,9,8792.0,Gurobi Status: 9
F45,P45_15,8,700000,750000,1332,719818.0,721150.0,21150.0,Scheduled - Deadline Met,Yes,Yes,3601.0357613563538,60.01726268927256,9,8792.0,Gurobi Status: 9
F45,P45_16,1,750000,800000,1332,787357.0,788689.0,38689.0,Scheduled - Deadline Met,Yes,Yes,3601.0357613563538,60.01726268927256,9,8792.0,Gurobi Status: 9
F45,P45_17,8,800000,850000,1332,,,,Optional Packets- Not Scheduled,No,N/A,3601.0357613563538,60.01726268927256,9,8792.0,Gurobi Status: 9
F45,P45_18,1,850000,900000,1332,884864.0,886196.0,36196.0,Scheduled - Deadline Met,Yes,Yes,3601.0357613563538,60.01726268927256,9,8792.0,Gurobi Status: 9
F45,P45_19,8,900000,950000,1332,910968.0,912300.0,12300.0,Scheduled - Deadline Met,Yes,Yes,3601.0357613563538,60.01726268927256,9,8792.0,Gurobi Status: 9
F45,P45_20,1,950000,1000000,1332,981601.0,982933.0,32933.0,Scheduled - Deadline Met,Yes,Yes,3601.0357613563538,60.01726268927256,9,8792.0,Gurobi Status: 9
F45,P45_21,8,1000000,1050000,1332,1012818.0,1014150.0,14150.0,Scheduled - Deadline Met,Yes,Yes,3601.0357613563538,60.01726268927256,9,8792.0,Gurobi Status: 9
F45,P45_22,1,1050000,1100000,1332,1066139.0,1067471.0,17471.0,Scheduled - Deadline Met,Yes,Yes,3601.0357613563538,60.01726268927256,9,8792.0,Gurobi Status: 9
F45,P45_23,8,1100000,1150000,1332,1104070.0,1105402.0,5402.0,Scheduled - Deadline Met,Yes,Yes,3601.0357613563538,60.01726268927256,9,8792.0,Gurobi Status: 9
F45,P45_24,1,1150000,1200000,1332,1177178.0,1178510.0,28510.0,Scheduled - Deadline Met,Yes,Yes,3601.0357613563538,60.01726268927256,9,8792.0,Gurobi Status: 9
F45,P45_25,8,1200000,1250000,1332,,,,Optional Packets- Not Scheduled,No,N/A,3601.0357613563538,60.01726268927256,9,8792.0,Gurobi Status: 9
F45,P45_26,1,1250000,1300000,1332,1265593.0,1266925.0,16925.0,Scheduled - Deadline Met,Yes,Yes,3601.0357613563538,60.01726268927256,9,8792.0,Gurobi Status: 9
F45,P45_27,8,1300000,1350000,1332,1348007.0,1349339.0,49339.0,Scheduled - Deadline Met,Yes,Yes,3601.0357613563538,60.01726268927256,9,8792.0,Gurobi Status: 9
F45,P45_28,1,1350000,1400000,1332,1382176.0,1383508.0,33508.0,Scheduled - Deadline Met,Yes,Yes,3601.0357613563538,60.01726268927256,9,8792.0,Gurobi Status: 9
F45,P45_29,8,1400000,1450000,1332,1438844.0,1440176.0,40176.0,Scheduled - Deadline Met,Yes,Yes,3601.0357613563538,60.01726268927256,9,8792.0,Gurobi Status: 9
F45,P45_30,1,1450000,1500000,1332,1482610.0,1483942.0,33942.0,Scheduled - Deadline Met,Yes,Yes,3601.0357613563538,60.01726268927256,9,8792.0,Gurobi Status: 9
F45,P45_31,8,1500000,1550000,1332,1548668.0,1550000.0,50000.0,Scheduled - Deadline Met,Yes,Yes,3601.0357613563538,60.01726268927256,9,8792.0,Gurobi Status: 9
F45,P45_32,1,1550000,1600000,1332,1598572.0,1599904.0,49904.0,Scheduled - Deadline Met,Yes,Yes,3601.0357613563538,60.01726268927256,9,8792.0,Gurobi Status: 9
F45,P45_33,8,1600000,1650000,1332,,,,Optional Packets- Not Scheduled,No,N/A,3601.0357613563538,60.01726268927256,9,8792.0,Gurobi Status: 9
F45,P45_34,1,1650000,1700000,1332,1666578.0,1667910.0,17910.0,Scheduled - Deadline Met,Yes,Yes,3601.0357613563538,60.01726268927256,9,8792.0,Gurobi Status: 9
F45,P45_35,8,1700000,1750000,1332,1704070.0,1705402.0,5402.0,Scheduled - Deadline Met,Yes,Yes,3601.0357613563538,60.01726268927256,9,8792.0,Gurobi Status: 9
F45,P45_36,1,1750000,1800000,1332,1782270.0,1783602.0,33602.0,Scheduled - Deadline Met,Yes,Yes,3601.0357613563538,60.01726268927256,9,8792.0,Gurobi Status: 9
F45,P45_37,8,1800000,1850000,1332,1810872.0,1812204.0,12204.0,Scheduled - Deadline Met,Yes,Yes,3601.0357613563538,60.01726268927256,9,8792.0,Gurobi Status: 9
F45,P45_38,1,1850000,1900000,1332,1886168.0,1887500.0,37500.0,Scheduled - Deadline Met,Yes,Yes,3601.0357613563538,60.01726268927256,9,8792.0,Gurobi Status: 9
F45,P45_39,8,1900000,1950000,1332,1948668.0,1950000.0,50000.0,Scheduled - Deadline Met,Yes,Yes,3601.0357613563538,60.01726268927256,9,8792.0,Gurobi Status: 9
F45,P45_40,1,1950000,2000000,1332,1985316.0,1986648.0,36648.0,Scheduled - Deadline Met,Yes,Yes,3601.0357613563538,60.01726268927256,9,8792.0,Gurobi Status: 9
F45,P45_41,8,2000000,2050000,1332,,,,Optional Packets- Not Scheduled,No,N/A,3601.0357613563538,60.01726268927256,9,8792.0,Gurobi Status: 9
F45,P45_42,1,2050000,2100000,1332,2098668.0,2100000.0,50000.0,Scheduled - Deadline Met,Yes,Yes,3601.0357613563538,60.01726268927256,9,8792.0,Gurobi Status: 9
F45,P45_43,8,2100000,2150000,1332,2134023.0,2135355.0,35355.0,Scheduled - Deadline Met,Yes,Yes,3601.0357613563538,60.01726268927256,9,8792.0,Gurobi Status: 9
F45,P45_44,1,2150000,2200000,1332,2181585.0,2182917.0,32917.0,Scheduled - Deadline Met,Yes,Yes,3601.0357613563538,60.01726268927256,9,8792.0,Gurobi Status: 9
F45,P45_45,8,2200000,2250000,1332,2219219.0,2220551.0,20551.0,Scheduled - Deadline Met,Yes,Yes,3601.0357613563538,60.01726268927256,9,8792.0,Gurobi Status: 9
F45,P45_46,1,2250000,2300000,1332,2275547.0,2276879.0,26879.0,Scheduled - Deadline Met,Yes,Yes,3601.0357613563538,60.01726268927256,9,8792.0,Gurobi Status: 9
F45,P45_47,8,2300000,2350000,1332,2347240.0,2348572.0,48572.0,Scheduled - Deadline Met,Yes,Yes,3601.0357613563538,60.01726268927256,9,8792.0,Gurobi Status: 9
F45,P45_48,1,2350000,2400000,1332,2373226.0,2374558.0,24558.0,Scheduled - Deadline Met,Yes,Yes,3601.0357613563538,60.01726268927256,9,8792.0,Gurobi Status: 9
F46,P46_1,8,0,100000,3097,16001.0,19098.0,19098.0,Scheduled - Deadline Met,Yes,Yes,3601.0357613563538,60.01726268927256,9,8792.0,Gurobi Status: 9
F46,P46_2,5,100000,200000,3097,187075.0,190172.0,90172.0,Scheduled - Deadline Met,Yes,Yes,3601.0357613563538,60.01726268927256,9,8792.0,Gurobi Status: 9
F46,P46_3,8,200000,300000,3097,251921.0,255018.0,55018.0,Scheduled - Deadline Met,Yes,Yes,3601.0357613563538,60.01726268927256,9,8792.0,Gurobi Status: 9
F46,P46_4,5,300000,400000,3097,367755.0,370852.0,70852.0,Scheduled - Deadline Met,Yes,Yes,3601.0357613563538,60.01726268927256,9,8792.0,Gurobi Status: 9
F46,P46_5,8,400000,500000,3097,,,,Optional Packets- Not Scheduled,No,N/A,3601.0357613563538,60.01726268927256,9,8792.0,Gurobi Status: 9
F46,P46_6,5,500000,600000,3097,565933.0,569030.0,69030.0,Scheduled - Deadline Met,Yes,Yes,3601.0357613563538,60.01726268927256,9,8792.0,Gurobi Status: 9
F46,P46_7,8,600000,700000,3097,628193.0,631290.0,31290.0,Scheduled - Deadline Met,Yes,Yes,3601.0357613563538,60.01726268927256,9,8792.0,Gurobi Status: 9
F46,P46_8,5,700000,800000,3097,744735.0,747832.0,47832.0,Scheduled - Deadline Met,Yes,Yes,3601.0357613563538,60.01726268927256,9,8792.0,Gurobi Status: 9
F46,P46_9,8,800000,900000,3097,,,,Optional Packets- Not Scheduled,No,N/A,3601.0357613563538,60.01726268927256,9,8792.0,Gurobi Status: 9
F46,P46_10,5,900000,1000000,3097,953348.0,956445.0,56445.0,Scheduled - Deadline Met,Yes,Yes,3601.0357613563538,60.01726268927256,9,8792.0,Gurobi Status: 9
F46,P46_11,8,1000000,1100000,3097,1080696.0,1083793.0,83793.0,Scheduled - Deadline Met,Yes,Yes,3601.0357613563538,60.01726268927256,9,8792.0,Gurobi Status: 9
F46,P46_12,5,1100000,1200000,3097,1153091.0,1156188.0,56188.0,Scheduled - Deadline Met,Yes,Yes,3601.0357613563538,60.01726268927256,9,8792.0,Gurobi Status: 9
F46,P46_13,8,1200000,1300000,3097,1277151.0,1280248.0,80248.0,Scheduled - Deadline Met,Yes,Yes,3601.0357613563538,60.01726268927256,9,8792.0,Gurobi Status: 9
F46,P46_14,5,1300000,1400000,3097,1396261.0,1399358.0,99358.0,Scheduled - Deadline Met,Yes,Yes,3601.0357613563538,60.01726268927256,9,8792.0,Gurobi Status: 9
F46,P46_15,8,1400000,1500000,3097,1447657.0,1450754.0,50754.0,Scheduled - Deadline Met,Yes,Yes,3601.0357613563538,60.01726268927256,9,8792.0,Gurobi Status: 9
F46,P46_16,5,1500000,1600000,3097,1521062.0,1524159.0,24159.0,Scheduled - Deadline Met,Yes,Yes,3601.0357613563538,60.01726268927256,9,8792.0,Gurobi Status: 9
F46,P46_17,8,1600000,1700000,3097,1678567.0,1681664.0,81664.0,Scheduled - Deadline Met,Yes,Yes,3601.0357613563538,60.01726268927256,9,8792.0,Gurobi Status: 9
F46,P46_18,5,1700000,1800000,3097,1768300.0,1771397.0,71397.0,Scheduled - Deadline Met,Yes,Yes,3601.0357613563538,60.01726268927256,9,8792.0,Gurobi Status: 9
F46,P46_19,8,1800000,1900000,3097,1819685.0,1822782.0,22782.0,Scheduled - Deadline Met,Yes,Yes,3601.0357613563538,60.01726268927256,9,8792.0,Gurobi Status: 9
F46,P46_20,5,1900000,2000000,3097,1975734.0,1978831.0,78831.0,Scheduled - Deadline Met,Yes,Yes,3601.0357613563538,60.01726268927256,9,8792.0,Gurobi Status: 9
F46,P46_21,8,2000000,2100000,3097,,,,Optional Packets- Not Scheduled,No,N/A,3601.0357613563538,60.01726268927256,9,8792.0,Gurobi Status: 9
F46,P46_22,5,2100000,2200000,3097,2155744.0,2158841.0,58841.0,Scheduled - Deadline Met,Yes,Yes,3601.0357613563538,60.01726268927256,9,8792.0,Gurobi Status: 9
F46,P46_23,8,2200000,2300000,3097,2276975.0,2280072.0,80072.0,Scheduled - Deadline Met,Yes,Yes,3601.0357613563538,60.01726268927256,9,8792.0,Gurobi Status: 9
F46,P46_24,5,2300000,2400000,3097,2342712.0,2345809.0,45809.0,Scheduled - Deadline Met,Yes,Yes,3601.0357613563538,60.01726268927256,9,8792.0,Gurobi Status: 9
F47,P47_1,6,0,400000,2602,298982.0,301584.0,301584.0,Scheduled - Deadline Met,Yes,Yes,3601.0357613563538,60.01726268927256,9,8792.0,Gurobi Status: 9
F47,P47_2,8,400000,800000,2602,488978.0,491580.0,91580.0,Scheduled - Deadline Met,Yes,Yes,3601.0357613563538,60.01726268927256,9,8792.0,Gurobi Status: 9
F47,P47_3,6,800000,1200000,2602,995876.0,998478.0,198478.0,Scheduled - Deadline Met,Yes,Yes,3601.0357613563538,60.01726268927256,9,8792.0,Gurobi Status: 9
F47,P47_4,8,1200000,1600000,2602,,,,Optional Packets- Not Scheduled,No,N/A,3601.0357613563538,60.01726268927256,9,8792.0,Gurobi Status: 9
F47,P47_5,6,1600000,2000000,2602,1889447.0,1892049.0,292049.0,Scheduled - Deadline Met,Yes,Yes,3601.0357613563538,60.01726268927256,9,8792.0,Gurobi Status: 9
F47,P47_6,8,2000000,2400000,2602,,,,Optional Packets- Not Scheduled,No,N/A,3601.0357613563538,60.01726268927256,9,8792.0,Gurobi Status: 9
F48,P48_1,8,0,400000,4682,,,,Optional Packets- Not Scheduled,No,N/A,3601.0357613563538,60.01726268927256,9,8792.0,Gurobi Status: 9
F48,P48_2,6,400000,800000,4682,738010.0,742692.0,342692.0,Scheduled - Deadline Met,Yes,Yes,3601.0357613563538,60.01726268927256,9,8792.0,Gurobi Status: 9
F48,P48_3,8,800000,1200000,4682,,,,Optional Packets- Not Scheduled,No,N/A,3601.0357613563538,60.01726268927256,9,8792.0,Gurobi Status: 9
F48,P48_4,6,1200000,1600000,4682,1417044.0,1421726.0,221726.0,Scheduled - Deadline Met,Yes,Yes,3601.0357613563538,60.01726268927256,9,8792.0,Gurobi Status: 9
F48,P48_5,8,1600000,2000000,4682,1681760.0,1686442.0,86442.0,Scheduled - Deadline Met,Yes,Yes,3601.0357613563538,60.01726268927256,9,8792.0,Gurobi Status: 9
F48,P48_6,6,2000000,2400000,4682,2203514.0,2208196.0,208196.0,Scheduled - Deadline Met,Yes,Yes,3601.0357613563538,60.01726268927256,9,8792.0,Gurobi Status: 9
F5,P5_1,7,0,400000,10519,54980.0,65499.0,65499.0,Scheduled - Deadline Met,Yes,Yes,3601.0357613563538,60.01726268927256,9,8792.0,Gurobi Status: 9
F5,P5_2,8,400000,800000,10519,,,,Optional Packets- Not Scheduled,No,N/A,3601.0357613563538,60.01726268927256,9,8792.0,Gurobi Status: 9
F5,P5_3,7,800000,1200000,10519,834834.0,845353.0,45353.0,Scheduled - Deadline Met,Yes,Yes,3601.0357613563538,60.01726268927256,9,8792.0,Gurobi Status: 9
F5,P5_4,7,1200000,1600000,10519,1234509.0,1245028.0,45028.0,Scheduled - Deadline Met,Yes,Yes,3601.0357613563538,60.01726268927256,9,8792.0,Gurobi Status: 9
F5,P5_5,8,1600000,2000000,10519,,,,Optional Packets- Not Scheduled,No,N/A,3601.0357613563538,60.01726268927256,9,8792.0,Gurobi Status: 9
F5,P5_6,7,2000000,2400000,10519,2048607.0,2059126.0,59126.0,Scheduled - Deadline Met,Yes,Yes,3601.0357613563538,60.01726268927256,9,8792.0,Gurobi Status: 9
F6,P6_1,8,0,400000,7757,,,,Optional Packets- Not Scheduled,No,N/A,3601.0357613563538,60.01726268927256,9,8792.0,Gurobi Status: 9
F6,P6_2,1,400000,800000,7757,443712.0,451469.0,51469.0,Scheduled - Deadline Met,Yes,Yes,3601.0357613563538,60.01726268927256,9,8792.0,Gurobi Status: 9
F6,P6_3,1,800000,1200000,7757,801947.0,809704.0,9704.0,Scheduled - Deadline Met,Yes,Yes,3601.0357613563538,60.01726268927256,9,8792.0,Gurobi Status: 9
F6,P6_4,8,1200000,1600000,7757,1286783.0,1294540.0,94540.0,Scheduled - Deadline Met,Yes,Yes,3601.0357613563538,60.01726268927256,9,8792.0,Gurobi Status: 9
F6,P6_5,1,1600000,2000000,7757,1600000.0,1607757.0,7757.0,Scheduled - Deadline Met,Yes,Yes,3601.0357613563538,60.01726268927256,9,8792.0,Gurobi Status: 9
F6,P6_6,1,2000000,2400000,7757,2026043.0,2033800.0,33800.0,Scheduled - Deadline Met,Yes,Yes,3601.0357613563538,60.01726268927256,9,8792.0,Gurobi Status: 9
F7,P7_1,7,0,400000,1605,90840.0,92445.0,92445.0,Scheduled - Deadline Met,Yes,Yes,3601.0357613563538,60.01726268927256,9,8792.0,Gurobi Status: 9
F7,P7_2,7,400000,800000,1605,533184.0,534789.0,134789.0,Scheduled - Deadline Met,Yes,Yes,3601.0357613563538,60.01726268927256,9,8792.0,Gurobi Status: 9
F7,P7_3,8,800000,1200000,1605,893228.0,894833.0,94833.0,Scheduled - Deadline Met,Yes,Yes,3601.0357613563538,60.01726268927256,9,8792.0,Gurobi Status: 9
F7,P7_4,7,1200000,1600000,1605,1258007.0,1259612.0,59612.0,Scheduled - Deadline Met,Yes,Yes,3601.0357613563538,60.01726268927256,9,8792.0,Gurobi Status: 9
F7,P7_5,7,1600000,2000000,1605,1667910.0,1669515.0,69515.0,Scheduled - Deadline Met,Yes,Yes,3601.0357613563538,60.01726268927256,9,8792.0,Gurobi Status: 9
F7,P7_6,8,2000000,2400000,1605,2065394.0,2066999.0,66999.0,Scheduled - Deadline Met,Yes,Yes,3601.0357613563538,60.01726268927256,9,8792.0,Gurobi Status: 9
F8,P8_1,8,0,50000,2071,10459.0,12530.0,12530.0,Scheduled - Deadline Met,Yes,Yes,3601.0357613563538,60.01726268927256,9,8792.0,Gurobi Status: 9
F8,P8_2,4,50000,100000,2071,94391.0,96462.0,46462.0,Scheduled - Deadline Met,Yes,Yes,3601.0357613563538,60.01726268927256,9,8792.0,Gurobi Status: 9
F8,P8_3,4,100000,150000,2071,145174.0,147245.0,47245.0,Scheduled - Deadline Met,Yes,Yes,3601.0357613563538,60.01726268927256,9,8792.0,Gurobi Status: 9
F8,P8_4,8,150000,200000,2071,195028.0,197099.0,47099.0,Scheduled - Deadline Met,Yes,Yes,3601.0357613563538,60.01726268927256,9,8792.0,Gurobi Status: 9
F8,P8_5,4,200000,250000,2071,209565.0,211636.0,11636.0,Scheduled - Deadline Met,Yes,Yes,3601.0357613563538,60.01726268927256,9,8792.0,Gurobi Status: 9
F8,P8_6,4,250000,300000,2071,296911.0,298982.0,48982.0,Scheduled - Deadline Met,Yes,Yes,3601.0357613563538,60.01726268927256,9,8792.0,Gurobi Status: 9
F8,P8_7,8,300000,350000,2071,317100.0,319171.0,19171.0,Scheduled - Deadline Met,Yes,Yes,3601.0357613563538,60.01726268927256,9,8792.0,Gurobi Status: 9
F8,P8_8,4,350000,400000,2071,387141.0,389212.0,39212.0,Scheduled - Deadline Met,Yes,Yes,3601.0357613563538,60.01726268927256,9,8792.0,Gurobi Status: 9
F8,P8_9,4,400000,450000,2071,402688.0,404759.0,4759.0,Scheduled - Deadline Met,Yes,Yes,3601.0357613563538,60.01726268927256,9,8792.0,Gurobi Status: 9
F8,P8_10,8,450000,500000,2071,495886.0,497957.0,47957.0,Scheduled - Deadline Met,Yes,Yes,3601.0357613563538,60.01726268927256,9,8792.0,Gurobi Status: 9
F8,P8_11,4,500000,550000,2071,528425.0,530496.0,30496.0,Scheduled - Deadline Met,Yes,Yes,3601.0357613563538,60.01726268927256,9,8792.0,Gurobi Status: 9
F8,P8_12,4,550000,600000,2071,576957.0,579028.0,29028.0,Scheduled - Deadline Met,Yes,Yes,3601.0357613563538,60.01726268927256,9,8792.0,Gurobi Status: 9
F8,P8_13,8,600000,650000,2071,615266.0,617337.0,17337.0,Scheduled - Deadline Met,Yes,Yes,3601.0357613563538,60.01726268927256,9,8792.0,Gurobi Status: 9
F8,P8_14,4,650000,700000,2071,695292.0,697363.0,47363.0,Scheduled - Deadline Met,Yes,Yes,3601.0357613563538,60.01726268927256,9,8792.0,Gurobi Status: 9
F8,P8_15,4,700000,750000,2071,705298.0,707369.0,7369.0,Scheduled - Deadline Met,Yes,Yes,3601.0357613563538,60.01726268927256,9,8792.0,Gurobi Status: 9
F8,P8_16,8,750000,800000,2071,752688.0,754759.0,4759.0,Scheduled - Deadline Met,Yes,Yes,3601.0357613563538,60.01726268927256,9,8792.0,Gurobi Status: 9
F8,P8_17,4,800000,850000,2071,812488.0,814559.0,14559.0,Scheduled - Deadline Met,Yes,Yes,3601.0357613563538,60.01726268927256,9,8792.0,Gurobi Status: 9
F8,P8_18,4,850000,900000,2071,888239.0,890310.0,40310.0,Scheduled - Deadline Met,Yes,Yes,3601.0357613563538,60.01726268927256,9,8792.0,Gurobi Status: 9
F8,P8_19,8,900000,950000,2071,906854.0,908925.0,8925.0,Scheduled - Deadline Met,Yes,Yes,3601.0357613563538,60.01726268927256,9,8792.0,Gurobi Status: 9
F8,P8_20,4,950000,1000000,2071,991859.0,993930.0,43930.0,Scheduled - Deadline Met,Yes,Yes,3601.0357613563538,60.01726268927256,9,8792.0,Gurobi Status: 9
F8,P8_21,4,1000000,1050000,2071,1000000.0,1002071.0,2071.0,Scheduled - Deadline Met,Yes,Yes,3601.0357613563538,60.01726268927256,9,8792.0,Gurobi Status: 9
F8,P8_22,8,1050000,1100000,2071,1095886.0,1097957.0,47957.0,Scheduled - Deadline Met,Yes,Yes,3601.0357613563538,60.01726268927256,9,8792.0,Gurobi Status: 9
F8,P8_23,4,1100000,1150000,2071,1124754.0,1126825.0,26825.0,Scheduled - Deadline Met,Yes,Yes,3601.0357613563538,60.01726268927256,9,8792.0,Gurobi Status: 9
F8,P8_24,4,1150000,1200000,2071,1180553.0,1182624.0,32624.0,Scheduled - Deadline Met,Yes,Yes,3601.0357613563538,60.01726268927256,9,8792.0,Gurobi Status: 9
F8,P8_25,8,1200000,1250000,2071,,,,Optional Packets- Not Scheduled,No,N/A,3601.0357613563538,60.01726268927256,9,8792.0,Gurobi Status: 9
F8,P8_26,4,1250000,1300000,2071,1274984.0,1277055.0,27055.0,Scheduled - Deadline Met,Yes,Yes,3601.0357613563538,60.01726268927256,9,8792.0,Gurobi Status: 9
F8,P8_27,4,1300000,1350000,2071,1330551.0,1332622.0,32622.0,Scheduled - Deadline Met,Yes,Yes,3601.0357613563538,60.01726268927256,9,8792.0,Gurobi Status: 9
F8,P8_28,8,1350000,1400000,2071,,,,Optional Packets- Not Scheduled,No,N/A,3601.0357613563538,60.01726268927256,9,8792.0,Gurobi Status: 9
F8,P8_29,4,1400000,1450000,2071,1406919.0,1408990.0,8990.0,Scheduled - Deadline Met,Yes,Yes,3601.0357613563538,60.01726268927256,9,8792.0,Gurobi Status: 9
F8,P8_30,4,1450000,1500000,2071,1491068.0,1493139.0,43139.0,Scheduled - Deadline Met,Yes,Yes,3601.0357613563538,60.01726268927256,9,8792.0,Gurobi Status: 9
F8,P8_31,8,1500000,1550000,2071,1544554.0,1546625.0,46625.0,Scheduled - Deadline Met,Yes,Yes,3601.0357613563538,60.01726268927256,9,8792.0,Gurobi Status: 9
F8,P8_32,4,1550000,1600000,2071,1585231.0,1587302.0,37302.0,Scheduled - Deadline Met,Yes,Yes,3601.0357613563538,60.01726268927256,9,8792.0,Gurobi Status: 9
F8,P8_33,4,1600000,1650000,2071,1607853.0,1609924.0,9924.0,Scheduled - Deadline Met,Yes,Yes,3601.0357613563538,60.01726268927256,9,8792.0,Gurobi Status: 9
F8,P8_34,8,1650000,1700000,2071,1697833.0,1699904.0,49904.0,Scheduled - Deadline Met,Yes,Yes,3601.0357613563538,60.01726268927256,9,8792.0,Gurobi Status: 9
F8,P8_35,4,1700000,1750000,2071,1715921.0,1717992.0,17992.0,Scheduled - Deadline Met,Yes,Yes,3601.0357613563538,60.01726268927256,9,8792.0,Gurobi Status: 9
F8,P8_36,4,1750000,1800000,2071,1783698.0,1785769.0,35769.0,Scheduled - Deadline Met,Yes,Yes,3601.0357613563538,60.01726268927256,9,8792.0,Gurobi Status: 9
F8,P8_37,8,1800000,1850000,2071,1806758.0,1808829.0,8829.0,Scheduled - Deadline Met,Yes,Yes,3601.0357613563538,60.01726268927256,9,8792.0,Gurobi Status: 9
F8,P8_38,4,1850000,1900000,2071,1884001.0,1886072.0,36072.0,Scheduled - Deadline Met,Yes,Yes,3601.0357613563538,60.01726268927256,9,8792.0,Gurobi Status: 9
F8,P8_39,4,1900000,1950000,2071,1902688.0,1904759.0,4759.0,Scheduled - Deadline Met,Yes,Yes,3601.0357613563538,60.01726268927256,9,8792.0,Gurobi Status: 9
F8,P8_40,8,1950000,2000000,2071,1961197.0,1963268.0,13268.0,Scheduled - Deadline Met,Yes,Yes,3601.0357613563538,60.01726268927256,9,8792.0,Gurobi Status: 9
F8,P8_41,4,2000000,2050000,2071,2001947.0,2004018.0,4018.0,Scheduled - Deadline Met,Yes,Yes,3601.0357613563538,60.01726268927256,9,8792.0,Gurobi Status: 9
F8,P8_42,4,2050000,2100000,2071,2091866.0,2093937.0,43937.0,Scheduled - Deadline Met,Yes,Yes,3601.0357613563538,60.01726268927256,9,8792.0,Gurobi Status: 9
F8,P8_43,8,2100000,2150000,2071,2129909.0,2131980.0,31980.0,Scheduled - Deadline Met,Yes,Yes,3601.0357613563538,60.01726268927256,9,8792.0,Gurobi Status: 9
F8,P8_44,4,2150000,2200000,2071,2179418.0,2181489.0,31489.0,Scheduled - Deadline Met,Yes,Yes,3601.0357613563538,60.01726268927256,9,8792.0,Gurobi Status: 9
F8,P8_45,4,2200000,2250000,2071,2200000.0,2202071.0,2071.0,Scheduled - Deadline Met,Yes,Yes,3601.0357613563538,60.01726268927256,9,8792.0,Gurobi Status: 9
F8,P8_46,8,2250000,2300000,2071,2292165.0,2294236.0,44236.0,Scheduled - Deadline Met,Yes,Yes,3601.0357613563538,60.01726268927256,9,8792.0,Gurobi Status: 9
F8,P8_47,4,2300000,2350000,2071,2334781.0,2336852.0,36852.0,Scheduled - Deadline Met,Yes,Yes,3601.0357613563538,60.01726268927256,9,8792.0,Gurobi Status: 9
F8,P8_48,4,2350000,2400000,2071,2397929.0,2400000.0,50000.0,Scheduled - Deadline Met,Yes,Yes,3601.0357613563538,60.01726268927256,9,8792.0,Gurobi Status: 9
F9,P9_1,8,0,200000,6241,,,,Optional Packets- Not Scheduled,No,N/A,3601.0357613563538,60.01726268927256,9,8792.0,Gurobi Status: 9
F9,P9_2,6,200000,400000,6241,393759.0,400000.0,200000.0,Scheduled - Deadline Met,Yes,Yes,3601.0357613563538,60.01726268927256,9,8792.0,Gurobi Status: 9
F9,P9_3,6,400000,600000,6241,479067.0,485308.0,85308.0,Scheduled - Deadline Met,Yes,Yes,3601.0357613563538,60.01726268927256,9,8792.0,Gurobi Status: 9
F9,P9_4,8,600000,800000,6241,707465.0,713706.0,113706.0,Scheduled - Deadline Met,Yes,Yes,3601.0357613563538,60.01726268927256,9,8792.0,Gurobi Status: 9
F9,P9_5,6,800000,1000000,6241,931106.0,937347.0,137347.0,Scheduled - Deadline Met,Yes,Yes,3601.0357613563538,60.01726268927256,9,8792.0,Gurobi Status: 9
F9,P9_6,6,1000000,1200000,6241,1118513.0,1124754.0,124754.0,Scheduled - Deadline Met,Yes,Yes,3601.0357613563538,60.01726268927256,9,8792.0,Gurobi Status: 9
F9,P9_7,8,1200000,1400000,6241,,,,Optional Packets- Not Scheduled,No,N/A,3601.0357613563538,60.01726268927256,9,8792.0,Gurobi Status: 9
F9,P9_8,6,1400000,1600000,6241,1510466.0,1516707.0,116707.0,Scheduled - Deadline Met,Yes,Yes,3601.0357613563538,60.01726268927256,9,8792.0,Gurobi Status: 9
F9,P9_9,6,1600000,1800000,6241,1730704.0,1736945.0,136945.0,Scheduled - Deadline Met,Yes,Yes,3601.0357613563538,60.01726268927256,9,8792.0,Gurobi Status: 9
F9,P9_10,8,1800000,2000000,6241,1936315.0,1942556.0,142556.0,Scheduled - Deadline Met,Yes,Yes,3601.0357613563538,60.01726268927256,9,8792.0,Gurobi Status: 9
F9,P9_11,6,2000000,2200000,6241,2108791.0,2115032.0,115032.0,Scheduled - Deadline Met,Yes,Yes,3601.0357613563538,60.01726268927256,9,8792.0,Gurobi Status: 9
F9,P9_12,6,2200000,2400000,6241,2260010.0,2266251.0,66251.0,Scheduled - Deadline Met,Yes,Yes,3601.0357613563538,60.01726268927256,9,8792.0,Gurobi Status: 9
