Flow,Packet,Class,Arrival,Deadline,Execution Time,Gate Open,Gate Close,Response Time,Status,Scheduled,Deadline Met,Solver_Execution_Time_Seconds,Solver_Execution_Time_Minutes,Solver_Status,Objective_Value,Stopping_Reason
F1,P1_1,8,0,200000,2112,87368.0,89480.0,89480.0,Scheduled - Deadline Met,Yes,Yes,3600.2377038002014,60.003961730003354,9,12357.0,Gurobi Status: 9
F1,P1_2,7,200000,400000,2112,220232.0,222344.0,22344.0,Scheduled - Deadline Met,Yes,Yes,3600.2377038002014,60.003961730003354,9,12357.0,Gurobi Status: 9
F1,P1_3,7,400000,600000,2112,402931.0,405043.0,5043.0,Scheduled - Deadline Met,Yes,Yes,3600.2377038002014,60.003961730003354,9,12357.0,Gurobi Status: 9
F1,P1_4,8,600000,800000,2112,692450.0,694562.0,94562.0,Scheduled - Deadline Met,Yes,Yes,3600.2377038002014,60.003961730003354,9,12357.0,Gurobi Status: 9
F1,P1_5,7,800000,1000000,2112,810258.0,812370.0,12370.0,Scheduled - Deadline Met,Yes,Yes,3600.2377038002014,60.003961730003354,9,12357.0,Gurobi Status: 9
F1,P1_6,7,1000000,1200000,2112,1033714.0,1035826.0,35826.0,Scheduled - Deadline Met,Yes,Yes,3600.2377038002014,60.003961730003354,9,12357.0,Gurobi Status: 9
F1,P1_7,8,1200000,1400000,2112,,,,Optional Packets- Not Scheduled,No,N/A,3600.2377038002014,60.003961730003354,9,12357.0,Gurobi Status: 9
F1,P1_8,7,1400000,1600000,2112,1417643.0,1419755.0,19755.0,Scheduled - Deadline Met,Yes,Yes,3600.2377038002014,60.003961730003354,9,12357.0,Gurobi Status: 9
F1,P1_9,7,1600000,1800000,2112,1602546.0,1604658.0,4658.0,Scheduled - Deadline Met,Yes,Yes,3600.2377038002014,60.003961730003354,9,12357.0,Gurobi Status: 9
F1,P1_10,8,1800000,2000000,2112,1885777.0,1887889.0,87889.0,Scheduled - Deadline Met,Yes,Yes,3600.2377038002014,60.003961730003354,9,12357.0,Gurobi Status: 9
F1,P1_11,7,2000000,2200000,2112,2000000.0,2002112.0,2112.0,Scheduled - Deadline Met,Yes,Yes,3600.2377038002014,60.003961730003354,9,12357.0,Gurobi Status: 9
F1,P1_12,7,2200000,2400000,2112,2244208.0,2246320.0,46320.0,Scheduled - Deadline Met,Yes,Yes,3600.2377038002014,60.003961730003354,9,12357.0,Gurobi Status: 9
F10,P10_1,7,0,400000,785,28123.0,28908.0,28908.0,Scheduled - Deadline Met,Yes,Yes,3600.2377038002014,60.003961730003354,9,12357.0,Gurobi Status: 9
F10,P10_2,8,400000,800000,785,493924.0,494709.0,94709.0,Scheduled - Deadline Met,Yes,Yes,3600.2377038002014,60.003961730003354,9,12357.0,Gurobi Status: 9
F10,P10_3,7,800000,1200000,785,836523.0,837308.0,37308.0,Scheduled - Deadline Met,Yes,Yes,3600.2377038002014,60.003961730003354,9,12357.0,Gurobi Status: 9
F10,P10_4,7,1200000,1600000,785,1336543.0,1337328.0,137328.0,Scheduled - Deadline Met,Yes,Yes,3600.2377038002014,60.003961730003354,9,12357.0,Gurobi Status: 9
F10,P10_5,8,1600000,2000000,785,1691787.0,1692572.0,92572.0,Scheduled - Deadline Met,Yes,Yes,3600.2377038002014,60.003961730003354,9,12357.0,Gurobi Status: 9
F10,P10_6,7,2000000,2400000,785,2150167.0,2150952.0,150952.0,Scheduled - Deadline Met,Yes,Yes,3600.2377038002014,60.003961730003354,9,12357.0,Gurobi Status: 9
F11,P11_1,5,0,400000,7755,129144.0,136899.0,136899.0,Scheduled - Deadline Met,Yes,Yes,3600.2377038002014,60.003961730003354,9,12357.0,Gurobi Status: 9
F11,P11_2,8,400000,800000,7755,,,,Optional Packets- Not Scheduled,No,N/A,3600.2377038002014,60.003961730003354,9,12357.0,Gurobi Status: 9
F11,P11_3,5,800000,1200000,7755,929329.0,937084.0,137084.0,Scheduled - Deadline Met,Yes,Yes,3600.2377038002014,60.003961730003354,9,12357.0,Gurobi Status: 9
F11,P11_4,5,1200000,1600000,7755,1315019.0,1322774.0,122774.0,Scheduled - Deadline Met,Yes,Yes,3600.2377038002014,60.003961730003354,9,12357.0,Gurobi Status: 9
F11,P11_5,8,1600000,2000000,7755,,,,Optional Packets- Not Scheduled,No,N/A,3600.2377038002014,60.003961730003354,9,12357.0,Gurobi Status: 9
F11,P11_6,5,2000000,2400000,7755,2044842.0,2052597.0,52597.0,Scheduled - Deadline Met,Yes,Yes,3600.2377038002014,60.003961730003354,9,12357.0,Gurobi Status: 9
F12,P12_1,7,0,400000,2785,3329.0,6114.0,6114.0,Scheduled - Deadline Met,Yes,Yes,3600.2377038002014,60.003961730003354,9,12357.0,Gurobi Status: 9
F12,P12_2,7,400000,800000,2785,516863.0,519648.0,119648.0,Scheduled - Deadline Met,Yes,Yes,3600.2377038002014,60.003961730003354,9,12357.0,Gurobi Status: 9
F12,P12_3,8,800000,1200000,2785,,,,Optional Packets- Not Scheduled,No,N/A,3600.2377038002014,60.003961730003354,9,12357.0,Gurobi Status: 9
F12,P12_4,7,1200000,1600000,2785,1327125.0,1329910.0,129910.0,Scheduled - Deadline Met,Yes,Yes,3600.2377038002014,60.003961730003354,9,12357.0,Gurobi Status: 9
F12,P12_5,7,1600000,2000000,2785,1722899.0,1725684.0,125684.0,Scheduled - Deadline Met,Yes,Yes,3600.2377038002014,60.003961730003354,9,12357.0,Gurobi Status: 9
F12,P12_6,8,2000000,2400000,2785,,,,Optional Packets- Not Scheduled,No,N/A,3600.2377038002014,60.003961730003354,9,12357.0,Gurobi Status: 9
F13,P13_1,8,0,400000,1046,95625.0,96671.0,96671.0,Scheduled - Deadline Met,Yes,Yes,3600.2377038002014,60.003961730003354,9,12357.0,Gurobi Status: 9
F13,P13_2,6,400000,800000,1046,424930.0,425976.0,25976.0,Scheduled - Deadline Met,Yes,Yes,3600.2377038002014,60.003961730003354,9,12357.0,Gurobi Status: 9
F13,P13_3,6,800000,1200000,1046,949586.0,950632.0,150632.0,Scheduled - Deadline Met,Yes,Yes,3600.2377038002014,60.003961730003354,9,12357.0,Gurobi Status: 9
F13,P13_4,8,1200000,1600000,1046,1294233.0,1295279.0,95279.0,Scheduled - Deadline Met,Yes,Yes,3600.2377038002014,60.003961730003354,9,12357.0,Gurobi Status: 9
F13,P13_5,6,1600000,2000000,1046,1725780.0,1726826.0,126826.0,Scheduled - Deadline Met,Yes,Yes,3600.2377038002014,60.003961730003354,9,12357.0,Gurobi Status: 9
F13,P13_6,6,2000000,2400000,1046,2077502.0,2078548.0,78548.0,Scheduled - Deadline Met,Yes,Yes,3600.2377038002014,60.003961730003354,9,12357.0,Gurobi Status: 9
F14,P14_1,3,0,400000,6825,29004.0,35829.0,35829.0,Scheduled - Deadline Met,Yes,Yes,3600.2377038002014,60.003961730003354,9,12357.0,Gurobi Status: 9
F14,P14_2,3,400000,800000,6825,454619.0,461444.0,61444.0,Scheduled - Deadline Met,Yes,Yes,3600.2377038002014,60.003961730003354,9,12357.0,Gurobi Status: 9
F14,P14_3,8,800000,1200000,6825,,,,Optional Packets- Not Scheduled,No,N/A,3600.2377038002014,60.003961730003354,9,12357.0,Gurobi Status: 9
F14,P14_4,3,1200000,1600000,6825,1249818.0,1256643.0,56643.0,Scheduled - Deadline Met,Yes,Yes,3600.2377038002014,60.003961730003354,9,12357.0,Gurobi Status: 9
F14,P14_5,3,1600000,2000000,6825,1647872.0,1654697.0,54697.0,Scheduled - Deadline Met,Yes,Yes,3600.2377038002014,60.003961730003354,9,12357.0,Gurobi Status: 9
F14,P14_6,8,2000000,2400000,6825,,,,Optional Packets- Not Scheduled,No,N/A,3600.2377038002014,60.003961730003354,9,12357.0,Gurobi Status: 9
F15,P15_1,3,0,400000,600,63069.0,63669.0,63669.0,Scheduled - Deadline Met,Yes,Yes,3600.2377038002014,60.003961730003354,9,12357.0,Gurobi Status: 9
F15,P15_2,8,400000,800000,600,494805.0,495405.0,95405.0,Scheduled - Deadline Met,Yes,Yes,3600.2377038002014,60.003961730003354,9,12357.0,Gurobi Status: 9
F15,P15_3,3,800000,1200000,600,835827.0,836427.0,36427.0,Scheduled - Deadline Met,Yes,Yes,3600.2377038002014,60.003961730003354,9,12357.0,Gurobi Status: 9
F15,P15_4,3,1200000,1600000,600,1262941.0,1263541.0,63541.0,Scheduled - Deadline Met,Yes,Yes,3600.2377038002014,60.003961730003354,9,12357.0,Gurobi Status: 9
F15,P15_5,8,1600000,2000000,600,1692668.0,1693268.0,93268.0,Scheduled - Deadline Met,Yes,Yes,3600.2377038002014,60.003961730003354,9,12357.0,Gurobi Status: 9
F15,P15_6,3,2000000,2400000,600,2057586.0,2058186.0,58186.0,Scheduled - Deadline Met,Yes,Yes,3600.2377038002014,60.003961730003354,9,12357.0,Gurobi Status: 9
F16,P16_1,4,0,200000,2089,35925.0,38014.0,38014.0,Scheduled - Deadline Met,Yes,Yes,3600.2377038002014,60.003961730003354,9,12357.0,Gurobi Status: 9
F16,P16_2,8,200000,400000,2089,245706.0,247795.0,47795.0,Scheduled - Deadline Met,Yes,Yes,3600.2377038002014,60.003961730003354,9,12357.0,Gurobi Status: 9
F16,P16_3,4,400000,600000,2089,523081.0,525170.0,125170.0,Scheduled - Deadline Met,Yes,Yes,3600.2377038002014,60.003961730003354,9,12357.0,Gurobi Status: 9
F16,P16_4,4,600000,800000,2089,617758.0,619847.0,19847.0,Scheduled - Deadline Met,Yes,Yes,3600.2377038002014,60.003961730003354,9,12357.0,Gurobi Status: 9
F16,P16_5,8,800000,1000000,2089,,,,Optional Packets- Not Scheduled,No,N/A,3600.2377038002014,60.003961730003354,9,12357.0,Gurobi Status: 9
F16,P16_6,4,1000000,1200000,2089,1095607.0,1097696.0,97696.0,Scheduled - Deadline Met,Yes,Yes,3600.2377038002014,60.003961730003354,9,12357.0,Gurobi Status: 9
F16,P16_7,4,1200000,1400000,2089,1200822.0,1202911.0,2911.0,Scheduled - Deadline Met,Yes,Yes,3600.2377038002014,60.003961730003354,9,12357.0,Gurobi Status: 9
F16,P16_8,8,1400000,1600000,2089,1483258.0,1485347.0,85347.0,Scheduled - Deadline Met,Yes,Yes,3600.2377038002014,60.003961730003354,9,12357.0,Gurobi Status: 9
F16,P16_9,4,1600000,1800000,2089,1654793.0,1656882.0,56882.0,Scheduled - Deadline Met,Yes,Yes,3600.2377038002014,60.003961730003354,9,12357.0,Gurobi Status: 9
F16,P16_10,4,1800000,2000000,2089,1853806.0,1855895.0,55895.0,Scheduled - Deadline Met,Yes,Yes,3600.2377038002014,60.003961730003354,9,12357.0,Gurobi Status: 9
F16,P16_11,8,2000000,2200000,2089,,,,Optional Packets- Not Scheduled,No,N/A,3600.2377038002014,60.003961730003354,9,12357.0,Gurobi Status: 9
F16,P16_12,4,2200000,2400000,2089,2265332.0,2267421.0,67421.0,Scheduled - Deadline Met,Yes,Yes,3600.2377038002014,60.003961730003354,9,12357.0,Gurobi Status: 9
F17,P17_1,5,0,400000,1195,137817.0,139012.0,139012.0,Scheduled - Deadline Met,Yes,Yes,3600.2377038002014,60.003961730003354,9,12357.0,Gurobi Status: 9
F17,P17_2,5,400000,800000,1195,444764.0,445959.0,45959.0,Scheduled - Deadline Met,Yes,Yes,3600.2377038002014,60.003961730003354,9,12357.0,Gurobi Status: 9
F17,P17_3,8,800000,1200000,1195,895602.0,896797.0,96797.0,Scheduled - Deadline Met,Yes,Yes,3600.2377038002014,60.003961730003354,9,12357.0,Gurobi Status: 9
F17,P17_4,5,1200000,1600000,1195,1341931.0,1343126.0,143126.0,Scheduled - Deadline Met,Yes,Yes,3600.2377038002014,60.003961730003354,9,12357.0,Gurobi Status: 9
F17,P17_5,5,1600000,2000000,1195,1736528.0,1737723.0,137723.0,Scheduled - Deadline Met,Yes,Yes,3600.2377038002014,60.003961730003354,9,12357.0,Gurobi Status: 9
F17,P17_6,8,2000000,2400000,1195,,,,Optional Packets- Not Scheduled,No,N/A,3600.2377038002014,60.003961730003354,9,12357.0,Gurobi Status: 9
F18,P18_1,1,0,400000,8468,38110.0,46578.0,46578.0,Scheduled - Deadline Met,Yes,Yes,3600.2377038002014,60.003961730003354,9,12357.0,Gurobi Status: 9
F18,P18_2,1,400000,800000,8468,446055.0,454523.0,54523.0,Scheduled - Deadline Met,Yes,Yes,3600.2377038002014,60.003961730003354,9,12357.0,Gurobi Status: 9
F18,P18_3,8,800000,1200000,8468,,,,Optional Packets- Not Scheduled,No,N/A,3600.2377038002014,60.003961730003354,9,12357.0,Gurobi Status: 9
F18,P18_4,1,1200000,1600000,8468,1203007.0,1211475.0,11475.0,Scheduled - Deadline Met,Yes,Yes,3600.2377038002014,60.003961730003354,9,12357.0,Gurobi Status: 9
F18,P18_5,1,1600000,2000000,8468,1657674.0,1666142.0,66142.0,Scheduled - Deadline Met,Yes,Yes,3600.2377038002014,60.003961730003354,9,12357.0,Gurobi Status: 9
F18,P18_6,8,2000000,2400000,8468,,,,Optional Packets- Not Scheduled,No,N/A,3600.2377038002014,60.003961730003354,9,12357.0,Gurobi Status: 9
F19,P19_1,1,0,50000,726,0.0,726.0,726.0,Scheduled - Deadline Met,Yes,Yes,3600.2377038002014,60.003961730003354,9,12357.0,Gurobi Status: 9
F19,P19_2,8,50000,100000,726,99274.0,100000.0,50000.0,Scheduled - Deadline Met,Yes,Yes,3600.2377038002014,60.003961730003354,9,12357.0,Gurobi Status: 9
F19,P19_3,1,100000,150000,726,136899.0,137625.0,37625.0,Scheduled - Deadline Met,Yes,Yes,3600.2377038002014,60.003961730003354,9,12357.0,Gurobi Status: 9
F19,P19_4,1,150000,200000,726,195200.0,195926.0,45926.0,Scheduled - Deadline Met,Yes,Yes,3600.2377038002014,60.003961730003354,9,12357.0,Gurobi Status: 9
F19,P19_5,8,200000,250000,726,227422.0,228148.0,28148.0,Scheduled - Deadline Met,Yes,Yes,3600.2377038002014,60.003961730003354,9,12357.0,Gurobi Status: 9
F19,P19_6,1,250000,300000,726,289313.0,290039.0,40039.0,Scheduled - Deadline Met,Yes,Yes,3600.2377038002014,60.003961730003354,9,12357.0,Gurobi Status: 9
F19,P19_7,1,300000,350000,726,308339.0,309065.0,9065.0,Scheduled - Deadline Met,Yes,Yes,3600.2377038002014,60.003961730003354,9,12357.0,Gurobi Status: 9
F19,P19_8,8,350000,400000,726,367693.0,368419.0,18419.0,Scheduled - Deadline Met,Yes,Yes,3600.2377038002014,60.003961730003354,9,12357.0,Gurobi Status: 9
F19,P19_9,1,400000,450000,726,400000.0,400726.0,726.0,Scheduled - Deadline Met,Yes,Yes,3600.2377038002014,60.003961730003354,9,12357.0,Gurobi Status: 9
F19,P19_10,1,450000,500000,726,478322.0,479048.0,29048.0,Scheduled - Deadline Met,Yes,Yes,3600.2377038002014,60.003961730003354,9,12357.0,Gurobi Status: 9
F19,P19_11,8,500000,550000,726,506100.0,506826.0,6826.0,Scheduled - Deadline Met,Yes,Yes,3600.2377038002014,60.003961730003354,9,12357.0,Gurobi Status: 9
F19,P19_12,1,550000,600000,726,571347.0,572073.0,22073.0,Scheduled - Deadline Met,Yes,Yes,3600.2377038002014,60.003961730003354,9,12357.0,Gurobi Status: 9
F19,P19_13,1,600000,650000,726,600000.0,600726.0,726.0,Scheduled - Deadline Met,Yes,Yes,3600.2377038002014,60.003961730003354,9,12357.0,Gurobi Status: 9
F19,P19_14,8,650000,700000,726,699274.0,700000.0,50000.0,Scheduled - Deadline Met,Yes,Yes,3600.2377038002014,60.003961730003354,9,12357.0,Gurobi Status: 9
F19,P19_15,1,700000,750000,726,721661.0,722387.0,22387.0,Scheduled - Deadline Met,Yes,Yes,3600.2377038002014,60.003961730003354,9,12357.0,Gurobi Status: 9
F19,P19_16,1,750000,800000,726,773873.0,774599.0,24599.0,Scheduled - Deadline Met,Yes,Yes,3600.2377038002014,60.003961730003354,9,12357.0,Gurobi Status: 9
F19,P19_17,8,800000,850000,726,,,,Optional Packets- Not Scheduled,No,N/A,3600.2377038002014,60.003961730003354,9,12357.0,Gurobi Status: 9
F19,P19_18,1,850000,900000,726,854982.0,855708.0,5708.0,Scheduled - Deadline Met,Yes,Yes,3600.2377038002014,60.003961730003354,9,12357.0,Gurobi Status: 9
F19,P19_19,1,900000,950000,726,940095.0,940821.0,40821.0,Scheduled - Deadline Met,Yes,Yes,3600.2377038002014,60.003961730003354,9,12357.0,Gurobi Status: 9
F19,P19_20,8,950000,1000000,726,989237.0,989963.0,39963.0,Scheduled - Deadline Met,Yes,Yes,3600.2377038002014,60.003961730003354,9,12357.0,Gurobi Status: 9
F19,P19_21,1,1000000,1050000,726,1004074.0,1004800.0,4800.0,Scheduled - Deadline Met,Yes,Yes,3600.2377038002014,60.003961730003354,9,12357.0,Gurobi Status: 9
F19,P19_22,1,1050000,1100000,726,1089899.0,1090625.0,40625.0,Scheduled - Deadline Met,Yes,Yes,3600.2377038002014,60.003961730003354,9,12357.0,Gurobi Status: 9
F19,P19_23,8,1100000,1150000,726,1146632.0,1147358.0,47358.0,Scheduled - Deadline Met,Yes,Yes,3600.2377038002014,60.003961730003354,9,12357.0,Gurobi Status: 9
F19,P19_24,1,1150000,1200000,726,1167430.0,1168156.0,18156.0,Scheduled - Deadline Met,Yes,Yes,3600.2377038002014,60.003961730003354,9,12357.0,Gurobi Status: 9
F19,P19_25,1,1200000,1250000,726,1200000.0,1200726.0,726.0,Scheduled - Deadline Met,Yes,Yes,3600.2377038002014,60.003961730003354,9,12357.0,Gurobi Status: 9
F19,P19_26,8,1250000,1300000,726,1299274.0,1300000.0,50000.0,Scheduled - Deadline Met,Yes,Yes,3600.2377038002014,60.003961730003354,9,12357.0,Gurobi Status: 9
F19,P19_27,1,1300000,1350000,726,1322774.0,1323500.0,23500.0,Scheduled - Deadline Met,Yes,Yes,3600.2377038002014,60.003961730003354,9,12357.0,Gurobi Status: 9
F19,P19_28,1,1350000,1400000,726,1369335.0,1370061.0,20061.0,Scheduled - Deadline Met,Yes,Yes,3600.2377038002014,60.003961730003354,9,12357.0,Gurobi Status: 9
F19,P19_29,8,1400000,1450000,726,1434943.0,1435669.0,35669.0,Scheduled - Deadline Met,Yes,Yes,3600.2377038002014,60.003961730003354,9,12357.0,Gurobi Status: 9
F19,P19_30,1,1450000,1500000,726,1465271.0,1465997.0,15997.0,Scheduled - Deadline Met,Yes,Yes,3600.2377038002014,60.003961730003354,9,12357.0,Gurobi Status: 9
F19,P19_31,1,1500000,1550000,726,1523855.0,1524581.0,24581.0,Scheduled - Deadline Met,Yes,Yes,3600.2377038002014,60.003961730003354,9,12357.0,Gurobi Status: 9
F19,P19_32,8,1550000,1600000,726,1555954.0,1556680.0,6680.0,Scheduled - Deadline Met,Yes,Yes,3600.2377038002014,60.003961730003354,9,12357.0,Gurobi Status: 9
F19,P19_33,1,1600000,1650000,726,1601724.0,1602450.0,2450.0,Scheduled - Deadline Met,Yes,Yes,3600.2377038002014,60.003961730003354,9,12357.0,Gurobi Status: 9
F19,P19_34,1,1650000,1700000,726,1676859.0,1677585.0,27585.0,Scheduled - Deadline Met,Yes,Yes,3600.2377038002014,60.003961730003354,9,12357.0,Gurobi Status: 9
F19,P19_35,8,1700000,1750000,726,1705078.0,1705804.0,5804.0,Scheduled - Deadline Met,Yes,Yes,3600.2377038002014,60.003961730003354,9,12357.0,Gurobi Status: 9
F19,P19_36,1,1750000,1800000,726,1770485.0,1771211.0,21211.0,Scheduled - Deadline Met,Yes,Yes,3600.2377038002014,60.003961730003354,9,12357.0,Gurobi Status: 9
F19,P19_37,1,1800000,1850000,726,1806990.0,1807716.0,7716.0,Scheduled - Deadline Met,Yes,Yes,3600.2377038002014,60.003961730003354,9,12357.0,Gurobi Status: 9
F19,P19_38,8,1850000,1900000,726,1892601.0,1893327.0,43327.0,Scheduled - Deadline Met,Yes,Yes,3600.2377038002014,60.003961730003354,9,12357.0,Gurobi Status: 9
F19,P19_39,1,1900000,1950000,726,1913995.0,1914721.0,14721.0,Scheduled - Deadline Met,Yes,Yes,3600.2377038002014,60.003961730003354,9,12357.0,Gurobi Status: 9
F19,P19_40,1,1950000,2000000,726,1977237.0,1977963.0,27963.0,Scheduled - Deadline Met,Yes,Yes,3600.2377038002014,60.003961730003354,9,12357.0,Gurobi Status: 9
F19,P19_41,8,2000000,2050000,726,,,,Optional Packets- Not Scheduled,No,N/A,3600.2377038002014,60.003961730003354,9,12357.0,Gurobi Status: 9
F19,P19_42,1,2050000,2100000,726,2071794.0,2072520.0,22520.0,Scheduled - Deadline Met,Yes,Yes,3600.2377038002014,60.003961730003354,9,12357.0,Gurobi Status: 9
F19,P19_43,1,2100000,2150000,726,2142451.0,2143177.0,43177.0,Scheduled - Deadline Met,Yes,Yes,3600.2377038002014,60.003961730003354,9,12357.0,Gurobi Status: 9
F19,P19_44,8,2150000,2200000,726,2174832.0,2175558.0,25558.0,Scheduled - Deadline Met,Yes,Yes,3600.2377038002014,60.003961730003354,9,12357.0,Gurobi Status: 9
F19,P19_45,1,2200000,2250000,726,2200000.0,2200726.0,726.0,Scheduled - Deadline Met,Yes,Yes,3600.2377038002014,60.003961730003354,9,12357.0,Gurobi Status: 9
F19,P19_46,1,2250000,2300000,726,2270726.0,2271452.0,21452.0,Scheduled - Deadline Met,Yes,Yes,3600.2377038002014,60.003961730003354,9,12357.0,Gurobi Status: 9
F19,P19_47,8,2300000,2350000,726,2305078.0,2305804.0,5804.0,Scheduled - Deadline Met,Yes,Yes,3600.2377038002014,60.003961730003354,9,12357.0,Gurobi Status: 9
F19,P19_48,1,2350000,2400000,726,2379139.0,2379865.0,29865.0,Scheduled - Deadline Met,Yes,Yes,3600.2377038002014,60.003961730003354,9,12357.0,Gurobi Status: 9
F2,P2_1,5,0,100000,6894,6210.0,13104.0,13104.0,Scheduled - Deadline Met,Yes,Yes,3600.2377038002014,60.003961730003354,9,12357.0,Gurobi Status: 9
F2,P2_2,8,100000,200000,6894,150227.0,157121.0,57121.0,Scheduled - Deadline Met,Yes,Yes,3600.2377038002014,60.003961730003354,9,12357.0,Gurobi Status: 9
F2,P2_3,5,200000,300000,6894,200000.0,206894.0,6894.0,Scheduled - Deadline Met,Yes,Yes,3600.2377038002014,60.003961730003354,9,12357.0,Gurobi Status: 9
F2,P2_4,5,300000,400000,6894,315157.0,322051.0,22051.0,Scheduled - Deadline Met,Yes,Yes,3600.2377038002014,60.003961730003354,9,12357.0,Gurobi Status: 9
F2,P2_5,8,400000,500000,6894,,,,Optional Packets- Not Scheduled,No,N/A,3600.2377038002014,60.003961730003354,9,12357.0,Gurobi Status: 9
F2,P2_6,5,500000,600000,6894,525266.0,532160.0,32160.0,Scheduled - Deadline Met,Yes,Yes,3600.2377038002014,60.003961730003354,9,12357.0,Gurobi Status: 9
F2,P2_7,5,600000,700000,6894,600822.0,607716.0,7716.0,Scheduled - Deadline Met,Yes,Yes,3600.2377038002014,60.003961730003354,9,12357.0,Gurobi Status: 9
F2,P2_8,8,700000,800000,6894,740097.0,746991.0,46991.0,Scheduled - Deadline Met,Yes,Yes,3600.2377038002014,60.003961730003354,9,12357.0,Gurobi Status: 9
F2,P2_9,5,800000,900000,6894,819308.0,826202.0,26202.0,Scheduled - Deadline Met,Yes,Yes,3600.2377038002014,60.003961730003354,9,12357.0,Gurobi Status: 9
F2,P2_10,5,900000,1000000,6894,952116.0,959010.0,59010.0,Scheduled - Deadline Met,Yes,Yes,3600.2377038002014,60.003961730003354,9,12357.0,Gurobi Status: 9
F2,P2_11,8,1000000,1100000,6894,1047361.0,1054255.0,54255.0,Scheduled - Deadline Met,Yes,Yes,3600.2377038002014,60.003961730003354,9,12357.0,Gurobi Status: 9
F2,P2_12,5,1100000,1200000,6894,1168252.0,1175146.0,75146.0,Scheduled - Deadline Met,Yes,Yes,3600.2377038002014,60.003961730003354,9,12357.0,Gurobi Status: 9
F2,P2_13,5,1200000,1300000,6894,1231592.0,1238486.0,38486.0,Scheduled - Deadline Met,Yes,Yes,3600.2377038002014,60.003961730003354,9,12357.0,Gurobi Status: 9
F2,P2_14,8,1300000,1400000,6894,,,,Optional Packets- Not Scheduled,No,N/A,3600.2377038002014,60.003961730003354,9,12357.0,Gurobi Status: 9
F2,P2_15,5,1400000,1500000,6894,1400000.0,1406894.0,6894.0,Scheduled - Deadline Met,Yes,Yes,3600.2377038002014,60.003961730003354,9,12357.0,Gurobi Status: 9
F2,P2_16,5,1500000,1600000,6894,1526161.0,1533055.0,33055.0,Scheduled - Deadline Met,Yes,Yes,3600.2377038002014,60.003961730003354,9,12357.0,Gurobi Status: 9
F2,P2_17,8,1600000,1700000,6894,,,,Optional Packets- Not Scheduled,No,N/A,3600.2377038002014,60.003961730003354,9,12357.0,Gurobi Status: 9
F2,P2_18,5,1700000,1800000,6894,1748255.0,1755149.0,55149.0,Scheduled - Deadline Met,Yes,Yes,3600.2377038002014,60.003961730003354,9,12357.0,Gurobi Status: 9
F2,P2_19,5,1800000,1900000,6894,1800000.0,1806894.0,6894.0,Scheduled - Deadline Met,Yes,Yes,3600.2377038002014,60.003961730003354,9,12357.0,Gurobi Status: 9
F2,P2_20,8,1900000,2000000,6894,1951222.0,1958116.0,58116.0,Scheduled - Deadline Met,Yes,Yes,3600.2377038002014,60.003961730003354,9,12357.0,Gurobi Status: 9
F2,P2_21,5,2000000,2100000,6894,2002208.0,2009102.0,9102.0,Scheduled - Deadline Met,Yes,Yes,3600.2377038002014,60.003961730003354,9,12357.0,Gurobi Status: 9
F2,P2_22,5,2100000,2200000,6894,2143273.0,2150167.0,50167.0,Scheduled - Deadline Met,Yes,Yes,3600.2377038002014,60.003961730003354,9,12357.0,Gurobi Status: 9
F2,P2_23,8,2200000,2300000,6894,2217331.0,2224225.0,24225.0,Scheduled - Deadline Met,Yes,Yes,3600.2377038002014,60.003961730003354,9,12357.0,Gurobi Status: 9
F2,P2_24,5,2300000,2400000,6894,2372149.0,2379043.0,79043.0,Scheduled - Deadline Met,Yes,Yes,3600.2377038002014,60.003961730003354,9,12357.0,Gurobi Status: 9
F20,P20_1,1,0,400000,2993,120298.0,123291.0,123291.0,Scheduled - Deadline Met,Yes,Yes,3600.2377038002014,60.003961730003354,9,12357.0,Gurobi Status: 9
F20,P20_2,8,400000,800000,2993,,,,Optional Packets- Not Scheduled,No,N/A,3600.2377038002014,60.003961730003354,9,12357.0,Gurobi Status: 9
F20,P20_3,1,800000,1200000,2993,843665.0,846658.0,46658.0,Scheduled - Deadline Met,Yes,Yes,3600.2377038002014,60.003961730003354,9,12357.0,Gurobi Status: 9
F20,P20_4,1,1200000,1600000,2993,1211571.0,1214564.0,14564.0,Scheduled - Deadline Met,Yes,Yes,3600.2377038002014,60.003961730003354,9,12357.0,Gurobi Status: 9
F20,P20_5,8,1600000,2000000,2993,,,,Optional Packets- Not Scheduled,No,N/A,3600.2377038002014,60.003961730003354,9,12357.0,Gurobi Status: 9
F20,P20_6,1,2000000,2400000,2993,2052693.0,2055686.0,55686.0,Scheduled - Deadline Met,Yes,Yes,3600.2377038002014,60.003961730003354,9,12357.0,Gurobi Status: 9
F21,P21_1,8,0,400000,4853,,,,Optional Packets- Not Scheduled,No,N/A,3600.2377038002014,60.003961730003354,9,12357.0,Gurobi Status: 9
F21,P21_2,5,400000,800000,4853,439815.0,444668.0,44668.0,Scheduled - Deadline Met,Yes,Yes,3600.2377038002014,60.003961730003354,9,12357.0,Gurobi Status: 9
F21,P21_3,5,800000,1200000,4853,940917.0,945770.0,145770.0,Scheduled - Deadline Met,Yes,Yes,3600.2377038002014,60.003961730003354,9,12357.0,Gurobi Status: 9
F21,P21_4,8,1200000,1600000,4853,,,,Optional Packets- Not Scheduled,No,N/A,3600.2377038002014,60.003961730003354,9,12357.0,Gurobi Status: 9
F21,P21_5,5,1600000,2000000,4853,1715841.0,1720694.0,120694.0,Scheduled - Deadline Met,Yes,Yes,3600.2377038002014,60.003961730003354,9,12357.0,Gurobi Status: 9
F21,P21_6,5,2000000,2400000,4853,2118548.0,2123401.0,123401.0,Scheduled - Deadline Met,Yes,Yes,3600.2377038002014,60.003961730003354,9,12357.0,Gurobi Status: 9
F22,P22_1,4,0,400000,5477,46674.0,52151.0,52151.0,Scheduled - Deadline Met,Yes,Yes,3600.2377038002014,60.003961730003354,9,12357.0,Gurobi Status: 9
F22,P22_2,4,400000,800000,5477,555892.0,561369.0,161369.0,Scheduled - Deadline Met,Yes,Yes,3600.2377038002014,60.003961730003354,9,12357.0,Gurobi Status: 9
F22,P22_3,8,800000,1200000,5477,,,,Optional Packets- Not Scheduled,No,N/A,3600.2377038002014,60.003961730003354,9,12357.0,Gurobi Status: 9
F22,P22_4,4,1200000,1600000,5477,1221262.0,1226739.0,26739.0,Scheduled - Deadline Met,Yes,Yes,3600.2377038002014,60.003961730003354,9,12357.0,Gurobi Status: 9
F22,P22_5,4,1600000,2000000,5477,1727618.0,1733095.0,133095.0,Scheduled - Deadline Met,Yes,Yes,3600.2377038002014,60.003961730003354,9,12357.0,Gurobi Status: 9
F22,P22_6,8,2000000,2400000,5477,,,,Optional Packets- Not Scheduled,No,N/A,3600.2377038002014,60.003961730003354,9,12357.0,Gurobi Status: 9
F23,P23_1,8,0,50000,3433,,,,Optional Packets- Not Scheduled,No,N/A,3600.2377038002014,60.003961730003354,9,12357.0,Gurobi Status: 9
F23,P23_2,3,50000,100000,3433,69347.0,72780.0,22780.0,Scheduled - Deadline Met,Yes,Yes,3600.2377038002014,60.003961730003354,9,12357.0,Gurobi Status: 9
F23,P23_3,3,100000,150000,3433,125711.0,129144.0,29144.0,Scheduled - Deadline Met,Yes,Yes,3600.2377038002014,60.003961730003354,9,12357.0,Gurobi Status: 9
F23,P23_4,8,150000,200000,3433,,,,Optional Packets- Not Scheduled,No,N/A,3600.2377038002014,60.003961730003354,9,12357.0,Gurobi Status: 9
F23,P23_5,3,200000,250000,3433,210914.0,214347.0,14347.0,Scheduled - Deadline Met,Yes,Yes,3600.2377038002014,60.003961730003354,9,12357.0,Gurobi Status: 9
F23,P23_6,3,250000,300000,3433,296567.0,300000.0,50000.0,Scheduled - Deadline Met,Yes,Yes,3600.2377038002014,60.003961730003354,9,12357.0,Gurobi Status: 9
F23,P23_7,8,300000,350000,3433,346567.0,350000.0,50000.0,Scheduled - Deadline Met,Yes,Yes,3600.2377038002014,60.003961730003354,9,12357.0,Gurobi Status: 9
F23,P23_8,3,350000,400000,3433,396567.0,400000.0,50000.0,Scheduled - Deadline Met,Yes,Yes,3600.2377038002014,60.003961730003354,9,12357.0,Gurobi Status: 9
F23,P23_9,3,400000,450000,3433,405139.0,408572.0,8572.0,Scheduled - Deadline Met,Yes,Yes,3600.2377038002014,60.003961730003354,9,12357.0,Gurobi Status: 9
F23,P23_10,8,450000,500000,3433,,,,Optional Packets- Not Scheduled,No,N/A,3600.2377038002014,60.003961730003354,9,12357.0,Gurobi Status: 9
F23,P23_11,3,500000,550000,3433,519648.0,523081.0,23081.0,Scheduled - Deadline Met,Yes,Yes,3600.2377038002014,60.003961730003354,9,12357.0,Gurobi Status: 9
F23,P23_12,3,550000,600000,3433,572169.0,575602.0,25602.0,Scheduled - Deadline Met,Yes,Yes,3600.2377038002014,60.003961730003354,9,12357.0,Gurobi Status: 9
F23,P23_13,8,600000,650000,3433,,,,Optional Packets- Not Scheduled,No,N/A,3600.2377038002014,60.003961730003354,9,12357.0,Gurobi Status: 9
F23,P23_14,3,650000,700000,3433,664770.0,668203.0,18203.0,Scheduled - Deadline Met,Yes,Yes,3600.2377038002014,60.003961730003354,9,12357.0,Gurobi Status: 9
F23,P23_15,3,700000,750000,3433,715019.0,718452.0,18452.0,Scheduled - Deadline Met,Yes,Yes,3600.2377038002014,60.003961730003354,9,12357.0,Gurobi Status: 9
F23,P23_16,8,750000,800000,3433,784023.0,787456.0,37456.0,Scheduled - Deadline Met,Yes,Yes,3600.2377038002014,60.003961730003354,9,12357.0,Gurobi Status: 9
F23,P23_17,3,800000,850000,3433,806729.0,810162.0,10162.0,Scheduled - Deadline Met,Yes,Yes,3600.2377038002014,60.003961730003354,9,12357.0,Gurobi Status: 9
F23,P23_18,3,850000,900000,3433,855804.0,859237.0,9237.0,Scheduled - Deadline Met,Yes,Yes,3600.2377038002014,60.003961730003354,9,12357.0,Gurobi Status: 9
F23,P23_19,8,900000,950000,3433,905078.0,908511.0,8511.0,Scheduled - Deadline Met,Yes,Yes,3600.2377038002014,60.003961730003354,9,12357.0,Gurobi Status: 9
F23,P23_20,3,950000,1000000,3433,971582.0,975015.0,25015.0,Scheduled - Deadline Met,Yes,Yes,3600.2377038002014,60.003961730003354,9,12357.0,Gurobi Status: 9
F23,P23_21,3,1000000,1050000,3433,1004896.0,1008329.0,8329.0,Scheduled - Deadline Met,Yes,Yes,3600.2377038002014,60.003961730003354,9,12357.0,Gurobi Status: 9
F23,P23_22,8,1050000,1100000,3433,1073922.0,1077355.0,27355.0,Scheduled - Deadline Met,Yes,Yes,3600.2377038002014,60.003961730003354,9,12357.0,Gurobi Status: 9
F23,P23_23,3,1100000,1150000,3433,1106707.0,1110140.0,10140.0,Scheduled - Deadline Met,Yes,Yes,3600.2377038002014,60.003961730003354,9,12357.0,Gurobi Status: 9
F23,P23_24,3,1150000,1200000,3433,1193238.0,1196671.0,46671.0,Scheduled - Deadline Met,Yes,Yes,3600.2377038002014,60.003961730003354,9,12357.0,Gurobi Status: 9
F23,P23_25,8,1200000,1250000,3433,,,,Optional Packets- Not Scheduled,No,N/A,3600.2377038002014,60.003961730003354,9,12357.0,Gurobi Status: 9
F23,P23_26,3,1250000,1300000,3433,1282506.0,1285939.0,35939.0,Scheduled - Deadline Met,Yes,Yes,3600.2377038002014,60.003961730003354,9,12357.0,Gurobi Status: 9
F23,P23_27,3,1300000,1350000,3433,1323596.0,1327029.0,27029.0,Scheduled - Deadline Met,Yes,Yes,3600.2377038002014,60.003961730003354,9,12357.0,Gurobi Status: 9
F23,P23_28,8,1350000,1400000,3433,1371139.0,1374572.0,24572.0,Scheduled - Deadline Met,Yes,Yes,3600.2377038002014,60.003961730003354,9,12357.0,Gurobi Status: 9
F23,P23_29,3,1400000,1450000,3433,1423925.0,1427358.0,27358.0,Scheduled - Deadline Met,Yes,Yes,3600.2377038002014,60.003961730003354,9,12357.0,Gurobi Status: 9
F23,P23_30,3,1450000,1500000,3433,1466093.0,1469526.0,19526.0,Scheduled - Deadline Met,Yes,Yes,3600.2377038002014,60.003961730003354,9,12357.0,Gurobi Status: 9
F23,P23_31,8,1500000,1550000,3433,1538133.0,1541566.0,41566.0,Scheduled - Deadline Met,Yes,Yes,3600.2377038002014,60.003961730003354,9,12357.0,Gurobi Status: 9
F23,P23_32,3,1550000,1600000,3433,1580783.0,1584216.0,34216.0,Scheduled - Deadline Met,Yes,Yes,3600.2377038002014,60.003961730003354,9,12357.0,Gurobi Status: 9
F23,P23_33,3,1600000,1650000,3433,1616539.0,1619972.0,19972.0,Scheduled - Deadline Met,Yes,Yes,3600.2377038002014,60.003961730003354,9,12357.0,Gurobi Status: 9
F23,P23_34,8,1650000,1700000,3433,1694060.0,1697493.0,47493.0,Scheduled - Deadline Met,Yes,Yes,3600.2377038002014,60.003961730003354,9,12357.0,Gurobi Status: 9
F23,P23_35,3,1700000,1750000,3433,1733095.0,1736528.0,36528.0,Scheduled - Deadline Met,Yes,Yes,3600.2377038002014,60.003961730003354,9,12357.0,Gurobi Status: 9
F23,P23_36,3,1750000,1800000,3433,1783041.0,1786474.0,36474.0,Scheduled - Deadline Met,Yes,Yes,3600.2377038002014,60.003961730003354,9,12357.0,Gurobi Status: 9
F23,P23_37,8,1800000,1850000,3433,1830137.0,1833570.0,33570.0,Scheduled - Deadline Met,Yes,Yes,3600.2377038002014,60.003961730003354,9,12357.0,Gurobi Status: 9
F23,P23_38,3,1850000,1900000,3433,1860877.0,1864310.0,14310.0,Scheduled - Deadline Met,Yes,Yes,3600.2377038002014,60.003961730003354,9,12357.0,Gurobi Status: 9
F23,P23_39,3,1900000,1950000,3433,1914817.0,1918250.0,18250.0,Scheduled - Deadline Met,Yes,Yes,3600.2377038002014,60.003961730003354,9,12357.0,Gurobi Status: 9
F23,P23_40,8,1950000,2000000,3433,1984023.0,1987456.0,37456.0,Scheduled - Deadline Met,Yes,Yes,3600.2377038002014,60.003961730003354,9,12357.0,Gurobi Status: 9
F23,P23_41,3,2000000,2050000,3433,2009198.0,2012631.0,12631.0,Scheduled - Deadline Met,Yes,Yes,3600.2377038002014,60.003961730003354,9,12357.0,Gurobi Status: 9
F23,P23_42,3,2050000,2100000,3433,2078548.0,2081981.0,31981.0,Scheduled - Deadline Met,Yes,Yes,3600.2377038002014,60.003961730003354,9,12357.0,Gurobi Status: 9
F23,P23_43,8,2100000,2150000,3433,2105078.0,2108511.0,8511.0,Scheduled - Deadline Met,Yes,Yes,3600.2377038002014,60.003961730003354,9,12357.0,Gurobi Status: 9
F23,P23_44,3,2150000,2200000,3433,2186380.0,2189813.0,39813.0,Scheduled - Deadline Met,Yes,Yes,3600.2377038002014,60.003961730003354,9,12357.0,Gurobi Status: 9
F23,P23_45,3,2200000,2250000,3433,2208820.0,2212253.0,12253.0,Scheduled - Deadline Met,Yes,Yes,3600.2377038002014,60.003961730003354,9,12357.0,Gurobi Status: 9
F23,P23_46,8,2250000,2300000,3433,2294060.0,2297493.0,47493.0,Scheduled - Deadline Met,Yes,Yes,3600.2377038002014,60.003961730003354,9,12357.0,Gurobi Status: 9
F23,P23_47,3,2300000,2350000,3433,2322570.0,2326003.0,26003.0,Scheduled - Deadline Met,Yes,Yes,3600.2377038002014,60.003961730003354,9,12357.0,Gurobi Status: 9
F23,P23_48,3,2350000,2400000,3433,2393740.0,2397173.0,47173.0,Scheduled - Deadline Met,Yes,Yes,3600.2377038002014,60.003961730003354,9,12357.0,Gurobi Status: 9
F24,P24_1,1,0,400000,600,125111.0,125711.0,125711.0,Scheduled - Deadline Met,Yes,Yes,3600.2377038002014,60.003961730003354,9,12357.0,Gurobi Status: 9
F24,P24_2,8,400000,800000,600,495501.0,496101.0,96101.0,Scheduled - Deadline Met,Yes,Yes,3600.2377038002014,60.003961730003354,9,12357.0,Gurobi Status: 9
F24,P24_3,1,800000,1200000,600,846754.0,847354.0,47354.0,Scheduled - Deadline Met,Yes,Yes,3600.2377038002014,60.003961730003354,9,12357.0,Gurobi Status: 9
F24,P24_4,1,1200000,1600000,600,1275574.0,1276174.0,76174.0,Scheduled - Deadline Met,Yes,Yes,3600.2377038002014,60.003961730003354,9,12357.0,Gurobi Status: 9
F24,P24_5,8,1600000,2000000,600,1693364.0,1693964.0,93964.0,Scheduled - Deadline Met,Yes,Yes,3600.2377038002014,60.003961730003354,9,12357.0,Gurobi Status: 9
F24,P24_6,1,2000000,2400000,600,2066717.0,2067317.0,67317.0,Scheduled - Deadline Met,Yes,Yes,3600.2377038002014,60.003961730003354,9,12357.0,Gurobi Status: 9
F25,P25_1,8,0,400000,9416,,,,Optional Packets- Not Scheduled,No,N/A,3600.2377038002014,60.003961730003354,9,12357.0,Gurobi Status: 9
F25,P25_2,3,400000,800000,9416,428579.0,437995.0,37995.0,Scheduled - Deadline Met,Yes,Yes,3600.2377038002014,60.003961730003354,9,12357.0,Gurobi Status: 9
F25,P25_3,8,800000,1200000,9416,,,,Optional Packets- Not Scheduled,No,N/A,3600.2377038002014,60.003961730003354,9,12357.0,Gurobi Status: 9
F25,P25_4,3,1200000,1600000,9416,1240306.0,1249722.0,49722.0,Scheduled - Deadline Met,Yes,Yes,3600.2377038002014,60.003961730003354,9,12357.0,Gurobi Status: 9
F25,P25_5,8,1600000,2000000,9416,,,,Optional Packets- Not Scheduled,No,N/A,3600.2377038002014,60.003961730003354,9,12357.0,Gurobi Status: 9
F25,P25_6,3,2000000,2400000,9416,2028146.0,2037562.0,37562.0,Scheduled - Deadline Met,Yes,Yes,3600.2377038002014,60.003961730003354,9,12357.0,Gurobi Status: 9
F26,P26_1,6,0,200000,2013,170647.0,172660.0,172660.0,Scheduled - Deadline Met,Yes,Yes,3600.2377038002014,60.003961730003354,9,12357.0,Gurobi Status: 9
F26,P26_2,8,200000,400000,2013,247891.0,249904.0,49904.0,Scheduled - Deadline Met,Yes,Yes,3600.2377038002014,60.003961730003354,9,12357.0,Gurobi Status: 9
F26,P26_3,6,400000,600000,2013,400822.0,402835.0,2835.0,Scheduled - Deadline Met,Yes,Yes,3600.2377038002014,60.003961730003354,9,12357.0,Gurobi Status: 9
F26,P26_4,8,600000,800000,2013,694658.0,696671.0,96671.0,Scheduled - Deadline Met,Yes,Yes,3600.2377038002014,60.003961730003354,9,12357.0,Gurobi Status: 9
F26,P26_5,6,800000,1000000,2013,831736.0,833749.0,33749.0,Scheduled - Deadline Met,Yes,Yes,3600.2377038002014,60.003961730003354,9,12357.0,Gurobi Status: 9
F26,P26_6,8,1000000,1200000,2013,1071813.0,1073826.0,73826.0,Scheduled - Deadline Met,Yes,Yes,3600.2377038002014,60.003961730003354,9,12357.0,Gurobi Status: 9
F26,P26_7,6,1200000,1400000,2013,1339822.0,1341835.0,141835.0,Scheduled - Deadline Met,Yes,Yes,3600.2377038002014,60.003961730003354,9,12357.0,Gurobi Status: 9
F26,P26_8,8,1400000,1600000,2013,1485443.0,1487456.0,87456.0,Scheduled - Deadline Met,Yes,Yes,3600.2377038002014,60.003961730003354,9,12357.0,Gurobi Status: 9
F26,P26_9,6,1600000,1800000,2013,1720790.0,1722803.0,122803.0,Scheduled - Deadline Met,Yes,Yes,3600.2377038002014,60.003961730003354,9,12357.0,Gurobi Status: 9
F26,P26_10,8,1800000,2000000,2013,1887985.0,1889998.0,89998.0,Scheduled - Deadline Met,Yes,Yes,3600.2377038002014,60.003961730003354,9,12357.0,Gurobi Status: 9
F26,P26_11,6,2000000,2200000,2013,2015234.0,2017247.0,17247.0,Scheduled - Deadline Met,Yes,Yes,3600.2377038002014,60.003961730003354,9,12357.0,Gurobi Status: 9
F26,P26_12,8,2200000,2400000,2013,2291951.0,2293964.0,93964.0,Scheduled - Deadline Met,Yes,Yes,3600.2377038002014,60.003961730003354,9,12357.0,Gurobi Status: 9
F27,P27_1,8,0,200000,3828,83444.0,87272.0,87272.0,Scheduled - Deadline Met,Yes,Yes,3600.2377038002014,60.003961730003354,9,12357.0,Gurobi Status: 9
F27,P27_2,7,200000,400000,3828,206990.0,210818.0,10818.0,Scheduled - Deadline Met,Yes,Yes,3600.2377038002014,60.003961730003354,9,12357.0,Gurobi Status: 9
F27,P27_3,8,400000,600000,3828,,,,Optional Packets- Not Scheduled,No,N/A,3600.2377038002014,60.003961730003354,9,12357.0,Gurobi Status: 9
F27,P27_4,7,600000,800000,3828,655960.0,659788.0,59788.0,Scheduled - Deadline Met,Yes,Yes,3600.2377038002014,60.003961730003354,9,12357.0,Gurobi Status: 9
F27,P27_5,8,800000,1000000,3828,864633.0,868461.0,68461.0,Scheduled - Deadline Met,Yes,Yes,3600.2377038002014,60.003961730003354,9,12357.0,Gurobi Status: 9
F27,P27_6,7,1000000,1200000,3828,1008425.0,1012253.0,12253.0,Scheduled - Deadline Met,Yes,Yes,3600.2377038002014,60.003961730003354,9,12357.0,Gurobi Status: 9
F27,P27_7,8,1200000,1400000,3828,,,,Optional Packets- Not Scheduled,No,N/A,3600.2377038002014,60.003961730003354,9,12357.0,Gurobi Status: 9
F27,P27_8,7,1400000,1600000,3828,1406990.0,1410818.0,10818.0,Scheduled - Deadline Met,Yes,Yes,3600.2377038002014,60.003961730003354,9,12357.0,Gurobi Status: 9
F27,P27_9,8,1600000,1800000,3828,1634007.0,1637835.0,37835.0,Scheduled - Deadline Met,Yes,Yes,3600.2377038002014,60.003961730003354,9,12357.0,Gurobi Status: 9
F27,P27_10,7,1800000,2000000,3828,1903364.0,1907192.0,107192.0,Scheduled - Deadline Met,Yes,Yes,3600.2377038002014,60.003961730003354,9,12357.0,Gurobi Status: 9
F27,P27_11,8,2000000,2200000,3828,,,,Optional Packets- Not Scheduled,No,N/A,3600.2377038002014,60.003961730003354,9,12357.0,Gurobi Status: 9
F27,P27_12,7,2200000,2400000,3828,2200822.0,2204650.0,4650.0,Scheduled - Deadline Met,Yes,Yes,3600.2377038002014,60.003961730003354,9,12357.0,Gurobi Status: 9
F28,P28_1,8,0,400000,4149,89576.0,93725.0,93725.0,Scheduled - Deadline Met,Yes,Yes,3600.2377038002014,60.003961730003354,9,12357.0,Gurobi Status: 9
F28,P28_2,3,400000,800000,4149,464040.0,468189.0,68189.0,Scheduled - Deadline Met,Yes,Yes,3600.2377038002014,60.003961730003354,9,12357.0,Gurobi Status: 9
F28,P28_3,8,800000,1200000,4149,887829.0,891978.0,91978.0,Scheduled - Deadline Met,Yes,Yes,3600.2377038002014,60.003961730003354,9,12357.0,Gurobi Status: 9
F28,P28_4,3,1200000,1600000,4149,1256739.0,1260888.0,60888.0,Scheduled - Deadline Met,Yes,Yes,3600.2377038002014,60.003961730003354,9,12357.0,Gurobi Status: 9
F28,P28_5,8,1600000,2000000,4149,1685738.0,1689887.0,89887.0,Scheduled - Deadline Met,Yes,Yes,3600.2377038002014,60.003961730003354,9,12357.0,Gurobi Status: 9
F28,P28_6,3,2000000,2400000,4149,2038640.0,2042789.0,42789.0,Scheduled - Deadline Met,Yes,Yes,3600.2377038002014,60.003961730003354,9,12357.0,Gurobi Status: 9
F29,P29_1,1,0,400000,5183,115019.0,120202.0,120202.0,Scheduled - Deadline Met,Yes,Yes,3600.2377038002014,60.003961730003354,9,12357.0,Gurobi Status: 9
F29,P29_2,8,400000,800000,5183,,,,Optional Packets- Not Scheduled,No,N/A,3600.2377038002014,60.003961730003354,9,12357.0,Gurobi Status: 9
F29,P29_3,1,800000,1200000,5183,838386.0,843569.0,43569.0,Scheduled - Deadline Met,Yes,Yes,3600.2377038002014,60.003961730003354,9,12357.0,Gurobi Status: 9
F29,P29_4,8,1200000,1600000,5183,,,,Optional Packets- Not Scheduled,No,N/A,3600.2377038002014,60.003961730003354,9,12357.0,Gurobi Status: 9
F29,P29_5,1,1600000,2000000,5183,1666238.0,1671421.0,71421.0,Scheduled - Deadline Met,Yes,Yes,3600.2377038002014,60.003961730003354,9,12357.0,Gurobi Status: 9
F29,P29_6,8,2000000,2400000,5183,,,,Optional Packets- Not Scheduled,No,N/A,3600.2377038002014,60.003961730003354,9,12357.0,Gurobi Status: 9
F3,P3_1,2,0,400000,1628,123387.0,125015.0,125015.0,Scheduled - Deadline Met,Yes,Yes,3600.2377038002014,60.003961730003354,9,12357.0,Gurobi Status: 9
F3,P3_2,2,400000,800000,1628,438091.0,439719.0,39719.0,Scheduled - Deadline Met,Yes,Yes,3600.2377038002014,60.003961730003354,9,12357.0,Gurobi Status: 9
F3,P3_3,8,800000,1200000,1628,893878.0,895506.0,95506.0,Scheduled - Deadline Met,Yes,Yes,3600.2377038002014,60.003961730003354,9,12357.0,Gurobi Status: 9
F3,P3_4,2,1200000,1600000,1628,1238582.0,1240210.0,40210.0,Scheduled - Deadline Met,Yes,Yes,3600.2377038002014,60.003961730003354,9,12357.0,Gurobi Status: 9
F3,P3_5,2,1600000,2000000,1628,1600000.0,1601628.0,1628.0,Scheduled - Deadline Met,Yes,Yes,3600.2377038002014,60.003961730003354,9,12357.0,Gurobi Status: 9
F3,P3_6,8,2000000,2400000,1628,,,,Optional Packets- Not Scheduled,No,N/A,3600.2377038002014,60.003961730003354,9,12357.0,Gurobi Status: 9
F30,P30_1,8,0,400000,4381,,,,Optional Packets- Not Scheduled,No,N/A,3600.2377038002014,60.003961730003354,9,12357.0,Gurobi Status: 9
F30,P30_2,6,400000,800000,4381,420453.0,424834.0,24834.0,Scheduled - Deadline Met,Yes,Yes,3600.2377038002014,60.003961730003354,9,12357.0,Gurobi Status: 9
F30,P30_3,8,800000,1200000,4381,883352.0,887733.0,87733.0,Scheduled - Deadline Met,Yes,Yes,3600.2377038002014,60.003961730003354,9,12357.0,Gurobi Status: 9
F30,P30_4,6,1200000,1600000,4381,1500000.0,1504381.0,304381.0,Scheduled - Deadline Met,Yes,Yes,3600.2377038002014,60.003961730003354,9,12357.0,Gurobi Status: 9
F30,P30_5,8,1600000,2000000,4381,,,,Optional Packets- Not Scheduled,No,N/A,3600.2377038002014,60.003961730003354,9,12357.0,Gurobi Status: 9
F30,P30_6,6,2000000,2400000,4381,2067413.0,2071794.0,71794.0,Scheduled - Deadline Met,Yes,Yes,3600.2377038002014,60.003961730003354,9,12357.0,Gurobi Status: 9
F31,P31_1,5,0,100000,886,52247.0,53133.0,53133.0,Scheduled - Deadline Met,Yes,Yes,3600.2377038002014,60.003961730003354,9,12357.0,Gurobi Status: 9
F31,P31_2,8,100000,200000,886,157217.0,158103.0,58103.0,Scheduled - Deadline Met,Yes,Yes,3600.2377038002014,60.003961730003354,9,12357.0,Gurobi Status: 9
F31,P31_3,5,200000,300000,886,214443.0,215329.0,15329.0,Scheduled - Deadline Met,Yes,Yes,3600.2377038002014,60.003961730003354,9,12357.0,Gurobi Status: 9
F31,P31_4,8,300000,400000,886,360899.0,361785.0,61785.0,Scheduled - Deadline Met,Yes,Yes,3600.2377038002014,60.003961730003354,9,12357.0,Gurobi Status: 9
F31,P31_5,5,400000,500000,886,415397.0,416283.0,16283.0,Scheduled - Deadline Met,Yes,Yes,3600.2377038002014,60.003961730003354,9,12357.0,Gurobi Status: 9
F31,P31_6,8,500000,600000,886,575698.0,576584.0,76584.0,Scheduled - Deadline Met,Yes,Yes,3600.2377038002014,60.003961730003354,9,12357.0,Gurobi Status: 9
F31,P31_7,5,600000,700000,886,607812.0,608698.0,8698.0,Scheduled - Deadline Met,Yes,Yes,3600.2377038002014,60.003961730003354,9,12357.0,Gurobi Status: 9
F31,P31_8,8,700000,800000,886,783041.0,783927.0,83927.0,Scheduled - Deadline Met,Yes,Yes,3600.2377038002014,60.003961730003354,9,12357.0,Gurobi Status: 9
F31,P31_9,5,800000,900000,886,837404.0,838290.0,38290.0,Scheduled - Deadline Met,Yes,Yes,3600.2377038002014,60.003961730003354,9,12357.0,Gurobi Status: 9
F31,P31_10,8,900000,1000000,886,984453.0,985339.0,85339.0,Scheduled - Deadline Met,Yes,Yes,3600.2377038002014,60.003961730003354,9,12357.0,Gurobi Status: 9
F31,P31_11,5,1000000,1100000,886,1012349.0,1013235.0,13235.0,Scheduled - Deadline Met,Yes,Yes,3600.2377038002014,60.003961730003354,9,12357.0,Gurobi Status: 9
F31,P31_12,8,1100000,1200000,886,1147454.0,1148340.0,48340.0,Scheduled - Deadline Met,Yes,Yes,3600.2377038002014,60.003961730003354,9,12357.0,Gurobi Status: 9
F31,P31_13,5,1200000,1300000,886,1276270.0,1277156.0,77156.0,Scheduled - Deadline Met,Yes,Yes,3600.2377038002014,60.003961730003354,9,12357.0,Gurobi Status: 9
F31,P31_14,8,1300000,1400000,886,1370157.0,1371043.0,71043.0,Scheduled - Deadline Met,Yes,Yes,3600.2377038002014,60.003961730003354,9,12357.0,Gurobi Status: 9
F31,P31_15,5,1400000,1500000,886,1452600.0,1453486.0,53486.0,Scheduled - Deadline Met,Yes,Yes,3600.2377038002014,60.003961730003354,9,12357.0,Gurobi Status: 9
F31,P31_16,8,1500000,1600000,886,1552465.0,1553351.0,53351.0,Scheduled - Deadline Met,Yes,Yes,3600.2377038002014,60.003961730003354,9,12357.0,Gurobi Status: 9
F31,P31_17,5,1600000,1700000,886,1604754.0,1605640.0,5640.0,Scheduled - Deadline Met,Yes,Yes,3600.2377038002014,60.003961730003354,9,12357.0,Gurobi Status: 9
F31,P31_18,8,1700000,1800000,886,1786570.0,1787456.0,87456.0,Scheduled - Deadline Met,Yes,Yes,3600.2377038002014,60.003961730003354,9,12357.0,Gurobi Status: 9
F31,P31_19,5,1800000,1900000,886,1807812.0,1808698.0,8698.0,Scheduled - Deadline Met,Yes,Yes,3600.2377038002014,60.003961730003354,9,12357.0,Gurobi Status: 9
F31,P31_20,8,1900000,2000000,886,1983041.0,1983927.0,83927.0,Scheduled - Deadline Met,Yes,Yes,3600.2377038002014,60.003961730003354,9,12357.0,Gurobi Status: 9
F31,P31_21,5,2000000,2100000,886,2037658.0,2038544.0,38544.0,Scheduled - Deadline Met,Yes,Yes,3600.2377038002014,60.003961730003354,9,12357.0,Gurobi Status: 9
F31,P31_22,8,2100000,2200000,886,2171343.0,2172229.0,72229.0,Scheduled - Deadline Met,Yes,Yes,3600.2377038002014,60.003961730003354,9,12357.0,Gurobi Status: 9
F31,P31_23,5,2200000,2300000,886,2243226.0,2244112.0,44112.0,Scheduled - Deadline Met,Yes,Yes,3600.2377038002014,60.003961730003354,9,12357.0,Gurobi Status: 9
F31,P31_24,8,2300000,2400000,886,2347987.0,2348873.0,48873.0,Scheduled - Deadline Met,Yes,Yes,3600.2377038002014,60.003961730003354,9,12357.0,Gurobi Status: 9
F32,P32_1,8,0,200000,6361,,,,Optional Packets- Not Scheduled,No,N/A,3600.2377038002014,60.003961730003354,9,12357.0,Gurobi Status: 9
F32,P32_2,4,200000,400000,6361,280054.0,286415.0,86415.0,Scheduled - Deadline Met,Yes,Yes,3600.2377038002014,60.003961730003354,9,12357.0,Gurobi Status: 9
F32,P32_3,8,400000,600000,6361,,,,Optional Packets- Not Scheduled,No,N/A,3600.2377038002014,60.003961730003354,9,12357.0,Gurobi Status: 9
F32,P32_4,4,600000,800000,6361,608794.0,615155.0,15155.0,Scheduled - Deadline Met,Yes,Yes,3600.2377038002014,60.003961730003354,9,12357.0,Gurobi Status: 9
F32,P32_5,8,800000,1000000,6361,,,,Optional Packets- Not Scheduled,No,N/A,3600.2377038002014,60.003961730003354,9,12357.0,Gurobi Status: 9
F32,P32_6,4,1000000,1200000,6361,1035922.0,1042283.0,42283.0,Scheduled - Deadline Met,Yes,Yes,3600.2377038002014,60.003961730003354,9,12357.0,Gurobi Status: 9
F32,P32_7,8,1200000,1400000,6361,,,,Optional Packets- Not Scheduled,No,N/A,3600.2377038002014,60.003961730003354,9,12357.0,Gurobi Status: 9
F32,P32_8,4,1400000,1600000,6361,1514189.0,1520550.0,120550.0,Scheduled - Deadline Met,Yes,Yes,3600.2377038002014,60.003961730003354,9,12357.0,Gurobi Status: 9
F32,P32_9,8,1600000,1800000,6361,,,,Optional Packets- Not Scheduled,No,N/A,3600.2377038002014,60.003961730003354,9,12357.0,Gurobi Status: 9
F32,P32_10,4,1800000,2000000,6361,1808794.0,1815155.0,15155.0,Scheduled - Deadline Met,Yes,Yes,3600.2377038002014,60.003961730003354,9,12357.0,Gurobi Status: 9
F32,P32_11,8,2000000,2200000,6361,,,,Optional Packets- Not Scheduled,No,N/A,3600.2377038002014,60.003961730003354,9,12357.0,Gurobi Status: 9
F32,P32_12,4,2200000,2400000,6361,2234262.0,2240623.0,40623.0,Scheduled - Deadline Met,Yes,Yes,3600.2377038002014,60.003961730003354,9,12357.0,Gurobi Status: 9
F33,P33_1,8,0,100000,1388,81960.0,83348.0,83348.0,Scheduled - Deadline Met,Yes,Yes,3600.2377038002014,60.003961730003354,9,12357.0,Gurobi Status: 9
F33,P33_2,7,100000,200000,1388,179650.0,181038.0,81038.0,Scheduled - Deadline Met,Yes,Yes,3600.2377038002014,60.003961730003354,9,12357.0,Gurobi Status: 9
F33,P33_3,8,200000,300000,1388,244222.0,245610.0,45610.0,Scheduled - Deadline Met,Yes,Yes,3600.2377038002014,60.003961730003354,9,12357.0,Gurobi Status: 9
F33,P33_4,7,300000,400000,1388,309161.0,310549.0,10549.0,Scheduled - Deadline Met,Yes,Yes,3600.2377038002014,60.003961730003354,9,12357.0,Gurobi Status: 9
F33,P33_5,8,400000,500000,1388,489394.0,490782.0,90782.0,Scheduled - Deadline Met,Yes,Yes,3600.2377038002014,60.003961730003354,9,12357.0,Gurobi Status: 9
F33,P33_6,7,500000,600000,1388,538985.0,540373.0,40373.0,Scheduled - Deadline Met,Yes,Yes,3600.2377038002014,60.003961730003354,9,12357.0,Gurobi Status: 9
F33,P33_7,8,600000,700000,1388,690966.0,692354.0,92354.0,Scheduled - Deadline Met,Yes,Yes,3600.2377038002014,60.003961730003354,9,12357.0,Gurobi Status: 9
F33,P33_8,7,700000,800000,1388,729212.0,730600.0,30600.0,Scheduled - Deadline Met,Yes,Yes,3600.2377038002014,60.003961730003354,9,12357.0,Gurobi Status: 9
F33,P33_9,8,800000,900000,1388,863149.0,864537.0,64537.0,Scheduled - Deadline Met,Yes,Yes,3600.2377038002014,60.003961730003354,9,12357.0,Gurobi Status: 9
F33,P33_10,7,900000,1000000,1388,950632.0,952020.0,52020.0,Scheduled - Deadline Met,Yes,Yes,3600.2377038002014,60.003961730003354,9,12357.0,Gurobi Status: 9
F33,P33_11,8,1000000,1100000,1388,1070329.0,1071717.0,71717.0,Scheduled - Deadline Met,Yes,Yes,3600.2377038002014,60.003961730003354,9,12357.0,Gurobi Status: 9
F33,P33_12,7,1100000,1200000,1388,1110236.0,1111624.0,11624.0,Scheduled - Deadline Met,Yes,Yes,3600.2377038002014,60.003961730003354,9,12357.0,Gurobi Status: 9
F33,P33_13,8,1200000,1300000,1388,1289851.0,1291239.0,91239.0,Scheduled - Deadline Met,Yes,Yes,3600.2377038002014,60.003961730003354,9,12357.0,Gurobi Status: 9
F33,P33_14,7,1300000,1400000,1388,1350524.0,1351912.0,51912.0,Scheduled - Deadline Met,Yes,Yes,3600.2377038002014,60.003961730003354,9,12357.0,Gurobi Status: 9
F33,P33_15,8,1400000,1500000,1388,1481774.0,1483162.0,83162.0,Scheduled - Deadline Met,Yes,Yes,3600.2377038002014,60.003961730003354,9,12357.0,Gurobi Status: 9
F33,P33_16,7,1500000,1600000,1388,1524677.0,1526065.0,26065.0,Scheduled - Deadline Met,Yes,Yes,3600.2377038002014,60.003961730003354,9,12357.0,Gurobi Status: 9
F33,P33_17,8,1600000,1700000,1388,1632523.0,1633911.0,33911.0,Scheduled - Deadline Met,Yes,Yes,3600.2377038002014,60.003961730003354,9,12357.0,Gurobi Status: 9
F33,P33_18,7,1700000,1800000,1388,1771307.0,1772695.0,72695.0,Scheduled - Deadline Met,Yes,Yes,3600.2377038002014,60.003961730003354,9,12357.0,Gurobi Status: 9
F33,P33_19,8,1800000,1900000,1388,1884293.0,1885681.0,85681.0,Scheduled - Deadline Met,Yes,Yes,3600.2377038002014,60.003961730003354,9,12357.0,Gurobi Status: 9
F33,P33_20,7,1900000,2000000,1388,1925075.0,1926463.0,26463.0,Scheduled - Deadline Met,Yes,Yes,3600.2377038002014,60.003961730003354,9,12357.0,Gurobi Status: 9
F33,P33_21,8,2000000,2100000,1388,2082077.0,2083465.0,83465.0,Scheduled - Deadline Met,Yes,Yes,3600.2377038002014,60.003961730003354,9,12357.0,Gurobi Status: 9
F33,P33_22,7,2100000,2200000,1388,2196803.0,2198191.0,98191.0,Scheduled - Deadline Met,Yes,Yes,3600.2377038002014,60.003961730003354,9,12357.0,Gurobi Status: 9
F33,P33_23,8,2200000,2300000,1388,2290467.0,2291855.0,91855.0,Scheduled - Deadline Met,Yes,Yes,3600.2377038002014,60.003961730003354,9,12357.0,Gurobi Status: 9
F33,P33_24,7,2300000,2400000,1388,2346503.0,2347891.0,47891.0,Scheduled - Deadline Met,Yes,Yes,3600.2377038002014,60.003961730003354,9,12357.0,Gurobi Status: 9
F34,P34_1,3,0,50000,2411,822.0,3233.0,3233.0,Scheduled - Deadline Met,Yes,Yes,3600.2377038002014,60.003961730003354,9,12357.0,Gurobi Status: 9
F34,P34_2,8,50000,100000,2411,96767.0,99178.0,49178.0,Scheduled - Deadline Met,Yes,Yes,3600.2377038002014,60.003961730003354,9,12357.0,Gurobi Status: 9
F34,P34_3,3,100000,150000,2411,139708.0,142119.0,42119.0,Scheduled - Deadline Met,Yes,Yes,3600.2377038002014,60.003961730003354,9,12357.0,Gurobi Status: 9
F34,P34_4,8,150000,200000,2411,158199.0,160610.0,10610.0,Scheduled - Deadline Met,Yes,Yes,3600.2377038002014,60.003961730003354,9,12357.0,Gurobi Status: 9
F34,P34_5,3,200000,250000,2411,215425.0,217836.0,17836.0,Scheduled - Deadline Met,Yes,Yes,3600.2377038002014,60.003961730003354,9,12357.0,Gurobi Status: 9
F34,P34_6,8,250000,300000,2411,250000.0,252411.0,2411.0,Scheduled - Deadline Met,Yes,Yes,3600.2377038002014,60.003961730003354,9,12357.0,Gurobi Status: 9
F34,P34_7,3,300000,350000,2411,329448.0,331859.0,31859.0,Scheduled - Deadline Met,Yes,Yes,3600.2377038002014,60.003961730003354,9,12357.0,Gurobi Status: 9
F34,P34_8,8,350000,400000,2411,361881.0,364292.0,14292.0,Scheduled - Deadline Met,Yes,Yes,3600.2377038002014,60.003961730003354,9,12357.0,Gurobi Status: 9
F34,P34_9,3,400000,450000,2411,426072.0,428483.0,28483.0,Scheduled - Deadline Met,Yes,Yes,3600.2377038002014,60.003961730003354,9,12357.0,Gurobi Status: 9
F34,P34_10,8,450000,500000,2411,497589.0,500000.0,50000.0,Scheduled - Deadline Met,Yes,Yes,3600.2377038002014,60.003961730003354,9,12357.0,Gurobi Status: 9
F34,P34_11,3,500000,550000,2411,546879.0,549290.0,49290.0,Scheduled - Deadline Met,Yes,Yes,3600.2377038002014,60.003961730003354,9,12357.0,Gurobi Status: 9
F34,P34_12,8,550000,600000,2411,576680.0,579091.0,29091.0,Scheduled - Deadline Met,Yes,Yes,3600.2377038002014,60.003961730003354,9,12357.0,Gurobi Status: 9
F34,P34_13,3,600000,650000,2411,615251.0,617662.0,17662.0,Scheduled - Deadline Met,Yes,Yes,3600.2377038002014,60.003961730003354,9,12357.0,Gurobi Status: 9
F34,P34_14,8,650000,700000,2411,696767.0,699178.0,49178.0,Scheduled - Deadline Met,Yes,Yes,3600.2377038002014,60.003961730003354,9,12357.0,Gurobi Status: 9
F34,P34_15,3,700000,750000,2411,730696.0,733107.0,33107.0,Scheduled - Deadline Met,Yes,Yes,3600.2377038002014,60.003961730003354,9,12357.0,Gurobi Status: 9
F34,P34_16,8,750000,800000,2411,787552.0,789963.0,39963.0,Scheduled - Deadline Met,Yes,Yes,3600.2377038002014,60.003961730003354,9,12357.0,Gurobi Status: 9
F34,P34_17,3,800000,850000,2411,816540.0,818951.0,18951.0,Scheduled - Deadline Met,Yes,Yes,3600.2377038002014,60.003961730003354,9,12357.0,Gurobi Status: 9
F34,P34_18,8,850000,900000,2411,897589.0,900000.0,50000.0,Scheduled - Deadline Met,Yes,Yes,3600.2377038002014,60.003961730003354,9,12357.0,Gurobi Status: 9
F34,P34_19,3,900000,950000,2411,937084.0,939495.0,39495.0,Scheduled - Deadline Met,Yes,Yes,3600.2377038002014,60.003961730003354,9,12357.0,Gurobi Status: 9
F34,P34_20,8,950000,1000000,2411,986730.0,989141.0,39141.0,Scheduled - Deadline Met,Yes,Yes,3600.2377038002014,60.003961730003354,9,12357.0,Gurobi Status: 9
F34,P34_21,3,1000000,1050000,2411,1013331.0,1015742.0,15742.0,Scheduled - Deadline Met,Yes,Yes,3600.2377038002014,60.003961730003354,9,12357.0,Gurobi Status: 9
F34,P34_22,8,1050000,1100000,2411,1077451.0,1079862.0,29862.0,Scheduled - Deadline Met,Yes,Yes,3600.2377038002014,60.003961730003354,9,12357.0,Gurobi Status: 9
F34,P34_23,3,1100000,1150000,2411,1111720.0,1114131.0,14131.0,Scheduled - Deadline Met,Yes,Yes,3600.2377038002014,60.003961730003354,9,12357.0,Gurobi Status: 9
F34,P34_24,8,1150000,1200000,2411,1150000.0,1152411.0,2411.0,Scheduled - Deadline Met,Yes,Yes,3600.2377038002014,60.003961730003354,9,12357.0,Gurobi Status: 9
F34,P34_25,3,1200000,1250000,2411,1226835.0,1229246.0,29246.0,Scheduled - Deadline Met,Yes,Yes,3600.2377038002014,60.003961730003354,9,12357.0,Gurobi Status: 9
F34,P34_26,8,1250000,1300000,2411,1296767.0,1299178.0,49178.0,Scheduled - Deadline Met,Yes,Yes,3600.2377038002014,60.003961730003354,9,12357.0,Gurobi Status: 9
F34,P34_27,3,1300000,1350000,2411,1337328.0,1339739.0,39739.0,Scheduled - Deadline Met,Yes,Yes,3600.2377038002014,60.003961730003354,9,12357.0,Gurobi Status: 9
F34,P34_28,8,1350000,1400000,2411,1374668.0,1377079.0,27079.0,Scheduled - Deadline Met,Yes,Yes,3600.2377038002014,60.003961730003354,9,12357.0,Gurobi Status: 9
F34,P34_29,3,1400000,1450000,2411,1427454.0,1429865.0,29865.0,Scheduled - Deadline Met,Yes,Yes,3600.2377038002014,60.003961730003354,9,12357.0,Gurobi Status: 9
F34,P34_30,8,1450000,1500000,2411,1487552.0,1489963.0,39963.0,Scheduled - Deadline Met,Yes,Yes,3600.2377038002014,60.003961730003354,9,12357.0,Gurobi Status: 9
F34,P34_31,3,1500000,1550000,2411,1511778.0,1514189.0,14189.0,Scheduled - Deadline Met,Yes,Yes,3600.2377038002014,60.003961730003354,9,12357.0,Gurobi Status: 9
F34,P34_32,8,1550000,1600000,2411,1553447.0,1555858.0,5858.0,Scheduled - Deadline Met,Yes,Yes,3600.2377038002014,60.003961730003354,9,12357.0,Gurobi Status: 9
F34,P34_33,3,1600000,1650000,2411,1620068.0,1622479.0,22479.0,Scheduled - Deadline Met,Yes,Yes,3600.2377038002014,60.003961730003354,9,12357.0,Gurobi Status: 9
F34,P34_34,8,1650000,1700000,2411,1697589.0,1700000.0,50000.0,Scheduled - Deadline Met,Yes,Yes,3600.2377038002014,60.003961730003354,9,12357.0,Gurobi Status: 9
F34,P34_35,3,1700000,1750000,2411,1738419.0,1740830.0,40830.0,Scheduled - Deadline Met,Yes,Yes,3600.2377038002014,60.003961730003354,9,12357.0,Gurobi Status: 9
F34,P34_36,8,1750000,1800000,2411,1787552.0,1789963.0,39963.0,Scheduled - Deadline Met,Yes,Yes,3600.2377038002014,60.003961730003354,9,12357.0,Gurobi Status: 9
F34,P34_37,3,1800000,1850000,2411,1815251.0,1817662.0,17662.0,Scheduled - Deadline Met,Yes,Yes,3600.2377038002014,60.003961730003354,9,12357.0,Gurobi Status: 9
F34,P34_38,8,1850000,1900000,2411,1890094.0,1892505.0,42505.0,Scheduled - Deadline Met,Yes,Yes,3600.2377038002014,60.003961730003354,9,12357.0,Gurobi Status: 9
F34,P34_39,3,1900000,1950000,2411,1940425.0,1942836.0,42836.0,Scheduled - Deadline Met,Yes,Yes,3600.2377038002014,60.003961730003354,9,12357.0,Gurobi Status: 9
F34,P34_40,8,1950000,2000000,2411,1987552.0,1989963.0,39963.0,Scheduled - Deadline Met,Yes,Yes,3600.2377038002014,60.003961730003354,9,12357.0,Gurobi Status: 9
F34,P34_41,3,2000000,2050000,2411,2012727.0,2015138.0,15138.0,Scheduled - Deadline Met,Yes,Yes,3600.2377038002014,60.003961730003354,9,12357.0,Gurobi Status: 9
F34,P34_42,8,2050000,2100000,2411,2097589.0,2100000.0,50000.0,Scheduled - Deadline Met,Yes,Yes,3600.2377038002014,60.003961730003354,9,12357.0,Gurobi Status: 9
F34,P34_43,3,2100000,2150000,2411,2123401.0,2125812.0,25812.0,Scheduled - Deadline Met,Yes,Yes,3600.2377038002014,60.003961730003354,9,12357.0,Gurobi Status: 9
F34,P34_44,8,2150000,2200000,2411,2172325.0,2174736.0,24736.0,Scheduled - Deadline Met,Yes,Yes,3600.2377038002014,60.003961730003354,9,12357.0,Gurobi Status: 9
F34,P34_45,3,2200000,2250000,2411,2240719.0,2243130.0,43130.0,Scheduled - Deadline Met,Yes,Yes,3600.2377038002014,60.003961730003354,9,12357.0,Gurobi Status: 9
F34,P34_46,8,2250000,2300000,2411,2297589.0,2300000.0,50000.0,Scheduled - Deadline Met,Yes,Yes,3600.2377038002014,60.003961730003354,9,12357.0,Gurobi Status: 9
F34,P34_47,3,2300000,2350000,2411,2329212.0,2331623.0,31623.0,Scheduled - Deadline Met,Yes,Yes,3600.2377038002014,60.003961730003354,9,12357.0,Gurobi Status: 9
F34,P34_48,8,2350000,2400000,2411,2350000.0,2352411.0,2411.0,Scheduled - Deadline Met,Yes,Yes,3600.2377038002014,60.003961730003354,9,12357.0,Gurobi Status: 9
F35,P35_1,8,0,200000,3209,,,,Optional Packets- Not Scheduled,No,N/A,3600.2377038002014,60.003961730003354,9,12357.0,Gurobi Status: 9
F35,P35_2,6,200000,400000,3209,338280.0,341489.0,141489.0,Scheduled - Deadline Met,Yes,Yes,3600.2377038002014,60.003961730003354,9,12357.0,Gurobi Status: 9
F35,P35_3,8,400000,600000,3209,,,,Optional Packets- Not Scheduled,No,N/A,3600.2377038002014,60.003961730003354,9,12357.0,Gurobi Status: 9
F35,P35_4,6,600000,800000,3209,718452.0,721661.0,121661.0,Scheduled - Deadline Met,Yes,Yes,3600.2377038002014,60.003961730003354,9,12357.0,Gurobi Status: 9
F35,P35_5,8,800000,1000000,3209,868557.0,871766.0,71766.0,Scheduled - Deadline Met,Yes,Yes,3600.2377038002014,60.003961730003354,9,12357.0,Gurobi Status: 9
F35,P35_6,6,1000000,1200000,3209,1029964.0,1033173.0,33173.0,Scheduled - Deadline Met,Yes,Yes,3600.2377038002014,60.003961730003354,9,12357.0,Gurobi Status: 9
F35,P35_7,8,1200000,1400000,3209,,,,Optional Packets- Not Scheduled,No,N/A,3600.2377038002014,60.003961730003354,9,12357.0,Gurobi Status: 9
F35,P35_8,6,1400000,1600000,3209,1520646.0,1523855.0,123855.0,Scheduled - Deadline Met,Yes,Yes,3600.2377038002014,60.003961730003354,9,12357.0,Gurobi Status: 9
F35,P35_9,8,1600000,1800000,3209,,,,Optional Packets- Not Scheduled,No,N/A,3600.2377038002014,60.003961730003354,9,12357.0,Gurobi Status: 9
F35,P35_10,6,1800000,2000000,3209,1850501.0,1853710.0,53710.0,Scheduled - Deadline Met,Yes,Yes,3600.2377038002014,60.003961730003354,9,12357.0,Gurobi Status: 9
F35,P35_11,8,2000000,2200000,3209,2083561.0,2086770.0,86770.0,Scheduled - Deadline Met,Yes,Yes,3600.2377038002014,60.003961730003354,9,12357.0,Gurobi Status: 9
F35,P35_12,6,2200000,2400000,3209,2267517.0,2270726.0,70726.0,Scheduled - Deadline Met,Yes,Yes,3600.2377038002014,60.003961730003354,9,12357.0,Gurobi Status: 9
F36,P36_1,8,0,100000,6798,,,,Optional Packets- Not Scheduled,No,N/A,3600.2377038002014,60.003961730003354,9,12357.0,Gurobi Status: 9
F36,P36_2,4,100000,200000,6798,172756.0,179554.0,79554.0,Scheduled - Deadline Met,Yes,Yes,3600.2377038002014,60.003961730003354,9,12357.0,Gurobi Status: 9
F36,P36_3,8,200000,300000,6798,228244.0,235042.0,35042.0,Scheduled - Deadline Met,Yes,Yes,3600.2377038002014,60.003961730003354,9,12357.0,Gurobi Status: 9
F36,P36_4,4,300000,400000,6798,378456.0,385254.0,85254.0,Scheduled - Deadline Met,Yes,Yes,3600.2377038002014,60.003961730003354,9,12357.0,Gurobi Status: 9
F36,P36_5,8,400000,500000,6798,,,,Optional Packets- Not Scheduled,No,N/A,3600.2377038002014,60.003961730003354,9,12357.0,Gurobi Status: 9
F36,P36_6,4,500000,600000,6798,589128.0,595926.0,95926.0,Scheduled - Deadline Met,Yes,Yes,3600.2377038002014,60.003961730003354,9,12357.0,Gurobi Status: 9
F36,P36_7,8,600000,700000,6798,631728.0,638526.0,38526.0,Scheduled - Deadline Met,Yes,Yes,3600.2377038002014,60.003961730003354,9,12357.0,Gurobi Status: 9
F36,P36_8,4,700000,800000,6798,733203.0,740001.0,40001.0,Scheduled - Deadline Met,Yes,Yes,3600.2377038002014,60.003961730003354,9,12357.0,Gurobi Status: 9
F36,P36_9,8,800000,900000,6798,,,,Optional Packets- Not Scheduled,No,N/A,3600.2377038002014,60.003961730003354,9,12357.0,Gurobi Status: 9
F36,P36_10,4,900000,1000000,6798,959706.0,966504.0,66504.0,Scheduled - Deadline Met,Yes,Yes,3600.2377038002014,60.003961730003354,9,12357.0,Gurobi Status: 9
F36,P36_11,8,1000000,1100000,6798,1054351.0,1061149.0,61149.0,Scheduled - Deadline Met,Yes,Yes,3600.2377038002014,60.003961730003354,9,12357.0,Gurobi Status: 9
F36,P36_12,4,1100000,1200000,6798,1121052.0,1127850.0,27850.0,Scheduled - Deadline Met,Yes,Yes,3600.2377038002014,60.003961730003354,9,12357.0,Gurobi Status: 9
F36,P36_13,8,1200000,1300000,6798,,,,Optional Packets- Not Scheduled,No,N/A,3600.2377038002014,60.003961730003354,9,12357.0,Gurobi Status: 9
F36,P36_14,4,1300000,1400000,6798,1343126.0,1349924.0,49924.0,Scheduled - Deadline Met,Yes,Yes,3600.2377038002014,60.003961730003354,9,12357.0,Gurobi Status: 9
F36,P36_15,8,1400000,1500000,6798,1435765.0,1442563.0,42563.0,Scheduled - Deadline Met,Yes,Yes,3600.2377038002014,60.003961730003354,9,12357.0,Gurobi Status: 9
F36,P36_16,4,1500000,1600000,6798,1584312.0,1591110.0,91110.0,Scheduled - Deadline Met,Yes,Yes,3600.2377038002014,60.003961730003354,9,12357.0,Gurobi Status: 9
F36,P36_17,8,1600000,1700000,6798,,,,Optional Packets- Not Scheduled,No,N/A,3600.2377038002014,60.003961730003354,9,12357.0,Gurobi Status: 9
F36,P36_18,4,1700000,1800000,6798,1755245.0,1762043.0,62043.0,Scheduled - Deadline Met,Yes,Yes,3600.2377038002014,60.003961730003354,9,12357.0,Gurobi Status: 9
F36,P36_19,8,1800000,1900000,6798,1833666.0,1840464.0,40464.0,Scheduled - Deadline Met,Yes,Yes,3600.2377038002014,60.003961730003354,9,12357.0,Gurobi Status: 9
F36,P36_20,4,1900000,2000000,6798,1926559.0,1933357.0,33357.0,Scheduled - Deadline Met,Yes,Yes,3600.2377038002014,60.003961730003354,9,12357.0,Gurobi Status: 9
F36,P36_21,8,2000000,2100000,6798,,,,Optional Packets- Not Scheduled,No,N/A,3600.2377038002014,60.003961730003354,9,12357.0,Gurobi Status: 9
F36,P36_22,4,2100000,2200000,6798,2189909.0,2196707.0,96707.0,Scheduled - Deadline Met,Yes,Yes,3600.2377038002014,60.003961730003354,9,12357.0,Gurobi Status: 9
F36,P36_23,8,2200000,2300000,6798,2274489.0,2281287.0,81287.0,Scheduled - Deadline Met,Yes,Yes,3600.2377038002014,60.003961730003354,9,12357.0,Gurobi Status: 9
F36,P36_24,4,2300000,2400000,6798,2335535.0,2342333.0,42333.0,Scheduled - Deadline Met,Yes,Yes,3600.2377038002014,60.003961730003354,9,12357.0,Gurobi Status: 9
F37,P37_1,8,0,200000,6707,,,,Optional Packets- Not Scheduled,No,N/A,3600.2377038002014,60.003961730003354,9,12357.0,Gurobi Status: 9
F37,P37_2,5,200000,400000,6707,273251.0,279958.0,79958.0,Scheduled - Deadline Met,Yes,Yes,3600.2377038002014,60.003961730003354,9,12357.0,Gurobi Status: 9
F37,P37_3,8,400000,600000,6707,,,,Optional Packets- Not Scheduled,No,N/A,3600.2377038002014,60.003961730003354,9,12357.0,Gurobi Status: 9
F37,P37_4,5,600000,800000,6707,619943.0,626650.0,26650.0,Scheduled - Deadline Met,Yes,Yes,3600.2377038002014,60.003961730003354,9,12357.0,Gurobi Status: 9
F37,P37_5,8,800000,1000000,6707,,,,Optional Packets- Not Scheduled,No,N/A,3600.2377038002014,60.003961730003354,9,12357.0,Gurobi Status: 9
F37,P37_6,5,1000000,1200000,6707,1097792.0,1104499.0,104499.0,Scheduled - Deadline Met,Yes,Yes,3600.2377038002014,60.003961730003354,9,12357.0,Gurobi Status: 9
F37,P37_7,8,1200000,1400000,6707,,,,Optional Packets- Not Scheduled,No,N/A,3600.2377038002014,60.003961730003354,9,12357.0,Gurobi Status: 9
F37,P37_8,5,1400000,1600000,6707,1453582.0,1460289.0,60289.0,Scheduled - Deadline Met,Yes,Yes,3600.2377038002014,60.003961730003354,9,12357.0,Gurobi Status: 9
F37,P37_9,8,1600000,1800000,6707,,,,Optional Packets- Not Scheduled,No,N/A,3600.2377038002014,60.003961730003354,9,12357.0,Gurobi Status: 9
F37,P37_10,5,1800000,2000000,6707,1907288.0,1913995.0,113995.0,Scheduled - Deadline Met,Yes,Yes,3600.2377038002014,60.003961730003354,9,12357.0,Gurobi Status: 9
F37,P37_11,8,2000000,2200000,6707,,,,Optional Packets- Not Scheduled,No,N/A,3600.2377038002014,60.003961730003354,9,12357.0,Gurobi Status: 9
F37,P37_12,5,2200000,2400000,6707,2362448.0,2369155.0,169155.0,Scheduled - Deadline Met,Yes,Yes,3600.2377038002014,60.003961730003354,9,12357.0,Gurobi Status: 9
F38,P38_1,3,0,400000,5342,53229.0,58571.0,58571.0,Scheduled - Deadline Met,Yes,Yes,3600.2377038002014,60.003961730003354,9,12357.0,Gurobi Status: 9
F38,P38_2,8,400000,800000,5342,,,,Optional Packets- Not Scheduled,No,N/A,3600.2377038002014,60.003961730003354,9,12357.0,Gurobi Status: 9
F38,P38_3,3,800000,1200000,5342,826298.0,831640.0,31640.0,Scheduled - Deadline Met,Yes,Yes,3600.2377038002014,60.003961730003354,9,12357.0,Gurobi Status: 9
F38,P38_4,8,1200000,1600000,5342,,,,Optional Packets- Not Scheduled,No,N/A,3600.2377038002014,60.003961730003354,9,12357.0,Gurobi Status: 9
F38,P38_5,3,1600000,2000000,5342,1671517.0,1676859.0,76859.0,Scheduled - Deadline Met,Yes,Yes,3600.2377038002014,60.003961730003354,9,12357.0,Gurobi Status: 9
F38,P38_6,8,2000000,2400000,5342,2089764.0,2095106.0,95106.0,Scheduled - Deadline Met,Yes,Yes,3600.2377038002014,60.003961730003354,9,12357.0,Gurobi Status: 9
F39,P39_1,8,0,200000,7301,,,,Optional Packets- Not Scheduled,No,N/A,3600.2377038002014,60.003961730003354,9,12357.0,Gurobi Status: 9
F39,P39_2,6,200000,400000,7301,322147.0,329448.0,129448.0,Scheduled - Deadline Met,Yes,Yes,3600.2377038002014,60.003961730003354,9,12357.0,Gurobi Status: 9
F39,P39_3,8,400000,600000,7301,,,,Optional Packets- Not Scheduled,No,N/A,3600.2377038002014,60.003961730003354,9,12357.0,Gurobi Status: 9
F39,P39_4,6,600000,800000,7301,648563.0,655864.0,55864.0,Scheduled - Deadline Met,Yes,Yes,3600.2377038002014,60.003961730003354,9,12357.0,Gurobi Status: 9
F39,P39_5,8,800000,1000000,7301,,,,Optional Packets- Not Scheduled,No,N/A,3600.2377038002014,60.003961730003354,9,12357.0,Gurobi Status: 9
F39,P39_6,6,1000000,1200000,7301,1022567.0,1029868.0,29868.0,Scheduled - Deadline Met,Yes,Yes,3600.2377038002014,60.003961730003354,9,12357.0,Gurobi Status: 9
F39,P39_7,8,1200000,1400000,7301,,,,Optional Packets- Not Scheduled,No,N/A,3600.2377038002014,60.003961730003354,9,12357.0,Gurobi Status: 9
F39,P39_8,6,1400000,1600000,7301,1504477.0,1511778.0,111778.0,Scheduled - Deadline Met,Yes,Yes,3600.2377038002014,60.003961730003354,9,12357.0,Gurobi Status: 9
F39,P39_9,8,1600000,1800000,7301,,,,Optional Packets- Not Scheduled,No,N/A,3600.2377038002014,60.003961730003354,9,12357.0,Gurobi Status: 9
F39,P39_10,6,1800000,2000000,7301,1817758.0,1825059.0,25059.0,Scheduled - Deadline Met,Yes,Yes,3600.2377038002014,60.003961730003354,9,12357.0,Gurobi Status: 9
F39,P39_11,8,2000000,2200000,7301,,,,Optional Packets- Not Scheduled,No,N/A,3600.2377038002014,60.003961730003354,9,12357.0,Gurobi Status: 9
F39,P39_12,6,2200000,2400000,7301,2253145.0,2260446.0,60446.0,Scheduled - Deadline Met,Yes,Yes,3600.2377038002014,60.003961730003354,9,12357.0,Gurobi Status: 9
F4,P4_1,8,0,100000,3978,,,,Optional Packets- Not Scheduled,No,N/A,3600.2377038002014,60.003961730003354,9,12357.0,Gurobi Status: 9
F4,P4_2,4,100000,200000,3978,196022.0,200000.0,100000.0,Scheduled - Deadline Met,Yes,Yes,3600.2377038002014,60.003961730003354,9,12357.0,Gurobi Status: 9
F4,P4_3,4,200000,300000,3978,262448.0,266426.0,66426.0,Scheduled - Deadline Met,Yes,Yes,3600.2377038002014,60.003961730003354,9,12357.0,Gurobi Status: 9
F4,P4_4,8,300000,400000,3978,356825.0,360803.0,60803.0,Scheduled - Deadline Met,Yes,Yes,3600.2377038002014,60.003961730003354,9,12357.0,Gurobi Status: 9
F4,P4_5,4,400000,500000,3978,416379.0,420357.0,20357.0,Scheduled - Deadline Met,Yes,Yes,3600.2377038002014,60.003961730003354,9,12357.0,Gurobi Status: 9
F4,P4_6,4,500000,600000,3978,596022.0,600000.0,100000.0,Scheduled - Deadline Met,Yes,Yes,3600.2377038002014,60.003961730003354,9,12357.0,Gurobi Status: 9
F4,P4_7,8,600000,700000,3978,683076.0,687054.0,87054.0,Scheduled - Deadline Met,Yes,Yes,3600.2377038002014,60.003961730003354,9,12357.0,Gurobi Status: 9
F4,P4_8,4,700000,800000,3978,758103.0,762081.0,62081.0,Scheduled - Deadline Met,Yes,Yes,3600.2377038002014,60.003961730003354,9,12357.0,Gurobi Status: 9
F4,P4_9,4,800000,900000,3978,812466.0,816444.0,16444.0,Scheduled - Deadline Met,Yes,Yes,3600.2377038002014,60.003961730003354,9,12357.0,Gurobi Status: 9
F4,P4_10,8,900000,1000000,3978,980379.0,984357.0,84357.0,Scheduled - Deadline Met,Yes,Yes,3600.2377038002014,60.003961730003354,9,12357.0,Gurobi Status: 9
F4,P4_11,4,1000000,1100000,3978,1000000.0,1003978.0,3978.0,Scheduled - Deadline Met,Yes,Yes,3600.2377038002014,60.003961730003354,9,12357.0,Gurobi Status: 9
F4,P4_12,4,1100000,1200000,3978,1134660.0,1138638.0,38638.0,Scheduled - Deadline Met,Yes,Yes,3600.2377038002014,60.003961730003354,9,12357.0,Gurobi Status: 9
F4,P4_13,8,1200000,1300000,3978,,,,Optional Packets- Not Scheduled,No,N/A,3600.2377038002014,60.003961730003354,9,12357.0,Gurobi Status: 9
F4,P4_14,4,1300000,1400000,3978,1392098.0,1396076.0,96076.0,Scheduled - Deadline Met,Yes,Yes,3600.2377038002014,60.003961730003354,9,12357.0,Gurobi Status: 9
F4,P4_15,4,1400000,1500000,3978,1419851.0,1423829.0,23829.0,Scheduled - Deadline Met,Yes,Yes,3600.2377038002014,60.003961730003354,9,12357.0,Gurobi Status: 9
F4,P4_16,8,1500000,1600000,3978,1548391.0,1552369.0,52369.0,Scheduled - Deadline Met,Yes,Yes,3600.2377038002014,60.003961730003354,9,12357.0,Gurobi Status: 9
F4,P4_17,4,1600000,1700000,3978,1605736.0,1609714.0,9714.0,Scheduled - Deadline Met,Yes,Yes,3600.2377038002014,60.003961730003354,9,12357.0,Gurobi Status: 9
F4,P4_18,4,1700000,1800000,3978,1766411.0,1770389.0,70389.0,Scheduled - Deadline Met,Yes,Yes,3600.2377038002014,60.003961730003354,9,12357.0,Gurobi Status: 9
F4,P4_19,8,1800000,1900000,3978,1876403.0,1880381.0,80381.0,Scheduled - Deadline Met,Yes,Yes,3600.2377038002014,60.003961730003354,9,12357.0,Gurobi Status: 9
F4,P4_20,4,1900000,2000000,3978,1936351.0,1940329.0,40329.0,Scheduled - Deadline Met,Yes,Yes,3600.2377038002014,60.003961730003354,9,12357.0,Gurobi Status: 9
F4,P4_21,4,2000000,2100000,3978,2024072.0,2028050.0,28050.0,Scheduled - Deadline Met,Yes,Yes,3600.2377038002014,60.003961730003354,9,12357.0,Gurobi Status: 9
F4,P4_22,8,2100000,2200000,3978,2167269.0,2171247.0,71247.0,Scheduled - Deadline Met,Yes,Yes,3600.2377038002014,60.003961730003354,9,12357.0,Gurobi Status: 9
F4,P4_23,4,2200000,2300000,3978,2204746.0,2208724.0,8724.0,Scheduled - Deadline Met,Yes,Yes,3600.2377038002014,60.003961730003354,9,12357.0,Gurobi Status: 9
F4,P4_24,4,2300000,2400000,3978,2342429.0,2346407.0,46407.0,Scheduled - Deadline Met,Yes,Yes,3600.2377038002014,60.003961730003354,9,12357.0,Gurobi Status: 9
F40,P40_1,8,0,400000,6506,,,,Optional Packets- Not Scheduled,No,N/A,3600.2377038002014,60.003961730003354,9,12357.0,Gurobi Status: 9
F40,P40_2,4,400000,800000,6506,549290.0,555796.0,155796.0,Scheduled - Deadline Met,Yes,Yes,3600.2377038002014,60.003961730003354,9,12357.0,Gurobi Status: 9
F40,P40_3,8,800000,1200000,6506,876750.0,883256.0,83256.0,Scheduled - Deadline Met,Yes,Yes,3600.2377038002014,60.003961730003354,9,12357.0,Gurobi Status: 9
F40,P40_4,4,1200000,1600000,6506,1214660.0,1221166.0,21166.0,Scheduled - Deadline Met,Yes,Yes,3600.2377038002014,60.003961730003354,9,12357.0,Gurobi Status: 9
F40,P40_5,8,1600000,2000000,6506,,,,Optional Packets- Not Scheduled,No,N/A,3600.2377038002014,60.003961730003354,9,12357.0,Gurobi Status: 9
F40,P40_6,4,2000000,2400000,6506,2125812.0,2132318.0,132318.0,Scheduled - Deadline Met,Yes,Yes,3600.2377038002014,60.003961730003354,9,12357.0,Gurobi Status: 9
F41,P41_1,8,0,50000,4886,13200.0,18086.0,18086.0,Scheduled - Deadline Met,Yes,Yes,3600.2377038002014,60.003961730003354,9,12357.0,Gurobi Status: 9
F41,P41_2,3,50000,100000,4886,64365.0,69251.0,19251.0,Scheduled - Deadline Met,Yes,Yes,3600.2377038002014,60.003961730003354,9,12357.0,Gurobi Status: 9
F41,P41_3,8,100000,150000,4886,100096.0,104982.0,4982.0,Scheduled - Deadline Met,Yes,Yes,3600.2377038002014,60.003961730003354,9,12357.0,Gurobi Status: 9
F41,P41_4,3,150000,200000,4886,186402.0,191288.0,41288.0,Scheduled - Deadline Met,Yes,Yes,3600.2377038002014,60.003961730003354,9,12357.0,Gurobi Status: 9
F41,P41_5,8,200000,250000,4886,222440.0,227326.0,27326.0,Scheduled - Deadline Met,Yes,Yes,3600.2377038002014,60.003961730003354,9,12357.0,Gurobi Status: 9
F41,P41_6,3,250000,300000,4886,290135.0,295021.0,45021.0,Scheduled - Deadline Met,Yes,Yes,3600.2377038002014,60.003961730003354,9,12357.0,Gurobi Status: 9
F41,P41_7,8,300000,350000,4886,341585.0,346471.0,46471.0,Scheduled - Deadline Met,Yes,Yes,3600.2377038002014,60.003961730003354,9,12357.0,Gurobi Status: 9
F41,P41_8,3,350000,400000,4886,385350.0,390236.0,40236.0,Scheduled - Deadline Met,Yes,Yes,3600.2377038002014,60.003961730003354,9,12357.0,Gurobi Status: 9
F41,P41_9,8,400000,450000,4886,,,,Optional Packets- Not Scheduled,No,N/A,3600.2377038002014,60.003961730003354,9,12357.0,Gurobi Status: 9
F41,P41_10,3,450000,500000,4886,479144.0,484030.0,34030.0,Scheduled - Deadline Met,Yes,Yes,3600.2377038002014,60.003961730003354,9,12357.0,Gurobi Status: 9
F41,P41_11,8,500000,550000,4886,501118.0,506004.0,6004.0,Scheduled - Deadline Met,Yes,Yes,3600.2377038002014,60.003961730003354,9,12357.0,Gurobi Status: 9
F41,P41_12,3,550000,600000,4886,562549.0,567435.0,17435.0,Scheduled - Deadline Met,Yes,Yes,3600.2377038002014,60.003961730003354,9,12357.0,Gurobi Status: 9
F41,P41_13,8,600000,650000,4886,626746.0,631632.0,31632.0,Scheduled - Deadline Met,Yes,Yes,3600.2377038002014,60.003961730003354,9,12357.0,Gurobi Status: 9
F41,P41_14,3,650000,700000,4886,659788.0,664674.0,14674.0,Scheduled - Deadline Met,Yes,Yes,3600.2377038002014,60.003961730003354,9,12357.0,Gurobi Status: 9
F41,P41_15,8,700000,750000,4886,700096.0,704982.0,4982.0,Scheduled - Deadline Met,Yes,Yes,3600.2377038002014,60.003961730003354,9,12357.0,Gurobi Status: 9
F41,P41_16,3,750000,800000,4886,768891.0,773777.0,23777.0,Scheduled - Deadline Met,Yes,Yes,3600.2377038002014,60.003961730003354,9,12357.0,Gurobi Status: 9
F41,P41_17,8,800000,850000,4886,,,,Optional Packets- Not Scheduled,No,N/A,3600.2377038002014,60.003961730003354,9,12357.0,Gurobi Status: 9
F41,P41_18,3,850000,900000,4886,850000.0,854886.0,4886.0,Scheduled - Deadline Met,Yes,Yes,3600.2377038002014,60.003961730003354,9,12357.0,Gurobi Status: 9
F41,P41_19,8,900000,950000,4886,900096.0,904982.0,4982.0,Scheduled - Deadline Met,Yes,Yes,3600.2377038002014,60.003961730003354,9,12357.0,Gurobi Status: 9
F41,P41_20,3,950000,1000000,4886,966600.0,971486.0,21486.0,Scheduled - Deadline Met,Yes,Yes,3600.2377038002014,60.003961730003354,9,12357.0,Gurobi Status: 9
F41,P41_21,8,1000000,1050000,4886,1042379.0,1047265.0,47265.0,Scheduled - Deadline Met,Yes,Yes,3600.2377038002014,60.003961730003354,9,12357.0,Gurobi Status: 9
F41,P41_22,3,1050000,1100000,4886,1090721.0,1095607.0,45607.0,Scheduled - Deadline Met,Yes,Yes,3600.2377038002014,60.003961730003354,9,12357.0,Gurobi Status: 9
F41,P41_23,8,1100000,1150000,4886,1141650.0,1146536.0,46536.0,Scheduled - Deadline Met,Yes,Yes,3600.2377038002014,60.003961730003354,9,12357.0,Gurobi Status: 9
F41,P41_24,3,1150000,1200000,4886,1162448.0,1167334.0,17334.0,Scheduled - Deadline Met,Yes,Yes,3600.2377038002014,60.003961730003354,9,12357.0,Gurobi Status: 9
F41,P41_25,8,1200000,1250000,4886,,,,Optional Packets- Not Scheduled,No,N/A,3600.2377038002014,60.003961730003354,9,12357.0,Gurobi Status: 9
F41,P41_26,3,1250000,1300000,4886,1277252.0,1282138.0,32138.0,Scheduled - Deadline Met,Yes,Yes,3600.2377038002014,60.003961730003354,9,12357.0,Gurobi Status: 9
F41,P41_27,8,1300000,1350000,4886,1300096.0,1304982.0,4982.0,Scheduled - Deadline Met,Yes,Yes,3600.2377038002014,60.003961730003354,9,12357.0,Gurobi Status: 9
F41,P41_28,3,1350000,1400000,4886,1387116.0,1392002.0,42002.0,Scheduled - Deadline Met,Yes,Yes,3600.2377038002014,60.003961730003354,9,12357.0,Gurobi Status: 9
F41,P41_29,8,1400000,1450000,4886,1429961.0,1434847.0,34847.0,Scheduled - Deadline Met,Yes,Yes,3600.2377038002014,60.003961730003354,9,12357.0,Gurobi Status: 9
F41,P41_30,3,1450000,1500000,4886,1460289.0,1465175.0,15175.0,Scheduled - Deadline Met,Yes,Yes,3600.2377038002014,60.003961730003354,9,12357.0,Gurobi Status: 9
F41,P41_31,8,1500000,1550000,4886,1533151.0,1538037.0,38037.0,Scheduled - Deadline Met,Yes,Yes,3600.2377038002014,60.003961730003354,9,12357.0,Gurobi Status: 9
F41,P41_32,3,1550000,1600000,4886,1570533.0,1575419.0,25419.0,Scheduled - Deadline Met,Yes,Yes,3600.2377038002014,60.003961730003354,9,12357.0,Gurobi Status: 9
F41,P41_33,8,1600000,1650000,4886,,,,Optional Packets- Not Scheduled,No,N/A,3600.2377038002014,60.003961730003354,9,12357.0,Gurobi Status: 9
F41,P41_34,3,1650000,1700000,4886,1677681.0,1682567.0,32567.0,Scheduled - Deadline Met,Yes,Yes,3600.2377038002014,60.003961730003354,9,12357.0,Gurobi Status: 9
F41,P41_35,8,1700000,1750000,4886,1700096.0,1704982.0,4982.0,Scheduled - Deadline Met,Yes,Yes,3600.2377038002014,60.003961730003354,9,12357.0,Gurobi Status: 9
F41,P41_36,3,1750000,1800000,4886,1772791.0,1777677.0,27677.0,Scheduled - Deadline Met,Yes,Yes,3600.2377038002014,60.003961730003354,9,12357.0,Gurobi Status: 9
F41,P41_37,8,1800000,1850000,4886,1825155.0,1830041.0,30041.0,Scheduled - Deadline Met,Yes,Yes,3600.2377038002014,60.003961730003354,9,12357.0,Gurobi Status: 9
F41,P41_38,3,1850000,1900000,4886,1855895.0,1860781.0,10781.0,Scheduled - Deadline Met,Yes,Yes,3600.2377038002014,60.003961730003354,9,12357.0,Gurobi Status: 9
F41,P41_39,8,1900000,1950000,4886,1945114.0,1950000.0,50000.0,Scheduled - Deadline Met,Yes,Yes,3600.2377038002014,60.003961730003354,9,12357.0,Gurobi Status: 9
F41,P41_40,3,1950000,2000000,4886,1978059.0,1982945.0,32945.0,Scheduled - Deadline Met,Yes,Yes,3600.2377038002014,60.003961730003354,9,12357.0,Gurobi Status: 9
F41,P41_41,8,2000000,2050000,4886,,,,Optional Packets- Not Scheduled,No,N/A,3600.2377038002014,60.003961730003354,9,12357.0,Gurobi Status: 9
F41,P41_42,3,2050000,2100000,4886,2072616.0,2077502.0,27502.0,Scheduled - Deadline Met,Yes,Yes,3600.2377038002014,60.003961730003354,9,12357.0,Gurobi Status: 9
F41,P41_43,8,2100000,2150000,4886,2100096.0,2104982.0,4982.0,Scheduled - Deadline Met,Yes,Yes,3600.2377038002014,60.003961730003354,9,12357.0,Gurobi Status: 9
F41,P41_44,3,2150000,2200000,4886,2162094.0,2166980.0,16980.0,Scheduled - Deadline Met,Yes,Yes,3600.2377038002014,60.003961730003354,9,12357.0,Gurobi Status: 9
F41,P41_45,8,2200000,2250000,4886,2212349.0,2217235.0,17235.0,Scheduled - Deadline Met,Yes,Yes,3600.2377038002014,60.003961730003354,9,12357.0,Gurobi Status: 9
F41,P41_46,3,2250000,2300000,4886,2260446.0,2265332.0,15332.0,Scheduled - Deadline Met,Yes,Yes,3600.2377038002014,60.003961730003354,9,12357.0,Gurobi Status: 9
F41,P41_47,8,2300000,2350000,4886,2300096.0,2304982.0,4982.0,Scheduled - Deadline Met,Yes,Yes,3600.2377038002014,60.003961730003354,9,12357.0,Gurobi Status: 9
F41,P41_48,3,2350000,2400000,4886,2379961.0,2384847.0,34847.0,Scheduled - Deadline Met,Yes,Yes,3600.2377038002014,60.003961730003354,9,12357.0,Gurobi Status: 9
F42,P42_1,8,0,200000,2802,,,,Optional Packets- Not Scheduled,No,N/A,3600.2377038002014,60.003961730003354,9,12357.0,Gurobi Status: 9
F42,P42_2,5,200000,400000,2802,286511.0,289313.0,89313.0,Scheduled - Deadline Met,Yes,Yes,3600.2377038002014,60.003961730003354,9,12357.0,Gurobi Status: 9
F42,P42_3,8,400000,600000,2802,491026.0,493828.0,93828.0,Scheduled - Deadline Met,Yes,Yes,3600.2377038002014,60.003961730003354,9,12357.0,Gurobi Status: 9
F42,P42_4,5,600000,800000,2802,762177.0,764979.0,164979.0,Scheduled - Deadline Met,Yes,Yes,3600.2377038002014,60.003961730003354,9,12357.0,Gurobi Status: 9
F42,P42_5,8,800000,1000000,2802,871862.0,874664.0,74664.0,Scheduled - Deadline Met,Yes,Yes,3600.2377038002014,60.003961730003354,9,12357.0,Gurobi Status: 9
F42,P42_6,5,1000000,1200000,2802,1127946.0,1130748.0,130748.0,Scheduled - Deadline Met,Yes,Yes,3600.2377038002014,60.003961730003354,9,12357.0,Gurobi Status: 9
F42,P42_7,8,1200000,1400000,2802,1291335.0,1294137.0,94137.0,Scheduled - Deadline Met,Yes,Yes,3600.2377038002014,60.003961730003354,9,12357.0,Gurobi Status: 9
F42,P42_8,5,1400000,1600000,2802,1469792.0,1472594.0,72594.0,Scheduled - Deadline Met,Yes,Yes,3600.2377038002014,60.003961730003354,9,12357.0,Gurobi Status: 9
F42,P42_9,8,1600000,1800000,2802,1682840.0,1685642.0,85642.0,Scheduled - Deadline Met,Yes,Yes,3600.2377038002014,60.003961730003354,9,12357.0,Gurobi Status: 9
F42,P42_10,5,1800000,2000000,2802,1933453.0,1936255.0,136255.0,Scheduled - Deadline Met,Yes,Yes,3600.2377038002014,60.003961730003354,9,12357.0,Gurobi Status: 9
F42,P42_11,8,2000000,2200000,2802,2086866.0,2089668.0,89668.0,Scheduled - Deadline Met,Yes,Yes,3600.2377038002014,60.003961730003354,9,12357.0,Gurobi Status: 9
F42,P42_12,5,2200000,2400000,2802,2369251.0,2372053.0,172053.0,Scheduled - Deadline Met,Yes,Yes,3600.2377038002014,60.003961730003354,9,12357.0,Gurobi Status: 9
F43,P43_1,4,0,400000,600,63765.0,64365.0,64365.0,Scheduled - Deadline Met,Yes,Yes,3600.2377038002014,60.003961730003354,9,12357.0,Gurobi Status: 9
F43,P43_2,8,400000,800000,600,496197.0,496797.0,96797.0,Scheduled - Deadline Met,Yes,Yes,3600.2377038002014,60.003961730003354,9,12357.0,Gurobi Status: 9
F43,P43_3,4,800000,1200000,600,939495.0,940095.0,140095.0,Scheduled - Deadline Met,Yes,Yes,3600.2377038002014,60.003961730003354,9,12357.0,Gurobi Status: 9
F43,P43_4,8,1200000,1600000,600,1295375.0,1295975.0,95975.0,Scheduled - Deadline Met,Yes,Yes,3600.2377038002014,60.003961730003354,9,12357.0,Gurobi Status: 9
F43,P43_5,4,1600000,2000000,600,1740926.0,1741526.0,141526.0,Scheduled - Deadline Met,Yes,Yes,3600.2377038002014,60.003961730003354,9,12357.0,Gurobi Status: 9
F43,P43_6,8,2000000,2400000,600,2096197.0,2096797.0,96797.0,Scheduled - Deadline Met,Yes,Yes,3600.2377038002014,60.003961730003354,9,12357.0,Gurobi Status: 9
F44,P44_1,8,0,400000,10037,,,,Optional Packets- Not Scheduled,No,N/A,3600.2377038002014,60.003961730003354,9,12357.0,Gurobi Status: 9
F44,P44_2,7,400000,800000,10037,468285.0,478322.0,78322.0,Scheduled - Deadline Met,Yes,Yes,3600.2377038002014,60.003961730003354,9,12357.0,Gurobi Status: 9
F44,P44_3,8,800000,1200000,10037,,,,Optional Packets- Not Scheduled,No,N/A,3600.2377038002014,60.003961730003354,9,12357.0,Gurobi Status: 9
F44,P44_4,7,1200000,1600000,10037,1263637.0,1273674.0,73674.0,Scheduled - Deadline Met,Yes,Yes,3600.2377038002014,60.003961730003354,9,12357.0,Gurobi Status: 9
F44,P44_5,8,1600000,2000000,10037,,,,Optional Packets- Not Scheduled,No,N/A,3600.2377038002014,60.003961730003354,9,12357.0,Gurobi Status: 9
F44,P44_6,7,2000000,2400000,10037,2132414.0,2142451.0,142451.0,Scheduled - Deadline Met,Yes,Yes,3600.2377038002014,60.003961730003354,9,12357.0,Gurobi Status: 9
F45,P45_1,8,0,400000,1708,93821.0,95529.0,95529.0,Scheduled - Deadline Met,Yes,Yes,3600.2377038002014,60.003961730003354,9,12357.0,Gurobi Status: 9
F45,P45_2,1,400000,800000,1708,461540.0,463248.0,63248.0,Scheduled - Deadline Met,Yes,Yes,3600.2377038002014,60.003961730003354,9,12357.0,Gurobi Status: 9
F45,P45_3,8,800000,1200000,1708,892074.0,893782.0,93782.0,Scheduled - Deadline Met,Yes,Yes,3600.2377038002014,60.003961730003354,9,12357.0,Gurobi Status: 9
F45,P45_4,1,1200000,1600000,1708,1273770.0,1275478.0,75478.0,Scheduled - Deadline Met,Yes,Yes,3600.2377038002014,60.003961730003354,9,12357.0,Gurobi Status: 9
F45,P45_5,8,1600000,2000000,1708,1689983.0,1691691.0,91691.0,Scheduled - Deadline Met,Yes,Yes,3600.2377038002014,60.003961730003354,9,12357.0,Gurobi Status: 9
F45,P45_6,1,2000000,2400000,1708,2055782.0,2057490.0,57490.0,Scheduled - Deadline Met,Yes,Yes,3600.2377038002014,60.003961730003354,9,12357.0,Gurobi Status: 9
F46,P46_1,8,0,100000,5172,72876.0,78048.0,78048.0,Scheduled - Deadline Met,Yes,Yes,3600.2377038002014,60.003961730003354,9,12357.0,Gurobi Status: 9
F46,P46_2,5,100000,200000,5172,181134.0,186306.0,86306.0,Scheduled - Deadline Met,Yes,Yes,3600.2377038002014,60.003961730003354,9,12357.0,Gurobi Status: 9
F46,P46_3,8,200000,300000,5172,235138.0,240310.0,40310.0,Scheduled - Deadline Met,Yes,Yes,3600.2377038002014,60.003961730003354,9,12357.0,Gurobi Status: 9
F46,P46_4,5,300000,400000,5172,331955.0,337127.0,37127.0,Scheduled - Deadline Met,Yes,Yes,3600.2377038002014,60.003961730003354,9,12357.0,Gurobi Status: 9
F46,P46_5,8,400000,500000,5172,484126.0,489298.0,89298.0,Scheduled - Deadline Met,Yes,Yes,3600.2377038002014,60.003961730003354,9,12357.0,Gurobi Status: 9
F46,P46_6,5,500000,600000,5172,540469.0,545641.0,45641.0,Scheduled - Deadline Met,Yes,Yes,3600.2377038002014,60.003961730003354,9,12357.0,Gurobi Status: 9
F46,P46_7,8,600000,700000,5172,677808.0,682980.0,82980.0,Scheduled - Deadline Met,Yes,Yes,3600.2377038002014,60.003961730003354,9,12357.0,Gurobi Status: 9
F46,P46_8,5,700000,800000,5172,774695.0,779867.0,79867.0,Scheduled - Deadline Met,Yes,Yes,3600.2377038002014,60.003961730003354,9,12357.0,Gurobi Status: 9
F46,P46_9,8,800000,900000,5172,,,,Optional Packets- Not Scheduled,No,N/A,3600.2377038002014,60.003961730003354,9,12357.0,Gurobi Status: 9
F46,P46_10,5,900000,1000000,5172,975111.0,980283.0,80283.0,Scheduled - Deadline Met,Yes,Yes,3600.2377038002014,60.003961730003354,9,12357.0,Gurobi Status: 9
F46,P46_11,8,1000000,1100000,5172,1061245.0,1066417.0,66417.0,Scheduled - Deadline Met,Yes,Yes,3600.2377038002014,60.003961730003354,9,12357.0,Gurobi Status: 9
F46,P46_12,5,1100000,1200000,5172,1183619.0,1188791.0,88791.0,Scheduled - Deadline Met,Yes,Yes,3600.2377038002014,60.003961730003354,9,12357.0,Gurobi Status: 9
F46,P46_13,8,1200000,1300000,5172,,,,Optional Packets- Not Scheduled,No,N/A,3600.2377038002014,60.003961730003354,9,12357.0,Gurobi Status: 9
F46,P46_14,5,1300000,1400000,5172,1355824.0,1360996.0,60996.0,Scheduled - Deadline Met,Yes,Yes,3600.2377038002014,60.003961730003354,9,12357.0,Gurobi Status: 9
F46,P46_15,8,1400000,1500000,5172,1472690.0,1477862.0,77862.0,Scheduled - Deadline Met,Yes,Yes,3600.2377038002014,60.003961730003354,9,12357.0,Gurobi Status: 9
F46,P46_16,5,1500000,1600000,5172,1575515.0,1580687.0,80687.0,Scheduled - Deadline Met,Yes,Yes,3600.2377038002014,60.003961730003354,9,12357.0,Gurobi Status: 9
F46,P46_17,8,1600000,1700000,5172,1623439.0,1628611.0,28611.0,Scheduled - Deadline Met,Yes,Yes,3600.2377038002014,60.003961730003354,9,12357.0,Gurobi Status: 9
F46,P46_18,5,1700000,1800000,5172,1777773.0,1782945.0,82945.0,Scheduled - Deadline Met,Yes,Yes,3600.2377038002014,60.003961730003354,9,12357.0,Gurobi Status: 9
F46,P46_19,8,1800000,1900000,5172,1871135.0,1876307.0,76307.0,Scheduled - Deadline Met,Yes,Yes,3600.2377038002014,60.003961730003354,9,12357.0,Gurobi Status: 9
F46,P46_20,5,1900000,2000000,5172,1968153.0,1973325.0,73325.0,Scheduled - Deadline Met,Yes,Yes,3600.2377038002014,60.003961730003354,9,12357.0,Gurobi Status: 9
F46,P46_21,8,2000000,2100000,5172,,,,Optional Packets- Not Scheduled,No,N/A,3600.2377038002014,60.003961730003354,9,12357.0,Gurobi Status: 9
F46,P46_22,5,2100000,2200000,5172,2154768.0,2159940.0,59940.0,Scheduled - Deadline Met,Yes,Yes,3600.2377038002014,60.003961730003354,9,12357.0,Gurobi Status: 9
F46,P46_23,8,2200000,2300000,5172,2281383.0,2286555.0,86555.0,Scheduled - Deadline Met,Yes,Yes,3600.2377038002014,60.003961730003354,9,12357.0,Gurobi Status: 9
F46,P46_24,5,2300000,2400000,5172,2384943.0,2390115.0,90115.0,Scheduled - Deadline Met,Yes,Yes,3600.2377038002014,60.003961730003354,9,12357.0,Gurobi Status: 9
F47,P47_1,6,0,400000,600,314461.0,315061.0,315061.0,Scheduled - Deadline Met,Yes,Yes,3600.2377038002014,60.003961730003354,9,12357.0,Gurobi Status: 9
F47,P47_2,8,400000,800000,600,496893.0,497493.0,97493.0,Scheduled - Deadline Met,Yes,Yes,3600.2377038002014,60.003961730003354,9,12357.0,Gurobi Status: 9
F47,P47_3,6,800000,1200000,600,959010.0,959610.0,159610.0,Scheduled - Deadline Met,Yes,Yes,3600.2377038002014,60.003961730003354,9,12357.0,Gurobi Status: 9
F47,P47_4,8,1200000,1600000,600,1296071.0,1296671.0,96671.0,Scheduled - Deadline Met,Yes,Yes,3600.2377038002014,60.003961730003354,9,12357.0,Gurobi Status: 9
F47,P47_5,6,1600000,2000000,600,1726922.0,1727522.0,127522.0,Scheduled - Deadline Met,Yes,Yes,3600.2377038002014,60.003961730003354,9,12357.0,Gurobi Status: 9
F47,P47_6,8,2000000,2400000,600,2096893.0,2097493.0,97493.0,Scheduled - Deadline Met,Yes,Yes,3600.2377038002014,60.003961730003354,9,12357.0,Gurobi Status: 9
F48,P48_1,8,0,100000,3720,78144.0,81864.0,81864.0,Scheduled - Deadline Met,Yes,Yes,3600.2377038002014,60.003961730003354,9,12357.0,Gurobi Status: 9
F48,P48_2,1,100000,200000,3720,191384.0,195104.0,95104.0,Scheduled - Deadline Met,Yes,Yes,3600.2377038002014,60.003961730003354,9,12357.0,Gurobi Status: 9
F48,P48_3,8,200000,300000,3720,240406.0,244126.0,44126.0,Scheduled - Deadline Met,Yes,Yes,3600.2377038002014,60.003961730003354,9,12357.0,Gurobi Status: 9
F48,P48_4,1,300000,400000,3720,310645.0,314365.0,14365.0,Scheduled - Deadline Met,Yes,Yes,3600.2377038002014,60.003961730003354,9,12357.0,Gurobi Status: 9
F48,P48_5,8,400000,500000,3720,,,,Optional Packets- Not Scheduled,No,N/A,3600.2377038002014,60.003961730003354,9,12357.0,Gurobi Status: 9
F48,P48_6,1,500000,600000,3720,567531.0,571251.0,71251.0,Scheduled - Deadline Met,Yes,Yes,3600.2377038002014,60.003961730003354,9,12357.0,Gurobi Status: 9
F48,P48_7,8,600000,700000,3720,687150.0,690870.0,90870.0,Scheduled - Deadline Met,Yes,Yes,3600.2377038002014,60.003961730003354,9,12357.0,Gurobi Status: 9
F48,P48_8,1,700000,800000,3720,765075.0,768795.0,68795.0,Scheduled - Deadline Met,Yes,Yes,3600.2377038002014,60.003961730003354,9,12357.0,Gurobi Status: 9
F48,P48_9,8,800000,900000,3720,859333.0,863053.0,63053.0,Scheduled - Deadline Met,Yes,Yes,3600.2377038002014,60.003961730003354,9,12357.0,Gurobi Status: 9
F48,P48_10,1,900000,1000000,3720,945770.0,949490.0,49490.0,Scheduled - Deadline Met,Yes,Yes,3600.2377038002014,60.003961730003354,9,12357.0,Gurobi Status: 9
F48,P48_11,8,1000000,1100000,3720,1066513.0,1070233.0,70233.0,Scheduled - Deadline Met,Yes,Yes,3600.2377038002014,60.003961730003354,9,12357.0,Gurobi Status: 9
F48,P48_12,1,1100000,1200000,3720,1130844.0,1134564.0,34564.0,Scheduled - Deadline Met,Yes,Yes,3600.2377038002014,60.003961730003354,9,12357.0,Gurobi Status: 9
F48,P48_13,8,1200000,1300000,3720,1286035.0,1289755.0,89755.0,Scheduled - Deadline Met,Yes,Yes,3600.2377038002014,60.003961730003354,9,12357.0,Gurobi Status: 9
F48,P48_14,1,1300000,1400000,3720,1352008.0,1355728.0,55728.0,Scheduled - Deadline Met,Yes,Yes,3600.2377038002014,60.003961730003354,9,12357.0,Gurobi Status: 9
F48,P48_15,8,1400000,1500000,3720,1477958.0,1481678.0,81678.0,Scheduled - Deadline Met,Yes,Yes,3600.2377038002014,60.003961730003354,9,12357.0,Gurobi Status: 9
F48,P48_16,1,1500000,1600000,3720,1566717.0,1570437.0,70437.0,Scheduled - Deadline Met,Yes,Yes,3600.2377038002014,60.003961730003354,9,12357.0,Gurobi Status: 9
F48,P48_17,8,1600000,1700000,3720,1628707.0,1632427.0,32427.0,Scheduled - Deadline Met,Yes,Yes,3600.2377038002014,60.003961730003354,9,12357.0,Gurobi Status: 9
F48,P48_18,1,1700000,1800000,3720,1762595.0,1766315.0,66315.0,Scheduled - Deadline Met,Yes,Yes,3600.2377038002014,60.003961730003354,9,12357.0,Gurobi Status: 9
F48,P48_19,8,1800000,1900000,3720,1880477.0,1884197.0,84197.0,Scheduled - Deadline Met,Yes,Yes,3600.2377038002014,60.003961730003354,9,12357.0,Gurobi Status: 9
F48,P48_20,1,1900000,2000000,3720,1973421.0,1977141.0,77141.0,Scheduled - Deadline Met,Yes,Yes,3600.2377038002014,60.003961730003354,9,12357.0,Gurobi Status: 9
F48,P48_21,8,2000000,2100000,3720,,,,Optional Packets- Not Scheduled,No,N/A,3600.2377038002014,60.003961730003354,9,12357.0,Gurobi Status: 9
F48,P48_22,1,2100000,2200000,3720,2150952.0,2154672.0,54672.0,Scheduled - Deadline Met,Yes,Yes,3600.2377038002014,60.003961730003354,9,12357.0,Gurobi Status: 9
F48,P48_23,8,2200000,2300000,3720,2286651.0,2290371.0,90371.0,Scheduled - Deadline Met,Yes,Yes,3600.2377038002014,60.003961730003354,9,12357.0,Gurobi Status: 9
F48,P48_24,1,2300000,2400000,3720,2331719.0,2335439.0,35439.0,Scheduled - Deadline Met,Yes,Yes,3600.2377038002014,60.003961730003354,9,12357.0,Gurobi Status: 9
F5,P5_1,3,0,400000,1861,58667.0,60528.0,60528.0,Scheduled - Deadline Met,Yes,Yes,3600.2377038002014,60.003961730003354,9,12357.0,Gurobi Status: 9
F5,P5_2,8,400000,800000,1861,,,,Optional Packets- Not Scheduled,No,N/A,3600.2377038002014,60.003961730003354,9,12357.0,Gurobi Status: 9
F5,P5_3,3,800000,1200000,1861,833845.0,835706.0,35706.0,Scheduled - Deadline Met,Yes,Yes,3600.2377038002014,60.003961730003354,9,12357.0,Gurobi Status: 9
F5,P5_4,3,1200000,1600000,1861,1260984.0,1262845.0,62845.0,Scheduled - Deadline Met,Yes,Yes,3600.2377038002014,60.003961730003354,9,12357.0,Gurobi Status: 9
F5,P5_5,8,1600000,2000000,1861,,,,Optional Packets- Not Scheduled,No,N/A,3600.2377038002014,60.003961730003354,9,12357.0,Gurobi Status: 9
F5,P5_6,3,2000000,2400000,1861,2042885.0,2044746.0,44746.0,Scheduled - Deadline Met,Yes,Yes,3600.2377038002014,60.003961730003354,9,12357.0,Gurobi Status: 9
F6,P6_1,6,0,400000,8339,300000.0,308339.0,308339.0,Scheduled - Deadline Met,Yes,Yes,3600.2377038002014,60.003961730003354,9,12357.0,Gurobi Status: 9
F6,P6_2,8,400000,800000,8339,,,,Optional Packets- Not Scheduled,No,N/A,3600.2377038002014,60.003961730003354,9,12357.0,Gurobi Status: 9
F6,P6_3,6,800000,1200000,8339,918548.0,926887.0,126887.0,Scheduled - Deadline Met,Yes,Yes,3600.2377038002014,60.003961730003354,9,12357.0,Gurobi Status: 9
F6,P6_4,6,1200000,1600000,8339,1360996.0,1369335.0,169335.0,Scheduled - Deadline Met,Yes,Yes,3600.2377038002014,60.003961730003354,9,12357.0,Gurobi Status: 9
F6,P6_5,8,1600000,2000000,8339,,,,Optional Packets- Not Scheduled,No,N/A,3600.2377038002014,60.003961730003354,9,12357.0,Gurobi Status: 9
F6,P6_6,6,2000000,2400000,8339,2058282.0,2066621.0,66621.0,Scheduled - Deadline Met,Yes,Yes,3600.2377038002014,60.003961730003354,9,12357.0,Gurobi Status: 9
F7,P7_1,4,0,400000,2154,60819.0,62973.0,62973.0,Scheduled - Deadline Met,Yes,Yes,3600.2377038002014,60.003961730003354,9,12357.0,Gurobi Status: 9
F7,P7_2,8,400000,800000,2154,,,,Optional Packets- Not Scheduled,No,N/A,3600.2377038002014,60.003961730003354,9,12357.0,Gurobi Status: 9
F7,P7_3,4,800000,1200000,2154,926983.0,929137.0,129137.0,Scheduled - Deadline Met,Yes,Yes,3600.2377038002014,60.003961730003354,9,12357.0,Gurobi Status: 9
F7,P7_4,4,1200000,1600000,2154,1229342.0,1231496.0,31496.0,Scheduled - Deadline Met,Yes,Yes,3600.2377038002014,60.003961730003354,9,12357.0,Gurobi Status: 9
F7,P7_5,8,1600000,2000000,2154,,,,Optional Packets- Not Scheduled,No,N/A,3600.2377038002014,60.003961730003354,9,12357.0,Gurobi Status: 9
F7,P7_6,4,2000000,2400000,2154,2159940.0,2162094.0,162094.0,Scheduled - Deadline Met,Yes,Yes,3600.2377038002014,60.003961730003354,9,12357.0,Gurobi Status: 9
F8,P8_1,8,0,100000,6633,,,,Optional Packets- Not Scheduled,No,N/A,3600.2377038002014,60.003961730003354,9,12357.0,Gurobi Status: 9
F8,P8_2,1,100000,200000,6633,142215.0,148848.0,48848.0,Scheduled - Deadline Met,Yes,Yes,3600.2377038002014,60.003961730003354,9,12357.0,Gurobi Status: 9
F8,P8_3,1,200000,300000,6633,266522.0,273155.0,73155.0,Scheduled - Deadline Met,Yes,Yes,3600.2377038002014,60.003961730003354,9,12357.0,Gurobi Status: 9
F8,P8_4,8,300000,400000,6633,350096.0,356729.0,56729.0,Scheduled - Deadline Met,Yes,Yes,3600.2377038002014,60.003961730003354,9,12357.0,Gurobi Status: 9
F8,P8_5,1,400000,500000,6633,408668.0,415301.0,15301.0,Scheduled - Deadline Met,Yes,Yes,3600.2377038002014,60.003961730003354,9,12357.0,Gurobi Status: 9
F8,P8_6,1,500000,600000,6633,532256.0,538889.0,38889.0,Scheduled - Deadline Met,Yes,Yes,3600.2377038002014,60.003961730003354,9,12357.0,Gurobi Status: 9
F8,P8_7,8,600000,700000,6633,671079.0,677712.0,77712.0,Scheduled - Deadline Met,Yes,Yes,3600.2377038002014,60.003961730003354,9,12357.0,Gurobi Status: 9
F8,P8_8,1,700000,800000,6633,722483.0,729116.0,29116.0,Scheduled - Deadline Met,Yes,Yes,3600.2377038002014,60.003961730003354,9,12357.0,Gurobi Status: 9
F8,P8_9,1,800000,900000,6633,800000.0,806633.0,6633.0,Scheduled - Deadline Met,Yes,Yes,3600.2377038002014,60.003961730003354,9,12357.0,Gurobi Status: 9
F8,P8_10,8,900000,1000000,6633,,,,Optional Packets- Not Scheduled,No,N/A,3600.2377038002014,60.003961730003354,9,12357.0,Gurobi Status: 9
F8,P8_11,1,1000000,1100000,6633,1015838.0,1022471.0,22471.0,Scheduled - Deadline Met,Yes,Yes,3600.2377038002014,60.003961730003354,9,12357.0,Gurobi Status: 9
F8,P8_12,1,1100000,1200000,6633,1114227.0,1120860.0,20860.0,Scheduled - Deadline Met,Yes,Yes,3600.2377038002014,60.003961730003354,9,12357.0,Gurobi Status: 9
F8,P8_13,8,1200000,1300000,6633,,,,Optional Packets- Not Scheduled,No,N/A,3600.2377038002014,60.003961730003354,9,12357.0,Gurobi Status: 9
F8,P8_14,1,1300000,1400000,6633,1329910.0,1336543.0,36543.0,Scheduled - Deadline Met,Yes,Yes,3600.2377038002014,60.003961730003354,9,12357.0,Gurobi Status: 9
F8,P8_15,1,1400000,1500000,6633,1410914.0,1417547.0,17547.0,Scheduled - Deadline Met,Yes,Yes,3600.2377038002014,60.003961730003354,9,12357.0,Gurobi Status: 9
F8,P8_16,8,1500000,1600000,6633,1541662.0,1548295.0,48295.0,Scheduled - Deadline Met,Yes,Yes,3600.2377038002014,60.003961730003354,9,12357.0,Gurobi Status: 9
F8,P8_17,1,1600000,1700000,6633,1609810.0,1616443.0,16443.0,Scheduled - Deadline Met,Yes,Yes,3600.2377038002014,60.003961730003354,9,12357.0,Gurobi Status: 9
F8,P8_18,1,1700000,1800000,6633,1741526.0,1748159.0,48159.0,Scheduled - Deadline Met,Yes,Yes,3600.2377038002014,60.003961730003354,9,12357.0,Gurobi Status: 9
F8,P8_19,8,1800000,1900000,6633,1864406.0,1871039.0,71039.0,Scheduled - Deadline Met,Yes,Yes,3600.2377038002014,60.003961730003354,9,12357.0,Gurobi Status: 9
F8,P8_20,1,1900000,2000000,6633,1918346.0,1924979.0,24979.0,Scheduled - Deadline Met,Yes,Yes,3600.2377038002014,60.003961730003354,9,12357.0,Gurobi Status: 9
F8,P8_21,1,2000000,2100000,6633,2017343.0,2023976.0,23976.0,Scheduled - Deadline Met,Yes,Yes,3600.2377038002014,60.003961730003354,9,12357.0,Gurobi Status: 9
F8,P8_22,8,2100000,2200000,6633,,,,Optional Packets- Not Scheduled,No,N/A,3600.2377038002014,60.003961730003354,9,12357.0,Gurobi Status: 9
F8,P8_23,1,2200000,2300000,6633,2246416.0,2253049.0,53049.0,Scheduled - Deadline Met,Yes,Yes,3600.2377038002014,60.003961730003354,9,12357.0,Gurobi Status: 9
F8,P8_24,1,2300000,2400000,6633,2315841.0,2322474.0,22474.0,Scheduled - Deadline Met,Yes,Yes,3600.2377038002014,60.003961730003354,9,12357.0,Gurobi Status: 9
F9,P9_1,5,0,400000,600,139108.0,139708.0,139708.0,Scheduled - Deadline Met,Yes,Yes,3600.2377038002014,60.003961730003354,9,12357.0,Gurobi Status: 9
F9,P9_2,5,400000,800000,600,463344.0,463944.0,63944.0,Scheduled - Deadline Met,Yes,Yes,3600.2377038002014,60.003961730003354,9,12357.0,Gurobi Status: 9
F9,P9_3,8,800000,1200000,600,896893.0,897493.0,97493.0,Scheduled - Deadline Met,Yes,Yes,3600.2377038002014,60.003961730003354,9,12357.0,Gurobi Status: 9
F9,P9_4,5,1200000,1600000,600,1349924.0,1350524.0,150524.0,Scheduled - Deadline Met,Yes,Yes,3600.2377038002014,60.003961730003354,9,12357.0,Gurobi Status: 9
F9,P9_5,5,1600000,2000000,600,1737819.0,1738419.0,138419.0,Scheduled - Deadline Met,Yes,Yes,3600.2377038002014,60.003961730003354,9,12357.0,Gurobi Status: 9
F9,P9_6,8,2000000,2400000,600,2095501.0,2096101.0,96101.0,Scheduled - Deadline Met,Yes,Yes,3600.2377038002014,60.003961730003354,9,12357.0,Gurobi Status: 9
